
===========================================================================
report_checks -path_delay max (Setup)
============================================================================
======================= Typical Corner ===================================

Startpoint: retention_ready (input port clocked by clk)
Endpoint: error (output port clocked by clk)
Path Group: clk
Path Type: max

Fanout     Cap    Slew   Delay    Time   Description
-----------------------------------------------------------------------------
                          0.00    0.00   clock clk (rise edge)
                          0.50    0.50   clock network delay (propagated)
                          3.00    3.50 v input external delay
     1    0.00    0.02    0.01    3.51 v retention_ready (in)
                                         retention_ready (net)
                  0.02    0.00    3.51 v input6/A (sky130_fd_sc_hd__buf_1)
     1    0.01    0.05    0.10    3.61 v input6/X (sky130_fd_sc_hd__buf_1)
                                         net6 (net)
                  0.05    0.00    3.61 v _164_/A (sky130_fd_sc_hd__inv_2)
     3    0.01    0.05    0.06    3.67 ^ _164_/Y (sky130_fd_sc_hd__inv_2)
                                         _101_ (net)
                  0.05    0.00    3.67 ^ _199_/B (sky130_fd_sc_hd__nand2_1)
     1    0.00    0.05    0.05    3.71 v _199_/Y (sky130_fd_sc_hd__nand2_1)
                                         _026_ (net)
                  0.05    0.00    3.71 v _200_/B1 (sky130_fd_sc_hd__a211oi_1)
     1    0.00    0.23    0.24    3.95 ^ _200_/Y (sky130_fd_sc_hd__a211oi_1)
                                         net10 (net)
                  0.23    0.00    3.95 ^ wire19/A (sky130_fd_sc_hd__clkbuf_1)
     1    0.00    0.06    0.13    4.08 ^ wire19/X (sky130_fd_sc_hd__clkbuf_1)
                                         net19 (net)
                  0.06    0.00    4.08 ^ output10/A (sky130_fd_sc_hd__clkbuf_2)
     1    0.02    0.12    0.17    4.25 ^ output10/X (sky130_fd_sc_hd__clkbuf_2)
                                         error (net)
                  0.12    0.00    4.25 ^ error (out)
                                  4.25   data arrival time

                         10.00   10.00   clock clk (rise edge)
                          0.50   10.50   clock network delay (propagated)
                         -0.30   10.20   clock uncertainty
                          0.00   10.20   clock reconvergence pessimism
                         -2.00    8.20   output external delay
                                  8.20   data required time
-----------------------------------------------------------------------------
                                  8.20   data required time
                                 -4.25   data arrival time
-----------------------------------------------------------------------------
                                  3.95   slack (MET)


Startpoint: pwr_stable (input port clocked by clk)
Endpoint: _257_ (rising edge-triggered flip-flop clocked by clk)
Path Group: clk
Path Type: max

Fanout     Cap    Slew   Delay    Time   Description
-----------------------------------------------------------------------------
                          0.00    0.00   clock clk (rise edge)
                          0.50    0.50   clock network delay (propagated)
                          3.00    3.50 ^ input external delay
     1    0.00    0.02    0.01    3.51 ^ pwr_stable (in)
                                         pwr_stable (net)
                  0.02    0.00    3.51 ^ input2/A (sky130_fd_sc_hd__clkbuf_1)
     1    0.00    0.07    0.09    3.60 ^ input2/X (sky130_fd_sc_hd__clkbuf_1)
                                         net2 (net)
                  0.07    0.00    3.60 ^ _158_/A (sky130_fd_sc_hd__nand2_1)
     2    0.01    0.05    0.07    3.66 v _158_/Y (sky130_fd_sc_hd__nand2_1)
                                         _095_ (net)
                  0.05    0.00    3.66 v _159_/B1_N (sky130_fd_sc_hd__o21bai_1)
     1    0.00    0.05    0.15    3.81 v _159_/Y (sky130_fd_sc_hd__o21bai_1)
                                         _096_ (net)
                  0.05    0.00    3.81 v _160_/A (sky130_fd_sc_hd__nand2_1)
     1    0.00    0.04    0.05    3.86 ^ _160_/Y (sky130_fd_sc_hd__nand2_1)
                                         _097_ (net)
                  0.04    0.00    3.86 ^ _166_/A (sky130_fd_sc_hd__nand2_1)
     2    0.00    0.04    0.05    3.92 v _166_/Y (sky130_fd_sc_hd__nand2_1)
                                         _103_ (net)
                  0.04    0.00    3.92 v _174_/A (sky130_fd_sc_hd__or3_1)
     1    0.00    0.06    0.36    4.27 v _174_/X (sky130_fd_sc_hd__or3_1)
                                         _111_ (net)
                  0.06    0.00    4.27 v _175_/A (sky130_fd_sc_hd__clkbuf_1)
     1    0.00    0.03    0.10    4.37 v _175_/X (sky130_fd_sc_hd__clkbuf_1)
                                         next_state[1] (net)
                  0.03    0.00    4.37 v _257_/D (sky130_fd_sc_hd__dfrtp_1)
                                  4.37   data arrival time

                         10.00   10.00   clock clk (rise edge)
                          0.50   10.50   clock source latency
     1    0.01    0.05    0.03   10.53 ^ clk (in)
                                         clk (net)
                  0.05    0.00   10.53 ^ clkbuf_0_clk/A (sky130_fd_sc_hd__clkbuf_16)
     2    0.02    0.04    0.13   10.66 ^ clkbuf_0_clk/X (sky130_fd_sc_hd__clkbuf_16)
                                         clknet_0_clk (net)
                  0.04    0.00   10.66 ^ clkbuf_1_0__f_clk/A (sky130_fd_sc_hd__clkbuf_16)
    16    0.04    0.06    0.14   10.80 ^ clkbuf_1_0__f_clk/X (sky130_fd_sc_hd__clkbuf_16)
                                         clknet_1_0__leaf_clk (net)
                  0.06    0.00   10.80 ^ _257_/CLK (sky130_fd_sc_hd__dfrtp_1)
                         -0.30   10.50   clock uncertainty
                          0.00   10.50   clock reconvergence pessimism
                         -0.10   10.39   library setup time
                                 10.39   data required time
-----------------------------------------------------------------------------
                                 10.39   data required time
                                 -4.37   data arrival time
-----------------------------------------------------------------------------
                                  6.02   slack (MET)


Startpoint: pwr_stable (input port clocked by clk)
Endpoint: _243_ (rising edge-triggered flip-flop clocked by clk)
Path Group: clk
Path Type: max

Fanout     Cap    Slew   Delay    Time   Description
-----------------------------------------------------------------------------
                          0.00    0.00   clock clk (rise edge)
                          0.50    0.50   clock network delay (propagated)
                          3.00    3.50 ^ input external delay
     1    0.00    0.02    0.01    3.51 ^ pwr_stable (in)
                                         pwr_stable (net)
                  0.02    0.00    3.51 ^ input2/A (sky130_fd_sc_hd__clkbuf_1)
     1    0.00    0.07    0.09    3.60 ^ input2/X (sky130_fd_sc_hd__clkbuf_1)
                                         net2 (net)
                  0.07    0.00    3.60 ^ _158_/A (sky130_fd_sc_hd__nand2_1)
     2    0.01    0.05    0.07    3.66 v _158_/Y (sky130_fd_sc_hd__nand2_1)
                                         _095_ (net)
                  0.05    0.00    3.66 v _159_/B1_N (sky130_fd_sc_hd__o21bai_1)
     1    0.00    0.05    0.15    3.81 v _159_/Y (sky130_fd_sc_hd__o21bai_1)
                                         _096_ (net)
                  0.05    0.00    3.81 v _160_/A (sky130_fd_sc_hd__nand2_1)
     1    0.00    0.04    0.05    3.86 ^ _160_/Y (sky130_fd_sc_hd__nand2_1)
                                         _097_ (net)
                  0.04    0.00    3.86 ^ _166_/A (sky130_fd_sc_hd__nand2_1)
     2    0.00    0.04    0.05    3.92 v _166_/Y (sky130_fd_sc_hd__nand2_1)
                                         _103_ (net)
                  0.04    0.00    3.92 v _178_/B (sky130_fd_sc_hd__nor2_1)
     2    0.01    0.12    0.11    4.03 ^ _178_/Y (sky130_fd_sc_hd__nor2_1)
                                         _014_ (net)
                  0.12    0.00    4.03 ^ _204_/A (sky130_fd_sc_hd__nand3_1)
     1    0.01    0.11    0.13    4.16 v _204_/Y (sky130_fd_sc_hd__nand3_1)
                                         _030_ (net)
                  0.11    0.00    4.16 v _209_/A (sky130_fd_sc_hd__nand3_4)
     8    0.03    0.11    0.12    4.28 ^ _209_/Y (sky130_fd_sc_hd__nand3_4)
                                         _035_ (net)
                  0.11    0.00    4.28 ^ _223_/B (sky130_fd_sc_hd__nor2_1)
     1    0.00    0.04    0.05    4.33 v _223_/Y (sky130_fd_sc_hd__nor2_1)
                                         _007_ (net)
                  0.04    0.00    4.33 v _243_/D (sky130_fd_sc_hd__dfrtp_1)
                                  4.33   data arrival time

                         10.00   10.00   clock clk (rise edge)
                          0.50   10.50   clock source latency
     1    0.01    0.05    0.03   10.53 ^ clk (in)
                                         clk (net)
                  0.05    0.00   10.53 ^ clkbuf_0_clk/A (sky130_fd_sc_hd__clkbuf_16)
     2    0.02    0.04    0.13   10.66 ^ clkbuf_0_clk/X (sky130_fd_sc_hd__clkbuf_16)
                                         clknet_0_clk (net)
                  0.04    0.00   10.66 ^ clkbuf_1_1__f_clk/A (sky130_fd_sc_hd__clkbuf_16)
    13    0.04    0.06    0.14   10.80 ^ clkbuf_1_1__f_clk/X (sky130_fd_sc_hd__clkbuf_16)
                                         clknet_1_1__leaf_clk (net)
                  0.06    0.00   10.80 ^ _243_/CLK (sky130_fd_sc_hd__dfrtp_1)
                         -0.30   10.50   clock uncertainty
                          0.00   10.50   clock reconvergence pessimism
                         -0.11   10.39   library setup time
                                 10.39   data required time
-----------------------------------------------------------------------------
                                 10.39   data required time
                                 -4.33   data arrival time
-----------------------------------------------------------------------------
                                  6.06   slack (MET)


Startpoint: pwr_stable (input port clocked by clk)
Endpoint: _247_ (rising edge-triggered flip-flop clocked by clk)
Path Group: clk
Path Type: max

Fanout     Cap    Slew   Delay    Time   Description
-----------------------------------------------------------------------------
                          0.00    0.00   clock clk (rise edge)
                          0.50    0.50   clock network delay (propagated)
                          3.00    3.50 ^ input external delay
     1    0.00    0.02    0.01    3.51 ^ pwr_stable (in)
                                         pwr_stable (net)
                  0.02    0.00    3.51 ^ input2/A (sky130_fd_sc_hd__clkbuf_1)
     1    0.00    0.07    0.09    3.60 ^ input2/X (sky130_fd_sc_hd__clkbuf_1)
                                         net2 (net)
                  0.07    0.00    3.60 ^ _158_/A (sky130_fd_sc_hd__nand2_1)
     2    0.01    0.05    0.07    3.66 v _158_/Y (sky130_fd_sc_hd__nand2_1)
                                         _095_ (net)
                  0.05    0.00    3.66 v _159_/B1_N (sky130_fd_sc_hd__o21bai_1)
     1    0.00    0.05    0.15    3.81 v _159_/Y (sky130_fd_sc_hd__o21bai_1)
                                         _096_ (net)
                  0.05    0.00    3.81 v _160_/A (sky130_fd_sc_hd__nand2_1)
     1    0.00    0.04    0.05    3.86 ^ _160_/Y (sky130_fd_sc_hd__nand2_1)
                                         _097_ (net)
                  0.04    0.00    3.86 ^ _166_/A (sky130_fd_sc_hd__nand2_1)
     2    0.00    0.04    0.05    3.92 v _166_/Y (sky130_fd_sc_hd__nand2_1)
                                         _103_ (net)
                  0.04    0.00    3.92 v _178_/B (sky130_fd_sc_hd__nor2_1)
     2    0.01    0.12    0.11    4.03 ^ _178_/Y (sky130_fd_sc_hd__nor2_1)
                                         _014_ (net)
                  0.12    0.00    4.03 ^ _204_/A (sky130_fd_sc_hd__nand3_1)
     1    0.01    0.11    0.13    4.16 v _204_/Y (sky130_fd_sc_hd__nand3_1)
                                         _030_ (net)
                  0.11    0.00    4.16 v _209_/A (sky130_fd_sc_hd__nand3_4)
     8    0.03    0.11    0.12    4.28 ^ _209_/Y (sky130_fd_sc_hd__nand3_4)
                                         _035_ (net)
                  0.11    0.00    4.28 ^ _238_/B (sky130_fd_sc_hd__nor2_1)
     1    0.00    0.04    0.05    4.33 v _238_/Y (sky130_fd_sc_hd__nor2_1)
                                         _011_ (net)
                  0.04    0.00    4.33 v _247_/D (sky130_fd_sc_hd__dfrtp_1)
                                  4.33   data arrival time

                         10.00   10.00   clock clk (rise edge)
                          0.50   10.50   clock source latency
     1    0.01    0.05    0.03   10.53 ^ clk (in)
                                         clk (net)
                  0.05    0.00   10.53 ^ clkbuf_0_clk/A (sky130_fd_sc_hd__clkbuf_16)
     2    0.02    0.04    0.13   10.66 ^ clkbuf_0_clk/X (sky130_fd_sc_hd__clkbuf_16)
                                         clknet_0_clk (net)
                  0.04    0.00   10.66 ^ clkbuf_1_1__f_clk/A (sky130_fd_sc_hd__clkbuf_16)
    13    0.04    0.06    0.14   10.80 ^ clkbuf_1_1__f_clk/X (sky130_fd_sc_hd__clkbuf_16)
                                         clknet_1_1__leaf_clk (net)
                  0.06    0.00   10.80 ^ _247_/CLK (sky130_fd_sc_hd__dfrtp_1)
                         -0.30   10.50   clock uncertainty
                          0.00   10.50   clock reconvergence pessimism
                         -0.11   10.39   library setup time
                                 10.39   data required time
-----------------------------------------------------------------------------
                                 10.39   data required time
                                 -4.33   data arrival time
-----------------------------------------------------------------------------
                                  6.06   slack (MET)


Startpoint: pwr_stable (input port clocked by clk)
Endpoint: _242_ (rising edge-triggered flip-flop clocked by clk)
Path Group: clk
Path Type: max

Fanout     Cap    Slew   Delay    Time   Description
-----------------------------------------------------------------------------
                          0.00    0.00   clock clk (rise edge)
                          0.50    0.50   clock network delay (propagated)
                          3.00    3.50 ^ input external delay
     1    0.00    0.02    0.01    3.51 ^ pwr_stable (in)
                                         pwr_stable (net)
                  0.02    0.00    3.51 ^ input2/A (sky130_fd_sc_hd__clkbuf_1)
     1    0.00    0.07    0.09    3.60 ^ input2/X (sky130_fd_sc_hd__clkbuf_1)
                                         net2 (net)
                  0.07    0.00    3.60 ^ _158_/A (sky130_fd_sc_hd__nand2_1)
     2    0.01    0.05    0.07    3.66 v _158_/Y (sky130_fd_sc_hd__nand2_1)
                                         _095_ (net)
                  0.05    0.00    3.66 v _159_/B1_N (sky130_fd_sc_hd__o21bai_1)
     1    0.00    0.05    0.15    3.81 v _159_/Y (sky130_fd_sc_hd__o21bai_1)
                                         _096_ (net)
                  0.05    0.00    3.81 v _160_/A (sky130_fd_sc_hd__nand2_1)
     1    0.00    0.04    0.05    3.86 ^ _160_/Y (sky130_fd_sc_hd__nand2_1)
                                         _097_ (net)
                  0.04    0.00    3.86 ^ _166_/A (sky130_fd_sc_hd__nand2_1)
     2    0.00    0.04    0.05    3.92 v _166_/Y (sky130_fd_sc_hd__nand2_1)
                                         _103_ (net)
                  0.04    0.00    3.92 v _178_/B (sky130_fd_sc_hd__nor2_1)
     2    0.01    0.12    0.11    4.03 ^ _178_/Y (sky130_fd_sc_hd__nor2_1)
                                         _014_ (net)
                  0.12    0.00    4.03 ^ _204_/A (sky130_fd_sc_hd__nand3_1)
     1    0.01    0.11    0.13    4.16 v _204_/Y (sky130_fd_sc_hd__nand3_1)
                                         _030_ (net)
                  0.11    0.00    4.16 v _209_/A (sky130_fd_sc_hd__nand3_4)
     8    0.03    0.11    0.12    4.28 ^ _209_/Y (sky130_fd_sc_hd__nand3_4)
                                         _035_ (net)
                  0.11    0.00    4.28 ^ _219_/B (sky130_fd_sc_hd__nor2_1)
     1    0.00    0.03    0.05    4.33 v _219_/Y (sky130_fd_sc_hd__nor2_1)
                                         _006_ (net)
                  0.03    0.00    4.33 v _242_/D (sky130_fd_sc_hd__dfrtp_1)
                                  4.33   data arrival time

                         10.00   10.00   clock clk (rise edge)
                          0.50   10.50   clock source latency
     1    0.01    0.05    0.03   10.53 ^ clk (in)
                                         clk (net)
                  0.05    0.00   10.53 ^ clkbuf_0_clk/A (sky130_fd_sc_hd__clkbuf_16)
     2    0.02    0.04    0.13   10.66 ^ clkbuf_0_clk/X (sky130_fd_sc_hd__clkbuf_16)
                                         clknet_0_clk (net)
                  0.04    0.00   10.66 ^ clkbuf_1_1__f_clk/A (sky130_fd_sc_hd__clkbuf_16)
    13    0.04    0.06    0.14   10.80 ^ clkbuf_1_1__f_clk/X (sky130_fd_sc_hd__clkbuf_16)
                                         clknet_1_1__leaf_clk (net)
                  0.06    0.00   10.80 ^ _242_/CLK (sky130_fd_sc_hd__dfrtp_1)
                         -0.30   10.50   clock uncertainty
                          0.00   10.50   clock reconvergence pessimism
                         -0.11   10.39   library setup time
                                 10.39   data required time
-----------------------------------------------------------------------------
                                 10.39   data required time
                                 -4.33   data arrival time
-----------------------------------------------------------------------------
                                  6.06   slack (MET)


Startpoint: pwr_stable (input port clocked by clk)
Endpoint: _240_ (rising edge-triggered flip-flop clocked by clk)
Path Group: clk
Path Type: max

Fanout     Cap    Slew   Delay    Time   Description
-----------------------------------------------------------------------------
                          0.00    0.00   clock clk (rise edge)
                          0.50    0.50   clock network delay (propagated)
                          3.00    3.50 ^ input external delay
     1    0.00    0.02    0.01    3.51 ^ pwr_stable (in)
                                         pwr_stable (net)
                  0.02    0.00    3.51 ^ input2/A (sky130_fd_sc_hd__clkbuf_1)
     1    0.00    0.07    0.09    3.60 ^ input2/X (sky130_fd_sc_hd__clkbuf_1)
                                         net2 (net)
                  0.07    0.00    3.60 ^ _158_/A (sky130_fd_sc_hd__nand2_1)
     2    0.01    0.05    0.07    3.66 v _158_/Y (sky130_fd_sc_hd__nand2_1)
                                         _095_ (net)
                  0.05    0.00    3.66 v _159_/B1_N (sky130_fd_sc_hd__o21bai_1)
     1    0.00    0.05    0.15    3.81 v _159_/Y (sky130_fd_sc_hd__o21bai_1)
                                         _096_ (net)
                  0.05    0.00    3.81 v _160_/A (sky130_fd_sc_hd__nand2_1)
     1    0.00    0.04    0.05    3.86 ^ _160_/Y (sky130_fd_sc_hd__nand2_1)
                                         _097_ (net)
                  0.04    0.00    3.86 ^ _166_/A (sky130_fd_sc_hd__nand2_1)
     2    0.00    0.04    0.05    3.92 v _166_/Y (sky130_fd_sc_hd__nand2_1)
                                         _103_ (net)
                  0.04    0.00    3.92 v _178_/B (sky130_fd_sc_hd__nor2_1)
     2    0.01    0.12    0.11    4.03 ^ _178_/Y (sky130_fd_sc_hd__nor2_1)
                                         _014_ (net)
                  0.12    0.00    4.03 ^ _204_/A (sky130_fd_sc_hd__nand3_1)
     1    0.01    0.11    0.13    4.16 v _204_/Y (sky130_fd_sc_hd__nand3_1)
                                         _030_ (net)
                  0.11    0.00    4.16 v _209_/A (sky130_fd_sc_hd__nand3_4)
     8    0.03    0.11    0.12    4.28 ^ _209_/Y (sky130_fd_sc_hd__nand3_4)
                                         _035_ (net)
                  0.11    0.00    4.28 ^ _210_/B (sky130_fd_sc_hd__nor2_1)
     1    0.00    0.03    0.05    4.33 v _210_/Y (sky130_fd_sc_hd__nor2_1)
                                         _004_ (net)
                  0.03    0.00    4.33 v _240_/D (sky130_fd_sc_hd__dfrtp_1)
                                  4.33   data arrival time

                         10.00   10.00   clock clk (rise edge)
                          0.50   10.50   clock source latency
     1    0.01    0.05    0.03   10.53 ^ clk (in)
                                         clk (net)
                  0.05    0.00   10.53 ^ clkbuf_0_clk/A (sky130_fd_sc_hd__clkbuf_16)
     2    0.02    0.04    0.13   10.66 ^ clkbuf_0_clk/X (sky130_fd_sc_hd__clkbuf_16)
                                         clknet_0_clk (net)
                  0.04    0.00   10.66 ^ clkbuf_1_1__f_clk/A (sky130_fd_sc_hd__clkbuf_16)
    13    0.04    0.06    0.14   10.80 ^ clkbuf_1_1__f_clk/X (sky130_fd_sc_hd__clkbuf_16)
                                         clknet_1_1__leaf_clk (net)
                  0.06    0.00   10.80 ^ _240_/CLK (sky130_fd_sc_hd__dfrtp_1)
                         -0.30   10.50   clock uncertainty
                          0.00   10.50   clock reconvergence pessimism
                         -0.11   10.39   library setup time
                                 10.39   data required time
-----------------------------------------------------------------------------
                                 10.39   data required time
                                 -4.33   data arrival time
-----------------------------------------------------------------------------
                                  6.06   slack (MET)


Startpoint: pwr_stable (input port clocked by clk)
Endpoint: _245_ (rising edge-triggered flip-flop clocked by clk)
Path Group: clk
Path Type: max

Fanout     Cap    Slew   Delay    Time   Description
-----------------------------------------------------------------------------
                          0.00    0.00   clock clk (rise edge)
                          0.50    0.50   clock network delay (propagated)
                          3.00    3.50 ^ input external delay
     1    0.00    0.02    0.01    3.51 ^ pwr_stable (in)
                                         pwr_stable (net)
                  0.02    0.00    3.51 ^ input2/A (sky130_fd_sc_hd__clkbuf_1)
     1    0.00    0.07    0.09    3.60 ^ input2/X (sky130_fd_sc_hd__clkbuf_1)
                                         net2 (net)
                  0.07    0.00    3.60 ^ _158_/A (sky130_fd_sc_hd__nand2_1)
     2    0.01    0.05    0.07    3.66 v _158_/Y (sky130_fd_sc_hd__nand2_1)
                                         _095_ (net)
                  0.05    0.00    3.66 v _159_/B1_N (sky130_fd_sc_hd__o21bai_1)
     1    0.00    0.05    0.15    3.81 v _159_/Y (sky130_fd_sc_hd__o21bai_1)
                                         _096_ (net)
                  0.05    0.00    3.81 v _160_/A (sky130_fd_sc_hd__nand2_1)
     1    0.00    0.04    0.05    3.86 ^ _160_/Y (sky130_fd_sc_hd__nand2_1)
                                         _097_ (net)
                  0.04    0.00    3.86 ^ _166_/A (sky130_fd_sc_hd__nand2_1)
     2    0.00    0.04    0.05    3.92 v _166_/Y (sky130_fd_sc_hd__nand2_1)
                                         _103_ (net)
                  0.04    0.00    3.92 v _178_/B (sky130_fd_sc_hd__nor2_1)
     2    0.01    0.12    0.11    4.03 ^ _178_/Y (sky130_fd_sc_hd__nor2_1)
                                         _014_ (net)
                  0.12    0.00    4.03 ^ _204_/A (sky130_fd_sc_hd__nand3_1)
     1    0.01    0.11    0.13    4.16 v _204_/Y (sky130_fd_sc_hd__nand3_1)
                                         _030_ (net)
                  0.11    0.00    4.16 v _209_/A (sky130_fd_sc_hd__nand3_4)
     8    0.03    0.11    0.12    4.28 ^ _209_/Y (sky130_fd_sc_hd__nand3_4)
                                         _035_ (net)
                  0.11    0.00    4.28 ^ _232_/B (sky130_fd_sc_hd__nor2_1)
     1    0.00    0.03    0.05    4.33 v _232_/Y (sky130_fd_sc_hd__nor2_1)
                                         _009_ (net)
                  0.03    0.00    4.33 v _245_/D (sky130_fd_sc_hd__dfrtp_1)
                                  4.33   data arrival time

                         10.00   10.00   clock clk (rise edge)
                          0.50   10.50   clock source latency
     1    0.01    0.05    0.03   10.53 ^ clk (in)
                                         clk (net)
                  0.05    0.00   10.53 ^ clkbuf_0_clk/A (sky130_fd_sc_hd__clkbuf_16)
     2    0.02    0.04    0.13   10.66 ^ clkbuf_0_clk/X (sky130_fd_sc_hd__clkbuf_16)
                                         clknet_0_clk (net)
                  0.04    0.00   10.66 ^ clkbuf_1_1__f_clk/A (sky130_fd_sc_hd__clkbuf_16)
    13    0.04    0.06    0.14   10.80 ^ clkbuf_1_1__f_clk/X (sky130_fd_sc_hd__clkbuf_16)
                                         clknet_1_1__leaf_clk (net)
                  0.06    0.00   10.80 ^ _245_/CLK (sky130_fd_sc_hd__dfrtp_1)
                         -0.30   10.50   clock uncertainty
                          0.00   10.50   clock reconvergence pessimism
                         -0.11   10.39   library setup time
                                 10.39   data required time
-----------------------------------------------------------------------------
                                 10.39   data required time
                                 -4.33   data arrival time
-----------------------------------------------------------------------------
                                  6.06   slack (MET)


Startpoint: pwr_stable (input port clocked by clk)
Endpoint: _241_ (rising edge-triggered flip-flop clocked by clk)
Path Group: clk
Path Type: max

Fanout     Cap    Slew   Delay    Time   Description
-----------------------------------------------------------------------------
                          0.00    0.00   clock clk (rise edge)
                          0.50    0.50   clock network delay (propagated)
                          3.00    3.50 ^ input external delay
     1    0.00    0.02    0.01    3.51 ^ pwr_stable (in)
                                         pwr_stable (net)
                  0.02    0.00    3.51 ^ input2/A (sky130_fd_sc_hd__clkbuf_1)
     1    0.00    0.07    0.09    3.60 ^ input2/X (sky130_fd_sc_hd__clkbuf_1)
                                         net2 (net)
                  0.07    0.00    3.60 ^ _158_/A (sky130_fd_sc_hd__nand2_1)
     2    0.01    0.05    0.07    3.66 v _158_/Y (sky130_fd_sc_hd__nand2_1)
                                         _095_ (net)
                  0.05    0.00    3.66 v _159_/B1_N (sky130_fd_sc_hd__o21bai_1)
     1    0.00    0.05    0.15    3.81 v _159_/Y (sky130_fd_sc_hd__o21bai_1)
                                         _096_ (net)
                  0.05    0.00    3.81 v _160_/A (sky130_fd_sc_hd__nand2_1)
     1    0.00    0.04    0.05    3.86 ^ _160_/Y (sky130_fd_sc_hd__nand2_1)
                                         _097_ (net)
                  0.04    0.00    3.86 ^ _166_/A (sky130_fd_sc_hd__nand2_1)
     2    0.00    0.04    0.05    3.92 v _166_/Y (sky130_fd_sc_hd__nand2_1)
                                         _103_ (net)
                  0.04    0.00    3.92 v _178_/B (sky130_fd_sc_hd__nor2_1)
     2    0.01    0.12    0.11    4.03 ^ _178_/Y (sky130_fd_sc_hd__nor2_1)
                                         _014_ (net)
                  0.12    0.00    4.03 ^ _204_/A (sky130_fd_sc_hd__nand3_1)
     1    0.01    0.11    0.13    4.16 v _204_/Y (sky130_fd_sc_hd__nand3_1)
                                         _030_ (net)
                  0.11    0.00    4.16 v _209_/A (sky130_fd_sc_hd__nand3_4)
     8    0.03    0.11    0.12    4.28 ^ _209_/Y (sky130_fd_sc_hd__nand3_4)
                                         _035_ (net)
                  0.11    0.00    4.28 ^ _214_/B (sky130_fd_sc_hd__nor2_1)
     1    0.00    0.03    0.05    4.33 v _214_/Y (sky130_fd_sc_hd__nor2_1)
                                         _005_ (net)
                  0.03    0.00    4.33 v _241_/D (sky130_fd_sc_hd__dfrtp_1)
                                  4.33   data arrival time

                         10.00   10.00   clock clk (rise edge)
                          0.50   10.50   clock source latency
     1    0.01    0.05    0.03   10.53 ^ clk (in)
                                         clk (net)
                  0.05    0.00   10.53 ^ clkbuf_0_clk/A (sky130_fd_sc_hd__clkbuf_16)
     2    0.02    0.04    0.13   10.66 ^ clkbuf_0_clk/X (sky130_fd_sc_hd__clkbuf_16)
                                         clknet_0_clk (net)
                  0.04    0.00   10.66 ^ clkbuf_1_1__f_clk/A (sky130_fd_sc_hd__clkbuf_16)
    13    0.04    0.06    0.14   10.80 ^ clkbuf_1_1__f_clk/X (sky130_fd_sc_hd__clkbuf_16)
                                         clknet_1_1__leaf_clk (net)
                  0.06    0.00   10.80 ^ _241_/CLK (sky130_fd_sc_hd__dfrtp_1)
                         -0.30   10.50   clock uncertainty
                          0.00   10.50   clock reconvergence pessimism
                         -0.11   10.39   library setup time
                                 10.39   data required time
-----------------------------------------------------------------------------
                                 10.39   data required time
                                 -4.33   data arrival time
-----------------------------------------------------------------------------
                                  6.06   slack (MET)


Startpoint: pwr_stable (input port clocked by clk)
Endpoint: _244_ (rising edge-triggered flip-flop clocked by clk)
Path Group: clk
Path Type: max

Fanout     Cap    Slew   Delay    Time   Description
-----------------------------------------------------------------------------
                          0.00    0.00   clock clk (rise edge)
                          0.50    0.50   clock network delay (propagated)
                          3.00    3.50 ^ input external delay
     1    0.00    0.02    0.01    3.51 ^ pwr_stable (in)
                                         pwr_stable (net)
                  0.02    0.00    3.51 ^ input2/A (sky130_fd_sc_hd__clkbuf_1)
     1    0.00    0.07    0.09    3.60 ^ input2/X (sky130_fd_sc_hd__clkbuf_1)
                                         net2 (net)
                  0.07    0.00    3.60 ^ _158_/A (sky130_fd_sc_hd__nand2_1)
     2    0.01    0.05    0.07    3.66 v _158_/Y (sky130_fd_sc_hd__nand2_1)
                                         _095_ (net)
                  0.05    0.00    3.66 v _159_/B1_N (sky130_fd_sc_hd__o21bai_1)
     1    0.00    0.05    0.15    3.81 v _159_/Y (sky130_fd_sc_hd__o21bai_1)
                                         _096_ (net)
                  0.05    0.00    3.81 v _160_/A (sky130_fd_sc_hd__nand2_1)
     1    0.00    0.04    0.05    3.86 ^ _160_/Y (sky130_fd_sc_hd__nand2_1)
                                         _097_ (net)
                  0.04    0.00    3.86 ^ _166_/A (sky130_fd_sc_hd__nand2_1)
     2    0.00    0.04    0.05    3.92 v _166_/Y (sky130_fd_sc_hd__nand2_1)
                                         _103_ (net)
                  0.04    0.00    3.92 v _178_/B (sky130_fd_sc_hd__nor2_1)
     2    0.01    0.12    0.11    4.03 ^ _178_/Y (sky130_fd_sc_hd__nor2_1)
                                         _014_ (net)
                  0.12    0.00    4.03 ^ _204_/A (sky130_fd_sc_hd__nand3_1)
     1    0.01    0.11    0.13    4.16 v _204_/Y (sky130_fd_sc_hd__nand3_1)
                                         _030_ (net)
                  0.11    0.00    4.16 v _209_/A (sky130_fd_sc_hd__nand3_4)
     8    0.03    0.11    0.12    4.28 ^ _209_/Y (sky130_fd_sc_hd__nand3_4)
                                         _035_ (net)
                  0.11    0.00    4.28 ^ _227_/B (sky130_fd_sc_hd__nor2_1)
     1    0.00    0.03    0.05    4.33 v _227_/Y (sky130_fd_sc_hd__nor2_1)
                                         _008_ (net)
                  0.03    0.00    4.33 v _244_/D (sky130_fd_sc_hd__dfrtp_1)
                                  4.33   data arrival time

                         10.00   10.00   clock clk (rise edge)
                          0.50   10.50   clock source latency
     1    0.01    0.05    0.03   10.53 ^ clk (in)
                                         clk (net)
                  0.05    0.00   10.53 ^ clkbuf_0_clk/A (sky130_fd_sc_hd__clkbuf_16)
     2    0.02    0.04    0.13   10.66 ^ clkbuf_0_clk/X (sky130_fd_sc_hd__clkbuf_16)
                                         clknet_0_clk (net)
                  0.04    0.00   10.66 ^ clkbuf_1_1__f_clk/A (sky130_fd_sc_hd__clkbuf_16)
    13    0.04    0.06    0.14   10.80 ^ clkbuf_1_1__f_clk/X (sky130_fd_sc_hd__clkbuf_16)
                                         clknet_1_1__leaf_clk (net)
                  0.06    0.00   10.80 ^ _244_/CLK (sky130_fd_sc_hd__dfrtp_1)
                         -0.30   10.50   clock uncertainty
                          0.00   10.50   clock reconvergence pessimism
                         -0.11   10.39   library setup time
                                 10.39   data required time
-----------------------------------------------------------------------------
                                 10.39   data required time
                                 -4.33   data arrival time
-----------------------------------------------------------------------------
                                  6.06   slack (MET)


Startpoint: pwr_stable (input port clocked by clk)
Endpoint: _246_ (rising edge-triggered flip-flop clocked by clk)
Path Group: clk
Path Type: max

Fanout     Cap    Slew   Delay    Time   Description
-----------------------------------------------------------------------------
                          0.00    0.00   clock clk (rise edge)
                          0.50    0.50   clock network delay (propagated)
                          3.00    3.50 ^ input external delay
     1    0.00    0.02    0.01    3.51 ^ pwr_stable (in)
                                         pwr_stable (net)
                  0.02    0.00    3.51 ^ input2/A (sky130_fd_sc_hd__clkbuf_1)
     1    0.00    0.07    0.09    3.60 ^ input2/X (sky130_fd_sc_hd__clkbuf_1)
                                         net2 (net)
                  0.07    0.00    3.60 ^ _158_/A (sky130_fd_sc_hd__nand2_1)
     2    0.01    0.05    0.07    3.66 v _158_/Y (sky130_fd_sc_hd__nand2_1)
                                         _095_ (net)
                  0.05    0.00    3.66 v _159_/B1_N (sky130_fd_sc_hd__o21bai_1)
     1    0.00    0.05    0.15    3.81 v _159_/Y (sky130_fd_sc_hd__o21bai_1)
                                         _096_ (net)
                  0.05    0.00    3.81 v _160_/A (sky130_fd_sc_hd__nand2_1)
     1    0.00    0.04    0.05    3.86 ^ _160_/Y (sky130_fd_sc_hd__nand2_1)
                                         _097_ (net)
                  0.04    0.00    3.86 ^ _166_/A (sky130_fd_sc_hd__nand2_1)
     2    0.00    0.04    0.05    3.92 v _166_/Y (sky130_fd_sc_hd__nand2_1)
                                         _103_ (net)
                  0.04    0.00    3.92 v _178_/B (sky130_fd_sc_hd__nor2_1)
     2    0.01    0.12    0.11    4.03 ^ _178_/Y (sky130_fd_sc_hd__nor2_1)
                                         _014_ (net)
                  0.12    0.00    4.03 ^ _204_/A (sky130_fd_sc_hd__nand3_1)
     1    0.01    0.11    0.13    4.16 v _204_/Y (sky130_fd_sc_hd__nand3_1)
                                         _030_ (net)
                  0.11    0.00    4.16 v _209_/A (sky130_fd_sc_hd__nand3_4)
     8    0.03    0.11    0.12    4.28 ^ _209_/Y (sky130_fd_sc_hd__nand3_4)
                                         _035_ (net)
                  0.11    0.00    4.28 ^ _236_/B (sky130_fd_sc_hd__nor2_1)
     1    0.00    0.03    0.05    4.33 v _236_/Y (sky130_fd_sc_hd__nor2_1)
                                         _010_ (net)
                  0.03    0.00    4.33 v _246_/D (sky130_fd_sc_hd__dfrtp_1)
                                  4.33   data arrival time

                         10.00   10.00   clock clk (rise edge)
                          0.50   10.50   clock source latency
     1    0.01    0.05    0.03   10.53 ^ clk (in)
                                         clk (net)
                  0.05    0.00   10.53 ^ clkbuf_0_clk/A (sky130_fd_sc_hd__clkbuf_16)
     2    0.02    0.04    0.13   10.66 ^ clkbuf_0_clk/X (sky130_fd_sc_hd__clkbuf_16)
                                         clknet_0_clk (net)
                  0.04    0.00   10.66 ^ clkbuf_1_1__f_clk/A (sky130_fd_sc_hd__clkbuf_16)
    13    0.04    0.06    0.14   10.80 ^ clkbuf_1_1__f_clk/X (sky130_fd_sc_hd__clkbuf_16)
                                         clknet_1_1__leaf_clk (net)
                  0.06    0.00   10.80 ^ _246_/CLK (sky130_fd_sc_hd__dfrtp_1)
                         -0.30   10.50   clock uncertainty
                          0.00   10.50   clock reconvergence pessimism
                         -0.11   10.39   library setup time
                                 10.39   data required time
-----------------------------------------------------------------------------
                                 10.39   data required time
                                 -4.33   data arrival time
-----------------------------------------------------------------------------
                                  6.06   slack (MET)


Startpoint: _256_ (rising edge-triggered flip-flop clocked by clk)
Endpoint: seq_busy (output port clocked by clk)
Path Group: clk
Path Type: max

Fanout     Cap    Slew   Delay    Time   Description
-----------------------------------------------------------------------------
                          0.00    0.00   clock clk (rise edge)
                          0.50    0.50   clock source latency
     1    0.01    0.05    0.03    0.53 ^ clk (in)
                                         clk (net)
                  0.05    0.00    0.53 ^ clkbuf_0_clk/A (sky130_fd_sc_hd__clkbuf_16)
     2    0.02    0.04    0.13    0.66 ^ clkbuf_0_clk/X (sky130_fd_sc_hd__clkbuf_16)
                                         clknet_0_clk (net)
                  0.04    0.00    0.66 ^ clkbuf_1_0__f_clk/A (sky130_fd_sc_hd__clkbuf_16)
    16    0.04    0.06    0.14    0.80 ^ clkbuf_1_0__f_clk/X (sky130_fd_sc_hd__clkbuf_16)
                                         clknet_1_0__leaf_clk (net)
                  0.06    0.00    0.80 ^ _256_/CLK (sky130_fd_sc_hd__dfrtp_4)
     8    0.02    0.08    0.51    1.31 v _256_/Q (sky130_fd_sc_hd__dfrtp_4)
                                         curr_state[0] (net)
                  0.08    0.00    1.31 v _138_/A (sky130_fd_sc_hd__nand2_1)
     3    0.01    0.12    0.13    1.43 ^ _138_/Y (sky130_fd_sc_hd__nand2_1)
                                         _077_ (net)
                  0.12    0.00    1.43 ^ _139_/A (sky130_fd_sc_hd__inv_2)
     2    0.01    0.03    0.05    1.48 v _139_/Y (sky130_fd_sc_hd__inv_2)
                                         _078_ (net)
                  0.03    0.00    1.48 v _140_/B (sky130_fd_sc_hd__nor2_1)
     1    0.00    0.08    0.08    1.56 ^ _140_/Y (sky130_fd_sc_hd__nor2_1)
                                         net18 (net)
                  0.08    0.00    1.56 ^ wire20/A (sky130_fd_sc_hd__buf_1)
     4    0.01    0.16    0.17    1.73 ^ wire20/X (sky130_fd_sc_hd__buf_1)
                                         net20 (net)
                  0.16    0.00    1.73 ^ output18/A (sky130_fd_sc_hd__clkbuf_2)
     1    0.02    0.12    0.20    1.93 ^ output18/X (sky130_fd_sc_hd__clkbuf_2)
                                         seq_busy (net)
                  0.12    0.00    1.93 ^ seq_busy (out)
                                  1.93   data arrival time

                         10.00   10.00   clock clk (rise edge)
                          0.50   10.50   clock network delay (propagated)
                         -0.30   10.20   clock uncertainty
                          0.00   10.20   clock reconvergence pessimism
                         -2.00    8.20   output external delay
                                  8.20   data required time
-----------------------------------------------------------------------------
                                  8.20   data required time
                                 -1.93   data arrival time
-----------------------------------------------------------------------------
                                  6.27   slack (MET)


Startpoint: pwr_stable (input port clocked by clk)
Endpoint: _258_ (rising edge-triggered flip-flop clocked by clk)
Path Group: clk
Path Type: max

Fanout     Cap    Slew   Delay    Time   Description
-----------------------------------------------------------------------------
                          0.00    0.00   clock clk (rise edge)
                          0.50    0.50   clock network delay (propagated)
                          3.00    3.50 ^ input external delay
     1    0.00    0.02    0.01    3.51 ^ pwr_stable (in)
                                         pwr_stable (net)
                  0.02    0.00    3.51 ^ input2/A (sky130_fd_sc_hd__clkbuf_1)
     1    0.00    0.07    0.09    3.60 ^ input2/X (sky130_fd_sc_hd__clkbuf_1)
                                         net2 (net)
                  0.07    0.00    3.60 ^ _158_/A (sky130_fd_sc_hd__nand2_1)
     2    0.01    0.05    0.07    3.66 v _158_/Y (sky130_fd_sc_hd__nand2_1)
                                         _095_ (net)
                  0.05    0.00    3.66 v _159_/B1_N (sky130_fd_sc_hd__o21bai_1)
     1    0.00    0.05    0.15    3.81 v _159_/Y (sky130_fd_sc_hd__o21bai_1)
                                         _096_ (net)
                  0.05    0.00    3.81 v _160_/A (sky130_fd_sc_hd__nand2_1)
     1    0.00    0.04    0.05    3.86 ^ _160_/Y (sky130_fd_sc_hd__nand2_1)
                                         _097_ (net)
                  0.04    0.00    3.86 ^ _166_/A (sky130_fd_sc_hd__nand2_1)
     2    0.00    0.04    0.05    3.92 v _166_/Y (sky130_fd_sc_hd__nand2_1)
                                         _103_ (net)
                  0.04    0.00    3.92 v _178_/B (sky130_fd_sc_hd__nor2_1)
     2    0.01    0.12    0.11    4.03 ^ _178_/Y (sky130_fd_sc_hd__nor2_1)
                                         _014_ (net)
                  0.12    0.00    4.03 ^ _187_/A (sky130_fd_sc_hd__nand2_1)
     1    0.00    0.04    0.06    4.09 v _187_/Y (sky130_fd_sc_hd__nand2_1)
                                         next_state[2] (net)
                  0.04    0.00    4.09 v _258_/D (sky130_fd_sc_hd__dfrtp_4)
                                  4.09   data arrival time

                         10.00   10.00   clock clk (rise edge)
                          0.50   10.50   clock source latency
     1    0.01    0.05    0.03   10.53 ^ clk (in)
                                         clk (net)
                  0.05    0.00   10.53 ^ clkbuf_0_clk/A (sky130_fd_sc_hd__clkbuf_16)
     2    0.02    0.04    0.13   10.66 ^ clkbuf_0_clk/X (sky130_fd_sc_hd__clkbuf_16)
                                         clknet_0_clk (net)
                  0.04    0.00   10.66 ^ clkbuf_1_0__f_clk/A (sky130_fd_sc_hd__clkbuf_16)
    16    0.04    0.06    0.14   10.80 ^ clkbuf_1_0__f_clk/X (sky130_fd_sc_hd__clkbuf_16)
                                         clknet_1_0__leaf_clk (net)
                  0.06    0.00   10.80 ^ _258_/CLK (sky130_fd_sc_hd__dfrtp_4)
                         -0.30   10.50   clock uncertainty
                          0.00   10.50   clock reconvergence pessimism
                         -0.11   10.39   library setup time
                                 10.39   data required time
-----------------------------------------------------------------------------
                                 10.39   data required time
                                 -4.09   data arrival time
-----------------------------------------------------------------------------
                                  6.30   slack (MET)


Startpoint: _251_ (rising edge-triggered flip-flop clocked by clk)
Endpoint: retention_save (output port clocked by clk)
Path Group: clk
Path Type: max

Fanout     Cap    Slew   Delay    Time   Description
-----------------------------------------------------------------------------
                          0.00    0.00   clock clk (rise edge)
                          0.50    0.50   clock source latency
     1    0.01    0.05    0.03    0.53 ^ clk (in)
                                         clk (net)
                  0.05    0.00    0.53 ^ clkbuf_0_clk/A (sky130_fd_sc_hd__clkbuf_16)
     2    0.02    0.04    0.13    0.66 ^ clkbuf_0_clk/X (sky130_fd_sc_hd__clkbuf_16)
                                         clknet_0_clk (net)
                  0.04    0.00    0.66 ^ clkbuf_1_0__f_clk/A (sky130_fd_sc_hd__clkbuf_16)
    16    0.04    0.06    0.14    0.80 ^ clkbuf_1_0__f_clk/X (sky130_fd_sc_hd__clkbuf_16)
                                         clknet_1_0__leaf_clk (net)
                  0.06    0.00    0.80 ^ _251_/CLK (sky130_fd_sc_hd__dfrtp_1)
     1    0.00    0.04    0.35    1.15 v _251_/Q (sky130_fd_sc_hd__dfrtp_1)
                                         net17 (net)
                  0.04    0.00    1.15 v output17/A (sky130_fd_sc_hd__buf_2)
     1    0.03    0.08    0.17    1.32 v output17/X (sky130_fd_sc_hd__buf_2)
                                         retention_save (net)
                  0.08    0.00    1.32 v retention_save (out)
                                  1.32   data arrival time

                         10.00   10.00   clock clk (rise edge)
                          0.50   10.50   clock network delay (propagated)
                         -0.30   10.20   clock uncertainty
                          0.00   10.20   clock reconvergence pessimism
                         -2.50    7.70   output external delay
                                  7.70   data required time
-----------------------------------------------------------------------------
                                  7.70   data required time
                                 -1.32   data arrival time
-----------------------------------------------------------------------------
                                  6.38   slack (MET)


Startpoint: _252_ (rising edge-triggered flip-flop clocked by clk)
Endpoint: retention_restore (output port clocked by clk)
Path Group: clk
Path Type: max

Fanout     Cap    Slew   Delay    Time   Description
-----------------------------------------------------------------------------
                          0.00    0.00   clock clk (rise edge)
                          0.50    0.50   clock source latency
     1    0.01    0.05    0.03    0.53 ^ clk (in)
                                         clk (net)
                  0.05    0.00    0.53 ^ clkbuf_0_clk/A (sky130_fd_sc_hd__clkbuf_16)
     2    0.02    0.04    0.13    0.66 ^ clkbuf_0_clk/X (sky130_fd_sc_hd__clkbuf_16)
                                         clknet_0_clk (net)
                  0.04    0.00    0.66 ^ clkbuf_1_0__f_clk/A (sky130_fd_sc_hd__clkbuf_16)
    16    0.04    0.06    0.14    0.80 ^ clkbuf_1_0__f_clk/X (sky130_fd_sc_hd__clkbuf_16)
                                         clknet_1_0__leaf_clk (net)
                  0.06    0.00    0.80 ^ _252_/CLK (sky130_fd_sc_hd__dfrtp_1)
     1    0.00    0.04    0.35    1.15 v _252_/Q (sky130_fd_sc_hd__dfrtp_1)
                                         net16 (net)
                  0.04    0.00    1.15 v output16/A (sky130_fd_sc_hd__buf_2)
     1    0.03    0.08    0.17    1.32 v output16/X (sky130_fd_sc_hd__buf_2)
                                         retention_restore (net)
                  0.08    0.00    1.32 v retention_restore (out)
                                  1.32   data arrival time

                         10.00   10.00   clock clk (rise edge)
                          0.50   10.50   clock network delay (propagated)
                         -0.30   10.20   clock uncertainty
                          0.00   10.20   clock reconvergence pessimism
                         -2.50    7.70   output external delay
                                  7.70   data required time
-----------------------------------------------------------------------------
                                  7.70   data required time
                                 -1.32   data arrival time
-----------------------------------------------------------------------------
                                  6.38   slack (MET)


Startpoint: _253_ (rising edge-triggered flip-flop clocked by clk)
Endpoint: reset_ctrl (output port clocked by clk)
Path Group: clk
Path Type: max

Fanout     Cap    Slew   Delay    Time   Description
-----------------------------------------------------------------------------
                          0.00    0.00   clock clk (rise edge)
                          0.50    0.50   clock source latency
     1    0.01    0.05    0.03    0.53 ^ clk (in)
                                         clk (net)
                  0.05    0.00    0.53 ^ clkbuf_0_clk/A (sky130_fd_sc_hd__clkbuf_16)
     2    0.02    0.04    0.13    0.66 ^ clkbuf_0_clk/X (sky130_fd_sc_hd__clkbuf_16)
                                         clknet_0_clk (net)
                  0.04    0.00    0.66 ^ clkbuf_1_1__f_clk/A (sky130_fd_sc_hd__clkbuf_16)
    13    0.04    0.06    0.14    0.80 ^ clkbuf_1_1__f_clk/X (sky130_fd_sc_hd__clkbuf_16)
                                         clknet_1_1__leaf_clk (net)
                  0.06    0.00    0.80 ^ _253_/CLK (sky130_fd_sc_hd__dfrtp_1)
     1    0.00    0.04    0.35    1.15 v _253_/Q (sky130_fd_sc_hd__dfrtp_1)
                                         net14 (net)
                  0.04    0.00    1.15 v output14/A (sky130_fd_sc_hd__buf_2)
     1    0.03    0.08    0.17    1.32 v output14/X (sky130_fd_sc_hd__buf_2)
                                         reset_ctrl (net)
                  0.08    0.00    1.32 v reset_ctrl (out)
                                  1.32   data arrival time

                         10.00   10.00   clock clk (rise edge)
                          0.50   10.50   clock network delay (propagated)
                         -0.30   10.20   clock uncertainty
                          0.00   10.20   clock reconvergence pessimism
                         -2.50    7.70   output external delay
                                  7.70   data required time
-----------------------------------------------------------------------------
                                  7.70   data required time
                                 -1.32   data arrival time
-----------------------------------------------------------------------------
                                  6.38   slack (MET)


Startpoint: _239_ (rising edge-triggered flip-flop clocked by clk)
Endpoint: dvfs_ctrl[1] (output port clocked by clk)
Path Group: clk
Path Type: max

Fanout     Cap    Slew   Delay    Time   Description
-----------------------------------------------------------------------------
                          0.00    0.00   clock clk (rise edge)
                          0.50    0.50   clock source latency
     1    0.01    0.05    0.03    0.53 ^ clk (in)
                                         clk (net)
                  0.05    0.00    0.53 ^ clkbuf_0_clk/A (sky130_fd_sc_hd__clkbuf_16)
     2    0.02    0.04    0.13    0.66 ^ clkbuf_0_clk/X (sky130_fd_sc_hd__clkbuf_16)
                                         clknet_0_clk (net)
                  0.04    0.00    0.66 ^ clkbuf_1_1__f_clk/A (sky130_fd_sc_hd__clkbuf_16)
    13    0.04    0.06    0.14    0.80 ^ clkbuf_1_1__f_clk/X (sky130_fd_sc_hd__clkbuf_16)
                                         clknet_1_1__leaf_clk (net)
                  0.06    0.00    0.80 ^ _239_/CLK (sky130_fd_sc_hd__dfstp_1)
     1    0.00    0.04    0.50    1.29 ^ _239_/Q (sky130_fd_sc_hd__dfstp_1)
                                         net9 (net)
                  0.04    0.00    1.29 ^ output9/A (sky130_fd_sc_hd__clkbuf_2)
     1    0.02    0.12    0.16    1.45 ^ output9/X (sky130_fd_sc_hd__clkbuf_2)
                                         dvfs_ctrl[1] (net)
                  0.12    0.00    1.45 ^ dvfs_ctrl[1] (out)
                                  1.45   data arrival time

                         10.00   10.00   clock clk (rise edge)
                          0.50   10.50   clock network delay (propagated)
                         -0.30   10.20   clock uncertainty
                          0.00   10.20   clock reconvergence pessimism
                         -2.00    8.20   output external delay
                                  8.20   data required time
-----------------------------------------------------------------------------
                                  8.20   data required time
                                 -1.45   data arrival time
-----------------------------------------------------------------------------
                                  6.75   slack (MET)


Startpoint: _248_ (rising edge-triggered flip-flop clocked by clk)
Endpoint: clk_gate_en (output port clocked by clk)
Path Group: clk
Path Type: max

Fanout     Cap    Slew   Delay    Time   Description
-----------------------------------------------------------------------------
                          0.00    0.00   clock clk (rise edge)
                          0.50    0.50   clock source latency
     1    0.01    0.05    0.03    0.53 ^ clk (in)
                                         clk (net)
                  0.05    0.00    0.53 ^ clkbuf_0_clk/A (sky130_fd_sc_hd__clkbuf_16)
     2    0.02    0.04    0.13    0.66 ^ clkbuf_0_clk/X (sky130_fd_sc_hd__clkbuf_16)
                                         clknet_0_clk (net)
                  0.04    0.00    0.66 ^ clkbuf_1_0__f_clk/A (sky130_fd_sc_hd__clkbuf_16)
    16    0.04    0.06    0.14    0.80 ^ clkbuf_1_0__f_clk/X (sky130_fd_sc_hd__clkbuf_16)
                                         clknet_1_0__leaf_clk (net)
                  0.06    0.00    0.80 ^ _248_/CLK (sky130_fd_sc_hd__dfrtp_1)
     1    0.00    0.04    0.36    1.15 v _248_/Q (sky130_fd_sc_hd__dfrtp_1)
                                         net8 (net)
                  0.04    0.00    1.15 v output8/A (sky130_fd_sc_hd__buf_4)
     1    0.05    0.08    0.18    1.34 v output8/X (sky130_fd_sc_hd__buf_4)
                                         clk_gate_en (net)
                  0.08    0.00    1.34 v clk_gate_en (out)
                                  1.34   data arrival time

                         10.00   10.00   clock clk (rise edge)
                          0.50   10.50   clock network delay (propagated)
                         -0.30   10.20   clock uncertainty
                          0.00   10.20   clock reconvergence pessimism
                         -2.00    8.20   output external delay
                                  8.20   data required time
-----------------------------------------------------------------------------
                                  8.20   data required time
                                 -1.34   data arrival time
-----------------------------------------------------------------------------
                                  6.86   slack (MET)


Startpoint: _250_ (rising edge-triggered flip-flop clocked by clk)
Endpoint: retention_en (output port clocked by clk)
Path Group: clk
Path Type: max

Fanout     Cap    Slew   Delay    Time   Description
-----------------------------------------------------------------------------
                          0.00    0.00   clock clk (rise edge)
                          0.50    0.50   clock source latency
     1    0.01    0.05    0.03    0.53 ^ clk (in)
                                         clk (net)
                  0.05    0.00    0.53 ^ clkbuf_0_clk/A (sky130_fd_sc_hd__clkbuf_16)
     2    0.02    0.04    0.13    0.66 ^ clkbuf_0_clk/X (sky130_fd_sc_hd__clkbuf_16)
                                         clknet_0_clk (net)
                  0.04    0.00    0.66 ^ clkbuf_1_0__f_clk/A (sky130_fd_sc_hd__clkbuf_16)
    16    0.04    0.06    0.14    0.80 ^ clkbuf_1_0__f_clk/X (sky130_fd_sc_hd__clkbuf_16)
                                         clknet_1_0__leaf_clk (net)
                  0.06    0.00    0.80 ^ _250_/CLK (sky130_fd_sc_hd__dfrtp_1)
     1    0.00    0.04    0.36    1.15 v _250_/Q (sky130_fd_sc_hd__dfrtp_1)
                                         net15 (net)
                  0.04    0.00    1.15 v output15/A (sky130_fd_sc_hd__buf_4)
     1    0.05    0.08    0.18    1.34 v output15/X (sky130_fd_sc_hd__buf_4)
                                         retention_en (net)
                  0.08    0.00    1.34 v retention_en (out)
                                  1.34   data arrival time

                         10.00   10.00   clock clk (rise edge)
                          0.50   10.50   clock network delay (propagated)
                         -0.30   10.20   clock uncertainty
                          0.00   10.20   clock reconvergence pessimism
                         -2.00    8.20   output external delay
                                  8.20   data required time
-----------------------------------------------------------------------------
                                  8.20   data required time
                                 -1.34   data arrival time
-----------------------------------------------------------------------------
                                  6.86   slack (MET)


Startpoint: _249_ (rising edge-triggered flip-flop clocked by clk)
Endpoint: pwr_gate_en (output port clocked by clk)
Path Group: clk
Path Type: max

Fanout     Cap    Slew   Delay    Time   Description
-----------------------------------------------------------------------------
                          0.00    0.00   clock clk (rise edge)
                          0.50    0.50   clock source latency
     1    0.01    0.05    0.03    0.53 ^ clk (in)
                                         clk (net)
                  0.05    0.00    0.53 ^ clkbuf_0_clk/A (sky130_fd_sc_hd__clkbuf_16)
     2    0.02    0.04    0.13    0.66 ^ clkbuf_0_clk/X (sky130_fd_sc_hd__clkbuf_16)
                                         clknet_0_clk (net)
                  0.04    0.00    0.66 ^ clkbuf_1_0__f_clk/A (sky130_fd_sc_hd__clkbuf_16)
    16    0.04    0.06    0.14    0.80 ^ clkbuf_1_0__f_clk/X (sky130_fd_sc_hd__clkbuf_16)
                                         clknet_1_0__leaf_clk (net)
                  0.06    0.00    0.80 ^ _249_/CLK (sky130_fd_sc_hd__dfrtp_1)
     1    0.00    0.04    0.35    1.15 v _249_/Q (sky130_fd_sc_hd__dfrtp_1)
                                         net11 (net)
                  0.04    0.00    1.15 v output11/A (sky130_fd_sc_hd__buf_4)
     1    0.05    0.08    0.18    1.33 v output11/X (sky130_fd_sc_hd__buf_4)
                                         pwr_gate_en (net)
                  0.08    0.00    1.34 v pwr_gate_en (out)
                                  1.34   data arrival time

                         10.00   10.00   clock clk (rise edge)
                          0.50   10.50   clock network delay (propagated)
                         -0.30   10.20   clock uncertainty
                          0.00   10.20   clock reconvergence pessimism
                         -2.00    8.20   output external delay
                                  8.20   data required time
-----------------------------------------------------------------------------
                                  8.20   data required time
                                 -1.34   data arrival time
-----------------------------------------------------------------------------
                                  6.86   slack (MET)


Startpoint: _254_ (rising edge-triggered flip-flop clocked by clk)
Endpoint: pwr_state[0] (output port clocked by clk)
Path Group: clk
Path Type: max

Fanout     Cap    Slew   Delay    Time   Description
-----------------------------------------------------------------------------
                          0.00    0.00   clock clk (rise edge)
                          0.50    0.50   clock source latency
     1    0.01    0.05    0.03    0.53 ^ clk (in)
                                         clk (net)
                  0.05    0.00    0.53 ^ clkbuf_0_clk/A (sky130_fd_sc_hd__clkbuf_16)
     2    0.02    0.04    0.13    0.66 ^ clkbuf_0_clk/X (sky130_fd_sc_hd__clkbuf_16)
                                         clknet_0_clk (net)
                  0.04    0.00    0.66 ^ clkbuf_1_1__f_clk/A (sky130_fd_sc_hd__clkbuf_16)
    13    0.04    0.06    0.14    0.80 ^ clkbuf_1_1__f_clk/X (sky130_fd_sc_hd__clkbuf_16)
                                         clknet_1_1__leaf_clk (net)
                  0.06    0.00    0.80 ^ _254_/CLK (sky130_fd_sc_hd__dfrtp_1)
     1    0.00    0.04    0.35    1.15 v _254_/Q (sky130_fd_sc_hd__dfrtp_1)
                                         net12 (net)
                  0.04    0.00    1.15 v output12/A (sky130_fd_sc_hd__clkbuf_2)
     1    0.02    0.08    0.15    1.30 v output12/X (sky130_fd_sc_hd__clkbuf_2)
                                         pwr_state[0] (net)
                  0.08    0.00    1.30 v pwr_state[0] (out)
                                  1.30   data arrival time

                         10.00   10.00   clock clk (rise edge)
                          0.50   10.50   clock network delay (propagated)
                         -0.30   10.20   clock uncertainty
                          0.00   10.20   clock reconvergence pessimism
                         -2.00    8.20   output external delay
                                  8.20   data required time
-----------------------------------------------------------------------------
                                  8.20   data required time
                                 -1.30   data arrival time
-----------------------------------------------------------------------------
                                  6.90   slack (MET)


Startpoint: _255_ (rising edge-triggered flip-flop clocked by clk)
Endpoint: pwr_state[1] (output port clocked by clk)
Path Group: clk
Path Type: max

Fanout     Cap    Slew   Delay    Time   Description
-----------------------------------------------------------------------------
                          0.00    0.00   clock clk (rise edge)
                          0.50    0.50   clock source latency
     1    0.01    0.05    0.03    0.53 ^ clk (in)
                                         clk (net)
                  0.05    0.00    0.53 ^ clkbuf_0_clk/A (sky130_fd_sc_hd__clkbuf_16)
     2    0.02    0.04    0.13    0.66 ^ clkbuf_0_clk/X (sky130_fd_sc_hd__clkbuf_16)
                                         clknet_0_clk (net)
                  0.04    0.00    0.66 ^ clkbuf_1_1__f_clk/A (sky130_fd_sc_hd__clkbuf_16)
    13    0.04    0.06    0.14    0.80 ^ clkbuf_1_1__f_clk/X (sky130_fd_sc_hd__clkbuf_16)
                                         clknet_1_1__leaf_clk (net)
                  0.06    0.00    0.80 ^ _255_/CLK (sky130_fd_sc_hd__dfrtp_1)
     1    0.00    0.04    0.35    1.15 v _255_/Q (sky130_fd_sc_hd__dfrtp_1)
                                         net13 (net)
                  0.04    0.00    1.15 v output13/A (sky130_fd_sc_hd__clkbuf_2)
     1    0.02    0.08    0.15    1.30 v output13/X (sky130_fd_sc_hd__clkbuf_2)
                                         pwr_state[1] (net)
                  0.08    0.00    1.30 v pwr_state[1] (out)
                                  1.30   data arrival time

                         10.00   10.00   clock clk (rise edge)
                          0.50   10.50   clock network delay (propagated)
                         -0.30   10.20   clock uncertainty
                          0.00   10.20   clock reconvergence pessimism
                         -2.00    8.20   output external delay
                                  8.20   data required time
-----------------------------------------------------------------------------
                                  8.20   data required time
                                 -1.30   data arrival time
-----------------------------------------------------------------------------
                                  6.90   slack (MET)


Startpoint: wake_up (input port clocked by clk)
Endpoint: _259_ (rising edge-triggered flip-flop clocked by clk)
Path Group: clk
Path Type: max

Fanout     Cap    Slew   Delay    Time   Description
-----------------------------------------------------------------------------
                          0.00    0.00   clock clk (rise edge)
                          0.50    0.50   clock network delay (propagated)
                          2.00    2.50 v input external delay
     1    0.00    0.02    0.01    2.51 v wake_up (in)
                                         wake_up (net)
                  0.02    0.00    2.51 v input7/A (sky130_fd_sc_hd__clkbuf_1)
     1    0.00    0.03    0.08    2.59 v input7/X (sky130_fd_sc_hd__clkbuf_1)
                                         net7 (net)
                  0.03    0.00    2.59 v _259_/D (sky130_fd_sc_hd__dfrtp_1)
                                  2.59   data arrival time

                         10.00   10.00   clock clk (rise edge)
                          0.50   10.50   clock source latency
     1    0.01    0.05    0.03   10.53 ^ clk (in)
                                         clk (net)
                  0.05    0.00   10.53 ^ clkbuf_0_clk/A (sky130_fd_sc_hd__clkbuf_16)
     2    0.02    0.04    0.13   10.66 ^ clkbuf_0_clk/X (sky130_fd_sc_hd__clkbuf_16)
                                         clknet_0_clk (net)
                  0.04    0.00   10.66 ^ clkbuf_1_0__f_clk/A (sky130_fd_sc_hd__clkbuf_16)
    16    0.04    0.06    0.14   10.80 ^ clkbuf_1_0__f_clk/X (sky130_fd_sc_hd__clkbuf_16)
                                         clknet_1_0__leaf_clk (net)
                  0.06    0.00   10.80 ^ _259_/CLK (sky130_fd_sc_hd__dfrtp_1)
                         -0.30   10.50   clock uncertainty
                          0.00   10.50   clock reconvergence pessimism
                         -0.10   10.39   library setup time
                                 10.39   data required time
-----------------------------------------------------------------------------
                                 10.39   data required time
                                 -2.59   data arrival time
-----------------------------------------------------------------------------
                                  7.81   slack (MET)


Startpoint: req_sleep (input port clocked by clk)
Endpoint: _261_ (rising edge-triggered flip-flop clocked by clk)
Path Group: clk
Path Type: max

Fanout     Cap    Slew   Delay    Time   Description
-----------------------------------------------------------------------------
                          0.00    0.00   clock clk (rise edge)
                          0.50    0.50   clock network delay (propagated)
                          2.00    2.50 v input external delay
     1    0.00    0.02    0.01    2.51 v req_sleep (in)
                                         req_sleep (net)
                  0.02    0.00    2.51 v input5/A (sky130_fd_sc_hd__clkbuf_1)
     1    0.00    0.03    0.08    2.58 v input5/X (sky130_fd_sc_hd__clkbuf_1)
                                         net5 (net)
                  0.03    0.00    2.58 v _261_/D (sky130_fd_sc_hd__dfrtp_1)
                                  2.58   data arrival time

                         10.00   10.00   clock clk (rise edge)
                          0.50   10.50   clock source latency
     1    0.01    0.05    0.03   10.53 ^ clk (in)
                                         clk (net)
                  0.05    0.00   10.53 ^ clkbuf_0_clk/A (sky130_fd_sc_hd__clkbuf_16)
     2    0.02    0.04    0.13   10.66 ^ clkbuf_0_clk/X (sky130_fd_sc_hd__clkbuf_16)
                                         clknet_0_clk (net)
                  0.04    0.00   10.66 ^ clkbuf_1_0__f_clk/A (sky130_fd_sc_hd__clkbuf_16)
    16    0.04    0.06    0.14   10.80 ^ clkbuf_1_0__f_clk/X (sky130_fd_sc_hd__clkbuf_16)
                                         clknet_1_0__leaf_clk (net)
                  0.06    0.00   10.80 ^ _261_/CLK (sky130_fd_sc_hd__dfrtp_1)
                         -0.30   10.50   clock uncertainty
                          0.00   10.50   clock reconvergence pessimism
                         -0.10   10.39   library setup time
                                 10.39   data required time
-----------------------------------------------------------------------------
                                 10.39   data required time
                                 -2.58   data arrival time
-----------------------------------------------------------------------------
                                  7.81   slack (MET)


Startpoint: req_off (input port clocked by clk)
Endpoint: _260_ (rising edge-triggered flip-flop clocked by clk)
Path Group: clk
Path Type: max

Fanout     Cap    Slew   Delay    Time   Description
-----------------------------------------------------------------------------
                          0.00    0.00   clock clk (rise edge)
                          0.50    0.50   clock network delay (propagated)
                          2.00    2.50 v input external delay
     1    0.00    0.02    0.01    2.51 v req_off (in)
                                         req_off (net)
                  0.02    0.00    2.51 v input4/A (sky130_fd_sc_hd__clkbuf_1)
     1    0.00    0.02    0.07    2.58 v input4/X (sky130_fd_sc_hd__clkbuf_1)
                                         net4 (net)
                  0.02    0.00    2.58 v _260_/D (sky130_fd_sc_hd__dfrtp_1)
                                  2.58   data arrival time

                         10.00   10.00   clock clk (rise edge)
                          0.50   10.50   clock source latency
     1    0.01    0.05    0.03   10.53 ^ clk (in)
                                         clk (net)
                  0.05    0.00   10.53 ^ clkbuf_0_clk/A (sky130_fd_sc_hd__clkbuf_16)
     2    0.02    0.04    0.13   10.66 ^ clkbuf_0_clk/X (sky130_fd_sc_hd__clkbuf_16)
                                         clknet_0_clk (net)
                  0.04    0.00   10.66 ^ clkbuf_1_0__f_clk/A (sky130_fd_sc_hd__clkbuf_16)
    16    0.04    0.06    0.14   10.80 ^ clkbuf_1_0__f_clk/X (sky130_fd_sc_hd__clkbuf_16)
                                         clknet_1_0__leaf_clk (net)
                  0.06    0.00   10.80 ^ _260_/CLK (sky130_fd_sc_hd__dfrtp_1)
                         -0.30   10.50   clock uncertainty
                          0.00   10.50   clock reconvergence pessimism
                         -0.10   10.39   library setup time
                                 10.39   data required time
-----------------------------------------------------------------------------
                                 10.39   data required time
                                 -2.58   data arrival time
-----------------------------------------------------------------------------
                                  7.81   slack (MET)


Startpoint: req_idle (input port clocked by clk)
Endpoint: _262_ (rising edge-triggered flip-flop clocked by clk)
Path Group: clk
Path Type: max

Fanout     Cap    Slew   Delay    Time   Description
-----------------------------------------------------------------------------
                          0.00    0.00   clock clk (rise edge)
                          0.50    0.50   clock network delay (propagated)
                          2.00    2.50 v input external delay
     1    0.00    0.02    0.01    2.51 v req_idle (in)
                                         req_idle (net)
                  0.02    0.00    2.51 v input3/A (sky130_fd_sc_hd__clkbuf_1)
     1    0.00    0.02    0.07    2.58 v input3/X (sky130_fd_sc_hd__clkbuf_1)
                                         net3 (net)
                  0.02    0.00    2.58 v _262_/D (sky130_fd_sc_hd__dfrtp_1)
                                  2.58   data arrival time

                         10.00   10.00   clock clk (rise edge)
                          0.50   10.50   clock source latency
     1    0.01    0.05    0.03   10.53 ^ clk (in)
                                         clk (net)
                  0.05    0.00   10.53 ^ clkbuf_0_clk/A (sky130_fd_sc_hd__clkbuf_16)
     2    0.02    0.04    0.13   10.66 ^ clkbuf_0_clk/X (sky130_fd_sc_hd__clkbuf_16)
                                         clknet_0_clk (net)
                  0.04    0.00   10.66 ^ clkbuf_1_0__f_clk/A (sky130_fd_sc_hd__clkbuf_16)
    16    0.04    0.06    0.14   10.80 ^ clkbuf_1_0__f_clk/X (sky130_fd_sc_hd__clkbuf_16)
                                         clknet_1_0__leaf_clk (net)
                  0.06    0.00   10.80 ^ _262_/CLK (sky130_fd_sc_hd__dfrtp_1)
                         -0.30   10.50   clock uncertainty
                          0.00   10.50   clock reconvergence pessimism
                         -0.10   10.40   library setup time
                                 10.40   data required time
-----------------------------------------------------------------------------
                                 10.40   data required time
                                 -2.58   data arrival time
-----------------------------------------------------------------------------
                                  7.81   slack (MET)


Startpoint: _258_ (rising edge-triggered flip-flop clocked by clk)
Endpoint: _255_ (rising edge-triggered flip-flop clocked by clk)
Path Group: clk
Path Type: max

Fanout     Cap    Slew   Delay    Time   Description
-----------------------------------------------------------------------------
                          0.00    0.00   clock clk (rise edge)
                          0.50    0.50   clock source latency
     1    0.01    0.05    0.03    0.53 ^ clk (in)
                                         clk (net)
                  0.05    0.00    0.53 ^ clkbuf_0_clk/A (sky130_fd_sc_hd__clkbuf_16)
     2    0.02    0.04    0.13    0.66 ^ clkbuf_0_clk/X (sky130_fd_sc_hd__clkbuf_16)
                                         clknet_0_clk (net)
                  0.04    0.00    0.66 ^ clkbuf_1_0__f_clk/A (sky130_fd_sc_hd__clkbuf_16)
    16    0.04    0.06    0.14    0.80 ^ clkbuf_1_0__f_clk/X (sky130_fd_sc_hd__clkbuf_16)
                                         clknet_1_0__leaf_clk (net)
                  0.06    0.00    0.80 ^ _258_/CLK (sky130_fd_sc_hd__dfrtp_4)
     8    0.03    0.10    0.53    1.32 v _258_/Q (sky130_fd_sc_hd__dfrtp_4)
                                         curr_state[2] (net)
                  0.10    0.00    1.32 v _124_/A (sky130_fd_sc_hd__inv_6)
     6    0.02    0.05    0.08    1.41 ^ _124_/Y (sky130_fd_sc_hd__inv_6)
                                         _064_ (net)
                  0.05    0.00    1.41 ^ _125_/B (sky130_fd_sc_hd__nor2_1)
     3    0.01    0.05    0.05    1.46 v _125_/Y (sky130_fd_sc_hd__nor2_1)
                                         _065_ (net)
                  0.05    0.00    1.46 v _170_/A (sky130_fd_sc_hd__and2_1)
     3    0.01    0.06    0.16    1.62 v _170_/X (sky130_fd_sc_hd__and2_1)
                                         _107_ (net)
                  0.06    0.00    1.62 v _193_/B (sky130_fd_sc_hd__nor2_1)
     2    0.00    0.10    0.10    1.72 ^ _193_/Y (sky130_fd_sc_hd__nor2_1)
                                         _024_ (net)
                  0.10    0.00    1.72 ^ _194_/C_N (sky130_fd_sc_hd__or3b_1)
     1    0.00    0.08    0.36    2.09 v _194_/X (sky130_fd_sc_hd__or3b_1)
                                         _025_ (net)
                  0.08    0.00    2.09 v _195_/A (sky130_fd_sc_hd__clkbuf_1)
     1    0.00    0.02    0.10    2.19 v _195_/X (sky130_fd_sc_hd__clkbuf_1)
                                         _113_ (net)
                  0.02    0.00    2.19 v _255_/D (sky130_fd_sc_hd__dfrtp_1)
                                  2.19   data arrival time

                         10.00   10.00   clock clk (rise edge)
                          0.50   10.50   clock source latency
     1    0.01    0.05    0.03   10.53 ^ clk (in)
                                         clk (net)
                  0.05    0.00   10.53 ^ clkbuf_0_clk/A (sky130_fd_sc_hd__clkbuf_16)
     2    0.02    0.04    0.13   10.66 ^ clkbuf_0_clk/X (sky130_fd_sc_hd__clkbuf_16)
                                         clknet_0_clk (net)
                  0.04    0.00   10.66 ^ clkbuf_1_1__f_clk/A (sky130_fd_sc_hd__clkbuf_16)
    13    0.04    0.06    0.14   10.80 ^ clkbuf_1_1__f_clk/X (sky130_fd_sc_hd__clkbuf_16)
                                         clknet_1_1__leaf_clk (net)
                  0.06    0.00   10.80 ^ _255_/CLK (sky130_fd_sc_hd__dfrtp_1)
                         -0.30   10.50   clock uncertainty
                          0.00   10.50   clock reconvergence pessimism
                         -0.10   10.39   library setup time
                                 10.39   data required time
-----------------------------------------------------------------------------
                                 10.39   data required time
                                 -2.19   data arrival time
-----------------------------------------------------------------------------
                                  8.21   slack (MET)


Startpoint: _246_ (rising edge-triggered flip-flop clocked by clk)
Endpoint: _250_ (rising edge-triggered flip-flop clocked by clk)
Path Group: clk
Path Type: max

Fanout     Cap    Slew   Delay    Time   Description
-----------------------------------------------------------------------------
                          0.00    0.00   clock clk (rise edge)
                          0.50    0.50   clock source latency
     1    0.01    0.05    0.03    0.53 ^ clk (in)
                                         clk (net)
                  0.05    0.00    0.53 ^ clkbuf_0_clk/A (sky130_fd_sc_hd__clkbuf_16)
     2    0.02    0.04    0.13    0.66 ^ clkbuf_0_clk/X (sky130_fd_sc_hd__clkbuf_16)
                                         clknet_0_clk (net)
                  0.04    0.00    0.66 ^ clkbuf_1_1__f_clk/A (sky130_fd_sc_hd__clkbuf_16)
    13    0.04    0.06    0.14    0.80 ^ clkbuf_1_1__f_clk/X (sky130_fd_sc_hd__clkbuf_16)
                                         clknet_1_1__leaf_clk (net)
                  0.06    0.00    0.80 ^ _246_/CLK (sky130_fd_sc_hd__dfrtp_1)
     3    0.01    0.06    0.38    1.18 v _246_/Q (sky130_fd_sc_hd__dfrtp_1)
                                         seq_timer[6] (net)
                  0.06    0.00    1.18 v _121_/A (sky130_fd_sc_hd__nor2_1)
     2    0.01    0.13    0.14    1.32 ^ _121_/Y (sky130_fd_sc_hd__nor2_1)
                                         _061_ (net)
                  0.13    0.00    1.32 ^ _134_/B (sky130_fd_sc_hd__nand3_1)
     2    0.00    0.07    0.10    1.42 v _134_/Y (sky130_fd_sc_hd__nand3_1)
                                         _074_ (net)
                  0.07    0.00    1.42 v _135_/C (sky130_fd_sc_hd__or3_1)
     1    0.01    0.08    0.33    1.75 v _135_/X (sky130_fd_sc_hd__or3_1)
                                         _075_ (net)
                  0.08    0.00    1.75 v _136_/A (sky130_fd_sc_hd__inv_2)
     3    0.01    0.05    0.07    1.82 ^ _136_/Y (sky130_fd_sc_hd__inv_2)
                                         _076_ (net)
                  0.05    0.00    1.82 ^ _197_/A2 (sky130_fd_sc_hd__o21ai_1)
     1    0.00    0.05    0.06    1.88 v _197_/Y (sky130_fd_sc_hd__o21ai_1)
                                         _116_ (net)
                  0.05    0.00    1.88 v _250_/D (sky130_fd_sc_hd__dfrtp_1)
                                  1.88   data arrival time

                         10.00   10.00   clock clk (rise edge)
                          0.50   10.50   clock source latency
     1    0.01    0.05    0.03   10.53 ^ clk (in)
                                         clk (net)
                  0.05    0.00   10.53 ^ clkbuf_0_clk/A (sky130_fd_sc_hd__clkbuf_16)
     2    0.02    0.04    0.13   10.66 ^ clkbuf_0_clk/X (sky130_fd_sc_hd__clkbuf_16)
                                         clknet_0_clk (net)
                  0.04    0.00   10.66 ^ clkbuf_1_0__f_clk/A (sky130_fd_sc_hd__clkbuf_16)
    16    0.04    0.06    0.14   10.80 ^ clkbuf_1_0__f_clk/X (sky130_fd_sc_hd__clkbuf_16)
                                         clknet_1_0__leaf_clk (net)
                  0.06    0.00   10.80 ^ _250_/CLK (sky130_fd_sc_hd__dfrtp_1)
                         -0.30   10.50   clock uncertainty
                          0.00   10.50   clock reconvergence pessimism
                         -0.11   10.38   library setup time
                                 10.38   data required time
-----------------------------------------------------------------------------
                                 10.38   data required time
                                 -1.88   data arrival time
-----------------------------------------------------------------------------
                                  8.50   slack (MET)


Startpoint: _246_ (rising edge-triggered flip-flop clocked by clk)
Endpoint: _253_ (rising edge-triggered flip-flop clocked by clk)
Path Group: clk
Path Type: max

Fanout     Cap    Slew   Delay    Time   Description
-----------------------------------------------------------------------------
                          0.00    0.00   clock clk (rise edge)
                          0.50    0.50   clock source latency
     1    0.01    0.05    0.03    0.53 ^ clk (in)
                                         clk (net)
                  0.05    0.00    0.53 ^ clkbuf_0_clk/A (sky130_fd_sc_hd__clkbuf_16)
     2    0.02    0.04    0.13    0.66 ^ clkbuf_0_clk/X (sky130_fd_sc_hd__clkbuf_16)
                                         clknet_0_clk (net)
                  0.04    0.00    0.66 ^ clkbuf_1_1__f_clk/A (sky130_fd_sc_hd__clkbuf_16)
    13    0.04    0.06    0.14    0.80 ^ clkbuf_1_1__f_clk/X (sky130_fd_sc_hd__clkbuf_16)
                                         clknet_1_1__leaf_clk (net)
                  0.06    0.00    0.80 ^ _246_/CLK (sky130_fd_sc_hd__dfrtp_1)
     3    0.01    0.06    0.38    1.18 v _246_/Q (sky130_fd_sc_hd__dfrtp_1)
                                         seq_timer[6] (net)
                  0.06    0.00    1.18 v _121_/A (sky130_fd_sc_hd__nor2_1)
     2    0.01    0.13    0.14    1.32 ^ _121_/Y (sky130_fd_sc_hd__nor2_1)
                                         _061_ (net)
                  0.13    0.00    1.32 ^ _134_/B (sky130_fd_sc_hd__nand3_1)
     2    0.00    0.07    0.10    1.42 v _134_/Y (sky130_fd_sc_hd__nand3_1)
                                         _074_ (net)
                  0.07    0.00    1.42 v _135_/C (sky130_fd_sc_hd__or3_1)
     1    0.01    0.08    0.33    1.75 v _135_/X (sky130_fd_sc_hd__or3_1)
                                         _075_ (net)
                  0.08    0.00    1.75 v _136_/A (sky130_fd_sc_hd__inv_2)
     3    0.01    0.05    0.07    1.82 ^ _136_/Y (sky130_fd_sc_hd__inv_2)
                                         _076_ (net)
                  0.05    0.00    1.82 ^ _196_/A1 (sky130_fd_sc_hd__a21o_1)
     1    0.00    0.03    0.10    1.92 ^ _196_/X (sky130_fd_sc_hd__a21o_1)
                                         _115_ (net)
                  0.03    0.00    1.92 ^ _253_/D (sky130_fd_sc_hd__dfrtp_1)
                                  1.92   data arrival time

                         10.00   10.00   clock clk (rise edge)
                          0.50   10.50   clock source latency
     1    0.01    0.05    0.03   10.53 ^ clk (in)
                                         clk (net)
                  0.05    0.00   10.53 ^ clkbuf_0_clk/A (sky130_fd_sc_hd__clkbuf_16)
     2    0.02    0.04    0.13   10.66 ^ clkbuf_0_clk/X (sky130_fd_sc_hd__clkbuf_16)
                                         clknet_0_clk (net)
                  0.04    0.00   10.66 ^ clkbuf_1_1__f_clk/A (sky130_fd_sc_hd__clkbuf_16)
    13    0.04    0.06    0.14   10.80 ^ clkbuf_1_1__f_clk/X (sky130_fd_sc_hd__clkbuf_16)
                                         clknet_1_1__leaf_clk (net)
                  0.06    0.00   10.80 ^ _253_/CLK (sky130_fd_sc_hd__dfrtp_1)
                         -0.30   10.50   clock uncertainty
                          0.00   10.50   clock reconvergence pessimism
                         -0.06   10.44   library setup time
                                 10.44   data required time
-----------------------------------------------------------------------------
                                 10.44   data required time
                                 -1.92   data arrival time
-----------------------------------------------------------------------------
                                  8.52   slack (MET)


Startpoint: _246_ (rising edge-triggered flip-flop clocked by clk)
Endpoint: _252_ (rising edge-triggered flip-flop clocked by clk)
Path Group: clk
Path Type: max

Fanout     Cap    Slew   Delay    Time   Description
-----------------------------------------------------------------------------
                          0.00    0.00   clock clk (rise edge)
                          0.50    0.50   clock source latency
     1    0.01    0.05    0.03    0.53 ^ clk (in)
                                         clk (net)
                  0.05    0.00    0.53 ^ clkbuf_0_clk/A (sky130_fd_sc_hd__clkbuf_16)
     2    0.02    0.04    0.13    0.66 ^ clkbuf_0_clk/X (sky130_fd_sc_hd__clkbuf_16)
                                         clknet_0_clk (net)
                  0.04    0.00    0.66 ^ clkbuf_1_1__f_clk/A (sky130_fd_sc_hd__clkbuf_16)
    13    0.04    0.06    0.14    0.80 ^ clkbuf_1_1__f_clk/X (sky130_fd_sc_hd__clkbuf_16)
                                         clknet_1_1__leaf_clk (net)
                  0.06    0.00    0.80 ^ _246_/CLK (sky130_fd_sc_hd__dfrtp_1)
     3    0.01    0.06    0.38    1.18 v _246_/Q (sky130_fd_sc_hd__dfrtp_1)
                                         seq_timer[6] (net)
                  0.06    0.00    1.18 v _121_/A (sky130_fd_sc_hd__nor2_1)
     2    0.01    0.13    0.14    1.32 ^ _121_/Y (sky130_fd_sc_hd__nor2_1)
                                         _061_ (net)
                  0.13    0.00    1.32 ^ _134_/B (sky130_fd_sc_hd__nand3_1)
     2    0.00    0.07    0.10    1.42 v _134_/Y (sky130_fd_sc_hd__nand3_1)
                                         _074_ (net)
                  0.07    0.00    1.42 v _135_/C (sky130_fd_sc_hd__or3_1)
     1    0.01    0.08    0.33    1.75 v _135_/X (sky130_fd_sc_hd__or3_1)
                                         _075_ (net)
                  0.08    0.00    1.75 v _136_/A (sky130_fd_sc_hd__inv_2)
     3    0.01    0.05    0.07    1.82 ^ _136_/Y (sky130_fd_sc_hd__inv_2)
                                         _076_ (net)
                  0.05    0.00    1.82 ^ _137_/B (sky130_fd_sc_hd__nor2_1)
     1    0.00    0.03    0.04    1.86 v _137_/Y (sky130_fd_sc_hd__nor2_1)
                                         _114_ (net)
                  0.03    0.00    1.86 v _252_/D (sky130_fd_sc_hd__dfrtp_1)
                                  1.86   data arrival time

                         10.00   10.00   clock clk (rise edge)
                          0.50   10.50   clock source latency
     1    0.01    0.05    0.03   10.53 ^ clk (in)
                                         clk (net)
                  0.05    0.00   10.53 ^ clkbuf_0_clk/A (sky130_fd_sc_hd__clkbuf_16)
     2    0.02    0.04    0.13   10.66 ^ clkbuf_0_clk/X (sky130_fd_sc_hd__clkbuf_16)
                                         clknet_0_clk (net)
                  0.04    0.00   10.66 ^ clkbuf_1_0__f_clk/A (sky130_fd_sc_hd__clkbuf_16)
    16    0.04    0.06    0.14   10.80 ^ clkbuf_1_0__f_clk/X (sky130_fd_sc_hd__clkbuf_16)
                                         clknet_1_0__leaf_clk (net)
                  0.06    0.00   10.80 ^ _252_/CLK (sky130_fd_sc_hd__dfrtp_1)
                         -0.30   10.50   clock uncertainty
                          0.00   10.50   clock reconvergence pessimism
                         -0.10   10.39   library setup time
                                 10.39   data required time
-----------------------------------------------------------------------------
                                 10.39   data required time
                                 -1.86   data arrival time
-----------------------------------------------------------------------------
                                  8.53   slack (MET)


Startpoint: _256_ (rising edge-triggered flip-flop clocked by clk)
Endpoint: _256_ (rising edge-triggered flip-flop clocked by clk)
Path Group: clk
Path Type: max

Fanout     Cap    Slew   Delay    Time   Description
-----------------------------------------------------------------------------
                          0.00    0.00   clock clk (rise edge)
                          0.50    0.50   clock source latency
     1    0.01    0.05    0.03    0.53 ^ clk (in)
                                         clk (net)
                  0.05    0.00    0.53 ^ clkbuf_0_clk/A (sky130_fd_sc_hd__clkbuf_16)
     2    0.02    0.04    0.13    0.66 ^ clkbuf_0_clk/X (sky130_fd_sc_hd__clkbuf_16)
                                         clknet_0_clk (net)
                  0.04    0.00    0.66 ^ clkbuf_1_0__f_clk/A (sky130_fd_sc_hd__clkbuf_16)
    16    0.04    0.06    0.14    0.80 ^ clkbuf_1_0__f_clk/X (sky130_fd_sc_hd__clkbuf_16)
                                         clknet_1_0__leaf_clk (net)
                  0.06    0.00    0.80 ^ _256_/CLK (sky130_fd_sc_hd__dfrtp_4)
     8    0.02    0.08    0.51    1.31 v _256_/Q (sky130_fd_sc_hd__dfrtp_4)
                                         curr_state[0] (net)
                  0.08    0.00    1.31 v _138_/A (sky130_fd_sc_hd__nand2_1)
     3    0.01    0.12    0.13    1.43 ^ _138_/Y (sky130_fd_sc_hd__nand2_1)
                                         _077_ (net)
                  0.12    0.00    1.43 ^ _142_/B1 (sky130_fd_sc_hd__o21a_1)
     1    0.00    0.04    0.13    1.56 ^ _142_/X (sky130_fd_sc_hd__o21a_1)
                                         _080_ (net)
                  0.04    0.00    1.56 ^ _149_/A (sky130_fd_sc_hd__nand2_1)
     1    0.00    0.03    0.04    1.60 v _149_/Y (sky130_fd_sc_hd__nand2_1)
                                         _087_ (net)
                  0.03    0.00    1.60 v _151_/A (sky130_fd_sc_hd__nand2_1)
     1    0.00    0.05    0.05    1.65 ^ _151_/Y (sky130_fd_sc_hd__nand2_1)
                                         _089_ (net)
                  0.05    0.00    1.65 ^ _154_/A (sky130_fd_sc_hd__nand2_1)
     2    0.00    0.05    0.06    1.71 v _154_/Y (sky130_fd_sc_hd__nand2_1)
                                         _092_ (net)
                  0.05    0.00    1.71 v _156_/A (sky130_fd_sc_hd__nand2_1)
     2    0.01    0.08    0.09    1.80 ^ _156_/Y (sky130_fd_sc_hd__nand2_1)
                                         _094_ (net)
                  0.08    0.00    1.80 ^ _157_/A (sky130_fd_sc_hd__inv_2)
     1    0.00    0.02    0.03    1.83 v _157_/Y (sky130_fd_sc_hd__inv_2)
                                         next_state[0] (net)
                  0.02    0.00    1.83 v _256_/D (sky130_fd_sc_hd__dfrtp_4)
                                  1.83   data arrival time

                         10.00   10.00   clock clk (rise edge)
                          0.50   10.50   clock source latency
     1    0.01    0.05    0.03   10.53 ^ clk (in)
                                         clk (net)
                  0.05    0.00   10.53 ^ clkbuf_0_clk/A (sky130_fd_sc_hd__clkbuf_16)
     2    0.02    0.04    0.13   10.66 ^ clkbuf_0_clk/X (sky130_fd_sc_hd__clkbuf_16)
                                         clknet_0_clk (net)
                  0.04    0.00   10.66 ^ clkbuf_1_0__f_clk/A (sky130_fd_sc_hd__clkbuf_16)
    16    0.04    0.06    0.14   10.80 ^ clkbuf_1_0__f_clk/X (sky130_fd_sc_hd__clkbuf_16)
                                         clknet_1_0__leaf_clk (net)
                  0.06    0.00   10.80 ^ _256_/CLK (sky130_fd_sc_hd__dfrtp_4)
                         -0.30   10.50   clock uncertainty
                          0.00   10.50   clock reconvergence pessimism
                         -0.10   10.40   library setup time
                                 10.40   data required time
-----------------------------------------------------------------------------
                                 10.40   data required time
                                 -1.83   data arrival time
-----------------------------------------------------------------------------
                                  8.57   slack (MET)


Startpoint: _246_ (rising edge-triggered flip-flop clocked by clk)
Endpoint: _251_ (rising edge-triggered flip-flop clocked by clk)
Path Group: clk
Path Type: max

Fanout     Cap    Slew   Delay    Time   Description
-----------------------------------------------------------------------------
                          0.00    0.00   clock clk (rise edge)
                          0.50    0.50   clock source latency
     1    0.01    0.05    0.03    0.53 ^ clk (in)
                                         clk (net)
                  0.05    0.00    0.53 ^ clkbuf_0_clk/A (sky130_fd_sc_hd__clkbuf_16)
     2    0.02    0.04    0.13    0.66 ^ clkbuf_0_clk/X (sky130_fd_sc_hd__clkbuf_16)
                                         clknet_0_clk (net)
                  0.04    0.00    0.66 ^ clkbuf_1_1__f_clk/A (sky130_fd_sc_hd__clkbuf_16)
    13    0.04    0.06    0.14    0.80 ^ clkbuf_1_1__f_clk/X (sky130_fd_sc_hd__clkbuf_16)
                                         clknet_1_1__leaf_clk (net)
                  0.06    0.00    0.80 ^ _246_/CLK (sky130_fd_sc_hd__dfrtp_1)
     3    0.01    0.06    0.38    1.18 v _246_/Q (sky130_fd_sc_hd__dfrtp_1)
                                         seq_timer[6] (net)
                  0.06    0.00    1.18 v _121_/A (sky130_fd_sc_hd__nor2_1)
     2    0.01    0.13    0.14    1.32 ^ _121_/Y (sky130_fd_sc_hd__nor2_1)
                                         _061_ (net)
                  0.13    0.00    1.32 ^ _122_/B (sky130_fd_sc_hd__nand2_1)
     3    0.01    0.07    0.10    1.42 v _122_/Y (sky130_fd_sc_hd__nand2_1)
                                         _062_ (net)
                  0.07    0.00    1.42 v _123_/B (sky130_fd_sc_hd__nor2_1)
     3    0.01    0.19    0.18    1.59 ^ _123_/Y (sky130_fd_sc_hd__nor2_1)
                                         _063_ (net)
                  0.19    0.00    1.59 ^ _198_/C1 (sky130_fd_sc_hd__o211a_1)
     1    0.00    0.05    0.18    1.77 ^ _198_/X (sky130_fd_sc_hd__o211a_1)
                                         _003_ (net)
                  0.05    0.00    1.77 ^ _251_/D (sky130_fd_sc_hd__dfrtp_1)
                                  1.77   data arrival time

                         10.00   10.00   clock clk (rise edge)
                          0.50   10.50   clock source latency
     1    0.01    0.05    0.03   10.53 ^ clk (in)
                                         clk (net)
                  0.05    0.00   10.53 ^ clkbuf_0_clk/A (sky130_fd_sc_hd__clkbuf_16)
     2    0.02    0.04    0.13   10.66 ^ clkbuf_0_clk/X (sky130_fd_sc_hd__clkbuf_16)
                                         clknet_0_clk (net)
                  0.04    0.00   10.66 ^ clkbuf_1_0__f_clk/A (sky130_fd_sc_hd__clkbuf_16)
    16    0.04    0.06    0.14   10.80 ^ clkbuf_1_0__f_clk/X (sky130_fd_sc_hd__clkbuf_16)
                                         clknet_1_0__leaf_clk (net)
                  0.06    0.00   10.80 ^ _251_/CLK (sky130_fd_sc_hd__dfrtp_1)
                         -0.30   10.50   clock uncertainty
                          0.00   10.50   clock reconvergence pessimism
                         -0.06   10.44   library setup time
                                 10.44   data required time
-----------------------------------------------------------------------------
                                 10.44   data required time
                                 -1.77   data arrival time
-----------------------------------------------------------------------------
                                  8.67   slack (MET)


Startpoint: _258_ (rising edge-triggered flip-flop clocked by clk)
Endpoint: _239_ (rising edge-triggered flip-flop clocked by clk)
Path Group: clk
Path Type: max

Fanout     Cap    Slew   Delay    Time   Description
-----------------------------------------------------------------------------
                          0.00    0.00   clock clk (rise edge)
                          0.50    0.50   clock source latency
     1    0.01    0.05    0.03    0.53 ^ clk (in)
                                         clk (net)
                  0.05    0.00    0.53 ^ clkbuf_0_clk/A (sky130_fd_sc_hd__clkbuf_16)
     2    0.02    0.04    0.13    0.66 ^ clkbuf_0_clk/X (sky130_fd_sc_hd__clkbuf_16)
                                         clknet_0_clk (net)
                  0.04    0.00    0.66 ^ clkbuf_1_0__f_clk/A (sky130_fd_sc_hd__clkbuf_16)
    16    0.04    0.06    0.14    0.80 ^ clkbuf_1_0__f_clk/X (sky130_fd_sc_hd__clkbuf_16)
                                         clknet_1_0__leaf_clk (net)
                  0.06    0.00    0.80 ^ _258_/CLK (sky130_fd_sc_hd__dfrtp_4)
     8    0.03    0.10    0.53    1.32 v _258_/Q (sky130_fd_sc_hd__dfrtp_4)
                                         curr_state[2] (net)
                  0.10    0.00    1.32 v _124_/A (sky130_fd_sc_hd__inv_6)
     6    0.02    0.05    0.08    1.41 ^ _124_/Y (sky130_fd_sc_hd__inv_6)
                                         _064_ (net)
                  0.05    0.00    1.41 ^ _180_/A (sky130_fd_sc_hd__nand2_1)
     2    0.01    0.07    0.07    1.48 v _180_/Y (sky130_fd_sc_hd__nand2_1)
                                         _016_ (net)
                  0.07    0.00    1.48 v _189_/B (sky130_fd_sc_hd__nor2_1)
     2    0.01    0.17    0.16    1.64 ^ _189_/Y (sky130_fd_sc_hd__nor2_1)
                                         _022_ (net)
                  0.17    0.00    1.64 ^ _190_/A (sky130_fd_sc_hd__inv_2)
     1    0.00    0.03    0.04    1.68 v _190_/Y (sky130_fd_sc_hd__inv_2)
                                         _001_ (net)
                  0.03    0.00    1.68 v _239_/D (sky130_fd_sc_hd__dfstp_1)
                                  1.68   data arrival time

                         10.00   10.00   clock clk (rise edge)
                          0.50   10.50   clock source latency
     1    0.01    0.05    0.03   10.53 ^ clk (in)
                                         clk (net)
                  0.05    0.00   10.53 ^ clkbuf_0_clk/A (sky130_fd_sc_hd__clkbuf_16)
     2    0.02    0.04    0.13   10.66 ^ clkbuf_0_clk/X (sky130_fd_sc_hd__clkbuf_16)
                                         clknet_0_clk (net)
                  0.04    0.00   10.66 ^ clkbuf_1_1__f_clk/A (sky130_fd_sc_hd__clkbuf_16)
    13    0.04    0.06    0.14   10.80 ^ clkbuf_1_1__f_clk/X (sky130_fd_sc_hd__clkbuf_16)
                                         clknet_1_1__leaf_clk (net)
                  0.06    0.00   10.80 ^ _239_/CLK (sky130_fd_sc_hd__dfstp_1)
                         -0.30   10.50   clock uncertainty
                          0.00   10.50   clock reconvergence pessimism
                         -0.06   10.43   library setup time
                                 10.43   data required time
-----------------------------------------------------------------------------
                                 10.43   data required time
                                 -1.68   data arrival time
-----------------------------------------------------------------------------
                                  8.75   slack (MET)


Startpoint: _257_ (rising edge-triggered flip-flop clocked by clk)
Endpoint: _248_ (rising edge-triggered flip-flop clocked by clk)
Path Group: clk
Path Type: max

Fanout     Cap    Slew   Delay    Time   Description
-----------------------------------------------------------------------------
                          0.00    0.00   clock clk (rise edge)
                          0.50    0.50   clock source latency
     1    0.01    0.05    0.03    0.53 ^ clk (in)
                                         clk (net)
                  0.05    0.00    0.53 ^ clkbuf_0_clk/A (sky130_fd_sc_hd__clkbuf_16)
     2    0.02    0.04    0.13    0.66 ^ clkbuf_0_clk/X (sky130_fd_sc_hd__clkbuf_16)
                                         clknet_0_clk (net)
                  0.04    0.00    0.66 ^ clkbuf_1_0__f_clk/A (sky130_fd_sc_hd__clkbuf_16)
    16    0.04    0.06    0.14    0.80 ^ clkbuf_1_0__f_clk/X (sky130_fd_sc_hd__clkbuf_16)
                                         clknet_1_0__leaf_clk (net)
                  0.06    0.00    0.80 ^ _257_/CLK (sky130_fd_sc_hd__dfrtp_1)
     3    0.01    0.07    0.39    1.19 v _257_/Q (sky130_fd_sc_hd__dfrtp_1)
                                         curr_state[1] (net)
                  0.07    0.00    1.19 v _126_/A (sky130_fd_sc_hd__clkbuf_2)
     8    0.02    0.09    0.17    1.36 v _126_/X (sky130_fd_sc_hd__clkbuf_2)
                                         _066_ (net)
                  0.09    0.00    1.36 v _188_/A2 (sky130_fd_sc_hd__o21a_1)
     1    0.00    0.03    0.18    1.54 v _188_/X (sky130_fd_sc_hd__o21a_1)
                                         _000_ (net)
                  0.03    0.00    1.54 v _248_/D (sky130_fd_sc_hd__dfrtp_1)
                                  1.54   data arrival time

                         10.00   10.00   clock clk (rise edge)
                          0.50   10.50   clock source latency
     1    0.01    0.05    0.03   10.53 ^ clk (in)
                                         clk (net)
                  0.05    0.00   10.53 ^ clkbuf_0_clk/A (sky130_fd_sc_hd__clkbuf_16)
     2    0.02    0.04    0.13   10.66 ^ clkbuf_0_clk/X (sky130_fd_sc_hd__clkbuf_16)
                                         clknet_0_clk (net)
                  0.04    0.00   10.66 ^ clkbuf_1_0__f_clk/A (sky130_fd_sc_hd__clkbuf_16)
    16    0.04    0.06    0.14   10.80 ^ clkbuf_1_0__f_clk/X (sky130_fd_sc_hd__clkbuf_16)
                                         clknet_1_0__leaf_clk (net)
                  0.06    0.00   10.80 ^ _248_/CLK (sky130_fd_sc_hd__dfrtp_1)
                         -0.30   10.50   clock uncertainty
                          0.00   10.50   clock reconvergence pessimism
                         -0.11   10.39   library setup time
                                 10.39   data required time
-----------------------------------------------------------------------------
                                 10.39   data required time
                                 -1.54   data arrival time
-----------------------------------------------------------------------------
                                  8.85   slack (MET)


Startpoint: _257_ (rising edge-triggered flip-flop clocked by clk)
Endpoint: _254_ (rising edge-triggered flip-flop clocked by clk)
Path Group: clk
Path Type: max

Fanout     Cap    Slew   Delay    Time   Description
-----------------------------------------------------------------------------
                          0.00    0.00   clock clk (rise edge)
                          0.50    0.50   clock source latency
     1    0.01    0.05    0.03    0.53 ^ clk (in)
                                         clk (net)
                  0.05    0.00    0.53 ^ clkbuf_0_clk/A (sky130_fd_sc_hd__clkbuf_16)
     2    0.02    0.04    0.13    0.66 ^ clkbuf_0_clk/X (sky130_fd_sc_hd__clkbuf_16)
                                         clknet_0_clk (net)
                  0.04    0.00    0.66 ^ clkbuf_1_0__f_clk/A (sky130_fd_sc_hd__clkbuf_16)
    16    0.04    0.06    0.14    0.80 ^ clkbuf_1_0__f_clk/X (sky130_fd_sc_hd__clkbuf_16)
                                         clknet_1_0__leaf_clk (net)
                  0.06    0.00    0.80 ^ _257_/CLK (sky130_fd_sc_hd__dfrtp_1)
     3    0.01    0.07    0.39    1.19 v _257_/Q (sky130_fd_sc_hd__dfrtp_1)
                                         curr_state[1] (net)
                  0.07    0.00    1.19 v _126_/A (sky130_fd_sc_hd__clkbuf_2)
     8    0.02    0.09    0.17    1.36 v _126_/X (sky130_fd_sc_hd__clkbuf_2)
                                         _066_ (net)
                  0.09    0.00    1.36 v _191_/A2 (sky130_fd_sc_hd__a21oi_1)
     1    0.00    0.14    0.18    1.54 ^ _191_/Y (sky130_fd_sc_hd__a21oi_1)
                                         _112_ (net)
                  0.14    0.00    1.54 ^ _254_/D (sky130_fd_sc_hd__dfrtp_1)
                                  1.54   data arrival time

                         10.00   10.00   clock clk (rise edge)
                          0.50   10.50   clock source latency
     1    0.01    0.05    0.03   10.53 ^ clk (in)
                                         clk (net)
                  0.05    0.00   10.53 ^ clkbuf_0_clk/A (sky130_fd_sc_hd__clkbuf_16)
     2    0.02    0.04    0.13   10.66 ^ clkbuf_0_clk/X (sky130_fd_sc_hd__clkbuf_16)
                                         clknet_0_clk (net)
                  0.04    0.00   10.66 ^ clkbuf_1_1__f_clk/A (sky130_fd_sc_hd__clkbuf_16)
    13    0.04    0.06    0.14   10.80 ^ clkbuf_1_1__f_clk/X (sky130_fd_sc_hd__clkbuf_16)
                                         clknet_1_1__leaf_clk (net)
                  0.06    0.00   10.80 ^ _254_/CLK (sky130_fd_sc_hd__dfrtp_1)
                         -0.30   10.50   clock uncertainty
                          0.00   10.50   clock reconvergence pessimism
                         -0.08   10.42   library setup time
                                 10.42   data required time
-----------------------------------------------------------------------------
                                 10.42   data required time
                                 -1.54   data arrival time
-----------------------------------------------------------------------------
                                  8.88   slack (MET)


Startpoint: _258_ (rising edge-triggered flip-flop clocked by clk)
Endpoint: _249_ (rising edge-triggered flip-flop clocked by clk)
Path Group: clk
Path Type: max

Fanout     Cap    Slew   Delay    Time   Description
-----------------------------------------------------------------------------
                          0.00    0.00   clock clk (rise edge)
                          0.50    0.50   clock source latency
     1    0.01    0.05    0.03    0.53 ^ clk (in)
                                         clk (net)
                  0.05    0.00    0.53 ^ clkbuf_0_clk/A (sky130_fd_sc_hd__clkbuf_16)
     2    0.02    0.04    0.13    0.66 ^ clkbuf_0_clk/X (sky130_fd_sc_hd__clkbuf_16)
                                         clknet_0_clk (net)
                  0.04    0.00    0.66 ^ clkbuf_1_0__f_clk/A (sky130_fd_sc_hd__clkbuf_16)
    16    0.04    0.06    0.14    0.80 ^ clkbuf_1_0__f_clk/X (sky130_fd_sc_hd__clkbuf_16)
                                         clknet_1_0__leaf_clk (net)
                  0.06    0.00    0.80 ^ _258_/CLK (sky130_fd_sc_hd__dfrtp_4)
     8    0.03    0.10    0.53    1.32 v _258_/Q (sky130_fd_sc_hd__dfrtp_4)
                                         curr_state[2] (net)
                  0.10    0.00    1.32 v _183_/A (sky130_fd_sc_hd__nor2_1)
     2    0.01    0.14    0.16    1.49 ^ _183_/Y (sky130_fd_sc_hd__nor2_1)
                                         _002_ (net)
                  0.14    0.00    1.49 ^ _249_/D (sky130_fd_sc_hd__dfrtp_1)
                                  1.49   data arrival time

                         10.00   10.00   clock clk (rise edge)
                          0.50   10.50   clock source latency
     1    0.01    0.05    0.03   10.53 ^ clk (in)
                                         clk (net)
                  0.05    0.00   10.53 ^ clkbuf_0_clk/A (sky130_fd_sc_hd__clkbuf_16)
     2    0.02    0.04    0.13   10.66 ^ clkbuf_0_clk/X (sky130_fd_sc_hd__clkbuf_16)
                                         clknet_0_clk (net)
                  0.04    0.00   10.66 ^ clkbuf_1_0__f_clk/A (sky130_fd_sc_hd__clkbuf_16)
    16    0.04    0.06    0.14   10.80 ^ clkbuf_1_0__f_clk/X (sky130_fd_sc_hd__clkbuf_16)
                                         clknet_1_0__leaf_clk (net)
                  0.06    0.00   10.80 ^ _249_/CLK (sky130_fd_sc_hd__dfrtp_1)
                         -0.30   10.50   clock uncertainty
                          0.00   10.50   clock reconvergence pessimism
                         -0.08   10.42   library setup time
                                 10.42   data required time
-----------------------------------------------------------------------------
                                 10.42   data required time
                                 -1.49   data arrival time
-----------------------------------------------------------------------------
                                  8.93   slack (MET)


Startpoint: _259_ (rising edge-triggered flip-flop clocked by clk)
Endpoint: _263_ (rising edge-triggered flip-flop clocked by clk)
Path Group: clk
Path Type: max

Fanout     Cap    Slew   Delay    Time   Description
-----------------------------------------------------------------------------
                          0.00    0.00   clock clk (rise edge)
                          0.50    0.50   clock source latency
     1    0.01    0.05    0.03    0.53 ^ clk (in)
                                         clk (net)
                  0.05    0.00    0.53 ^ clkbuf_0_clk/A (sky130_fd_sc_hd__clkbuf_16)
     2    0.02    0.04    0.13    0.66 ^ clkbuf_0_clk/X (sky130_fd_sc_hd__clkbuf_16)
                                         clknet_0_clk (net)
                  0.04    0.00    0.66 ^ clkbuf_1_0__f_clk/A (sky130_fd_sc_hd__clkbuf_16)
    16    0.04    0.06    0.14    0.80 ^ clkbuf_1_0__f_clk/X (sky130_fd_sc_hd__clkbuf_16)
                                         clknet_1_0__leaf_clk (net)
                  0.06    0.00    0.80 ^ _259_/CLK (sky130_fd_sc_hd__dfrtp_1)
     1    0.00    0.04    0.36    1.16 v _259_/Q (sky130_fd_sc_hd__dfrtp_1)
                                         sync_stage1[0] (net)
                  0.04    0.00    1.16 v _263_/D (sky130_fd_sc_hd__dfrtp_1)
                                  1.16   data arrival time

                         10.00   10.00   clock clk (rise edge)
                          0.50   10.50   clock source latency
     1    0.01    0.05    0.03   10.53 ^ clk (in)
                                         clk (net)
                  0.05    0.00   10.53 ^ clkbuf_0_clk/A (sky130_fd_sc_hd__clkbuf_16)
     2    0.02    0.04    0.13   10.66 ^ clkbuf_0_clk/X (sky130_fd_sc_hd__clkbuf_16)
                                         clknet_0_clk (net)
                  0.04    0.00   10.66 ^ clkbuf_1_0__f_clk/A (sky130_fd_sc_hd__clkbuf_16)
    16    0.04    0.06    0.14   10.80 ^ clkbuf_1_0__f_clk/X (sky130_fd_sc_hd__clkbuf_16)
                                         clknet_1_0__leaf_clk (net)
                  0.06    0.00   10.80 ^ _263_/CLK (sky130_fd_sc_hd__dfrtp_1)
                         -0.30   10.50   clock uncertainty
                          0.00   10.50   clock reconvergence pessimism
                         -0.11   10.39   library setup time
                                 10.39   data required time
-----------------------------------------------------------------------------
                                 10.39   data required time
                                 -1.16   data arrival time
-----------------------------------------------------------------------------
                                  9.23   slack (MET)


Startpoint: _260_ (rising edge-triggered flip-flop clocked by clk)
Endpoint: _264_ (rising edge-triggered flip-flop clocked by clk)
Path Group: clk
Path Type: max

Fanout     Cap    Slew   Delay    Time   Description
-----------------------------------------------------------------------------
                          0.00    0.00   clock clk (rise edge)
                          0.50    0.50   clock source latency
     1    0.01    0.05    0.03    0.53 ^ clk (in)
                                         clk (net)
                  0.05    0.00    0.53 ^ clkbuf_0_clk/A (sky130_fd_sc_hd__clkbuf_16)
     2    0.02    0.04    0.13    0.66 ^ clkbuf_0_clk/X (sky130_fd_sc_hd__clkbuf_16)
                                         clknet_0_clk (net)
                  0.04    0.00    0.66 ^ clkbuf_1_0__f_clk/A (sky130_fd_sc_hd__clkbuf_16)
    16    0.04    0.06    0.14    0.80 ^ clkbuf_1_0__f_clk/X (sky130_fd_sc_hd__clkbuf_16)
                                         clknet_1_0__leaf_clk (net)
                  0.06    0.00    0.80 ^ _260_/CLK (sky130_fd_sc_hd__dfrtp_1)
     1    0.00    0.04    0.35    1.15 v _260_/Q (sky130_fd_sc_hd__dfrtp_1)
                                         sync_stage1[1] (net)
                  0.04    0.00    1.15 v _264_/D (sky130_fd_sc_hd__dfrtp_1)
                                  1.15   data arrival time

                         10.00   10.00   clock clk (rise edge)
                          0.50   10.50   clock source latency
     1    0.01    0.05    0.03   10.53 ^ clk (in)
                                         clk (net)
                  0.05    0.00   10.53 ^ clkbuf_0_clk/A (sky130_fd_sc_hd__clkbuf_16)
     2    0.02    0.04    0.13   10.66 ^ clkbuf_0_clk/X (sky130_fd_sc_hd__clkbuf_16)
                                         clknet_0_clk (net)
                  0.04    0.00   10.66 ^ clkbuf_1_0__f_clk/A (sky130_fd_sc_hd__clkbuf_16)
    16    0.04    0.06    0.14   10.80 ^ clkbuf_1_0__f_clk/X (sky130_fd_sc_hd__clkbuf_16)
                                         clknet_1_0__leaf_clk (net)
                  0.06    0.00   10.80 ^ _264_/CLK (sky130_fd_sc_hd__dfrtp_1)
                         -0.30   10.50   clock uncertainty
                          0.00   10.50   clock reconvergence pessimism
                         -0.11   10.39   library setup time
                                 10.39   data required time
-----------------------------------------------------------------------------
                                 10.39   data required time
                                 -1.15   data arrival time
-----------------------------------------------------------------------------
                                  9.24   slack (MET)


Startpoint: _261_ (rising edge-triggered flip-flop clocked by clk)
Endpoint: _265_ (rising edge-triggered flip-flop clocked by clk)
Path Group: clk
Path Type: max

Fanout     Cap    Slew   Delay    Time   Description
-----------------------------------------------------------------------------
                          0.00    0.00   clock clk (rise edge)
                          0.50    0.50   clock source latency
     1    0.01    0.05    0.03    0.53 ^ clk (in)
                                         clk (net)
                  0.05    0.00    0.53 ^ clkbuf_0_clk/A (sky130_fd_sc_hd__clkbuf_16)
     2    0.02    0.04    0.13    0.66 ^ clkbuf_0_clk/X (sky130_fd_sc_hd__clkbuf_16)
                                         clknet_0_clk (net)
                  0.04    0.00    0.66 ^ clkbuf_1_0__f_clk/A (sky130_fd_sc_hd__clkbuf_16)
    16    0.04    0.06    0.14    0.80 ^ clkbuf_1_0__f_clk/X (sky130_fd_sc_hd__clkbuf_16)
                                         clknet_1_0__leaf_clk (net)
                  0.06    0.00    0.80 ^ _261_/CLK (sky130_fd_sc_hd__dfrtp_1)
     1    0.00    0.04    0.35    1.15 v _261_/Q (sky130_fd_sc_hd__dfrtp_1)
                                         sync_stage1[2] (net)
                  0.04    0.00    1.15 v _265_/D (sky130_fd_sc_hd__dfrtp_1)
                                  1.15   data arrival time

                         10.00   10.00   clock clk (rise edge)
                          0.50   10.50   clock source latency
     1    0.01    0.05    0.03   10.53 ^ clk (in)
                                         clk (net)
                  0.05    0.00   10.53 ^ clkbuf_0_clk/A (sky130_fd_sc_hd__clkbuf_16)
     2    0.02    0.04    0.13   10.66 ^ clkbuf_0_clk/X (sky130_fd_sc_hd__clkbuf_16)
                                         clknet_0_clk (net)
                  0.04    0.00   10.66 ^ clkbuf_1_0__f_clk/A (sky130_fd_sc_hd__clkbuf_16)
    16    0.04    0.06    0.14   10.80 ^ clkbuf_1_0__f_clk/X (sky130_fd_sc_hd__clkbuf_16)
                                         clknet_1_0__leaf_clk (net)
                  0.06    0.00   10.80 ^ _265_/CLK (sky130_fd_sc_hd__dfrtp_1)
                         -0.30   10.50   clock uncertainty
                          0.00   10.50   clock reconvergence pessimism
                         -0.11   10.39   library setup time
                                 10.39   data required time
-----------------------------------------------------------------------------
                                 10.39   data required time
                                 -1.15   data arrival time
-----------------------------------------------------------------------------
                                  9.24   slack (MET)


Startpoint: _262_ (rising edge-triggered flip-flop clocked by clk)
Endpoint: _266_ (rising edge-triggered flip-flop clocked by clk)
Path Group: clk
Path Type: max

Fanout     Cap    Slew   Delay    Time   Description
-----------------------------------------------------------------------------
                          0.00    0.00   clock clk (rise edge)
                          0.50    0.50   clock source latency
     1    0.01    0.05    0.03    0.53 ^ clk (in)
                                         clk (net)
                  0.05    0.00    0.53 ^ clkbuf_0_clk/A (sky130_fd_sc_hd__clkbuf_16)
     2    0.02    0.04    0.13    0.66 ^ clkbuf_0_clk/X (sky130_fd_sc_hd__clkbuf_16)
                                         clknet_0_clk (net)
                  0.04    0.00    0.66 ^ clkbuf_1_0__f_clk/A (sky130_fd_sc_hd__clkbuf_16)
    16    0.04    0.06    0.14    0.80 ^ clkbuf_1_0__f_clk/X (sky130_fd_sc_hd__clkbuf_16)
                                         clknet_1_0__leaf_clk (net)
                  0.06    0.00    0.80 ^ _262_/CLK (sky130_fd_sc_hd__dfrtp_1)
     1    0.00    0.04    0.35    1.15 v _262_/Q (sky130_fd_sc_hd__dfrtp_1)
                                         sync_stage1[3] (net)
                  0.04    0.00    1.15 v _266_/D (sky130_fd_sc_hd__dfrtp_1)
                                  1.15   data arrival time

                         10.00   10.00   clock clk (rise edge)
                          0.50   10.50   clock source latency
     1    0.01    0.05    0.03   10.53 ^ clk (in)
                                         clk (net)
                  0.05    0.00   10.53 ^ clkbuf_0_clk/A (sky130_fd_sc_hd__clkbuf_16)
     2    0.02    0.04    0.13   10.66 ^ clkbuf_0_clk/X (sky130_fd_sc_hd__clkbuf_16)
                                         clknet_0_clk (net)
                  0.04    0.00   10.66 ^ clkbuf_1_0__f_clk/A (sky130_fd_sc_hd__clkbuf_16)
    16    0.04    0.06    0.14   10.80 ^ clkbuf_1_0__f_clk/X (sky130_fd_sc_hd__clkbuf_16)
                                         clknet_1_0__leaf_clk (net)
                  0.06    0.00   10.80 ^ _266_/CLK (sky130_fd_sc_hd__dfrtp_1)
                         -0.30   10.50   clock uncertainty
                          0.00   10.50   clock reconvergence pessimism
                         -0.11   10.39   library setup time
                                 10.39   data required time
-----------------------------------------------------------------------------
                                 10.39   data required time
                                 -1.15   data arrival time
-----------------------------------------------------------------------------
                                  9.24   slack (MET)



worst slack corner Typical: 3.9527
