
===========================================================================
report_checks -path_delay min (Hold)
============================================================================
======================= Typical Corner ===================================

Startpoint: req_idle (input port clocked by clk)
Endpoint: _262_ (rising edge-triggered flip-flop clocked by clk)
Path Group: clk
Path Type: min

Fanout     Cap    Slew   Delay    Time   Description
-----------------------------------------------------------------------------
                          0.00    0.00   clock clk (rise edge)
                          0.50    0.50   clock network delay (propagated)
                          0.50    1.00 ^ input external delay
     1    0.00    0.02    0.01    1.01 ^ req_idle (in)
                                         req_idle (net)
                  0.02    0.00    1.01 ^ input3/A (sky130_fd_sc_hd__clkbuf_1)
     1    0.00    0.04    0.07    1.08 ^ input3/X (sky130_fd_sc_hd__clkbuf_1)
                                         net3 (net)
                  0.04    0.00    1.08 ^ _262_/D (sky130_fd_sc_hd__dfrtp_1)
                                  1.08   data arrival time

                          0.00    0.00   clock clk (rise edge)
                          0.50    0.50   clock source latency
     1    0.01    0.05    0.03    0.53 ^ clk (in)
                                         clk (net)
                  0.05    0.00    0.53 ^ clkbuf_0_clk/A (sky130_fd_sc_hd__clkbuf_16)
     2    0.02    0.04    0.13    0.66 ^ clkbuf_0_clk/X (sky130_fd_sc_hd__clkbuf_16)
                                         clknet_0_clk (net)
                  0.04    0.00    0.66 ^ clkbuf_1_0__f_clk/A (sky130_fd_sc_hd__clkbuf_16)
    16    0.04    0.06    0.14    0.80 ^ clkbuf_1_0__f_clk/X (sky130_fd_sc_hd__clkbuf_16)
                                         clknet_1_0__leaf_clk (net)
                  0.06    0.00    0.80 ^ _262_/CLK (sky130_fd_sc_hd__dfrtp_1)
                          0.10    0.90   clock uncertainty
                          0.00    0.90   clock reconvergence pessimism
                         -0.03    0.87   library hold time
                                  0.87   data required time
-----------------------------------------------------------------------------
                                  0.87   data required time
                                 -1.08   data arrival time
-----------------------------------------------------------------------------
                                  0.21   slack (MET)


Startpoint: req_off (input port clocked by clk)
Endpoint: _260_ (rising edge-triggered flip-flop clocked by clk)
Path Group: clk
Path Type: min

Fanout     Cap    Slew   Delay    Time   Description
-----------------------------------------------------------------------------
                          0.00    0.00   clock clk (rise edge)
                          0.50    0.50   clock network delay (propagated)
                          0.50    1.00 ^ input external delay
     1    0.00    0.02    0.01    1.01 ^ req_off (in)
                                         req_off (net)
                  0.02    0.00    1.01 ^ input4/A (sky130_fd_sc_hd__clkbuf_1)
     1    0.00    0.04    0.07    1.08 ^ input4/X (sky130_fd_sc_hd__clkbuf_1)
                                         net4 (net)
                  0.04    0.00    1.08 ^ _260_/D (sky130_fd_sc_hd__dfrtp_1)
                                  1.08   data arrival time

                          0.00    0.00   clock clk (rise edge)
                          0.50    0.50   clock source latency
     1    0.01    0.05    0.03    0.53 ^ clk (in)
                                         clk (net)
                  0.05    0.00    0.53 ^ clkbuf_0_clk/A (sky130_fd_sc_hd__clkbuf_16)
     2    0.02    0.04    0.13    0.66 ^ clkbuf_0_clk/X (sky130_fd_sc_hd__clkbuf_16)
                                         clknet_0_clk (net)
                  0.04    0.00    0.66 ^ clkbuf_1_0__f_clk/A (sky130_fd_sc_hd__clkbuf_16)
    16    0.04    0.06    0.14    0.80 ^ clkbuf_1_0__f_clk/X (sky130_fd_sc_hd__clkbuf_16)
                                         clknet_1_0__leaf_clk (net)
                  0.06    0.00    0.80 ^ _260_/CLK (sky130_fd_sc_hd__dfrtp_1)
                          0.10    0.90   clock uncertainty
                          0.00    0.90   clock reconvergence pessimism
                         -0.03    0.86   library hold time
                                  0.86   data required time
-----------------------------------------------------------------------------
                                  0.86   data required time
                                 -1.08   data arrival time
-----------------------------------------------------------------------------
                                  0.21   slack (MET)


Startpoint: req_sleep (input port clocked by clk)
Endpoint: _261_ (rising edge-triggered flip-flop clocked by clk)
Path Group: clk
Path Type: min

Fanout     Cap    Slew   Delay    Time   Description
-----------------------------------------------------------------------------
                          0.00    0.00   clock clk (rise edge)
                          0.50    0.50   clock network delay (propagated)
                          0.50    1.00 ^ input external delay
     1    0.00    0.02    0.01    1.01 ^ req_sleep (in)
                                         req_sleep (net)
                  0.02    0.00    1.01 ^ input5/A (sky130_fd_sc_hd__clkbuf_1)
     1    0.00    0.04    0.07    1.08 ^ input5/X (sky130_fd_sc_hd__clkbuf_1)
                                         net5 (net)
                  0.04    0.00    1.08 ^ _261_/D (sky130_fd_sc_hd__dfrtp_1)
                                  1.08   data arrival time

                          0.00    0.00   clock clk (rise edge)
                          0.50    0.50   clock source latency
     1    0.01    0.05    0.03    0.53 ^ clk (in)
                                         clk (net)
                  0.05    0.00    0.53 ^ clkbuf_0_clk/A (sky130_fd_sc_hd__clkbuf_16)
     2    0.02    0.04    0.13    0.66 ^ clkbuf_0_clk/X (sky130_fd_sc_hd__clkbuf_16)
                                         clknet_0_clk (net)
                  0.04    0.00    0.66 ^ clkbuf_1_0__f_clk/A (sky130_fd_sc_hd__clkbuf_16)
    16    0.04    0.06    0.14    0.80 ^ clkbuf_1_0__f_clk/X (sky130_fd_sc_hd__clkbuf_16)
                                         clknet_1_0__leaf_clk (net)
                  0.06    0.00    0.80 ^ _261_/CLK (sky130_fd_sc_hd__dfrtp_1)
                          0.10    0.90   clock uncertainty
                          0.00    0.90   clock reconvergence pessimism
                         -0.03    0.86   library hold time
                                  0.86   data required time
-----------------------------------------------------------------------------
                                  0.86   data required time
                                 -1.08   data arrival time
-----------------------------------------------------------------------------
                                  0.22   slack (MET)


Startpoint: wake_up (input port clocked by clk)
Endpoint: _259_ (rising edge-triggered flip-flop clocked by clk)
Path Group: clk
Path Type: min

Fanout     Cap    Slew   Delay    Time   Description
-----------------------------------------------------------------------------
                          0.00    0.00   clock clk (rise edge)
                          0.50    0.50   clock network delay (propagated)
                          0.50    1.00 ^ input external delay
     1    0.00    0.02    0.01    1.01 ^ wake_up (in)
                                         wake_up (net)
                  0.02    0.00    1.01 ^ input7/A (sky130_fd_sc_hd__clkbuf_1)
     1    0.00    0.04    0.07    1.08 ^ input7/X (sky130_fd_sc_hd__clkbuf_1)
                                         net7 (net)
                  0.04    0.00    1.08 ^ _259_/D (sky130_fd_sc_hd__dfrtp_1)
                                  1.08   data arrival time

                          0.00    0.00   clock clk (rise edge)
                          0.50    0.50   clock source latency
     1    0.01    0.05    0.03    0.53 ^ clk (in)
                                         clk (net)
                  0.05    0.00    0.53 ^ clkbuf_0_clk/A (sky130_fd_sc_hd__clkbuf_16)
     2    0.02    0.04    0.13    0.66 ^ clkbuf_0_clk/X (sky130_fd_sc_hd__clkbuf_16)
                                         clknet_0_clk (net)
                  0.04    0.00    0.66 ^ clkbuf_1_0__f_clk/A (sky130_fd_sc_hd__clkbuf_16)
    16    0.04    0.06    0.14    0.80 ^ clkbuf_1_0__f_clk/X (sky130_fd_sc_hd__clkbuf_16)
                                         clknet_1_0__leaf_clk (net)
                  0.06    0.00    0.80 ^ _259_/CLK (sky130_fd_sc_hd__dfrtp_1)
                          0.10    0.90   clock uncertainty
                          0.00    0.90   clock reconvergence pessimism
                         -0.03    0.86   library hold time
                                  0.86   data required time
-----------------------------------------------------------------------------
                                  0.86   data required time
                                 -1.08   data arrival time
-----------------------------------------------------------------------------
                                  0.22   slack (MET)


Startpoint: _262_ (rising edge-triggered flip-flop clocked by clk)
Endpoint: _266_ (rising edge-triggered flip-flop clocked by clk)
Path Group: clk
Path Type: min

Fanout     Cap    Slew   Delay    Time   Description
-----------------------------------------------------------------------------
                          0.00    0.00   clock clk (rise edge)
                          0.50    0.50   clock source latency
     1    0.01    0.05    0.03    0.53 ^ clk (in)
                                         clk (net)
                  0.05    0.00    0.53 ^ clkbuf_0_clk/A (sky130_fd_sc_hd__clkbuf_16)
     2    0.02    0.04    0.13    0.66 ^ clkbuf_0_clk/X (sky130_fd_sc_hd__clkbuf_16)
                                         clknet_0_clk (net)
                  0.04    0.00    0.66 ^ clkbuf_1_0__f_clk/A (sky130_fd_sc_hd__clkbuf_16)
    16    0.04    0.06    0.14    0.80 ^ clkbuf_1_0__f_clk/X (sky130_fd_sc_hd__clkbuf_16)
                                         clknet_1_0__leaf_clk (net)
                  0.06    0.00    0.80 ^ _262_/CLK (sky130_fd_sc_hd__dfrtp_1)
     1    0.00    0.04    0.31    1.11 ^ _262_/Q (sky130_fd_sc_hd__dfrtp_1)
                                         sync_stage1[3] (net)
                  0.04    0.00    1.11 ^ _266_/D (sky130_fd_sc_hd__dfrtp_1)
                                  1.11   data arrival time

                          0.00    0.00   clock clk (rise edge)
                          0.50    0.50   clock source latency
     1    0.01    0.05    0.03    0.53 ^ clk (in)
                                         clk (net)
                  0.05    0.00    0.53 ^ clkbuf_0_clk/A (sky130_fd_sc_hd__clkbuf_16)
     2    0.02    0.04    0.13    0.66 ^ clkbuf_0_clk/X (sky130_fd_sc_hd__clkbuf_16)
                                         clknet_0_clk (net)
                  0.04    0.00    0.66 ^ clkbuf_1_0__f_clk/A (sky130_fd_sc_hd__clkbuf_16)
    16    0.04    0.06    0.14    0.80 ^ clkbuf_1_0__f_clk/X (sky130_fd_sc_hd__clkbuf_16)
                                         clknet_1_0__leaf_clk (net)
                  0.06    0.00    0.80 ^ _266_/CLK (sky130_fd_sc_hd__dfrtp_1)
                          0.10    0.90   clock uncertainty
                          0.00    0.90   clock reconvergence pessimism
                         -0.03    0.86   library hold time
                                  0.86   data required time
-----------------------------------------------------------------------------
                                  0.86   data required time
                                 -1.11   data arrival time
-----------------------------------------------------------------------------
                                  0.25   slack (MET)


Startpoint: _261_ (rising edge-triggered flip-flop clocked by clk)
Endpoint: _265_ (rising edge-triggered flip-flop clocked by clk)
Path Group: clk
Path Type: min

Fanout     Cap    Slew   Delay    Time   Description
-----------------------------------------------------------------------------
                          0.00    0.00   clock clk (rise edge)
                          0.50    0.50   clock source latency
     1    0.01    0.05    0.03    0.53 ^ clk (in)
                                         clk (net)
                  0.05    0.00    0.53 ^ clkbuf_0_clk/A (sky130_fd_sc_hd__clkbuf_16)
     2    0.02    0.04    0.13    0.66 ^ clkbuf_0_clk/X (sky130_fd_sc_hd__clkbuf_16)
                                         clknet_0_clk (net)
                  0.04    0.00    0.66 ^ clkbuf_1_0__f_clk/A (sky130_fd_sc_hd__clkbuf_16)
    16    0.04    0.06    0.14    0.80 ^ clkbuf_1_0__f_clk/X (sky130_fd_sc_hd__clkbuf_16)
                                         clknet_1_0__leaf_clk (net)
                  0.06    0.00    0.80 ^ _261_/CLK (sky130_fd_sc_hd__dfrtp_1)
     1    0.00    0.04    0.32    1.11 ^ _261_/Q (sky130_fd_sc_hd__dfrtp_1)
                                         sync_stage1[2] (net)
                  0.04    0.00    1.11 ^ _265_/D (sky130_fd_sc_hd__dfrtp_1)
                                  1.11   data arrival time

                          0.00    0.00   clock clk (rise edge)
                          0.50    0.50   clock source latency
     1    0.01    0.05    0.03    0.53 ^ clk (in)
                                         clk (net)
                  0.05    0.00    0.53 ^ clkbuf_0_clk/A (sky130_fd_sc_hd__clkbuf_16)
     2    0.02    0.04    0.13    0.66 ^ clkbuf_0_clk/X (sky130_fd_sc_hd__clkbuf_16)
                                         clknet_0_clk (net)
                  0.04    0.00    0.66 ^ clkbuf_1_0__f_clk/A (sky130_fd_sc_hd__clkbuf_16)
    16    0.04    0.06    0.14    0.80 ^ clkbuf_1_0__f_clk/X (sky130_fd_sc_hd__clkbuf_16)
                                         clknet_1_0__leaf_clk (net)
                  0.06    0.00    0.80 ^ _265_/CLK (sky130_fd_sc_hd__dfrtp_1)
                          0.10    0.90   clock uncertainty
                          0.00    0.90   clock reconvergence pessimism
                         -0.03    0.86   library hold time
                                  0.86   data required time
-----------------------------------------------------------------------------
                                  0.86   data required time
                                 -1.11   data arrival time
-----------------------------------------------------------------------------
                                  0.25   slack (MET)


Startpoint: _260_ (rising edge-triggered flip-flop clocked by clk)
Endpoint: _264_ (rising edge-triggered flip-flop clocked by clk)
Path Group: clk
Path Type: min

Fanout     Cap    Slew   Delay    Time   Description
-----------------------------------------------------------------------------
                          0.00    0.00   clock clk (rise edge)
                          0.50    0.50   clock source latency
     1    0.01    0.05    0.03    0.53 ^ clk (in)
                                         clk (net)
                  0.05    0.00    0.53 ^ clkbuf_0_clk/A (sky130_fd_sc_hd__clkbuf_16)
     2    0.02    0.04    0.13    0.66 ^ clkbuf_0_clk/X (sky130_fd_sc_hd__clkbuf_16)
                                         clknet_0_clk (net)
                  0.04    0.00    0.66 ^ clkbuf_1_0__f_clk/A (sky130_fd_sc_hd__clkbuf_16)
    16    0.04    0.06    0.14    0.80 ^ clkbuf_1_0__f_clk/X (sky130_fd_sc_hd__clkbuf_16)
                                         clknet_1_0__leaf_clk (net)
                  0.06    0.00    0.80 ^ _260_/CLK (sky130_fd_sc_hd__dfrtp_1)
     1    0.00    0.04    0.32    1.11 ^ _260_/Q (sky130_fd_sc_hd__dfrtp_1)
                                         sync_stage1[1] (net)
                  0.04    0.00    1.11 ^ _264_/D (sky130_fd_sc_hd__dfrtp_1)
                                  1.11   data arrival time

                          0.00    0.00   clock clk (rise edge)
                          0.50    0.50   clock source latency
     1    0.01    0.05    0.03    0.53 ^ clk (in)
                                         clk (net)
                  0.05    0.00    0.53 ^ clkbuf_0_clk/A (sky130_fd_sc_hd__clkbuf_16)
     2    0.02    0.04    0.13    0.66 ^ clkbuf_0_clk/X (sky130_fd_sc_hd__clkbuf_16)
                                         clknet_0_clk (net)
                  0.04    0.00    0.66 ^ clkbuf_1_0__f_clk/A (sky130_fd_sc_hd__clkbuf_16)
    16    0.04    0.06    0.14    0.80 ^ clkbuf_1_0__f_clk/X (sky130_fd_sc_hd__clkbuf_16)
                                         clknet_1_0__leaf_clk (net)
                  0.06    0.00    0.80 ^ _264_/CLK (sky130_fd_sc_hd__dfrtp_1)
                          0.10    0.90   clock uncertainty
                          0.00    0.90   clock reconvergence pessimism
                         -0.03    0.86   library hold time
                                  0.86   data required time
-----------------------------------------------------------------------------
                                  0.86   data required time
                                 -1.11   data arrival time
-----------------------------------------------------------------------------
                                  0.25   slack (MET)


Startpoint: _259_ (rising edge-triggered flip-flop clocked by clk)
Endpoint: _263_ (rising edge-triggered flip-flop clocked by clk)
Path Group: clk
Path Type: min

Fanout     Cap    Slew   Delay    Time   Description
-----------------------------------------------------------------------------
                          0.00    0.00   clock clk (rise edge)
                          0.50    0.50   clock source latency
     1    0.01    0.05    0.03    0.53 ^ clk (in)
                                         clk (net)
                  0.05    0.00    0.53 ^ clkbuf_0_clk/A (sky130_fd_sc_hd__clkbuf_16)
     2    0.02    0.04    0.13    0.66 ^ clkbuf_0_clk/X (sky130_fd_sc_hd__clkbuf_16)
                                         clknet_0_clk (net)
                  0.04    0.00    0.66 ^ clkbuf_1_0__f_clk/A (sky130_fd_sc_hd__clkbuf_16)
    16    0.04    0.06    0.14    0.80 ^ clkbuf_1_0__f_clk/X (sky130_fd_sc_hd__clkbuf_16)
                                         clknet_1_0__leaf_clk (net)
                  0.06    0.00    0.80 ^ _259_/CLK (sky130_fd_sc_hd__dfrtp_1)
     1    0.00    0.05    0.32    1.12 ^ _259_/Q (sky130_fd_sc_hd__dfrtp_1)
                                         sync_stage1[0] (net)
                  0.05    0.00    1.12 ^ _263_/D (sky130_fd_sc_hd__dfrtp_1)
                                  1.12   data arrival time

                          0.00    0.00   clock clk (rise edge)
                          0.50    0.50   clock source latency
     1    0.01    0.05    0.03    0.53 ^ clk (in)
                                         clk (net)
                  0.05    0.00    0.53 ^ clkbuf_0_clk/A (sky130_fd_sc_hd__clkbuf_16)
     2    0.02    0.04    0.13    0.66 ^ clkbuf_0_clk/X (sky130_fd_sc_hd__clkbuf_16)
                                         clknet_0_clk (net)
                  0.04    0.00    0.66 ^ clkbuf_1_0__f_clk/A (sky130_fd_sc_hd__clkbuf_16)
    16    0.04    0.06    0.14    0.80 ^ clkbuf_1_0__f_clk/X (sky130_fd_sc_hd__clkbuf_16)
                                         clknet_1_0__leaf_clk (net)
                  0.06    0.00    0.80 ^ _263_/CLK (sky130_fd_sc_hd__dfrtp_1)
                          0.10    0.90   clock uncertainty
                          0.00    0.90   clock reconvergence pessimism
                         -0.03    0.86   library hold time
                                  0.86   data required time
-----------------------------------------------------------------------------
                                  0.86   data required time
                                 -1.12   data arrival time
-----------------------------------------------------------------------------
                                  0.26   slack (MET)


Startpoint: _257_ (rising edge-triggered flip-flop clocked by clk)
Endpoint: _249_ (rising edge-triggered flip-flop clocked by clk)
Path Group: clk
Path Type: min

Fanout     Cap    Slew   Delay    Time   Description
-----------------------------------------------------------------------------
                          0.00    0.00   clock clk (rise edge)
                          0.50    0.50   clock source latency
     1    0.01    0.05    0.03    0.53 ^ clk (in)
                                         clk (net)
                  0.05    0.00    0.53 ^ clkbuf_0_clk/A (sky130_fd_sc_hd__clkbuf_16)
     2    0.02    0.04    0.13    0.66 ^ clkbuf_0_clk/X (sky130_fd_sc_hd__clkbuf_16)
                                         clknet_0_clk (net)
                  0.04    0.00    0.66 ^ clkbuf_1_0__f_clk/A (sky130_fd_sc_hd__clkbuf_16)
    16    0.04    0.06    0.14    0.80 ^ clkbuf_1_0__f_clk/X (sky130_fd_sc_hd__clkbuf_16)
                                         clknet_1_0__leaf_clk (net)
                  0.06    0.00    0.80 ^ _257_/CLK (sky130_fd_sc_hd__dfrtp_1)
     3    0.01    0.07    0.39    1.19 v _257_/Q (sky130_fd_sc_hd__dfrtp_1)
                                         curr_state[1] (net)
                  0.07    0.00    1.19 v _169_/A (sky130_fd_sc_hd__inv_2)
     2    0.00    0.03    0.06    1.25 ^ _169_/Y (sky130_fd_sc_hd__inv_2)
                                         _106_ (net)
                  0.03    0.00    1.25 ^ _183_/B (sky130_fd_sc_hd__nor2_1)
     2    0.01    0.03    0.04    1.29 v _183_/Y (sky130_fd_sc_hd__nor2_1)
                                         _002_ (net)
                  0.03    0.00    1.29 v _249_/D (sky130_fd_sc_hd__dfrtp_1)
                                  1.29   data arrival time

                          0.00    0.00   clock clk (rise edge)
                          0.50    0.50   clock source latency
     1    0.01    0.05    0.03    0.53 ^ clk (in)
                                         clk (net)
                  0.05    0.00    0.53 ^ clkbuf_0_clk/A (sky130_fd_sc_hd__clkbuf_16)
     2    0.02    0.04    0.13    0.66 ^ clkbuf_0_clk/X (sky130_fd_sc_hd__clkbuf_16)
                                         clknet_0_clk (net)
                  0.04    0.00    0.66 ^ clkbuf_1_0__f_clk/A (sky130_fd_sc_hd__clkbuf_16)
    16    0.04    0.06    0.14    0.80 ^ clkbuf_1_0__f_clk/X (sky130_fd_sc_hd__clkbuf_16)
                                         clknet_1_0__leaf_clk (net)
                  0.06    0.00    0.80 ^ _249_/CLK (sky130_fd_sc_hd__dfrtp_1)
                          0.10    0.90   clock uncertainty
                          0.00    0.90   clock reconvergence pessimism
                         -0.04    0.86   library hold time
                                  0.86   data required time
-----------------------------------------------------------------------------
                                  0.86   data required time
                                 -1.29   data arrival time
-----------------------------------------------------------------------------
                                  0.43   slack (MET)


Startpoint: _247_ (rising edge-triggered flip-flop clocked by clk)
Endpoint: _247_ (rising edge-triggered flip-flop clocked by clk)
Path Group: clk
Path Type: min

Fanout     Cap    Slew   Delay    Time   Description
-----------------------------------------------------------------------------
                          0.00    0.00   clock clk (rise edge)
                          0.50    0.50   clock source latency
     1    0.01    0.05    0.03    0.53 ^ clk (in)
                                         clk (net)
                  0.05    0.00    0.53 ^ clkbuf_0_clk/A (sky130_fd_sc_hd__clkbuf_16)
     2    0.02    0.04    0.13    0.66 ^ clkbuf_0_clk/X (sky130_fd_sc_hd__clkbuf_16)
                                         clknet_0_clk (net)
                  0.04    0.00    0.66 ^ clkbuf_1_1__f_clk/A (sky130_fd_sc_hd__clkbuf_16)
    13    0.04    0.06    0.14    0.80 ^ clkbuf_1_1__f_clk/X (sky130_fd_sc_hd__clkbuf_16)
                                         clknet_1_1__leaf_clk (net)
                  0.06    0.00    0.80 ^ _247_/CLK (sky130_fd_sc_hd__dfrtp_1)
     2    0.01    0.09    0.36    1.15 ^ _247_/Q (sky130_fd_sc_hd__dfrtp_1)
                                         seq_timer[7] (net)
                  0.09    0.00    1.15 ^ _237_/A (sky130_fd_sc_hd__xor2_1)
     1    0.00    0.04    0.07    1.22 v _237_/X (sky130_fd_sc_hd__xor2_1)
                                         _056_ (net)
                  0.04    0.00    1.22 v _238_/A (sky130_fd_sc_hd__nor2_1)
     1    0.00    0.07    0.09    1.31 ^ _238_/Y (sky130_fd_sc_hd__nor2_1)
                                         _011_ (net)
                  0.07    0.00    1.31 ^ _247_/D (sky130_fd_sc_hd__dfrtp_1)
                                  1.31   data arrival time

                          0.00    0.00   clock clk (rise edge)
                          0.50    0.50   clock source latency
     1    0.01    0.05    0.03    0.53 ^ clk (in)
                                         clk (net)
                  0.05    0.00    0.53 ^ clkbuf_0_clk/A (sky130_fd_sc_hd__clkbuf_16)
     2    0.02    0.04    0.13    0.66 ^ clkbuf_0_clk/X (sky130_fd_sc_hd__clkbuf_16)
                                         clknet_0_clk (net)
                  0.04    0.00    0.66 ^ clkbuf_1_1__f_clk/A (sky130_fd_sc_hd__clkbuf_16)
    13    0.04    0.06    0.14    0.80 ^ clkbuf_1_1__f_clk/X (sky130_fd_sc_hd__clkbuf_16)
                                         clknet_1_1__leaf_clk (net)
                  0.06    0.00    0.80 ^ _247_/CLK (sky130_fd_sc_hd__dfrtp_1)
                          0.10    0.90   clock uncertainty
                          0.00    0.90   clock reconvergence pessimism
                         -0.04    0.86   library hold time
                                  0.86   data required time
-----------------------------------------------------------------------------
                                  0.86   data required time
                                 -1.31   data arrival time
-----------------------------------------------------------------------------
                                  0.45   slack (MET)


Startpoint: _246_ (rising edge-triggered flip-flop clocked by clk)
Endpoint: _246_ (rising edge-triggered flip-flop clocked by clk)
Path Group: clk
Path Type: min

Fanout     Cap    Slew   Delay    Time   Description
-----------------------------------------------------------------------------
                          0.00    0.00   clock clk (rise edge)
                          0.50    0.50   clock source latency
     1    0.01    0.05    0.03    0.53 ^ clk (in)
                                         clk (net)
                  0.05    0.00    0.53 ^ clkbuf_0_clk/A (sky130_fd_sc_hd__clkbuf_16)
     2    0.02    0.04    0.13    0.66 ^ clkbuf_0_clk/X (sky130_fd_sc_hd__clkbuf_16)
                                         clknet_0_clk (net)
                  0.04    0.00    0.66 ^ clkbuf_1_1__f_clk/A (sky130_fd_sc_hd__clkbuf_16)
    13    0.04    0.06    0.14    0.80 ^ clkbuf_1_1__f_clk/X (sky130_fd_sc_hd__clkbuf_16)
                                         clknet_1_1__leaf_clk (net)
                  0.06    0.00    0.80 ^ _246_/CLK (sky130_fd_sc_hd__dfrtp_1)
     3    0.01    0.08    0.35    1.15 ^ _246_/Q (sky130_fd_sc_hd__dfrtp_1)
                                         seq_timer[6] (net)
                  0.08    0.00    1.15 ^ _234_/B (sky130_fd_sc_hd__nand2_1)
     2    0.01    0.06    0.08    1.23 v _234_/Y (sky130_fd_sc_hd__nand2_1)
                                         _054_ (net)
                  0.06    0.00    1.23 v _235_/B (sky130_fd_sc_hd__nand2_1)
     1    0.00    0.04    0.07    1.30 ^ _235_/Y (sky130_fd_sc_hd__nand2_1)
                                         _055_ (net)
                  0.04    0.00    1.30 ^ _236_/A (sky130_fd_sc_hd__nor2_1)
     1    0.00    0.02    0.04    1.34 v _236_/Y (sky130_fd_sc_hd__nor2_1)
                                         _010_ (net)
                  0.02    0.00    1.34 v _246_/D (sky130_fd_sc_hd__dfrtp_1)
                                  1.34   data arrival time

                          0.00    0.00   clock clk (rise edge)
                          0.50    0.50   clock source latency
     1    0.01    0.05    0.03    0.53 ^ clk (in)
                                         clk (net)
                  0.05    0.00    0.53 ^ clkbuf_0_clk/A (sky130_fd_sc_hd__clkbuf_16)
     2    0.02    0.04    0.13    0.66 ^ clkbuf_0_clk/X (sky130_fd_sc_hd__clkbuf_16)
                                         clknet_0_clk (net)
                  0.04    0.00    0.66 ^ clkbuf_1_1__f_clk/A (sky130_fd_sc_hd__clkbuf_16)
    13    0.04    0.06    0.14    0.80 ^ clkbuf_1_1__f_clk/X (sky130_fd_sc_hd__clkbuf_16)
                                         clknet_1_1__leaf_clk (net)
                  0.06    0.00    0.80 ^ _246_/CLK (sky130_fd_sc_hd__dfrtp_1)
                          0.10    0.90   clock uncertainty
                          0.00    0.90   clock reconvergence pessimism
                         -0.03    0.86   library hold time
                                  0.86   data required time
-----------------------------------------------------------------------------
                                  0.86   data required time
                                 -1.34   data arrival time
-----------------------------------------------------------------------------
                                  0.48   slack (MET)


Startpoint: _240_ (rising edge-triggered flip-flop clocked by clk)
Endpoint: _251_ (rising edge-triggered flip-flop clocked by clk)
Path Group: clk
Path Type: min

Fanout     Cap    Slew   Delay    Time   Description
-----------------------------------------------------------------------------
                          0.00    0.00   clock clk (rise edge)
                          0.50    0.50   clock source latency
     1    0.01    0.05    0.03    0.53 ^ clk (in)
                                         clk (net)
                  0.05    0.00    0.53 ^ clkbuf_0_clk/A (sky130_fd_sc_hd__clkbuf_16)
     2    0.02    0.04    0.13    0.66 ^ clkbuf_0_clk/X (sky130_fd_sc_hd__clkbuf_16)
                                         clknet_0_clk (net)
                  0.04    0.00    0.66 ^ clkbuf_1_1__f_clk/A (sky130_fd_sc_hd__clkbuf_16)
    13    0.04    0.06    0.14    0.80 ^ clkbuf_1_1__f_clk/X (sky130_fd_sc_hd__clkbuf_16)
                                         clknet_1_1__leaf_clk (net)
                  0.06    0.00    0.80 ^ _240_/CLK (sky130_fd_sc_hd__dfrtp_1)
     5    0.02    0.15    0.40    1.20 ^ _240_/Q (sky130_fd_sc_hd__dfrtp_1)
                                         seq_timer[0] (net)
                  0.15    0.00    1.20 ^ _198_/A2 (sky130_fd_sc_hd__o211a_1)
     1    0.00    0.05    0.16    1.35 ^ _198_/X (sky130_fd_sc_hd__o211a_1)
                                         _003_ (net)
                  0.05    0.00    1.35 ^ _251_/D (sky130_fd_sc_hd__dfrtp_1)
                                  1.35   data arrival time

                          0.00    0.00   clock clk (rise edge)
                          0.50    0.50   clock source latency
     1    0.01    0.05    0.03    0.53 ^ clk (in)
                                         clk (net)
                  0.05    0.00    0.53 ^ clkbuf_0_clk/A (sky130_fd_sc_hd__clkbuf_16)
     2    0.02    0.04    0.13    0.66 ^ clkbuf_0_clk/X (sky130_fd_sc_hd__clkbuf_16)
                                         clknet_0_clk (net)
                  0.04    0.00    0.66 ^ clkbuf_1_0__f_clk/A (sky130_fd_sc_hd__clkbuf_16)
    16    0.04    0.06    0.14    0.80 ^ clkbuf_1_0__f_clk/X (sky130_fd_sc_hd__clkbuf_16)
                                         clknet_1_0__leaf_clk (net)
                  0.06    0.00    0.80 ^ _251_/CLK (sky130_fd_sc_hd__dfrtp_1)
                          0.10    0.90   clock uncertainty
                          0.00    0.90   clock reconvergence pessimism
                         -0.03    0.86   library hold time
                                  0.86   data required time
-----------------------------------------------------------------------------
                                  0.86   data required time
                                 -1.35   data arrival time
-----------------------------------------------------------------------------
                                  0.49   slack (MET)


Startpoint: _256_ (rising edge-triggered flip-flop clocked by clk)
Endpoint: _239_ (rising edge-triggered flip-flop clocked by clk)
Path Group: clk
Path Type: min

Fanout     Cap    Slew   Delay    Time   Description
-----------------------------------------------------------------------------
                          0.00    0.00   clock clk (rise edge)
                          0.50    0.50   clock source latency
     1    0.01    0.05    0.03    0.53 ^ clk (in)
                                         clk (net)
                  0.05    0.00    0.53 ^ clkbuf_0_clk/A (sky130_fd_sc_hd__clkbuf_16)
     2    0.02    0.04    0.13    0.66 ^ clkbuf_0_clk/X (sky130_fd_sc_hd__clkbuf_16)
                                         clknet_0_clk (net)
                  0.04    0.00    0.66 ^ clkbuf_1_0__f_clk/A (sky130_fd_sc_hd__clkbuf_16)
    16    0.04    0.06    0.14    0.80 ^ clkbuf_1_0__f_clk/X (sky130_fd_sc_hd__clkbuf_16)
                                         clknet_1_0__leaf_clk (net)
                  0.06    0.00    0.80 ^ _256_/CLK (sky130_fd_sc_hd__dfrtp_4)
     8    0.03    0.10    0.45    1.25 ^ _256_/Q (sky130_fd_sc_hd__dfrtp_4)
                                         curr_state[0] (net)
                  0.10    0.00    1.25 ^ _189_/A (sky130_fd_sc_hd__nor2_1)
     2    0.01    0.05    0.08    1.33 v _189_/Y (sky130_fd_sc_hd__nor2_1)
                                         _022_ (net)
                  0.05    0.00    1.33 v _190_/A (sky130_fd_sc_hd__inv_2)
     1    0.00    0.02    0.04    1.37 ^ _190_/Y (sky130_fd_sc_hd__inv_2)
                                         _001_ (net)
                  0.02    0.00    1.37 ^ _239_/D (sky130_fd_sc_hd__dfstp_1)
                                  1.37   data arrival time

                          0.00    0.00   clock clk (rise edge)
                          0.50    0.50   clock source latency
     1    0.01    0.05    0.03    0.53 ^ clk (in)
                                         clk (net)
                  0.05    0.00    0.53 ^ clkbuf_0_clk/A (sky130_fd_sc_hd__clkbuf_16)
     2    0.02    0.04    0.13    0.66 ^ clkbuf_0_clk/X (sky130_fd_sc_hd__clkbuf_16)
                                         clknet_0_clk (net)
                  0.04    0.00    0.66 ^ clkbuf_1_1__f_clk/A (sky130_fd_sc_hd__clkbuf_16)
    13    0.04    0.06    0.14    0.80 ^ clkbuf_1_1__f_clk/X (sky130_fd_sc_hd__clkbuf_16)
                                         clknet_1_1__leaf_clk (net)
                  0.06    0.00    0.80 ^ _239_/CLK (sky130_fd_sc_hd__dfstp_1)
                          0.10    0.90   clock uncertainty
                          0.00    0.90   clock reconvergence pessimism
                         -0.03    0.87   library hold time
                                  0.87   data required time
-----------------------------------------------------------------------------
                                  0.87   data required time
                                 -1.37   data arrival time
-----------------------------------------------------------------------------
                                  0.50   slack (MET)


Startpoint: _258_ (rising edge-triggered flip-flop clocked by clk)
Endpoint: _254_ (rising edge-triggered flip-flop clocked by clk)
Path Group: clk
Path Type: min

Fanout     Cap    Slew   Delay    Time   Description
-----------------------------------------------------------------------------
                          0.00    0.00   clock clk (rise edge)
                          0.50    0.50   clock source latency
     1    0.01    0.05    0.03    0.53 ^ clk (in)
                                         clk (net)
                  0.05    0.00    0.53 ^ clkbuf_0_clk/A (sky130_fd_sc_hd__clkbuf_16)
     2    0.02    0.04    0.13    0.66 ^ clkbuf_0_clk/X (sky130_fd_sc_hd__clkbuf_16)
                                         clknet_0_clk (net)
                  0.04    0.00    0.66 ^ clkbuf_1_0__f_clk/A (sky130_fd_sc_hd__clkbuf_16)
    16    0.04    0.06    0.14    0.80 ^ clkbuf_1_0__f_clk/X (sky130_fd_sc_hd__clkbuf_16)
                                         clknet_1_0__leaf_clk (net)
                  0.06    0.00    0.80 ^ _258_/CLK (sky130_fd_sc_hd__dfrtp_4)
     8    0.04    0.13    0.47    1.27 ^ _258_/Q (sky130_fd_sc_hd__dfrtp_4)
                                         curr_state[2] (net)
                  0.13    0.00    1.27 ^ _191_/A1 (sky130_fd_sc_hd__a21oi_1)
     1    0.00    0.04    0.09    1.36 v _191_/Y (sky130_fd_sc_hd__a21oi_1)
                                         _112_ (net)
                  0.04    0.00    1.36 v _254_/D (sky130_fd_sc_hd__dfrtp_1)
                                  1.36   data arrival time

                          0.00    0.00   clock clk (rise edge)
                          0.50    0.50   clock source latency
     1    0.01    0.05    0.03    0.53 ^ clk (in)
                                         clk (net)
                  0.05    0.00    0.53 ^ clkbuf_0_clk/A (sky130_fd_sc_hd__clkbuf_16)
     2    0.02    0.04    0.13    0.66 ^ clkbuf_0_clk/X (sky130_fd_sc_hd__clkbuf_16)
                                         clknet_0_clk (net)
                  0.04    0.00    0.66 ^ clkbuf_1_1__f_clk/A (sky130_fd_sc_hd__clkbuf_16)
    13    0.04    0.06    0.14    0.80 ^ clkbuf_1_1__f_clk/X (sky130_fd_sc_hd__clkbuf_16)
                                         clknet_1_1__leaf_clk (net)
                  0.06    0.00    0.80 ^ _254_/CLK (sky130_fd_sc_hd__dfrtp_1)
                          0.10    0.90   clock uncertainty
                          0.00    0.90   clock reconvergence pessimism
                         -0.04    0.86   library hold time
                                  0.86   data required time
-----------------------------------------------------------------------------
                                  0.86   data required time
                                 -1.36   data arrival time
-----------------------------------------------------------------------------
                                  0.51   slack (MET)


Startpoint: _243_ (rising edge-triggered flip-flop clocked by clk)
Endpoint: _243_ (rising edge-triggered flip-flop clocked by clk)
Path Group: clk
Path Type: min

Fanout     Cap    Slew   Delay    Time   Description
-----------------------------------------------------------------------------
                          0.00    0.00   clock clk (rise edge)
                          0.50    0.50   clock source latency
     1    0.01    0.05    0.03    0.53 ^ clk (in)
                                         clk (net)
                  0.05    0.00    0.53 ^ clkbuf_0_clk/A (sky130_fd_sc_hd__clkbuf_16)
     2    0.02    0.04    0.13    0.66 ^ clkbuf_0_clk/X (sky130_fd_sc_hd__clkbuf_16)
                                         clknet_0_clk (net)
                  0.04    0.00    0.66 ^ clkbuf_1_1__f_clk/A (sky130_fd_sc_hd__clkbuf_16)
    13    0.04    0.06    0.14    0.80 ^ clkbuf_1_1__f_clk/X (sky130_fd_sc_hd__clkbuf_16)
                                         clknet_1_1__leaf_clk (net)
                  0.06    0.00    0.80 ^ _243_/CLK (sky130_fd_sc_hd__dfrtp_1)
     3    0.01    0.07    0.39    1.19 v _243_/Q (sky130_fd_sc_hd__dfrtp_1)
                                         seq_timer[3] (net)
                  0.07    0.00    1.19 v _133_/A (sky130_fd_sc_hd__inv_2)
     2    0.01    0.04    0.06    1.25 ^ _133_/Y (sky130_fd_sc_hd__inv_2)
                                         _073_ (net)
                  0.04    0.00    1.25 ^ _220_/B (sky130_fd_sc_hd__nand2_1)
     1    0.00    0.03    0.04    1.29 v _220_/Y (sky130_fd_sc_hd__nand2_1)
                                         _043_ (net)
                  0.03    0.00    1.29 v _222_/A (sky130_fd_sc_hd__nand2_1)
     1    0.00    0.04    0.05    1.34 ^ _222_/Y (sky130_fd_sc_hd__nand2_1)
                                         _045_ (net)
                  0.04    0.00    1.34 ^ _223_/A (sky130_fd_sc_hd__nor2_1)
     1    0.00    0.02    0.04    1.38 v _223_/Y (sky130_fd_sc_hd__nor2_1)
                                         _007_ (net)
                  0.02    0.00    1.38 v _243_/D (sky130_fd_sc_hd__dfrtp_1)
                                  1.38   data arrival time

                          0.00    0.00   clock clk (rise edge)
                          0.50    0.50   clock source latency
     1    0.01    0.05    0.03    0.53 ^ clk (in)
                                         clk (net)
                  0.05    0.00    0.53 ^ clkbuf_0_clk/A (sky130_fd_sc_hd__clkbuf_16)
     2    0.02    0.04    0.13    0.66 ^ clkbuf_0_clk/X (sky130_fd_sc_hd__clkbuf_16)
                                         clknet_0_clk (net)
                  0.04    0.00    0.66 ^ clkbuf_1_1__f_clk/A (sky130_fd_sc_hd__clkbuf_16)
    13    0.04    0.06    0.14    0.80 ^ clkbuf_1_1__f_clk/X (sky130_fd_sc_hd__clkbuf_16)
                                         clknet_1_1__leaf_clk (net)
                  0.06    0.00    0.80 ^ _243_/CLK (sky130_fd_sc_hd__dfrtp_1)
                          0.10    0.90   clock uncertainty
                          0.00    0.90   clock reconvergence pessimism
                         -0.03    0.86   library hold time
                                  0.86   data required time
-----------------------------------------------------------------------------
                                  0.86   data required time
                                 -1.38   data arrival time
-----------------------------------------------------------------------------
                                  0.51   slack (MET)


Startpoint: _256_ (rising edge-triggered flip-flop clocked by clk)
Endpoint: _248_ (rising edge-triggered flip-flop clocked by clk)
Path Group: clk
Path Type: min

Fanout     Cap    Slew   Delay    Time   Description
-----------------------------------------------------------------------------
                          0.00    0.00   clock clk (rise edge)
                          0.50    0.50   clock source latency
     1    0.01    0.05    0.03    0.53 ^ clk (in)
                                         clk (net)
                  0.05    0.00    0.53 ^ clkbuf_0_clk/A (sky130_fd_sc_hd__clkbuf_16)
     2    0.02    0.04    0.13    0.66 ^ clkbuf_0_clk/X (sky130_fd_sc_hd__clkbuf_16)
                                         clknet_0_clk (net)
                  0.04    0.00    0.66 ^ clkbuf_1_0__f_clk/A (sky130_fd_sc_hd__clkbuf_16)
    16    0.04    0.06    0.14    0.80 ^ clkbuf_1_0__f_clk/X (sky130_fd_sc_hd__clkbuf_16)
                                         clknet_1_0__leaf_clk (net)
                  0.06    0.00    0.80 ^ _256_/CLK (sky130_fd_sc_hd__dfrtp_4)
     8    0.03    0.10    0.45    1.25 ^ _256_/Q (sky130_fd_sc_hd__dfrtp_4)
                                         curr_state[0] (net)
                  0.10    0.00    1.25 ^ _188_/A1 (sky130_fd_sc_hd__o21a_1)
     1    0.00    0.04    0.13    1.38 ^ _188_/X (sky130_fd_sc_hd__o21a_1)
                                         _000_ (net)
                  0.04    0.00    1.38 ^ _248_/D (sky130_fd_sc_hd__dfrtp_1)
                                  1.38   data arrival time

                          0.00    0.00   clock clk (rise edge)
                          0.50    0.50   clock source latency
     1    0.01    0.05    0.03    0.53 ^ clk (in)
                                         clk (net)
                  0.05    0.00    0.53 ^ clkbuf_0_clk/A (sky130_fd_sc_hd__clkbuf_16)
     2    0.02    0.04    0.13    0.66 ^ clkbuf_0_clk/X (sky130_fd_sc_hd__clkbuf_16)
                                         clknet_0_clk (net)
                  0.04    0.00    0.66 ^ clkbuf_1_0__f_clk/A (sky130_fd_sc_hd__clkbuf_16)
    16    0.04    0.06    0.14    0.80 ^ clkbuf_1_0__f_clk/X (sky130_fd_sc_hd__clkbuf_16)
                                         clknet_1_0__leaf_clk (net)
                  0.06    0.00    0.80 ^ _248_/CLK (sky130_fd_sc_hd__dfrtp_1)
                          0.10    0.90   clock uncertainty
                          0.00    0.90   clock reconvergence pessimism
                         -0.03    0.87   library hold time
                                  0.87   data required time
-----------------------------------------------------------------------------
                                  0.87   data required time
                                 -1.38   data arrival time
-----------------------------------------------------------------------------
                                  0.51   slack (MET)


Startpoint: _244_ (rising edge-triggered flip-flop clocked by clk)
Endpoint: _244_ (rising edge-triggered flip-flop clocked by clk)
Path Group: clk
Path Type: min

Fanout     Cap    Slew   Delay    Time   Description
-----------------------------------------------------------------------------
                          0.00    0.00   clock clk (rise edge)
                          0.50    0.50   clock source latency
     1    0.01    0.05    0.03    0.53 ^ clk (in)
                                         clk (net)
                  0.05    0.00    0.53 ^ clkbuf_0_clk/A (sky130_fd_sc_hd__clkbuf_16)
     2    0.02    0.04    0.13    0.66 ^ clkbuf_0_clk/X (sky130_fd_sc_hd__clkbuf_16)
                                         clknet_0_clk (net)
                  0.04    0.00    0.66 ^ clkbuf_1_1__f_clk/A (sky130_fd_sc_hd__clkbuf_16)
    13    0.04    0.06    0.14    0.80 ^ clkbuf_1_1__f_clk/X (sky130_fd_sc_hd__clkbuf_16)
                                         clknet_1_1__leaf_clk (net)
                  0.06    0.00    0.80 ^ _244_/CLK (sky130_fd_sc_hd__dfrtp_1)
     3    0.01    0.08    0.35    1.15 ^ _244_/Q (sky130_fd_sc_hd__dfrtp_1)
                                         seq_timer[4] (net)
                  0.08    0.00    1.15 ^ _225_/B (sky130_fd_sc_hd__nand3_1)
     3    0.01    0.09    0.11    1.26 v _225_/Y (sky130_fd_sc_hd__nand3_1)
                                         _047_ (net)
                  0.09    0.00    1.26 v _226_/B (sky130_fd_sc_hd__nand2_1)
     1    0.00    0.04    0.09    1.34 ^ _226_/Y (sky130_fd_sc_hd__nand2_1)
                                         _048_ (net)
                  0.04    0.00    1.34 ^ _227_/A (sky130_fd_sc_hd__nor2_1)
     1    0.00    0.02    0.04    1.38 v _227_/Y (sky130_fd_sc_hd__nor2_1)
                                         _008_ (net)
                  0.02    0.00    1.38 v _244_/D (sky130_fd_sc_hd__dfrtp_1)
                                  1.38   data arrival time

                          0.00    0.00   clock clk (rise edge)
                          0.50    0.50   clock source latency
     1    0.01    0.05    0.03    0.53 ^ clk (in)
                                         clk (net)
                  0.05    0.00    0.53 ^ clkbuf_0_clk/A (sky130_fd_sc_hd__clkbuf_16)
     2    0.02    0.04    0.13    0.66 ^ clkbuf_0_clk/X (sky130_fd_sc_hd__clkbuf_16)
                                         clknet_0_clk (net)
                  0.04    0.00    0.66 ^ clkbuf_1_1__f_clk/A (sky130_fd_sc_hd__clkbuf_16)
    13    0.04    0.06    0.14    0.80 ^ clkbuf_1_1__f_clk/X (sky130_fd_sc_hd__clkbuf_16)
                                         clknet_1_1__leaf_clk (net)
                  0.06    0.00    0.80 ^ _244_/CLK (sky130_fd_sc_hd__dfrtp_1)
                          0.10    0.90   clock uncertainty
                          0.00    0.90   clock reconvergence pessimism
                         -0.03    0.86   library hold time
                                  0.86   data required time
-----------------------------------------------------------------------------
                                  0.86   data required time
                                 -1.38   data arrival time
-----------------------------------------------------------------------------
                                  0.52   slack (MET)


Startpoint: _241_ (rising edge-triggered flip-flop clocked by clk)
Endpoint: _241_ (rising edge-triggered flip-flop clocked by clk)
Path Group: clk
Path Type: min

Fanout     Cap    Slew   Delay    Time   Description
-----------------------------------------------------------------------------
                          0.00    0.00   clock clk (rise edge)
                          0.50    0.50   clock source latency
     1    0.01    0.05    0.03    0.53 ^ clk (in)
                                         clk (net)
                  0.05    0.00    0.53 ^ clkbuf_0_clk/A (sky130_fd_sc_hd__clkbuf_16)
     2    0.02    0.04    0.13    0.66 ^ clkbuf_0_clk/X (sky130_fd_sc_hd__clkbuf_16)
                                         clknet_0_clk (net)
                  0.04    0.00    0.66 ^ clkbuf_1_1__f_clk/A (sky130_fd_sc_hd__clkbuf_16)
    13    0.04    0.06    0.14    0.80 ^ clkbuf_1_1__f_clk/X (sky130_fd_sc_hd__clkbuf_16)
                                         clknet_1_1__leaf_clk (net)
                  0.06    0.00    0.80 ^ _241_/CLK (sky130_fd_sc_hd__dfrtp_1)
     2    0.01    0.09    0.36    1.15 ^ _241_/Q (sky130_fd_sc_hd__dfrtp_1)
                                         seq_timer[1] (net)
                  0.09    0.00    1.15 ^ _130_/A (sky130_fd_sc_hd__inv_2)
     4    0.01    0.03    0.05    1.20 v _130_/Y (sky130_fd_sc_hd__inv_2)
                                         _070_ (net)
                  0.03    0.00    1.20 v _212_/B (sky130_fd_sc_hd__nand2_1)
     1    0.00    0.04    0.06    1.26 ^ _212_/Y (sky130_fd_sc_hd__nand2_1)
                                         _037_ (net)
                  0.04    0.00    1.26 ^ _213_/B (sky130_fd_sc_hd__nand2_1)
     1    0.00    0.03    0.05    1.30 v _213_/Y (sky130_fd_sc_hd__nand2_1)
                                         _038_ (net)
                  0.03    0.00    1.30 v _214_/A (sky130_fd_sc_hd__nor2_1)
     1    0.00    0.07    0.08    1.39 ^ _214_/Y (sky130_fd_sc_hd__nor2_1)
                                         _005_ (net)
                  0.07    0.00    1.39 ^ _241_/D (sky130_fd_sc_hd__dfrtp_1)
                                  1.39   data arrival time

                          0.00    0.00   clock clk (rise edge)
                          0.50    0.50   clock source latency
     1    0.01    0.05    0.03    0.53 ^ clk (in)
                                         clk (net)
                  0.05    0.00    0.53 ^ clkbuf_0_clk/A (sky130_fd_sc_hd__clkbuf_16)
     2    0.02    0.04    0.13    0.66 ^ clkbuf_0_clk/X (sky130_fd_sc_hd__clkbuf_16)
                                         clknet_0_clk (net)
                  0.04    0.00    0.66 ^ clkbuf_1_1__f_clk/A (sky130_fd_sc_hd__clkbuf_16)
    13    0.04    0.06    0.14    0.80 ^ clkbuf_1_1__f_clk/X (sky130_fd_sc_hd__clkbuf_16)
                                         clknet_1_1__leaf_clk (net)
                  0.06    0.00    0.80 ^ _241_/CLK (sky130_fd_sc_hd__dfrtp_1)
                          0.10    0.90   clock uncertainty
                          0.00    0.90   clock reconvergence pessimism
                         -0.04    0.86   library hold time
                                  0.86   data required time
-----------------------------------------------------------------------------
                                  0.86   data required time
                                 -1.39   data arrival time
-----------------------------------------------------------------------------
                                  0.53   slack (MET)


Startpoint: _240_ (rising edge-triggered flip-flop clocked by clk)
Endpoint: _240_ (rising edge-triggered flip-flop clocked by clk)
Path Group: clk
Path Type: min

Fanout     Cap    Slew   Delay    Time   Description
-----------------------------------------------------------------------------
                          0.00    0.00   clock clk (rise edge)
                          0.50    0.50   clock source latency
     1    0.01    0.05    0.03    0.53 ^ clk (in)
                                         clk (net)
                  0.05    0.00    0.53 ^ clkbuf_0_clk/A (sky130_fd_sc_hd__clkbuf_16)
     2    0.02    0.04    0.13    0.66 ^ clkbuf_0_clk/X (sky130_fd_sc_hd__clkbuf_16)
                                         clknet_0_clk (net)
                  0.04    0.00    0.66 ^ clkbuf_1_1__f_clk/A (sky130_fd_sc_hd__clkbuf_16)
    13    0.04    0.06    0.14    0.80 ^ clkbuf_1_1__f_clk/X (sky130_fd_sc_hd__clkbuf_16)
                                         clknet_1_1__leaf_clk (net)
                  0.06    0.00    0.80 ^ _240_/CLK (sky130_fd_sc_hd__dfrtp_1)
     5    0.02    0.15    0.40    1.20 ^ _240_/Q (sky130_fd_sc_hd__dfrtp_1)
                                         seq_timer[0] (net)
                  0.15    0.00    1.20 ^ _202_/B (sky130_fd_sc_hd__nand2_1)
     3    0.01    0.06    0.09    1.29 v _202_/Y (sky130_fd_sc_hd__nand2_1)
                                         _028_ (net)
                  0.06    0.00    1.29 v _203_/B (sky130_fd_sc_hd__nand2_1)
     1    0.00    0.04    0.07    1.36 ^ _203_/Y (sky130_fd_sc_hd__nand2_1)
                                         _029_ (net)
                  0.04    0.00    1.36 ^ _210_/A (sky130_fd_sc_hd__nor2_1)
     1    0.00    0.02    0.04    1.39 v _210_/Y (sky130_fd_sc_hd__nor2_1)
                                         _004_ (net)
                  0.02    0.00    1.39 v _240_/D (sky130_fd_sc_hd__dfrtp_1)
                                  1.39   data arrival time

                          0.00    0.00   clock clk (rise edge)
                          0.50    0.50   clock source latency
     1    0.01    0.05    0.03    0.53 ^ clk (in)
                                         clk (net)
                  0.05    0.00    0.53 ^ clkbuf_0_clk/A (sky130_fd_sc_hd__clkbuf_16)
     2    0.02    0.04    0.13    0.66 ^ clkbuf_0_clk/X (sky130_fd_sc_hd__clkbuf_16)
                                         clknet_0_clk (net)
                  0.04    0.00    0.66 ^ clkbuf_1_1__f_clk/A (sky130_fd_sc_hd__clkbuf_16)
    13    0.04    0.06    0.14    0.80 ^ clkbuf_1_1__f_clk/X (sky130_fd_sc_hd__clkbuf_16)
                                         clknet_1_1__leaf_clk (net)
                  0.06    0.00    0.80 ^ _240_/CLK (sky130_fd_sc_hd__dfrtp_1)
                          0.10    0.90   clock uncertainty
                          0.00    0.90   clock reconvergence pessimism
                         -0.03    0.86   library hold time
                                  0.86   data required time
-----------------------------------------------------------------------------
                                  0.86   data required time
                                 -1.39   data arrival time
-----------------------------------------------------------------------------
                                  0.53   slack (MET)


Startpoint: _242_ (rising edge-triggered flip-flop clocked by clk)
Endpoint: _242_ (rising edge-triggered flip-flop clocked by clk)
Path Group: clk
Path Type: min

Fanout     Cap    Slew   Delay    Time   Description
-----------------------------------------------------------------------------
                          0.00    0.00   clock clk (rise edge)
                          0.50    0.50   clock source latency
     1    0.01    0.05    0.03    0.53 ^ clk (in)
                                         clk (net)
                  0.05    0.00    0.53 ^ clkbuf_0_clk/A (sky130_fd_sc_hd__clkbuf_16)
     2    0.02    0.04    0.13    0.66 ^ clkbuf_0_clk/X (sky130_fd_sc_hd__clkbuf_16)
                                         clknet_0_clk (net)
                  0.04    0.00    0.66 ^ clkbuf_1_1__f_clk/A (sky130_fd_sc_hd__clkbuf_16)
    13    0.04    0.06    0.14    0.80 ^ clkbuf_1_1__f_clk/X (sky130_fd_sc_hd__clkbuf_16)
                                         clknet_1_1__leaf_clk (net)
                  0.06    0.00    0.80 ^ _242_/CLK (sky130_fd_sc_hd__dfrtp_1)
     5    0.01    0.09    0.41    1.21 v _242_/Q (sky130_fd_sc_hd__dfrtp_1)
                                         seq_timer[2] (net)
                  0.09    0.00    1.21 v _215_/A (sky130_fd_sc_hd__inv_2)
     2    0.00    0.04    0.06    1.27 ^ _215_/Y (sky130_fd_sc_hd__inv_2)
                                         _039_ (net)
                  0.04    0.00    1.27 ^ _217_/B (sky130_fd_sc_hd__nand2_1)
     1    0.00    0.03    0.04    1.31 v _217_/Y (sky130_fd_sc_hd__nand2_1)
                                         _041_ (net)
                  0.03    0.00    1.31 v _218_/B (sky130_fd_sc_hd__nand2_1)
     1    0.00    0.04    0.05    1.36 ^ _218_/Y (sky130_fd_sc_hd__nand2_1)
                                         _042_ (net)
                  0.04    0.00    1.36 ^ _219_/A (sky130_fd_sc_hd__nor2_1)
     1    0.00    0.02    0.04    1.40 v _219_/Y (sky130_fd_sc_hd__nor2_1)
                                         _006_ (net)
                  0.02    0.00    1.40 v _242_/D (sky130_fd_sc_hd__dfrtp_1)
                                  1.40   data arrival time

                          0.00    0.00   clock clk (rise edge)
                          0.50    0.50   clock source latency
     1    0.01    0.05    0.03    0.53 ^ clk (in)
                                         clk (net)
                  0.05    0.00    0.53 ^ clkbuf_0_clk/A (sky130_fd_sc_hd__clkbuf_16)
     2    0.02    0.04    0.13    0.66 ^ clkbuf_0_clk/X (sky130_fd_sc_hd__clkbuf_16)
                                         clknet_0_clk (net)
                  0.04    0.00    0.66 ^ clkbuf_1_1__f_clk/A (sky130_fd_sc_hd__clkbuf_16)
    13    0.04    0.06    0.14    0.80 ^ clkbuf_1_1__f_clk/X (sky130_fd_sc_hd__clkbuf_16)
                                         clknet_1_1__leaf_clk (net)
                  0.06    0.00    0.80 ^ _242_/CLK (sky130_fd_sc_hd__dfrtp_1)
                          0.10    0.90   clock uncertainty
                          0.00    0.90   clock reconvergence pessimism
                         -0.03    0.86   library hold time
                                  0.86   data required time
-----------------------------------------------------------------------------
                                  0.86   data required time
                                 -1.40   data arrival time
-----------------------------------------------------------------------------
                                  0.54   slack (MET)


Startpoint: _263_ (rising edge-triggered flip-flop clocked by clk)
Endpoint: _256_ (rising edge-triggered flip-flop clocked by clk)
Path Group: clk
Path Type: min

Fanout     Cap    Slew   Delay    Time   Description
-----------------------------------------------------------------------------
                          0.00    0.00   clock clk (rise edge)
                          0.50    0.50   clock source latency
     1    0.01    0.05    0.03    0.53 ^ clk (in)
                                         clk (net)
                  0.05    0.00    0.53 ^ clkbuf_0_clk/A (sky130_fd_sc_hd__clkbuf_16)
     2    0.02    0.04    0.13    0.66 ^ clkbuf_0_clk/X (sky130_fd_sc_hd__clkbuf_16)
                                         clknet_0_clk (net)
                  0.04    0.00    0.66 ^ clkbuf_1_0__f_clk/A (sky130_fd_sc_hd__clkbuf_16)
    16    0.04    0.06    0.14    0.80 ^ clkbuf_1_0__f_clk/X (sky130_fd_sc_hd__clkbuf_16)
                                         clknet_1_0__leaf_clk (net)
                  0.06    0.00    0.80 ^ _263_/CLK (sky130_fd_sc_hd__dfrtp_1)
     2    0.01    0.09    0.36    1.15 ^ _263_/Q (sky130_fd_sc_hd__dfrtp_1)
                                         wake_up_sync (net)
                  0.09    0.00    1.15 ^ _150_/A (sky130_fd_sc_hd__inv_2)
     3    0.01    0.03    0.05    1.20 v _150_/Y (sky130_fd_sc_hd__inv_2)
                                         _088_ (net)
                  0.03    0.00    1.20 v _151_/B (sky130_fd_sc_hd__nand2_1)
     1    0.00    0.04    0.06    1.26 ^ _151_/Y (sky130_fd_sc_hd__nand2_1)
                                         _089_ (net)
                  0.04    0.00    1.26 ^ _154_/A (sky130_fd_sc_hd__nand2_1)
     2    0.00    0.04    0.05    1.32 v _154_/Y (sky130_fd_sc_hd__nand2_1)
                                         _092_ (net)
                  0.04    0.00    1.32 v _156_/A (sky130_fd_sc_hd__nand2_1)
     2    0.01    0.08    0.08    1.40 ^ _156_/Y (sky130_fd_sc_hd__nand2_1)
                                         _094_ (net)
                  0.08    0.00    1.40 ^ _157_/A (sky130_fd_sc_hd__inv_2)
     1    0.00    0.02    0.03    1.43 v _157_/Y (sky130_fd_sc_hd__inv_2)
                                         next_state[0] (net)
                  0.02    0.00    1.43 v _256_/D (sky130_fd_sc_hd__dfrtp_4)
                                  1.43   data arrival time

                          0.00    0.00   clock clk (rise edge)
                          0.50    0.50   clock source latency
     1    0.01    0.05    0.03    0.53 ^ clk (in)
                                         clk (net)
                  0.05    0.00    0.53 ^ clkbuf_0_clk/A (sky130_fd_sc_hd__clkbuf_16)
     2    0.02    0.04    0.13    0.66 ^ clkbuf_0_clk/X (sky130_fd_sc_hd__clkbuf_16)
                                         clknet_0_clk (net)
                  0.04    0.00    0.66 ^ clkbuf_1_0__f_clk/A (sky130_fd_sc_hd__clkbuf_16)
    16    0.04    0.06    0.14    0.80 ^ clkbuf_1_0__f_clk/X (sky130_fd_sc_hd__clkbuf_16)
                                         clknet_1_0__leaf_clk (net)
                  0.06    0.00    0.80 ^ _256_/CLK (sky130_fd_sc_hd__dfrtp_4)
                          0.10    0.90   clock uncertainty
                          0.00    0.90   clock reconvergence pessimism
                         -0.03    0.87   library hold time
                                  0.87   data required time
-----------------------------------------------------------------------------
                                  0.87   data required time
                                 -1.43   data arrival time
-----------------------------------------------------------------------------
                                  0.56   slack (MET)


Startpoint: _245_ (rising edge-triggered flip-flop clocked by clk)
Endpoint: _245_ (rising edge-triggered flip-flop clocked by clk)
Path Group: clk
Path Type: min

Fanout     Cap    Slew   Delay    Time   Description
-----------------------------------------------------------------------------
                          0.00    0.00   clock clk (rise edge)
                          0.50    0.50   clock source latency
     1    0.01    0.05    0.03    0.53 ^ clk (in)
                                         clk (net)
                  0.05    0.00    0.53 ^ clkbuf_0_clk/A (sky130_fd_sc_hd__clkbuf_16)
     2    0.02    0.04    0.13    0.66 ^ clkbuf_0_clk/X (sky130_fd_sc_hd__clkbuf_16)
                                         clknet_0_clk (net)
                  0.04    0.00    0.66 ^ clkbuf_1_1__f_clk/A (sky130_fd_sc_hd__clkbuf_16)
    13    0.04    0.06    0.14    0.80 ^ clkbuf_1_1__f_clk/X (sky130_fd_sc_hd__clkbuf_16)
                                         clknet_1_1__leaf_clk (net)
                  0.06    0.00    0.80 ^ _245_/CLK (sky130_fd_sc_hd__dfrtp_1)
     2    0.01    0.06    0.38    1.18 v _245_/Q (sky130_fd_sc_hd__dfrtp_1)
                                         seq_timer[5] (net)
                  0.06    0.00    1.18 v _228_/A (sky130_fd_sc_hd__inv_2)
     2    0.01    0.03    0.06    1.23 ^ _228_/Y (sky130_fd_sc_hd__inv_2)
                                         _049_ (net)
                  0.03    0.00    1.23 ^ _230_/B (sky130_fd_sc_hd__nand2_1)
     1    0.00    0.02    0.04    1.27 v _230_/Y (sky130_fd_sc_hd__nand2_1)
                                         _051_ (net)
                  0.02    0.00    1.27 v _231_/B_N (sky130_fd_sc_hd__or2b_1)
     1    0.00    0.04    0.14    1.41 ^ _231_/X (sky130_fd_sc_hd__or2b_1)
                                         _052_ (net)
                  0.04    0.00    1.41 ^ _232_/A (sky130_fd_sc_hd__nor2_1)
     1    0.00    0.02    0.04    1.44 v _232_/Y (sky130_fd_sc_hd__nor2_1)
                                         _009_ (net)
                  0.02    0.00    1.44 v _245_/D (sky130_fd_sc_hd__dfrtp_1)
                                  1.44   data arrival time

                          0.00    0.00   clock clk (rise edge)
                          0.50    0.50   clock source latency
     1    0.01    0.05    0.03    0.53 ^ clk (in)
                                         clk (net)
                  0.05    0.00    0.53 ^ clkbuf_0_clk/A (sky130_fd_sc_hd__clkbuf_16)
     2    0.02    0.04    0.13    0.66 ^ clkbuf_0_clk/X (sky130_fd_sc_hd__clkbuf_16)
                                         clknet_0_clk (net)
                  0.04    0.00    0.66 ^ clkbuf_1_1__f_clk/A (sky130_fd_sc_hd__clkbuf_16)
    13    0.04    0.06    0.14    0.80 ^ clkbuf_1_1__f_clk/X (sky130_fd_sc_hd__clkbuf_16)
                                         clknet_1_1__leaf_clk (net)
                  0.06    0.00    0.80 ^ _245_/CLK (sky130_fd_sc_hd__dfrtp_1)
                          0.10    0.90   clock uncertainty
                          0.00    0.90   clock reconvergence pessimism
                         -0.03    0.86   library hold time
                                  0.86   data required time
-----------------------------------------------------------------------------
                                  0.86   data required time
                                 -1.44   data arrival time
-----------------------------------------------------------------------------
                                  0.58   slack (MET)


Startpoint: _264_ (rising edge-triggered flip-flop clocked by clk)
Endpoint: _258_ (rising edge-triggered flip-flop clocked by clk)
Path Group: clk
Path Type: min

Fanout     Cap    Slew   Delay    Time   Description
-----------------------------------------------------------------------------
                          0.00    0.00   clock clk (rise edge)
                          0.50    0.50   clock source latency
     1    0.01    0.05    0.03    0.53 ^ clk (in)
                                         clk (net)
                  0.05    0.00    0.53 ^ clkbuf_0_clk/A (sky130_fd_sc_hd__clkbuf_16)
     2    0.02    0.04    0.13    0.66 ^ clkbuf_0_clk/X (sky130_fd_sc_hd__clkbuf_16)
                                         clknet_0_clk (net)
                  0.04    0.00    0.66 ^ clkbuf_1_0__f_clk/A (sky130_fd_sc_hd__clkbuf_16)
    16    0.04    0.06    0.14    0.80 ^ clkbuf_1_0__f_clk/X (sky130_fd_sc_hd__clkbuf_16)
                                         clknet_1_0__leaf_clk (net)
                  0.06    0.00    0.80 ^ _264_/CLK (sky130_fd_sc_hd__dfrtp_1)
     2    0.01    0.09    0.36    1.15 ^ _264_/Q (sky130_fd_sc_hd__dfrtp_1)
                                         req_off_sync (net)
                  0.09    0.00    1.15 ^ _184_/C (sky130_fd_sc_hd__nand3_1)
     1    0.00    0.07    0.09    1.25 v _184_/Y (sky130_fd_sc_hd__nand3_1)
                                         _019_ (net)
                  0.07    0.00    1.25 v _185_/C1 (sky130_fd_sc_hd__o211ai_2)
     2    0.01    0.08    0.08    1.33 ^ _185_/Y (sky130_fd_sc_hd__o211ai_2)
                                         _020_ (net)
                  0.08    0.00    1.33 ^ _186_/B1 (sky130_fd_sc_hd__a21oi_1)
     2    0.01    0.04    0.06    1.39 v _186_/Y (sky130_fd_sc_hd__a21oi_1)
                                         _021_ (net)
                  0.04    0.00    1.39 v _187_/B (sky130_fd_sc_hd__nand2_1)
     1    0.00    0.03    0.06    1.45 ^ _187_/Y (sky130_fd_sc_hd__nand2_1)
                                         next_state[2] (net)
                  0.03    0.00    1.45 ^ _258_/D (sky130_fd_sc_hd__dfrtp_4)
                                  1.45   data arrival time

                          0.00    0.00   clock clk (rise edge)
                          0.50    0.50   clock source latency
     1    0.01    0.05    0.03    0.53 ^ clk (in)
                                         clk (net)
                  0.05    0.00    0.53 ^ clkbuf_0_clk/A (sky130_fd_sc_hd__clkbuf_16)
     2    0.02    0.04    0.13    0.66 ^ clkbuf_0_clk/X (sky130_fd_sc_hd__clkbuf_16)
                                         clknet_0_clk (net)
                  0.04    0.00    0.66 ^ clkbuf_1_0__f_clk/A (sky130_fd_sc_hd__clkbuf_16)
    16    0.04    0.06    0.14    0.80 ^ clkbuf_1_0__f_clk/X (sky130_fd_sc_hd__clkbuf_16)
                                         clknet_1_0__leaf_clk (net)
                  0.06    0.00    0.80 ^ _258_/CLK (sky130_fd_sc_hd__dfrtp_4)
                          0.10    0.90   clock uncertainty
                          0.00    0.90   clock reconvergence pessimism
                         -0.03    0.87   library hold time
                                  0.87   data required time
-----------------------------------------------------------------------------
                                  0.87   data required time
                                 -1.45   data arrival time
-----------------------------------------------------------------------------
                                  0.58   slack (MET)


Startpoint: _242_ (rising edge-triggered flip-flop clocked by clk)
Endpoint: _252_ (rising edge-triggered flip-flop clocked by clk)
Path Group: clk
Path Type: min

Fanout     Cap    Slew   Delay    Time   Description
-----------------------------------------------------------------------------
                          0.00    0.00   clock clk (rise edge)
                          0.50    0.50   clock source latency
     1    0.01    0.05    0.03    0.53 ^ clk (in)
                                         clk (net)
                  0.05    0.00    0.53 ^ clkbuf_0_clk/A (sky130_fd_sc_hd__clkbuf_16)
     2    0.02    0.04    0.13    0.66 ^ clkbuf_0_clk/X (sky130_fd_sc_hd__clkbuf_16)
                                         clknet_0_clk (net)
                  0.04    0.00    0.66 ^ clkbuf_1_1__f_clk/A (sky130_fd_sc_hd__clkbuf_16)
    13    0.04    0.06    0.14    0.80 ^ clkbuf_1_1__f_clk/X (sky130_fd_sc_hd__clkbuf_16)
                                         clknet_1_1__leaf_clk (net)
                  0.06    0.00    0.80 ^ _242_/CLK (sky130_fd_sc_hd__dfrtp_1)
     5    0.01    0.14    0.40    1.19 ^ _242_/Q (sky130_fd_sc_hd__dfrtp_1)
                                         seq_timer[2] (net)
                  0.14    0.00    1.19 ^ _135_/A (sky130_fd_sc_hd__or3_1)
     1    0.01    0.06    0.14    1.34 ^ _135_/X (sky130_fd_sc_hd__or3_1)
                                         _075_ (net)
                  0.06    0.00    1.34 ^ _136_/A (sky130_fd_sc_hd__inv_2)
     3    0.01    0.03    0.04    1.38 v _136_/Y (sky130_fd_sc_hd__inv_2)
                                         _076_ (net)
                  0.03    0.00    1.38 v _137_/B (sky130_fd_sc_hd__nor2_1)
     1    0.00    0.07    0.07    1.45 ^ _137_/Y (sky130_fd_sc_hd__nor2_1)
                                         _114_ (net)
                  0.07    0.00    1.45 ^ _252_/D (sky130_fd_sc_hd__dfrtp_1)
                                  1.45   data arrival time

                          0.00    0.00   clock clk (rise edge)
                          0.50    0.50   clock source latency
     1    0.01    0.05    0.03    0.53 ^ clk (in)
                                         clk (net)
                  0.05    0.00    0.53 ^ clkbuf_0_clk/A (sky130_fd_sc_hd__clkbuf_16)
     2    0.02    0.04    0.13    0.66 ^ clkbuf_0_clk/X (sky130_fd_sc_hd__clkbuf_16)
                                         clknet_0_clk (net)
                  0.04    0.00    0.66 ^ clkbuf_1_0__f_clk/A (sky130_fd_sc_hd__clkbuf_16)
    16    0.04    0.06    0.14    0.80 ^ clkbuf_1_0__f_clk/X (sky130_fd_sc_hd__clkbuf_16)
                                         clknet_1_0__leaf_clk (net)
                  0.06    0.00    0.80 ^ _252_/CLK (sky130_fd_sc_hd__dfrtp_1)
                          0.10    0.90   clock uncertainty
                          0.00    0.90   clock reconvergence pessimism
                         -0.04    0.86   library hold time
                                  0.86   data required time
-----------------------------------------------------------------------------
                                  0.86   data required time
                                 -1.45   data arrival time
-----------------------------------------------------------------------------
                                  0.59   slack (MET)


Startpoint: _263_ (rising edge-triggered flip-flop clocked by clk)
Endpoint: _257_ (rising edge-triggered flip-flop clocked by clk)
Path Group: clk
Path Type: min

Fanout     Cap    Slew   Delay    Time   Description
-----------------------------------------------------------------------------
                          0.00    0.00   clock clk (rise edge)
                          0.50    0.50   clock source latency
     1    0.01    0.05    0.03    0.53 ^ clk (in)
                                         clk (net)
                  0.05    0.00    0.53 ^ clkbuf_0_clk/A (sky130_fd_sc_hd__clkbuf_16)
     2    0.02    0.04    0.13    0.66 ^ clkbuf_0_clk/X (sky130_fd_sc_hd__clkbuf_16)
                                         clknet_0_clk (net)
                  0.04    0.00    0.66 ^ clkbuf_1_0__f_clk/A (sky130_fd_sc_hd__clkbuf_16)
    16    0.04    0.06    0.14    0.80 ^ clkbuf_1_0__f_clk/X (sky130_fd_sc_hd__clkbuf_16)
                                         clknet_1_0__leaf_clk (net)
                  0.06    0.00    0.80 ^ _263_/CLK (sky130_fd_sc_hd__dfrtp_1)
     2    0.01    0.09    0.36    1.15 ^ _263_/Q (sky130_fd_sc_hd__dfrtp_1)
                                         wake_up_sync (net)
                  0.09    0.00    1.15 ^ _173_/A2 (sky130_fd_sc_hd__o311a_1)
     1    0.00    0.04    0.16    1.31 ^ _173_/X (sky130_fd_sc_hd__o311a_1)
                                         _110_ (net)
                  0.04    0.00    1.31 ^ _174_/C (sky130_fd_sc_hd__or3_1)
     1    0.00    0.04    0.09    1.40 ^ _174_/X (sky130_fd_sc_hd__or3_1)
                                         _111_ (net)
                  0.04    0.00    1.40 ^ _175_/A (sky130_fd_sc_hd__clkbuf_1)
     1    0.00    0.05    0.08    1.48 ^ _175_/X (sky130_fd_sc_hd__clkbuf_1)
                                         next_state[1] (net)
                  0.05    0.00    1.48 ^ _257_/D (sky130_fd_sc_hd__dfrtp_1)
                                  1.48   data arrival time

                          0.00    0.00   clock clk (rise edge)
                          0.50    0.50   clock source latency
     1    0.01    0.05    0.03    0.53 ^ clk (in)
                                         clk (net)
                  0.05    0.00    0.53 ^ clkbuf_0_clk/A (sky130_fd_sc_hd__clkbuf_16)
     2    0.02    0.04    0.13    0.66 ^ clkbuf_0_clk/X (sky130_fd_sc_hd__clkbuf_16)
                                         clknet_0_clk (net)
                  0.04    0.00    0.66 ^ clkbuf_1_0__f_clk/A (sky130_fd_sc_hd__clkbuf_16)
    16    0.04    0.06    0.14    0.80 ^ clkbuf_1_0__f_clk/X (sky130_fd_sc_hd__clkbuf_16)
                                         clknet_1_0__leaf_clk (net)
                  0.06    0.00    0.80 ^ _257_/CLK (sky130_fd_sc_hd__dfrtp_1)
                          0.10    0.90   clock uncertainty
                          0.00    0.90   clock reconvergence pessimism
                         -0.03    0.86   library hold time
                                  0.86   data required time
-----------------------------------------------------------------------------
                                  0.86   data required time
                                 -1.48   data arrival time
-----------------------------------------------------------------------------
                                  0.61   slack (MET)


Startpoint: _258_ (rising edge-triggered flip-flop clocked by clk)
Endpoint: _253_ (rising edge-triggered flip-flop clocked by clk)
Path Group: clk
Path Type: min

Fanout     Cap    Slew   Delay    Time   Description
-----------------------------------------------------------------------------
                          0.00    0.00   clock clk (rise edge)
                          0.50    0.50   clock source latency
     1    0.01    0.05    0.03    0.53 ^ clk (in)
                                         clk (net)
                  0.05    0.00    0.53 ^ clkbuf_0_clk/A (sky130_fd_sc_hd__clkbuf_16)
     2    0.02    0.04    0.13    0.66 ^ clkbuf_0_clk/X (sky130_fd_sc_hd__clkbuf_16)
                                         clknet_0_clk (net)
                  0.04    0.00    0.66 ^ clkbuf_1_0__f_clk/A (sky130_fd_sc_hd__clkbuf_16)
    16    0.04    0.06    0.14    0.80 ^ clkbuf_1_0__f_clk/X (sky130_fd_sc_hd__clkbuf_16)
                                         clknet_1_0__leaf_clk (net)
                  0.06    0.00    0.80 ^ _258_/CLK (sky130_fd_sc_hd__dfrtp_4)
     8    0.04    0.13    0.47    1.27 ^ _258_/Q (sky130_fd_sc_hd__dfrtp_4)
                                         curr_state[2] (net)
                  0.13    0.00    1.27 ^ _192_/A (sky130_fd_sc_hd__nor2_1)
     2    0.00    0.04    0.07    1.35 v _192_/Y (sky130_fd_sc_hd__nor2_1)
                                         _023_ (net)
                  0.04    0.00    1.35 v _196_/B1 (sky130_fd_sc_hd__a21o_1)
     1    0.00    0.03    0.14    1.49 v _196_/X (sky130_fd_sc_hd__a21o_1)
                                         _115_ (net)
                  0.03    0.00    1.49 v _253_/D (sky130_fd_sc_hd__dfrtp_1)
                                  1.49   data arrival time

                          0.00    0.00   clock clk (rise edge)
                          0.50    0.50   clock source latency
     1    0.01    0.05    0.03    0.53 ^ clk (in)
                                         clk (net)
                  0.05    0.00    0.53 ^ clkbuf_0_clk/A (sky130_fd_sc_hd__clkbuf_16)
     2    0.02    0.04    0.13    0.66 ^ clkbuf_0_clk/X (sky130_fd_sc_hd__clkbuf_16)
                                         clknet_0_clk (net)
                  0.04    0.00    0.66 ^ clkbuf_1_1__f_clk/A (sky130_fd_sc_hd__clkbuf_16)
    13    0.04    0.06    0.14    0.80 ^ clkbuf_1_1__f_clk/X (sky130_fd_sc_hd__clkbuf_16)
                                         clknet_1_1__leaf_clk (net)
                  0.06    0.00    0.80 ^ _253_/CLK (sky130_fd_sc_hd__dfrtp_1)
                          0.10    0.90   clock uncertainty
                          0.00    0.90   clock reconvergence pessimism
                         -0.04    0.86   library hold time
                                  0.86   data required time
-----------------------------------------------------------------------------
                                  0.86   data required time
                                 -1.49   data arrival time
-----------------------------------------------------------------------------
                                  0.63   slack (MET)


Startpoint: _242_ (rising edge-triggered flip-flop clocked by clk)
Endpoint: _250_ (rising edge-triggered flip-flop clocked by clk)
Path Group: clk
Path Type: min

Fanout     Cap    Slew   Delay    Time   Description
-----------------------------------------------------------------------------
                          0.00    0.00   clock clk (rise edge)
                          0.50    0.50   clock source latency
     1    0.01    0.05    0.03    0.53 ^ clk (in)
                                         clk (net)
                  0.05    0.00    0.53 ^ clkbuf_0_clk/A (sky130_fd_sc_hd__clkbuf_16)
     2    0.02    0.04    0.13    0.66 ^ clkbuf_0_clk/X (sky130_fd_sc_hd__clkbuf_16)
                                         clknet_0_clk (net)
                  0.04    0.00    0.66 ^ clkbuf_1_1__f_clk/A (sky130_fd_sc_hd__clkbuf_16)
    13    0.04    0.06    0.14    0.80 ^ clkbuf_1_1__f_clk/X (sky130_fd_sc_hd__clkbuf_16)
                                         clknet_1_1__leaf_clk (net)
                  0.06    0.00    0.80 ^ _242_/CLK (sky130_fd_sc_hd__dfrtp_1)
     5    0.01    0.14    0.40    1.19 ^ _242_/Q (sky130_fd_sc_hd__dfrtp_1)
                                         seq_timer[2] (net)
                  0.14    0.00    1.19 ^ _135_/A (sky130_fd_sc_hd__or3_1)
     1    0.01    0.06    0.14    1.34 ^ _135_/X (sky130_fd_sc_hd__or3_1)
                                         _075_ (net)
                  0.06    0.00    1.34 ^ _136_/A (sky130_fd_sc_hd__inv_2)
     3    0.01    0.03    0.04    1.38 v _136_/Y (sky130_fd_sc_hd__inv_2)
                                         _076_ (net)
                  0.03    0.00    1.38 v _197_/A2 (sky130_fd_sc_hd__o21ai_1)
     1    0.00    0.08    0.11    1.49 ^ _197_/Y (sky130_fd_sc_hd__o21ai_1)
                                         _116_ (net)
                  0.08    0.00    1.49 ^ _250_/D (sky130_fd_sc_hd__dfrtp_1)
                                  1.49   data arrival time

                          0.00    0.00   clock clk (rise edge)
                          0.50    0.50   clock source latency
     1    0.01    0.05    0.03    0.53 ^ clk (in)
                                         clk (net)
                  0.05    0.00    0.53 ^ clkbuf_0_clk/A (sky130_fd_sc_hd__clkbuf_16)
     2    0.02    0.04    0.13    0.66 ^ clkbuf_0_clk/X (sky130_fd_sc_hd__clkbuf_16)
                                         clknet_0_clk (net)
                  0.04    0.00    0.66 ^ clkbuf_1_0__f_clk/A (sky130_fd_sc_hd__clkbuf_16)
    16    0.04    0.06    0.14    0.80 ^ clkbuf_1_0__f_clk/X (sky130_fd_sc_hd__clkbuf_16)
                                         clknet_1_0__leaf_clk (net)
                  0.06    0.00    0.80 ^ _250_/CLK (sky130_fd_sc_hd__dfrtp_1)
                          0.10    0.90   clock uncertainty
                          0.00    0.90   clock reconvergence pessimism
                         -0.04    0.86   library hold time
                                  0.86   data required time
-----------------------------------------------------------------------------
                                  0.86   data required time
                                 -1.49   data arrival time
-----------------------------------------------------------------------------
                                  0.63   slack (MET)


Startpoint: _256_ (rising edge-triggered flip-flop clocked by clk)
Endpoint: _255_ (rising edge-triggered flip-flop clocked by clk)
Path Group: clk
Path Type: min

Fanout     Cap    Slew   Delay    Time   Description
-----------------------------------------------------------------------------
                          0.00    0.00   clock clk (rise edge)
                          0.50    0.50   clock source latency
     1    0.01    0.05    0.03    0.53 ^ clk (in)
                                         clk (net)
                  0.05    0.00    0.53 ^ clkbuf_0_clk/A (sky130_fd_sc_hd__clkbuf_16)
     2    0.02    0.04    0.13    0.66 ^ clkbuf_0_clk/X (sky130_fd_sc_hd__clkbuf_16)
                                         clknet_0_clk (net)
                  0.04    0.00    0.66 ^ clkbuf_1_0__f_clk/A (sky130_fd_sc_hd__clkbuf_16)
    16    0.04    0.06    0.14    0.80 ^ clkbuf_1_0__f_clk/X (sky130_fd_sc_hd__clkbuf_16)
                                         clknet_1_0__leaf_clk (net)
                  0.06    0.00    0.80 ^ _256_/CLK (sky130_fd_sc_hd__dfrtp_4)
     8    0.03    0.10    0.45    1.25 ^ _256_/Q (sky130_fd_sc_hd__dfrtp_4)
                                         curr_state[0] (net)
                  0.10    0.00    1.25 ^ _153_/B (sky130_fd_sc_hd__nand2_1)
     3    0.01    0.08    0.10    1.35 v _153_/Y (sky130_fd_sc_hd__nand2_1)
                                         _091_ (net)
                  0.08    0.00    1.35 v _179_/A (sky130_fd_sc_hd__inv_2)
     2    0.01    0.04    0.06    1.41 ^ _179_/Y (sky130_fd_sc_hd__inv_2)
                                         _015_ (net)
                  0.04    0.00    1.41 ^ _194_/A (sky130_fd_sc_hd__or3b_1)
     1    0.00    0.05    0.10    1.52 ^ _194_/X (sky130_fd_sc_hd__or3b_1)
                                         _025_ (net)
                  0.05    0.00    1.52 ^ _195_/A (sky130_fd_sc_hd__clkbuf_1)
     1    0.00    0.04    0.08    1.60 ^ _195_/X (sky130_fd_sc_hd__clkbuf_1)
                                         _113_ (net)
                  0.04    0.00    1.60 ^ _255_/D (sky130_fd_sc_hd__dfrtp_1)
                                  1.60   data arrival time

                          0.00    0.00   clock clk (rise edge)
                          0.50    0.50   clock source latency
     1    0.01    0.05    0.03    0.53 ^ clk (in)
                                         clk (net)
                  0.05    0.00    0.53 ^ clkbuf_0_clk/A (sky130_fd_sc_hd__clkbuf_16)
     2    0.02    0.04    0.13    0.66 ^ clkbuf_0_clk/X (sky130_fd_sc_hd__clkbuf_16)
                                         clknet_0_clk (net)
                  0.04    0.00    0.66 ^ clkbuf_1_1__f_clk/A (sky130_fd_sc_hd__clkbuf_16)
    13    0.04    0.06    0.14    0.80 ^ clkbuf_1_1__f_clk/X (sky130_fd_sc_hd__clkbuf_16)
                                         clknet_1_1__leaf_clk (net)
                  0.06    0.00    0.80 ^ _255_/CLK (sky130_fd_sc_hd__dfrtp_1)
                          0.10    0.90   clock uncertainty
                          0.00    0.90   clock reconvergence pessimism
                         -0.03    0.86   library hold time
                                  0.86   data required time
-----------------------------------------------------------------------------
                                  0.86   data required time
                                 -1.60   data arrival time
-----------------------------------------------------------------------------
                                  0.73   slack (MET)


Startpoint: _255_ (rising edge-triggered flip-flop clocked by clk)
Endpoint: pwr_state[1] (output port clocked by clk)
Path Group: clk
Path Type: min

Fanout     Cap    Slew   Delay    Time   Description
-----------------------------------------------------------------------------
                          0.00    0.00   clock clk (rise edge)
                          0.50    0.50   clock source latency
     1    0.01    0.05    0.03    0.53 ^ clk (in)
                                         clk (net)
                  0.05    0.00    0.53 ^ clkbuf_0_clk/A (sky130_fd_sc_hd__clkbuf_16)
     2    0.02    0.04    0.13    0.66 ^ clkbuf_0_clk/X (sky130_fd_sc_hd__clkbuf_16)
                                         clknet_0_clk (net)
                  0.04    0.00    0.66 ^ clkbuf_1_1__f_clk/A (sky130_fd_sc_hd__clkbuf_16)
    13    0.04    0.06    0.14    0.80 ^ clkbuf_1_1__f_clk/X (sky130_fd_sc_hd__clkbuf_16)
                                         clknet_1_1__leaf_clk (net)
                  0.06    0.00    0.80 ^ _255_/CLK (sky130_fd_sc_hd__dfrtp_1)
     1    0.00    0.04    0.32    1.11 ^ _255_/Q (sky130_fd_sc_hd__dfrtp_1)
                                         net13 (net)
                  0.04    0.00    1.11 ^ output13/A (sky130_fd_sc_hd__clkbuf_2)
     1    0.02    0.12    0.16    1.27 ^ output13/X (sky130_fd_sc_hd__clkbuf_2)
                                         pwr_state[1] (net)
                  0.12    0.00    1.27 ^ pwr_state[1] (out)
                                  1.27   data arrival time

                          0.00    0.00   clock clk (rise edge)
                          0.50    0.50   clock network delay (propagated)
                          0.10    0.60   clock uncertainty
                          0.00    0.60   clock reconvergence pessimism
                         -0.50    0.10   output external delay
                                  0.10   data required time
-----------------------------------------------------------------------------
                                  0.10   data required time
                                 -1.27   data arrival time
-----------------------------------------------------------------------------
                                  1.17   slack (MET)


Startpoint: _254_ (rising edge-triggered flip-flop clocked by clk)
Endpoint: pwr_state[0] (output port clocked by clk)
Path Group: clk
Path Type: min

Fanout     Cap    Slew   Delay    Time   Description
-----------------------------------------------------------------------------
                          0.00    0.00   clock clk (rise edge)
                          0.50    0.50   clock source latency
     1    0.01    0.05    0.03    0.53 ^ clk (in)
                                         clk (net)
                  0.05    0.00    0.53 ^ clkbuf_0_clk/A (sky130_fd_sc_hd__clkbuf_16)
     2    0.02    0.04    0.13    0.66 ^ clkbuf_0_clk/X (sky130_fd_sc_hd__clkbuf_16)
                                         clknet_0_clk (net)
                  0.04    0.00    0.66 ^ clkbuf_1_1__f_clk/A (sky130_fd_sc_hd__clkbuf_16)
    13    0.04    0.06    0.14    0.80 ^ clkbuf_1_1__f_clk/X (sky130_fd_sc_hd__clkbuf_16)
                                         clknet_1_1__leaf_clk (net)
                  0.06    0.00    0.80 ^ _254_/CLK (sky130_fd_sc_hd__dfrtp_1)
     1    0.00    0.05    0.32    1.11 ^ _254_/Q (sky130_fd_sc_hd__dfrtp_1)
                                         net12 (net)
                  0.05    0.00    1.11 ^ output12/A (sky130_fd_sc_hd__clkbuf_2)
     1    0.02    0.12    0.16    1.27 ^ output12/X (sky130_fd_sc_hd__clkbuf_2)
                                         pwr_state[0] (net)
                  0.12    0.00    1.27 ^ pwr_state[0] (out)
                                  1.27   data arrival time

                          0.00    0.00   clock clk (rise edge)
                          0.50    0.50   clock network delay (propagated)
                          0.10    0.60   clock uncertainty
                          0.00    0.60   clock reconvergence pessimism
                         -0.50    0.10   output external delay
                                  0.10   data required time
-----------------------------------------------------------------------------
                                  0.10   data required time
                                 -1.27   data arrival time
-----------------------------------------------------------------------------
                                  1.17   slack (MET)


Startpoint: _239_ (rising edge-triggered flip-flop clocked by clk)
Endpoint: dvfs_ctrl[1] (output port clocked by clk)
Path Group: clk
Path Type: min

Fanout     Cap    Slew   Delay    Time   Description
-----------------------------------------------------------------------------
                          0.00    0.00   clock clk (rise edge)
                          0.50    0.50   clock source latency
     1    0.01    0.05    0.03    0.53 ^ clk (in)
                                         clk (net)
                  0.05    0.00    0.53 ^ clkbuf_0_clk/A (sky130_fd_sc_hd__clkbuf_16)
     2    0.02    0.04    0.13    0.66 ^ clkbuf_0_clk/X (sky130_fd_sc_hd__clkbuf_16)
                                         clknet_0_clk (net)
                  0.04    0.00    0.66 ^ clkbuf_1_1__f_clk/A (sky130_fd_sc_hd__clkbuf_16)
    13    0.04    0.06    0.14    0.80 ^ clkbuf_1_1__f_clk/X (sky130_fd_sc_hd__clkbuf_16)
                                         clknet_1_1__leaf_clk (net)
                  0.06    0.00    0.80 ^ _239_/CLK (sky130_fd_sc_hd__dfstp_1)
     1    0.00    0.03    0.35    1.15 v _239_/Q (sky130_fd_sc_hd__dfstp_1)
                                         net9 (net)
                  0.03    0.00    1.15 v output9/A (sky130_fd_sc_hd__clkbuf_2)
     1    0.02    0.08    0.14    1.29 v output9/X (sky130_fd_sc_hd__clkbuf_2)
                                         dvfs_ctrl[1] (net)
                  0.08    0.00    1.29 v dvfs_ctrl[1] (out)
                                  1.29   data arrival time

                          0.00    0.00   clock clk (rise edge)
                          0.50    0.50   clock network delay (propagated)
                          0.10    0.60   clock uncertainty
                          0.00    0.60   clock reconvergence pessimism
                         -0.50    0.10   output external delay
                                  0.10   data required time
-----------------------------------------------------------------------------
                                  0.10   data required time
                                 -1.29   data arrival time
-----------------------------------------------------------------------------
                                  1.19   slack (MET)


Startpoint: _253_ (rising edge-triggered flip-flop clocked by clk)
Endpoint: reset_ctrl (output port clocked by clk)
Path Group: clk
Path Type: min

Fanout     Cap    Slew   Delay    Time   Description
-----------------------------------------------------------------------------
                          0.00    0.00   clock clk (rise edge)
                          0.50    0.50   clock source latency
     1    0.01    0.05    0.03    0.53 ^ clk (in)
                                         clk (net)
                  0.05    0.00    0.53 ^ clkbuf_0_clk/A (sky130_fd_sc_hd__clkbuf_16)
     2    0.02    0.04    0.13    0.66 ^ clkbuf_0_clk/X (sky130_fd_sc_hd__clkbuf_16)
                                         clknet_0_clk (net)
                  0.04    0.00    0.66 ^ clkbuf_1_1__f_clk/A (sky130_fd_sc_hd__clkbuf_16)
    13    0.04    0.06    0.14    0.80 ^ clkbuf_1_1__f_clk/X (sky130_fd_sc_hd__clkbuf_16)
                                         clknet_1_1__leaf_clk (net)
                  0.06    0.00    0.80 ^ _253_/CLK (sky130_fd_sc_hd__dfrtp_1)
     1    0.00    0.04    0.31    1.11 ^ _253_/Q (sky130_fd_sc_hd__dfrtp_1)
                                         net14 (net)
                  0.04    0.00    1.11 ^ output14/A (sky130_fd_sc_hd__buf_2)
     1    0.03    0.15    0.18    1.29 ^ output14/X (sky130_fd_sc_hd__buf_2)
                                         reset_ctrl (net)
                  0.15    0.00    1.29 ^ reset_ctrl (out)
                                  1.29   data arrival time

                          0.00    0.00   clock clk (rise edge)
                          0.50    0.50   clock network delay (propagated)
                          0.10    0.60   clock uncertainty
                          0.00    0.60   clock reconvergence pessimism
                         -0.50    0.10   output external delay
                                  0.10   data required time
-----------------------------------------------------------------------------
                                  0.10   data required time
                                 -1.29   data arrival time
-----------------------------------------------------------------------------
                                  1.19   slack (MET)


Startpoint: _252_ (rising edge-triggered flip-flop clocked by clk)
Endpoint: retention_restore (output port clocked by clk)
Path Group: clk
Path Type: min

Fanout     Cap    Slew   Delay    Time   Description
-----------------------------------------------------------------------------
                          0.00    0.00   clock clk (rise edge)
                          0.50    0.50   clock source latency
     1    0.01    0.05    0.03    0.53 ^ clk (in)
                                         clk (net)
                  0.05    0.00    0.53 ^ clkbuf_0_clk/A (sky130_fd_sc_hd__clkbuf_16)
     2    0.02    0.04    0.13    0.66 ^ clkbuf_0_clk/X (sky130_fd_sc_hd__clkbuf_16)
                                         clknet_0_clk (net)
                  0.04    0.00    0.66 ^ clkbuf_1_0__f_clk/A (sky130_fd_sc_hd__clkbuf_16)
    16    0.04    0.06    0.14    0.80 ^ clkbuf_1_0__f_clk/X (sky130_fd_sc_hd__clkbuf_16)
                                         clknet_1_0__leaf_clk (net)
                  0.06    0.00    0.80 ^ _252_/CLK (sky130_fd_sc_hd__dfrtp_1)
     1    0.00    0.04    0.31    1.11 ^ _252_/Q (sky130_fd_sc_hd__dfrtp_1)
                                         net16 (net)
                  0.04    0.00    1.11 ^ output16/A (sky130_fd_sc_hd__buf_2)
     1    0.03    0.15    0.18    1.29 ^ output16/X (sky130_fd_sc_hd__buf_2)
                                         retention_restore (net)
                  0.15    0.00    1.29 ^ retention_restore (out)
                                  1.29   data arrival time

                          0.00    0.00   clock clk (rise edge)
                          0.50    0.50   clock network delay (propagated)
                          0.10    0.60   clock uncertainty
                          0.00    0.60   clock reconvergence pessimism
                         -0.50    0.10   output external delay
                                  0.10   data required time
-----------------------------------------------------------------------------
                                  0.10   data required time
                                 -1.29   data arrival time
-----------------------------------------------------------------------------
                                  1.19   slack (MET)


Startpoint: _251_ (rising edge-triggered flip-flop clocked by clk)
Endpoint: retention_save (output port clocked by clk)
Path Group: clk
Path Type: min

Fanout     Cap    Slew   Delay    Time   Description
-----------------------------------------------------------------------------
                          0.00    0.00   clock clk (rise edge)
                          0.50    0.50   clock source latency
     1    0.01    0.05    0.03    0.53 ^ clk (in)
                                         clk (net)
                  0.05    0.00    0.53 ^ clkbuf_0_clk/A (sky130_fd_sc_hd__clkbuf_16)
     2    0.02    0.04    0.13    0.66 ^ clkbuf_0_clk/X (sky130_fd_sc_hd__clkbuf_16)
                                         clknet_0_clk (net)
                  0.04    0.00    0.66 ^ clkbuf_1_0__f_clk/A (sky130_fd_sc_hd__clkbuf_16)
    16    0.04    0.06    0.14    0.80 ^ clkbuf_1_0__f_clk/X (sky130_fd_sc_hd__clkbuf_16)
                                         clknet_1_0__leaf_clk (net)
                  0.06    0.00    0.80 ^ _251_/CLK (sky130_fd_sc_hd__dfrtp_1)
     1    0.00    0.04    0.31    1.11 ^ _251_/Q (sky130_fd_sc_hd__dfrtp_1)
                                         net17 (net)
                  0.04    0.00    1.11 ^ output17/A (sky130_fd_sc_hd__buf_2)
     1    0.03    0.15    0.19    1.29 ^ output17/X (sky130_fd_sc_hd__buf_2)
                                         retention_save (net)
                  0.15    0.00    1.30 ^ retention_save (out)
                                  1.30   data arrival time

                          0.00    0.00   clock clk (rise edge)
                          0.50    0.50   clock network delay (propagated)
                          0.10    0.60   clock uncertainty
                          0.00    0.60   clock reconvergence pessimism
                         -0.50    0.10   output external delay
                                  0.10   data required time
-----------------------------------------------------------------------------
                                  0.10   data required time
                                 -1.30   data arrival time
-----------------------------------------------------------------------------
                                  1.20   slack (MET)


Startpoint: _249_ (rising edge-triggered flip-flop clocked by clk)
Endpoint: pwr_gate_en (output port clocked by clk)
Path Group: clk
Path Type: min

Fanout     Cap    Slew   Delay    Time   Description
-----------------------------------------------------------------------------
                          0.00    0.00   clock clk (rise edge)
                          0.50    0.50   clock source latency
     1    0.01    0.05    0.03    0.53 ^ clk (in)
                                         clk (net)
                  0.05    0.00    0.53 ^ clkbuf_0_clk/A (sky130_fd_sc_hd__clkbuf_16)
     2    0.02    0.04    0.13    0.66 ^ clkbuf_0_clk/X (sky130_fd_sc_hd__clkbuf_16)
                                         clknet_0_clk (net)
                  0.04    0.00    0.66 ^ clkbuf_1_0__f_clk/A (sky130_fd_sc_hd__clkbuf_16)
    16    0.04    0.06    0.14    0.80 ^ clkbuf_1_0__f_clk/X (sky130_fd_sc_hd__clkbuf_16)
                                         clknet_1_0__leaf_clk (net)
                  0.06    0.00    0.80 ^ _249_/CLK (sky130_fd_sc_hd__dfrtp_1)
     1    0.00    0.05    0.32    1.11 ^ _249_/Q (sky130_fd_sc_hd__dfrtp_1)
                                         net11 (net)
                  0.05    0.00    1.11 ^ output11/A (sky130_fd_sc_hd__buf_4)
     1    0.05    0.15    0.19    1.30 ^ output11/X (sky130_fd_sc_hd__buf_4)
                                         pwr_gate_en (net)
                  0.15    0.00    1.30 ^ pwr_gate_en (out)
                                  1.30   data arrival time

                          0.00    0.00   clock clk (rise edge)
                          0.50    0.50   clock network delay (propagated)
                          0.10    0.60   clock uncertainty
                          0.00    0.60   clock reconvergence pessimism
                         -0.50    0.10   output external delay
                                  0.10   data required time
-----------------------------------------------------------------------------
                                  0.10   data required time
                                 -1.30   data arrival time
-----------------------------------------------------------------------------
                                  1.20   slack (MET)


Startpoint: _250_ (rising edge-triggered flip-flop clocked by clk)
Endpoint: retention_en (output port clocked by clk)
Path Group: clk
Path Type: min

Fanout     Cap    Slew   Delay    Time   Description
-----------------------------------------------------------------------------
                          0.00    0.00   clock clk (rise edge)
                          0.50    0.50   clock source latency
     1    0.01    0.05    0.03    0.53 ^ clk (in)
                                         clk (net)
                  0.05    0.00    0.53 ^ clkbuf_0_clk/A (sky130_fd_sc_hd__clkbuf_16)
     2    0.02    0.04    0.13    0.66 ^ clkbuf_0_clk/X (sky130_fd_sc_hd__clkbuf_16)
                                         clknet_0_clk (net)
                  0.04    0.00    0.66 ^ clkbuf_1_0__f_clk/A (sky130_fd_sc_hd__clkbuf_16)
    16    0.04    0.06    0.14    0.80 ^ clkbuf_1_0__f_clk/X (sky130_fd_sc_hd__clkbuf_16)
                                         clknet_1_0__leaf_clk (net)
                  0.06    0.00    0.80 ^ _250_/CLK (sky130_fd_sc_hd__dfrtp_1)
     1    0.00    0.05    0.32    1.12 ^ _250_/Q (sky130_fd_sc_hd__dfrtp_1)
                                         net15 (net)
                  0.05    0.00    1.12 ^ output15/A (sky130_fd_sc_hd__buf_4)
     1    0.05    0.15    0.19    1.31 ^ output15/X (sky130_fd_sc_hd__buf_4)
                                         retention_en (net)
                  0.15    0.00    1.31 ^ retention_en (out)
                                  1.31   data arrival time

                          0.00    0.00   clock clk (rise edge)
                          0.50    0.50   clock network delay (propagated)
                          0.10    0.60   clock uncertainty
                          0.00    0.60   clock reconvergence pessimism
                         -0.50    0.10   output external delay
                                  0.10   data required time
-----------------------------------------------------------------------------
                                  0.10   data required time
                                 -1.31   data arrival time
-----------------------------------------------------------------------------
                                  1.21   slack (MET)


Startpoint: _248_ (rising edge-triggered flip-flop clocked by clk)
Endpoint: clk_gate_en (output port clocked by clk)
Path Group: clk
Path Type: min

Fanout     Cap    Slew   Delay    Time   Description
-----------------------------------------------------------------------------
                          0.00    0.00   clock clk (rise edge)
                          0.50    0.50   clock source latency
     1    0.01    0.05    0.03    0.53 ^ clk (in)
                                         clk (net)
                  0.05    0.00    0.53 ^ clkbuf_0_clk/A (sky130_fd_sc_hd__clkbuf_16)
     2    0.02    0.04    0.13    0.66 ^ clkbuf_0_clk/X (sky130_fd_sc_hd__clkbuf_16)
                                         clknet_0_clk (net)
                  0.04    0.00    0.66 ^ clkbuf_1_0__f_clk/A (sky130_fd_sc_hd__clkbuf_16)
    16    0.04    0.06    0.14    0.80 ^ clkbuf_1_0__f_clk/X (sky130_fd_sc_hd__clkbuf_16)
                                         clknet_1_0__leaf_clk (net)
                  0.06    0.00    0.80 ^ _248_/CLK (sky130_fd_sc_hd__dfrtp_1)
     1    0.00    0.05    0.32    1.12 ^ _248_/Q (sky130_fd_sc_hd__dfrtp_1)
                                         net8 (net)
                  0.05    0.00    1.12 ^ output8/A (sky130_fd_sc_hd__buf_4)
     1    0.05    0.15    0.19    1.31 ^ output8/X (sky130_fd_sc_hd__buf_4)
                                         clk_gate_en (net)
                  0.15    0.00    1.31 ^ clk_gate_en (out)
                                  1.31   data arrival time

                          0.00    0.00   clock clk (rise edge)
                          0.50    0.50   clock network delay (propagated)
                          0.10    0.60   clock uncertainty
                          0.00    0.60   clock reconvergence pessimism
                         -0.50    0.10   output external delay
                                  0.10   data required time
-----------------------------------------------------------------------------
                                  0.10   data required time
                                 -1.31   data arrival time
-----------------------------------------------------------------------------
                                  1.21   slack (MET)


Startpoint: _256_ (rising edge-triggered flip-flop clocked by clk)
Endpoint: error (output port clocked by clk)
Path Group: clk
Path Type: min

Fanout     Cap    Slew   Delay    Time   Description
-----------------------------------------------------------------------------
                          0.00    0.00   clock clk (rise edge)
                          0.50    0.50   clock source latency
     1    0.01    0.05    0.03    0.53 ^ clk (in)
                                         clk (net)
                  0.05    0.00    0.53 ^ clkbuf_0_clk/A (sky130_fd_sc_hd__clkbuf_16)
     2    0.02    0.04    0.13    0.66 ^ clkbuf_0_clk/X (sky130_fd_sc_hd__clkbuf_16)
                                         clknet_0_clk (net)
                  0.04    0.00    0.66 ^ clkbuf_1_0__f_clk/A (sky130_fd_sc_hd__clkbuf_16)
    16    0.04    0.06    0.14    0.80 ^ clkbuf_1_0__f_clk/X (sky130_fd_sc_hd__clkbuf_16)
                                         clknet_1_0__leaf_clk (net)
                  0.06    0.00    0.80 ^ _256_/CLK (sky130_fd_sc_hd__dfrtp_4)
     8    0.03    0.10    0.45    1.25 ^ _256_/Q (sky130_fd_sc_hd__dfrtp_4)
                                         curr_state[0] (net)
                  0.10    0.00    1.25 ^ _125_/A (sky130_fd_sc_hd__nor2_1)
     3    0.01    0.04    0.08    1.33 v _125_/Y (sky130_fd_sc_hd__nor2_1)
                                         _065_ (net)
                  0.04    0.00    1.33 v _199_/A (sky130_fd_sc_hd__nand2_1)
     1    0.00    0.04    0.05    1.38 ^ _199_/Y (sky130_fd_sc_hd__nand2_1)
                                         _026_ (net)
                  0.04    0.00    1.38 ^ _200_/B1 (sky130_fd_sc_hd__a211oi_1)
     1    0.00    0.04    0.05    1.42 v _200_/Y (sky130_fd_sc_hd__a211oi_1)
                                         net10 (net)
                  0.04    0.00    1.42 v wire19/A (sky130_fd_sc_hd__clkbuf_1)
     1    0.00    0.03    0.09    1.51 v wire19/X (sky130_fd_sc_hd__clkbuf_1)
                                         net19 (net)
                  0.03    0.00    1.51 v output10/A (sky130_fd_sc_hd__clkbuf_2)
     1    0.02    0.09    0.15    1.66 v output10/X (sky130_fd_sc_hd__clkbuf_2)
                                         error (net)
                  0.09    0.00    1.66 v error (out)
                                  1.66   data arrival time

                          0.00    0.00   clock clk (rise edge)
                          0.50    0.50   clock network delay (propagated)
                          0.10    0.60   clock uncertainty
                          0.00    0.60   clock reconvergence pessimism
                         -0.50    0.10   output external delay
                                  0.10   data required time
-----------------------------------------------------------------------------
                                  0.10   data required time
                                 -1.66   data arrival time
-----------------------------------------------------------------------------
                                  1.56   slack (MET)


Startpoint: _257_ (rising edge-triggered flip-flop clocked by clk)
Endpoint: seq_busy (output port clocked by clk)
Path Group: clk
Path Type: min

Fanout     Cap    Slew   Delay    Time   Description
-----------------------------------------------------------------------------
                          0.00    0.00   clock clk (rise edge)
                          0.50    0.50   clock source latency
     1    0.01    0.05    0.03    0.53 ^ clk (in)
                                         clk (net)
                  0.05    0.00    0.53 ^ clkbuf_0_clk/A (sky130_fd_sc_hd__clkbuf_16)
     2    0.02    0.04    0.13    0.66 ^ clkbuf_0_clk/X (sky130_fd_sc_hd__clkbuf_16)
                                         clknet_0_clk (net)
                  0.04    0.00    0.66 ^ clkbuf_1_0__f_clk/A (sky130_fd_sc_hd__clkbuf_16)
    16    0.04    0.06    0.14    0.80 ^ clkbuf_1_0__f_clk/X (sky130_fd_sc_hd__clkbuf_16)
                                         clknet_1_0__leaf_clk (net)
                  0.06    0.00    0.80 ^ _257_/CLK (sky130_fd_sc_hd__dfrtp_1)
     3    0.01    0.10    0.37    1.17 ^ _257_/Q (sky130_fd_sc_hd__dfrtp_1)
                                         curr_state[1] (net)
                  0.10    0.00    1.17 ^ _138_/B (sky130_fd_sc_hd__nand2_1)
     3    0.01    0.08    0.11    1.27 v _138_/Y (sky130_fd_sc_hd__nand2_1)
                                         _077_ (net)
                  0.08    0.00    1.27 v _139_/A (sky130_fd_sc_hd__inv_2)
     2    0.01    0.04    0.07    1.34 ^ _139_/Y (sky130_fd_sc_hd__inv_2)
                                         _078_ (net)
                  0.04    0.00    1.34 ^ _140_/B (sky130_fd_sc_hd__nor2_1)
     1    0.00    0.02    0.03    1.37 v _140_/Y (sky130_fd_sc_hd__nor2_1)
                                         net18 (net)
                  0.02    0.00    1.37 v wire20/A (sky130_fd_sc_hd__buf_1)
     4    0.01    0.08    0.12    1.49 v wire20/X (sky130_fd_sc_hd__buf_1)
                                         net20 (net)
                  0.08    0.00    1.49 v output18/A (sky130_fd_sc_hd__clkbuf_2)
     1    0.02    0.08    0.17    1.66 v output18/X (sky130_fd_sc_hd__clkbuf_2)
                                         seq_busy (net)
                  0.08    0.00    1.66 v seq_busy (out)
                                  1.66   data arrival time

                          0.00    0.00   clock clk (rise edge)
                          0.50    0.50   clock network delay (propagated)
                          0.10    0.60   clock uncertainty
                          0.00    0.60   clock reconvergence pessimism
                         -0.50    0.10   output external delay
                                  0.10   data required time
-----------------------------------------------------------------------------
                                  0.10   data required time
                                 -1.66   data arrival time
-----------------------------------------------------------------------------
                                  1.56   slack (MET)



worst slack corner Typical: 0.2120
