OpenSTA 2.5.0 GITDIR-NOT Copyright (c) 2024, Parallax Software, Inc.
License GPLv3: GNU GPL version 3 <http://gnu.org/licenses/gpl.html>

This is free software, and you are free to change and redistribute it
under certain conditions; type `show_copying' for details. 
This program comes with ABSOLUTELY NO WARRANTY; for details type `show_warranty'.
define_corners Typical
read_liberty -corner Typical /home/djspit/.volare/sky130A/libs.ref/sky130_fd_sc_hd/lib/sky130_fd_sc_hd__tt_025C_1v80.lib
Using 1e-12 for capacitance...
Using 1e+03 for resistance...
Using 1e-09 for time...
Using 1e+00 for voltage...
Using 1e-03 for current...
Using 1e-09 for power...
Using 1e-06 for distance...
Reading netlist '/openlane/designs/pmu_fsm/runs/run_1_10_13_2025/results/synthesis/pmu_fsm.v'…
Reading design constraints file at '/openlane/designs/pmu_fsm/src/pmu_constraints.sdc'…
min_report

===========================================================================
report_checks -path_delay min (Hold)
============================================================================
======================= Typical Corner ===================================

Startpoint: _259_ (rising edge-triggered flip-flop clocked by clk)
Endpoint: _263_ (rising edge-triggered flip-flop clocked by clk)
Path Group: clk
Path Type: min

Fanout     Cap    Slew   Delay    Time   Description
-----------------------------------------------------------------------------
                  0.00    0.00    0.00   clock clk (rise edge)
                          1.30    1.30   clock network delay (ideal)
                  0.00    0.00    1.30 ^ _259_/CLK (sky130_fd_sc_hd__dfrtp_2)
     1    0.00    0.04    0.31    1.61 ^ _259_/Q (sky130_fd_sc_hd__dfrtp_2)
                                         sync_stage1[0] (net)
                  0.04    0.00    1.61 ^ _263_/D (sky130_fd_sc_hd__dfrtp_2)
                                  1.61   data arrival time

                  0.00    0.00    0.00   clock clk (rise edge)
                          1.30    1.30   clock network delay (ideal)
                          0.10    1.40   clock uncertainty
                          0.00    1.40   clock reconvergence pessimism
                                  1.40 ^ _263_/CLK (sky130_fd_sc_hd__dfrtp_2)
                         -0.04    1.36   library hold time
                                  1.36   data required time
-----------------------------------------------------------------------------
                                  1.36   data required time
                                 -1.61   data arrival time
-----------------------------------------------------------------------------
                                  0.25   slack (MET)


Startpoint: _260_ (rising edge-triggered flip-flop clocked by clk)
Endpoint: _264_ (rising edge-triggered flip-flop clocked by clk)
Path Group: clk
Path Type: min

Fanout     Cap    Slew   Delay    Time   Description
-----------------------------------------------------------------------------
                  0.00    0.00    0.00   clock clk (rise edge)
                          1.30    1.30   clock network delay (ideal)
                  0.00    0.00    1.30 ^ _260_/CLK (sky130_fd_sc_hd__dfrtp_2)
     1    0.00    0.04    0.31    1.61 ^ _260_/Q (sky130_fd_sc_hd__dfrtp_2)
                                         sync_stage1[1] (net)
                  0.04    0.00    1.61 ^ _264_/D (sky130_fd_sc_hd__dfrtp_2)
                                  1.61   data arrival time

                  0.00    0.00    0.00   clock clk (rise edge)
                          1.30    1.30   clock network delay (ideal)
                          0.10    1.40   clock uncertainty
                          0.00    1.40   clock reconvergence pessimism
                                  1.40 ^ _264_/CLK (sky130_fd_sc_hd__dfrtp_2)
                         -0.04    1.36   library hold time
                                  1.36   data required time
-----------------------------------------------------------------------------
                                  1.36   data required time
                                 -1.61   data arrival time
-----------------------------------------------------------------------------
                                  0.25   slack (MET)


Startpoint: _261_ (rising edge-triggered flip-flop clocked by clk)
Endpoint: _265_ (rising edge-triggered flip-flop clocked by clk)
Path Group: clk
Path Type: min

Fanout     Cap    Slew   Delay    Time   Description
-----------------------------------------------------------------------------
                  0.00    0.00    0.00   clock clk (rise edge)
                          1.30    1.30   clock network delay (ideal)
                  0.00    0.00    1.30 ^ _261_/CLK (sky130_fd_sc_hd__dfrtp_2)
     1    0.00    0.04    0.31    1.61 ^ _261_/Q (sky130_fd_sc_hd__dfrtp_2)
                                         sync_stage1[2] (net)
                  0.04    0.00    1.61 ^ _265_/D (sky130_fd_sc_hd__dfrtp_2)
                                  1.61   data arrival time

                  0.00    0.00    0.00   clock clk (rise edge)
                          1.30    1.30   clock network delay (ideal)
                          0.10    1.40   clock uncertainty
                          0.00    1.40   clock reconvergence pessimism
                                  1.40 ^ _265_/CLK (sky130_fd_sc_hd__dfrtp_2)
                         -0.04    1.36   library hold time
                                  1.36   data required time
-----------------------------------------------------------------------------
                                  1.36   data required time
                                 -1.61   data arrival time
-----------------------------------------------------------------------------
                                  0.25   slack (MET)


Startpoint: _262_ (rising edge-triggered flip-flop clocked by clk)
Endpoint: _266_ (rising edge-triggered flip-flop clocked by clk)
Path Group: clk
Path Type: min

Fanout     Cap    Slew   Delay    Time   Description
-----------------------------------------------------------------------------
                  0.00    0.00    0.00   clock clk (rise edge)
                          1.30    1.30   clock network delay (ideal)
                  0.00    0.00    1.30 ^ _262_/CLK (sky130_fd_sc_hd__dfrtp_2)
     1    0.00    0.04    0.31    1.61 ^ _262_/Q (sky130_fd_sc_hd__dfrtp_2)
                                         sync_stage1[3] (net)
                  0.04    0.00    1.61 ^ _266_/D (sky130_fd_sc_hd__dfrtp_2)
                                  1.61   data arrival time

                  0.00    0.00    0.00   clock clk (rise edge)
                          1.30    1.30   clock network delay (ideal)
                          0.10    1.40   clock uncertainty
                          0.00    1.40   clock reconvergence pessimism
                                  1.40 ^ _266_/CLK (sky130_fd_sc_hd__dfrtp_2)
                         -0.04    1.36   library hold time
                                  1.36   data required time
-----------------------------------------------------------------------------
                                  1.36   data required time
                                 -1.61   data arrival time
-----------------------------------------------------------------------------
                                  0.25   slack (MET)


Startpoint: _257_ (rising edge-triggered flip-flop clocked by clk)
Endpoint: _249_ (rising edge-triggered flip-flop clocked by clk)
Path Group: clk
Path Type: min

Fanout     Cap    Slew   Delay    Time   Description
-----------------------------------------------------------------------------
                  0.00    0.00    0.00   clock clk (rise edge)
                          1.30    1.30   clock network delay (ideal)
                  0.00    0.00    1.30 ^ _257_/CLK (sky130_fd_sc_hd__dfrtp_2)
     3    0.01    0.06    0.39    1.69 v _257_/Q (sky130_fd_sc_hd__dfrtp_2)
                                         curr_state[1] (net)
                  0.06    0.00    1.69 v _169_/A (sky130_fd_sc_hd__inv_2)
     2    0.01    0.04    0.06    1.75 ^ _169_/Y (sky130_fd_sc_hd__inv_2)
                                         _106_ (net)
                  0.04    0.00    1.75 ^ _183_/B (sky130_fd_sc_hd__nor2_2)
     2    0.01    0.02    0.03    1.78 v _183_/Y (sky130_fd_sc_hd__nor2_2)
                                         _002_ (net)
                  0.02    0.00    1.78 v _249_/D (sky130_fd_sc_hd__dfrtp_2)
                                  1.78   data arrival time

                  0.00    0.00    0.00   clock clk (rise edge)
                          1.30    1.30   clock network delay (ideal)
                          0.10    1.40   clock uncertainty
                          0.00    1.40   clock reconvergence pessimism
                                  1.40 ^ _249_/CLK (sky130_fd_sc_hd__dfrtp_2)
                         -0.04    1.36   library hold time
                                  1.36   data required time
-----------------------------------------------------------------------------
                                  1.36   data required time
                                 -1.78   data arrival time
-----------------------------------------------------------------------------
                                  0.43   slack (MET)


Startpoint: wake_up (input port clocked by clk)
Endpoint: _259_ (rising edge-triggered flip-flop clocked by clk)
Path Group: clk
Path Type: min

Fanout     Cap    Slew   Delay    Time   Description
-----------------------------------------------------------------------------
                  0.00    0.00    0.00   clock clk (rise edge)
                          1.30    1.30   clock network delay (ideal)
                          0.50    1.80 ^ input external delay
     1    0.00    0.02    0.01    1.81 ^ wake_up (in)
                                         wake_up (net)
                  0.02    0.00    1.81 ^ _259_/D (sky130_fd_sc_hd__dfrtp_2)
                                  1.81   data arrival time

                  0.00    0.00    0.00   clock clk (rise edge)
                          1.30    1.30   clock network delay (ideal)
                          0.10    1.40   clock uncertainty
                          0.00    1.40   clock reconvergence pessimism
                                  1.40 ^ _259_/CLK (sky130_fd_sc_hd__dfrtp_2)
                         -0.04    1.36   library hold time
                                  1.36   data required time
-----------------------------------------------------------------------------
                                  1.36   data required time
                                 -1.81   data arrival time
-----------------------------------------------------------------------------
                                  0.44   slack (MET)


Startpoint: req_off (input port clocked by clk)
Endpoint: _260_ (rising edge-triggered flip-flop clocked by clk)
Path Group: clk
Path Type: min

Fanout     Cap    Slew   Delay    Time   Description
-----------------------------------------------------------------------------
                  0.00    0.00    0.00   clock clk (rise edge)
                          1.30    1.30   clock network delay (ideal)
                          0.50    1.80 ^ input external delay
     1    0.00    0.02    0.01    1.81 ^ req_off (in)
                                         req_off (net)
                  0.02    0.00    1.81 ^ _260_/D (sky130_fd_sc_hd__dfrtp_2)
                                  1.81   data arrival time

                  0.00    0.00    0.00   clock clk (rise edge)
                          1.30    1.30   clock network delay (ideal)
                          0.10    1.40   clock uncertainty
                          0.00    1.40   clock reconvergence pessimism
                                  1.40 ^ _260_/CLK (sky130_fd_sc_hd__dfrtp_2)
                         -0.04    1.36   library hold time
                                  1.36   data required time
-----------------------------------------------------------------------------
                                  1.36   data required time
                                 -1.81   data arrival time
-----------------------------------------------------------------------------
                                  0.44   slack (MET)


Startpoint: req_sleep (input port clocked by clk)
Endpoint: _261_ (rising edge-triggered flip-flop clocked by clk)
Path Group: clk
Path Type: min

Fanout     Cap    Slew   Delay    Time   Description
-----------------------------------------------------------------------------
                  0.00    0.00    0.00   clock clk (rise edge)
                          1.30    1.30   clock network delay (ideal)
                          0.50    1.80 ^ input external delay
     1    0.00    0.02    0.01    1.81 ^ req_sleep (in)
                                         req_sleep (net)
                  0.02    0.00    1.81 ^ _261_/D (sky130_fd_sc_hd__dfrtp_2)
                                  1.81   data arrival time

                  0.00    0.00    0.00   clock clk (rise edge)
                          1.30    1.30   clock network delay (ideal)
                          0.10    1.40   clock uncertainty
                          0.00    1.40   clock reconvergence pessimism
                                  1.40 ^ _261_/CLK (sky130_fd_sc_hd__dfrtp_2)
                         -0.04    1.36   library hold time
                                  1.36   data required time
-----------------------------------------------------------------------------
                                  1.36   data required time
                                 -1.81   data arrival time
-----------------------------------------------------------------------------
                                  0.44   slack (MET)


Startpoint: req_idle (input port clocked by clk)
Endpoint: _262_ (rising edge-triggered flip-flop clocked by clk)
Path Group: clk
Path Type: min

Fanout     Cap    Slew   Delay    Time   Description
-----------------------------------------------------------------------------
                  0.00    0.00    0.00   clock clk (rise edge)
                          1.30    1.30   clock network delay (ideal)
                          0.50    1.80 ^ input external delay
     1    0.00    0.02    0.01    1.81 ^ req_idle (in)
                                         req_idle (net)
                  0.02    0.00    1.81 ^ _262_/D (sky130_fd_sc_hd__dfrtp_2)
                                  1.81   data arrival time

                  0.00    0.00    0.00   clock clk (rise edge)
                          1.30    1.30   clock network delay (ideal)
                          0.10    1.40   clock uncertainty
                          0.00    1.40   clock reconvergence pessimism
                                  1.40 ^ _262_/CLK (sky130_fd_sc_hd__dfrtp_2)
                         -0.04    1.36   library hold time
                                  1.36   data required time
-----------------------------------------------------------------------------
                                  1.36   data required time
                                 -1.81   data arrival time
-----------------------------------------------------------------------------
                                  0.44   slack (MET)


Startpoint: _247_ (rising edge-triggered flip-flop clocked by clk)
Endpoint: _247_ (rising edge-triggered flip-flop clocked by clk)
Path Group: clk
Path Type: min

Fanout     Cap    Slew   Delay    Time   Description
-----------------------------------------------------------------------------
                  0.00    0.00    0.00   clock clk (rise edge)
                          1.30    1.30   clock network delay (ideal)
                  0.00    0.00    1.30 ^ _247_/CLK (sky130_fd_sc_hd__dfrtp_2)
     2    0.01    0.09    0.36    1.66 ^ _247_/Q (sky130_fd_sc_hd__dfrtp_2)
                                         seq_timer[7] (net)
                  0.09    0.00    1.66 ^ _237_/A (sky130_fd_sc_hd__xor2_2)
     1    0.01    0.04    0.09    1.75 v _237_/X (sky130_fd_sc_hd__xor2_2)
                                         _056_ (net)
                  0.04    0.00    1.75 v _238_/A (sky130_fd_sc_hd__nor2_4)
     1    0.00    0.05    0.08    1.83 ^ _238_/Y (sky130_fd_sc_hd__nor2_4)
                                         _011_ (net)
                  0.05    0.00    1.83 ^ _247_/D (sky130_fd_sc_hd__dfrtp_2)
                                  1.83   data arrival time

                  0.00    0.00    0.00   clock clk (rise edge)
                          1.30    1.30   clock network delay (ideal)
                          0.10    1.40   clock uncertainty
                          0.00    1.40   clock reconvergence pessimism
                                  1.40 ^ _247_/CLK (sky130_fd_sc_hd__dfrtp_2)
                         -0.04    1.36   library hold time
                                  1.36   data required time
-----------------------------------------------------------------------------
                                  1.36   data required time
                                 -1.83   data arrival time
-----------------------------------------------------------------------------
                                  0.48   slack (MET)


Startpoint: _258_ (rising edge-triggered flip-flop clocked by clk)
Endpoint: _254_ (rising edge-triggered flip-flop clocked by clk)
Path Group: clk
Path Type: min

Fanout     Cap    Slew   Delay    Time   Description
-----------------------------------------------------------------------------
                  0.00    0.00    0.00   clock clk (rise edge)
                          1.30    1.30   clock network delay (ideal)
                  0.00    0.00    1.30 ^ _258_/CLK (sky130_fd_sc_hd__dfrtp_2)
     8    0.04    0.22    0.47    1.77 ^ _258_/Q (sky130_fd_sc_hd__dfrtp_2)
                                         curr_state[2] (net)
                  0.22    0.00    1.77 ^ _191_/A1 (sky130_fd_sc_hd__a21oi_2)
     1    0.00    0.03    0.07    1.84 v _191_/Y (sky130_fd_sc_hd__a21oi_2)
                                         _112_ (net)
                  0.03    0.00    1.84 v _254_/D (sky130_fd_sc_hd__dfrtp_2)
                                  1.84   data arrival time

                  0.00    0.00    0.00   clock clk (rise edge)
                          1.30    1.30   clock network delay (ideal)
                          0.10    1.40   clock uncertainty
                          0.00    1.40   clock reconvergence pessimism
                                  1.40 ^ _254_/CLK (sky130_fd_sc_hd__dfrtp_2)
                         -0.05    1.35   library hold time
                                  1.35   data required time
-----------------------------------------------------------------------------
                                  1.35   data required time
                                 -1.84   data arrival time
-----------------------------------------------------------------------------
                                  0.48   slack (MET)


Startpoint: _256_ (rising edge-triggered flip-flop clocked by clk)
Endpoint: _239_ (rising edge-triggered flip-flop clocked by clk)
Path Group: clk
Path Type: min

Fanout     Cap    Slew   Delay    Time   Description
-----------------------------------------------------------------------------
                  0.00    0.00    0.00   clock clk (rise edge)
                          1.30    1.30   clock network delay (ideal)
                  0.00    0.00    1.30 ^ _256_/CLK (sky130_fd_sc_hd__dfrtp_2)
     8    0.04    0.19    0.44    1.74 ^ _256_/Q (sky130_fd_sc_hd__dfrtp_2)
                                         curr_state[0] (net)
                  0.19    0.00    1.74 ^ _189_/A (sky130_fd_sc_hd__nor2_2)
     2    0.01    0.03    0.08    1.82 v _189_/Y (sky130_fd_sc_hd__nor2_2)
                                         _022_ (net)
                  0.03    0.00    1.82 v _190_/A (sky130_fd_sc_hd__inv_2)
     1    0.00    0.02    0.03    1.85 ^ _190_/Y (sky130_fd_sc_hd__inv_2)
                                         _001_ (net)
                  0.02    0.00    1.85 ^ _239_/D (sky130_fd_sc_hd__dfstp_2)
                                  1.85   data arrival time

                  0.00    0.00    0.00   clock clk (rise edge)
                          1.30    1.30   clock network delay (ideal)
                          0.10    1.40   clock uncertainty
                          0.00    1.40   clock reconvergence pessimism
                                  1.40 ^ _239_/CLK (sky130_fd_sc_hd__dfstp_2)
                         -0.03    1.37   library hold time
                                  1.37   data required time
-----------------------------------------------------------------------------
                                  1.37   data required time
                                 -1.85   data arrival time
-----------------------------------------------------------------------------
                                  0.49   slack (MET)


Startpoint: _246_ (rising edge-triggered flip-flop clocked by clk)
Endpoint: _246_ (rising edge-triggered flip-flop clocked by clk)
Path Group: clk
Path Type: min

Fanout     Cap    Slew   Delay    Time   Description
-----------------------------------------------------------------------------
                  0.00    0.00    0.00   clock clk (rise edge)
                          1.30    1.30   clock network delay (ideal)
                  0.00    0.00    1.30 ^ _246_/CLK (sky130_fd_sc_hd__dfrtp_2)
     3    0.01    0.07    0.35    1.65 ^ _246_/Q (sky130_fd_sc_hd__dfrtp_2)
                                         seq_timer[6] (net)
                  0.07    0.00    1.65 ^ _234_/B (sky130_fd_sc_hd__nand2_2)
     2    0.01    0.06    0.08    1.73 v _234_/Y (sky130_fd_sc_hd__nand2_2)
                                         _054_ (net)
                  0.06    0.00    1.73 v _235_/B (sky130_fd_sc_hd__nand2_2)
     1    0.01    0.06    0.09    1.81 ^ _235_/Y (sky130_fd_sc_hd__nand2_2)
                                         _055_ (net)
                  0.06    0.00    1.81 ^ _236_/A (sky130_fd_sc_hd__nor2_4)
     1    0.00    0.02    0.03    1.85 v _236_/Y (sky130_fd_sc_hd__nor2_4)
                                         _010_ (net)
                  0.02    0.00    1.85 v _246_/D (sky130_fd_sc_hd__dfrtp_2)
                                  1.85   data arrival time

                  0.00    0.00    0.00   clock clk (rise edge)
                          1.30    1.30   clock network delay (ideal)
                          0.10    1.40   clock uncertainty
                          0.00    1.40   clock reconvergence pessimism
                                  1.40 ^ _246_/CLK (sky130_fd_sc_hd__dfrtp_2)
                         -0.04    1.36   library hold time
                                  1.36   data required time
-----------------------------------------------------------------------------
                                  1.36   data required time
                                 -1.85   data arrival time
-----------------------------------------------------------------------------
                                  0.49   slack (MET)


Startpoint: _240_ (rising edge-triggered flip-flop clocked by clk)
Endpoint: _251_ (rising edge-triggered flip-flop clocked by clk)
Path Group: clk
Path Type: min

Fanout     Cap    Slew   Delay    Time   Description
-----------------------------------------------------------------------------
                  0.00    0.00    0.00   clock clk (rise edge)
                          1.30    1.30   clock network delay (ideal)
                  0.00    0.00    1.30 ^ _240_/CLK (sky130_fd_sc_hd__dfrtp_2)
     5    0.02    0.13    0.39    1.69 ^ _240_/Q (sky130_fd_sc_hd__dfrtp_2)
                                         seq_timer[0] (net)
                  0.13    0.00    1.69 ^ _198_/A2 (sky130_fd_sc_hd__o211a_2)
     1    0.00    0.04    0.17    1.86 ^ _198_/X (sky130_fd_sc_hd__o211a_2)
                                         _003_ (net)
                  0.04    0.00    1.86 ^ _251_/D (sky130_fd_sc_hd__dfrtp_2)
                                  1.86   data arrival time

                  0.00    0.00    0.00   clock clk (rise edge)
                          1.30    1.30   clock network delay (ideal)
                          0.10    1.40   clock uncertainty
                          0.00    1.40   clock reconvergence pessimism
                                  1.40 ^ _251_/CLK (sky130_fd_sc_hd__dfrtp_2)
                         -0.04    1.36   library hold time
                                  1.36   data required time
-----------------------------------------------------------------------------
                                  1.36   data required time
                                 -1.86   data arrival time
-----------------------------------------------------------------------------
                                  0.50   slack (MET)


Startpoint: _240_ (rising edge-triggered flip-flop clocked by clk)
Endpoint: _240_ (rising edge-triggered flip-flop clocked by clk)
Path Group: clk
Path Type: min

Fanout     Cap    Slew   Delay    Time   Description
-----------------------------------------------------------------------------
                  0.00    0.00    0.00   clock clk (rise edge)
                          1.30    1.30   clock network delay (ideal)
                  0.00    0.00    1.30 ^ _240_/CLK (sky130_fd_sc_hd__dfrtp_2)
     5    0.02    0.13    0.39    1.69 ^ _240_/Q (sky130_fd_sc_hd__dfrtp_2)
                                         seq_timer[0] (net)
                  0.13    0.00    1.69 ^ _202_/B (sky130_fd_sc_hd__nand2_4)
     3    0.01    0.04    0.07    1.76 v _202_/Y (sky130_fd_sc_hd__nand2_4)
                                         _028_ (net)
                  0.04    0.00    1.76 v _203_/B (sky130_fd_sc_hd__nand2_2)
     1    0.01    0.06    0.08    1.84 ^ _203_/Y (sky130_fd_sc_hd__nand2_2)
                                         _029_ (net)
                  0.06    0.00    1.84 ^ _210_/A (sky130_fd_sc_hd__nor2_4)
     1    0.00    0.02    0.03    1.87 v _210_/Y (sky130_fd_sc_hd__nor2_4)
                                         _004_ (net)
                  0.02    0.00    1.87 v _240_/D (sky130_fd_sc_hd__dfrtp_2)
                                  1.87   data arrival time

                  0.00    0.00    0.00   clock clk (rise edge)
                          1.30    1.30   clock network delay (ideal)
                          0.10    1.40   clock uncertainty
                          0.00    1.40   clock reconvergence pessimism
                                  1.40 ^ _240_/CLK (sky130_fd_sc_hd__dfrtp_2)
                         -0.04    1.36   library hold time
                                  1.36   data required time
-----------------------------------------------------------------------------
                                  1.36   data required time
                                 -1.87   data arrival time
-----------------------------------------------------------------------------
                                  0.52   slack (MET)


Startpoint: _263_ (rising edge-triggered flip-flop clocked by clk)
Endpoint: _256_ (rising edge-triggered flip-flop clocked by clk)
Path Group: clk
Path Type: min

Fanout     Cap    Slew   Delay    Time   Description
-----------------------------------------------------------------------------
                  0.00    0.00    0.00   clock clk (rise edge)
                          1.30    1.30   clock network delay (ideal)
                  0.00    0.00    1.30 ^ _263_/CLK (sky130_fd_sc_hd__dfrtp_2)
     2    0.01    0.06    0.34    1.64 ^ _263_/Q (sky130_fd_sc_hd__dfrtp_2)
                                         wake_up_sync (net)
                  0.06    0.00    1.64 ^ _150_/A (sky130_fd_sc_hd__inv_2)
     3    0.01    0.03    0.05    1.69 v _150_/Y (sky130_fd_sc_hd__inv_2)
                                         _088_ (net)
                  0.03    0.00    1.69 v _151_/B (sky130_fd_sc_hd__nand2_2)
     1    0.00    0.04    0.06    1.74 ^ _151_/Y (sky130_fd_sc_hd__nand2_2)
                                         _089_ (net)
                  0.04    0.00    1.74 ^ _154_/A (sky130_fd_sc_hd__nand2_2)
     2    0.01    0.04    0.05    1.79 v _154_/Y (sky130_fd_sc_hd__nand2_2)
                                         _092_ (net)
                  0.04    0.00    1.79 v _156_/A (sky130_fd_sc_hd__nand2_2)
     2    0.01    0.06    0.07    1.86 ^ _156_/Y (sky130_fd_sc_hd__nand2_2)
                                         _094_ (net)
                  0.06    0.00    1.86 ^ _157_/A (sky130_fd_sc_hd__inv_2)
     1    0.00    0.02    0.03    1.89 v _157_/Y (sky130_fd_sc_hd__inv_2)
                                         next_state[0] (net)
                  0.02    0.00    1.89 v _256_/D (sky130_fd_sc_hd__dfrtp_2)
                                  1.89   data arrival time

                  0.00    0.00    0.00   clock clk (rise edge)
                          1.30    1.30   clock network delay (ideal)
                          0.10    1.40   clock uncertainty
                          0.00    1.40   clock reconvergence pessimism
                                  1.40 ^ _256_/CLK (sky130_fd_sc_hd__dfrtp_2)
                         -0.04    1.36   library hold time
                                  1.36   data required time
-----------------------------------------------------------------------------
                                  1.36   data required time
                                 -1.89   data arrival time
-----------------------------------------------------------------------------
                                  0.53   slack (MET)


Startpoint: _257_ (rising edge-triggered flip-flop clocked by clk)
Endpoint: _253_ (rising edge-triggered flip-flop clocked by clk)
Path Group: clk
Path Type: min

Fanout     Cap    Slew   Delay    Time   Description
-----------------------------------------------------------------------------
                  0.00    0.00    0.00   clock clk (rise edge)
                          1.30    1.30   clock network delay (ideal)
                  0.00    0.00    1.30 ^ _257_/CLK (sky130_fd_sc_hd__dfrtp_2)
     3    0.01    0.08    0.35    1.65 ^ _257_/Q (sky130_fd_sc_hd__dfrtp_2)
                                         curr_state[1] (net)
                  0.08    0.00    1.65 ^ _138_/B (sky130_fd_sc_hd__nand2_2)
     3    0.01    0.05    0.07    1.73 v _138_/Y (sky130_fd_sc_hd__nand2_2)
                                         _077_ (net)
                  0.05    0.00    1.73 v _192_/B (sky130_fd_sc_hd__nor2_2)
     2    0.00    0.08    0.08    1.81 ^ _192_/Y (sky130_fd_sc_hd__nor2_2)
                                         _023_ (net)
                  0.08    0.00    1.81 ^ _196_/B1 (sky130_fd_sc_hd__a21o_2)
     1    0.00    0.02    0.09    1.90 ^ _196_/X (sky130_fd_sc_hd__a21o_2)
                                         _115_ (net)
                  0.02    0.00    1.90 ^ _253_/D (sky130_fd_sc_hd__dfrtp_2)
                                  1.90   data arrival time

                  0.00    0.00    0.00   clock clk (rise edge)
                          1.30    1.30   clock network delay (ideal)
                          0.10    1.40   clock uncertainty
                          0.00    1.40   clock reconvergence pessimism
                                  1.40 ^ _253_/CLK (sky130_fd_sc_hd__dfrtp_2)
                         -0.04    1.36   library hold time
                                  1.36   data required time
-----------------------------------------------------------------------------
                                  1.36   data required time
                                 -1.90   data arrival time
-----------------------------------------------------------------------------
                                  0.53   slack (MET)


Startpoint: _264_ (rising edge-triggered flip-flop clocked by clk)
Endpoint: _258_ (rising edge-triggered flip-flop clocked by clk)
Path Group: clk
Path Type: min

Fanout     Cap    Slew   Delay    Time   Description
-----------------------------------------------------------------------------
                  0.00    0.00    0.00   clock clk (rise edge)
                          1.30    1.30   clock network delay (ideal)
                  0.00    0.00    1.30 ^ _264_/CLK (sky130_fd_sc_hd__dfrtp_2)
     2    0.01    0.07    0.34    1.64 ^ _264_/Q (sky130_fd_sc_hd__dfrtp_2)
                                         req_off_sync (net)
                  0.07    0.00    1.64 ^ _184_/C (sky130_fd_sc_hd__nand3_2)
     1    0.00    0.05    0.07    1.72 v _184_/Y (sky130_fd_sc_hd__nand3_2)
                                         _019_ (net)
                  0.05    0.00    1.72 v _185_/C1 (sky130_fd_sc_hd__o211ai_2)
     2    0.01    0.08    0.08    1.80 ^ _185_/Y (sky130_fd_sc_hd__o211ai_2)
                                         _020_ (net)
                  0.08    0.00    1.80 ^ _186_/B1 (sky130_fd_sc_hd__a21oi_2)
     2    0.01    0.04    0.05    1.85 v _186_/Y (sky130_fd_sc_hd__a21oi_2)
                                         _021_ (net)
                  0.04    0.00    1.85 v _187_/B (sky130_fd_sc_hd__nand2_2)
     1    0.00    0.02    0.05    1.90 ^ _187_/Y (sky130_fd_sc_hd__nand2_2)
                                         next_state[2] (net)
                  0.02    0.00    1.90 ^ _258_/D (sky130_fd_sc_hd__dfrtp_2)
                                  1.90   data arrival time

                  0.00    0.00    0.00   clock clk (rise edge)
                          1.30    1.30   clock network delay (ideal)
                          0.10    1.40   clock uncertainty
                          0.00    1.40   clock reconvergence pessimism
                                  1.40 ^ _258_/CLK (sky130_fd_sc_hd__dfrtp_2)
                         -0.04    1.36   library hold time
                                  1.36   data required time
-----------------------------------------------------------------------------
                                  1.36   data required time
                                 -1.90   data arrival time
-----------------------------------------------------------------------------
                                  0.53   slack (MET)


Startpoint: _256_ (rising edge-triggered flip-flop clocked by clk)
Endpoint: _248_ (rising edge-triggered flip-flop clocked by clk)
Path Group: clk
Path Type: min

Fanout     Cap    Slew   Delay    Time   Description
-----------------------------------------------------------------------------
                  0.00    0.00    0.00   clock clk (rise edge)
                          1.30    1.30   clock network delay (ideal)
                  0.00    0.00    1.30 ^ _256_/CLK (sky130_fd_sc_hd__dfrtp_2)
     8    0.04    0.19    0.44    1.74 ^ _256_/Q (sky130_fd_sc_hd__dfrtp_2)
                                         curr_state[0] (net)
                  0.19    0.00    1.74 ^ _188_/A1 (sky130_fd_sc_hd__o21a_2)
     1    0.00    0.03    0.15    1.90 ^ _188_/X (sky130_fd_sc_hd__o21a_2)
                                         _000_ (net)
                  0.03    0.00    1.90 ^ _248_/D (sky130_fd_sc_hd__dfrtp_2)
                                  1.90   data arrival time

                  0.00    0.00    0.00   clock clk (rise edge)
                          1.30    1.30   clock network delay (ideal)
                          0.10    1.40   clock uncertainty
                          0.00    1.40   clock reconvergence pessimism
                                  1.40 ^ _248_/CLK (sky130_fd_sc_hd__dfrtp_2)
                         -0.04    1.36   library hold time
                                  1.36   data required time
-----------------------------------------------------------------------------
                                  1.36   data required time
                                 -1.90   data arrival time
-----------------------------------------------------------------------------
                                  0.53   slack (MET)


Startpoint: _241_ (rising edge-triggered flip-flop clocked by clk)
Endpoint: _241_ (rising edge-triggered flip-flop clocked by clk)
Path Group: clk
Path Type: min

Fanout     Cap    Slew   Delay    Time   Description
-----------------------------------------------------------------------------
                  0.00    0.00    0.00   clock clk (rise edge)
                          1.30    1.30   clock network delay (ideal)
                  0.00    0.00    1.30 ^ _241_/CLK (sky130_fd_sc_hd__dfrtp_2)
     2    0.01    0.07    0.34    1.64 ^ _241_/Q (sky130_fd_sc_hd__dfrtp_2)
                                         seq_timer[1] (net)
                  0.07    0.00    1.64 ^ _130_/A (sky130_fd_sc_hd__inv_2)
     4    0.01    0.04    0.05    1.70 v _130_/Y (sky130_fd_sc_hd__inv_2)
                                         _070_ (net)
                  0.04    0.00    1.70 v _212_/B (sky130_fd_sc_hd__nand2_2)
     1    0.00    0.04    0.06    1.76 ^ _212_/Y (sky130_fd_sc_hd__nand2_2)
                                         _037_ (net)
                  0.04    0.00    1.76 ^ _213_/B (sky130_fd_sc_hd__nand2_2)
     1    0.01    0.04    0.06    1.81 v _213_/Y (sky130_fd_sc_hd__nand2_2)
                                         _038_ (net)
                  0.04    0.00    1.81 v _214_/A (sky130_fd_sc_hd__nor2_4)
     1    0.00    0.05    0.08    1.90 ^ _214_/Y (sky130_fd_sc_hd__nor2_4)
                                         _005_ (net)
                  0.05    0.00    1.90 ^ _241_/D (sky130_fd_sc_hd__dfrtp_2)
                                  1.90   data arrival time

                  0.00    0.00    0.00   clock clk (rise edge)
                          1.30    1.30   clock network delay (ideal)
                          0.10    1.40   clock uncertainty
                          0.00    1.40   clock reconvergence pessimism
                                  1.40 ^ _241_/CLK (sky130_fd_sc_hd__dfrtp_2)
                         -0.04    1.36   library hold time
                                  1.36   data required time
-----------------------------------------------------------------------------
                                  1.36   data required time
                                 -1.90   data arrival time
-----------------------------------------------------------------------------
                                  0.54   slack (MET)


Startpoint: _243_ (rising edge-triggered flip-flop clocked by clk)
Endpoint: _243_ (rising edge-triggered flip-flop clocked by clk)
Path Group: clk
Path Type: min

Fanout     Cap    Slew   Delay    Time   Description
-----------------------------------------------------------------------------
                  0.00    0.00    0.00   clock clk (rise edge)
                          1.30    1.30   clock network delay (ideal)
                  0.00    0.00    1.30 ^ _243_/CLK (sky130_fd_sc_hd__dfrtp_2)
     3    0.01    0.09    0.36    1.66 ^ _243_/Q (sky130_fd_sc_hd__dfrtp_2)
                                         seq_timer[3] (net)
                  0.09    0.00    1.66 ^ _133_/A (sky130_fd_sc_hd__inv_2)
     2    0.01    0.03    0.05    1.71 v _133_/Y (sky130_fd_sc_hd__inv_2)
                                         _073_ (net)
                  0.03    0.00    1.71 v _220_/B (sky130_fd_sc_hd__nand2_2)
     1    0.00    0.04    0.06    1.77 ^ _220_/Y (sky130_fd_sc_hd__nand2_2)
                                         _043_ (net)
                  0.04    0.00    1.77 ^ _222_/A (sky130_fd_sc_hd__nand2_2)
     1    0.01    0.04    0.05    1.82 v _222_/Y (sky130_fd_sc_hd__nand2_2)
                                         _045_ (net)
                  0.04    0.00    1.82 v _223_/A (sky130_fd_sc_hd__nor2_4)
     1    0.00    0.05    0.08    1.90 ^ _223_/Y (sky130_fd_sc_hd__nor2_4)
                                         _007_ (net)
                  0.05    0.00    1.90 ^ _243_/D (sky130_fd_sc_hd__dfrtp_2)
                                  1.90   data arrival time

                  0.00    0.00    0.00   clock clk (rise edge)
                          1.30    1.30   clock network delay (ideal)
                          0.10    1.40   clock uncertainty
                          0.00    1.40   clock reconvergence pessimism
                                  1.40 ^ _243_/CLK (sky130_fd_sc_hd__dfrtp_2)
                         -0.04    1.36   library hold time
                                  1.36   data required time
-----------------------------------------------------------------------------
                                  1.36   data required time
                                 -1.90   data arrival time
-----------------------------------------------------------------------------
                                  0.54   slack (MET)


Startpoint: _242_ (rising edge-triggered flip-flop clocked by clk)
Endpoint: _252_ (rising edge-triggered flip-flop clocked by clk)
Path Group: clk
Path Type: min

Fanout     Cap    Slew   Delay    Time   Description
-----------------------------------------------------------------------------
                  0.00    0.00    0.00   clock clk (rise edge)
                          1.30    1.30   clock network delay (ideal)
                  0.00    0.00    1.30 ^ _242_/CLK (sky130_fd_sc_hd__dfrtp_2)
     5    0.02    0.12    0.39    1.69 ^ _242_/Q (sky130_fd_sc_hd__dfrtp_2)
                                         seq_timer[2] (net)
                  0.12    0.00    1.69 ^ _135_/A (sky130_fd_sc_hd__or3_2)
     1    0.00    0.04    0.14    1.82 ^ _135_/X (sky130_fd_sc_hd__or3_2)
                                         _075_ (net)
                  0.04    0.00    1.82 ^ _136_/A (sky130_fd_sc_hd__inv_2)
     3    0.01    0.03    0.04    1.86 v _136_/Y (sky130_fd_sc_hd__inv_2)
                                         _076_ (net)
                  0.03    0.00    1.86 v _137_/B (sky130_fd_sc_hd__nor2_2)
     1    0.00    0.05    0.06    1.92 ^ _137_/Y (sky130_fd_sc_hd__nor2_2)
                                         _114_ (net)
                  0.05    0.00    1.92 ^ _252_/D (sky130_fd_sc_hd__dfrtp_2)
                                  1.92   data arrival time

                  0.00    0.00    0.00   clock clk (rise edge)
                          1.30    1.30   clock network delay (ideal)
                          0.10    1.40   clock uncertainty
                          0.00    1.40   clock reconvergence pessimism
                                  1.40 ^ _252_/CLK (sky130_fd_sc_hd__dfrtp_2)
                         -0.04    1.36   library hold time
                                  1.36   data required time
-----------------------------------------------------------------------------
                                  1.36   data required time
                                 -1.92   data arrival time
-----------------------------------------------------------------------------
                                  0.56   slack (MET)


Startpoint: _242_ (rising edge-triggered flip-flop clocked by clk)
Endpoint: _242_ (rising edge-triggered flip-flop clocked by clk)
Path Group: clk
Path Type: min

Fanout     Cap    Slew   Delay    Time   Description
-----------------------------------------------------------------------------
                  0.00    0.00    0.00   clock clk (rise edge)
                          1.30    1.30   clock network delay (ideal)
                  0.00    0.00    1.30 ^ _242_/CLK (sky130_fd_sc_hd__dfrtp_2)
     5    0.02    0.12    0.39    1.69 ^ _242_/Q (sky130_fd_sc_hd__dfrtp_2)
                                         seq_timer[2] (net)
                  0.12    0.00    1.69 ^ _215_/A (sky130_fd_sc_hd__inv_2)
     2    0.01    0.04    0.05    1.73 v _215_/Y (sky130_fd_sc_hd__inv_2)
                                         _039_ (net)
                  0.04    0.00    1.73 v _217_/B (sky130_fd_sc_hd__nand2_2)
     1    0.00    0.04    0.06    1.79 ^ _217_/Y (sky130_fd_sc_hd__nand2_2)
                                         _041_ (net)
                  0.04    0.00    1.79 ^ _218_/B (sky130_fd_sc_hd__nand2_2)
     1    0.01    0.04    0.06    1.85 v _218_/Y (sky130_fd_sc_hd__nand2_2)
                                         _042_ (net)
                  0.04    0.00    1.85 v _219_/A (sky130_fd_sc_hd__nor2_4)
     1    0.00    0.05    0.08    1.93 ^ _219_/Y (sky130_fd_sc_hd__nor2_4)
                                         _006_ (net)
                  0.05    0.00    1.93 ^ _242_/D (sky130_fd_sc_hd__dfrtp_2)
                                  1.93   data arrival time

                  0.00    0.00    0.00   clock clk (rise edge)
                          1.30    1.30   clock network delay (ideal)
                          0.10    1.40   clock uncertainty
                          0.00    1.40   clock reconvergence pessimism
                                  1.40 ^ _242_/CLK (sky130_fd_sc_hd__dfrtp_2)
                         -0.04    1.36   library hold time
                                  1.36   data required time
-----------------------------------------------------------------------------
                                  1.36   data required time
                                 -1.93   data arrival time
-----------------------------------------------------------------------------
                                  0.57   slack (MET)


Startpoint: _244_ (rising edge-triggered flip-flop clocked by clk)
Endpoint: _244_ (rising edge-triggered flip-flop clocked by clk)
Path Group: clk
Path Type: min

Fanout     Cap    Slew   Delay    Time   Description
-----------------------------------------------------------------------------
                  0.00    0.00    0.00   clock clk (rise edge)
                          1.30    1.30   clock network delay (ideal)
                  0.00    0.00    1.30 ^ _244_/CLK (sky130_fd_sc_hd__dfrtp_2)
     3    0.01    0.07    0.35    1.65 ^ _244_/Q (sky130_fd_sc_hd__dfrtp_2)
                                         seq_timer[4] (net)
                  0.07    0.00    1.65 ^ _225_/B (sky130_fd_sc_hd__nand3_2)
     3    0.01    0.09    0.11    1.76 v _225_/Y (sky130_fd_sc_hd__nand3_2)
                                         _047_ (net)
                  0.09    0.00    1.76 v _226_/B (sky130_fd_sc_hd__nand2_2)
     1    0.02    0.10    0.13    1.89 ^ _226_/Y (sky130_fd_sc_hd__nand2_2)
                                         _048_ (net)
                  0.10    0.00    1.89 ^ _227_/A (sky130_fd_sc_hd__nor2_8)
     1    0.00    0.03    0.04    1.94 v _227_/Y (sky130_fd_sc_hd__nor2_8)
                                         _008_ (net)
                  0.03    0.00    1.94 v _244_/D (sky130_fd_sc_hd__dfrtp_2)
                                  1.94   data arrival time

                  0.00    0.00    0.00   clock clk (rise edge)
                          1.30    1.30   clock network delay (ideal)
                          0.10    1.40   clock uncertainty
                          0.00    1.40   clock reconvergence pessimism
                                  1.40 ^ _244_/CLK (sky130_fd_sc_hd__dfrtp_2)
                         -0.05    1.35   library hold time
                                  1.35   data required time
-----------------------------------------------------------------------------
                                  1.35   data required time
                                 -1.94   data arrival time
-----------------------------------------------------------------------------
                                  0.58   slack (MET)


Startpoint: _242_ (rising edge-triggered flip-flop clocked by clk)
Endpoint: _250_ (rising edge-triggered flip-flop clocked by clk)
Path Group: clk
Path Type: min

Fanout     Cap    Slew   Delay    Time   Description
-----------------------------------------------------------------------------
                  0.00    0.00    0.00   clock clk (rise edge)
                          1.30    1.30   clock network delay (ideal)
                  0.00    0.00    1.30 ^ _242_/CLK (sky130_fd_sc_hd__dfrtp_2)
     5    0.02    0.12    0.39    1.69 ^ _242_/Q (sky130_fd_sc_hd__dfrtp_2)
                                         seq_timer[2] (net)
                  0.12    0.00    1.69 ^ _135_/A (sky130_fd_sc_hd__or3_2)
     1    0.00    0.04    0.14    1.82 ^ _135_/X (sky130_fd_sc_hd__or3_2)
                                         _075_ (net)
                  0.04    0.00    1.82 ^ _136_/A (sky130_fd_sc_hd__inv_2)
     3    0.01    0.03    0.04    1.86 v _136_/Y (sky130_fd_sc_hd__inv_2)
                                         _076_ (net)
                  0.03    0.00    1.86 v _197_/A2 (sky130_fd_sc_hd__o21ai_2)
     1    0.00    0.03    0.09    1.95 ^ _197_/Y (sky130_fd_sc_hd__o21ai_2)
                                         _116_ (net)
                  0.03    0.00    1.95 ^ _250_/D (sky130_fd_sc_hd__dfrtp_2)
                                  1.95   data arrival time

                  0.00    0.00    0.00   clock clk (rise edge)
                          1.30    1.30   clock network delay (ideal)
                          0.10    1.40   clock uncertainty
                          0.00    1.40   clock reconvergence pessimism
                                  1.40 ^ _250_/CLK (sky130_fd_sc_hd__dfrtp_2)
                         -0.04    1.36   library hold time
                                  1.36   data required time
-----------------------------------------------------------------------------
                                  1.36   data required time
                                 -1.95   data arrival time
-----------------------------------------------------------------------------
                                  0.58   slack (MET)


Startpoint: _263_ (rising edge-triggered flip-flop clocked by clk)
Endpoint: _257_ (rising edge-triggered flip-flop clocked by clk)
Path Group: clk
Path Type: min

Fanout     Cap    Slew   Delay    Time   Description
-----------------------------------------------------------------------------
                  0.00    0.00    0.00   clock clk (rise edge)
                          1.30    1.30   clock network delay (ideal)
                  0.00    0.00    1.30 ^ _263_/CLK (sky130_fd_sc_hd__dfrtp_2)
     2    0.01    0.06    0.34    1.64 ^ _263_/Q (sky130_fd_sc_hd__dfrtp_2)
                                         wake_up_sync (net)
                  0.06    0.00    1.64 ^ _173_/A2 (sky130_fd_sc_hd__o311a_2)
     1    0.00    0.03    0.16    1.79 ^ _173_/X (sky130_fd_sc_hd__o311a_2)
                                         _110_ (net)
                  0.03    0.00    1.79 ^ _174_/C (sky130_fd_sc_hd__or3_2)
     1    0.00    0.03    0.09    1.88 ^ _174_/X (sky130_fd_sc_hd__or3_2)
                                         _111_ (net)
                  0.03    0.00    1.88 ^ _175_/A (sky130_fd_sc_hd__buf_1)
     1    0.00    0.04    0.07    1.95 ^ _175_/X (sky130_fd_sc_hd__buf_1)
                                         next_state[1] (net)
                  0.04    0.00    1.95 ^ _257_/D (sky130_fd_sc_hd__dfrtp_2)
                                  1.95   data arrival time

                  0.00    0.00    0.00   clock clk (rise edge)
                          1.30    1.30   clock network delay (ideal)
                          0.10    1.40   clock uncertainty
                          0.00    1.40   clock reconvergence pessimism
                                  1.40 ^ _257_/CLK (sky130_fd_sc_hd__dfrtp_2)
                         -0.04    1.36   library hold time
                                  1.36   data required time
-----------------------------------------------------------------------------
                                  1.36   data required time
                                 -1.95   data arrival time
-----------------------------------------------------------------------------
                                  0.59   slack (MET)


Startpoint: _257_ (rising edge-triggered flip-flop clocked by clk)
Endpoint: _255_ (rising edge-triggered flip-flop clocked by clk)
Path Group: clk
Path Type: min

Fanout     Cap    Slew   Delay    Time   Description
-----------------------------------------------------------------------------
                  0.00    0.00    0.00   clock clk (rise edge)
                          1.30    1.30   clock network delay (ideal)
                  0.00    0.00    1.30 ^ _257_/CLK (sky130_fd_sc_hd__dfrtp_2)
     3    0.01    0.08    0.35    1.65 ^ _257_/Q (sky130_fd_sc_hd__dfrtp_2)
                                         curr_state[1] (net)
                  0.08    0.00    1.65 ^ _138_/B (sky130_fd_sc_hd__nand2_2)
     3    0.01    0.05    0.07    1.73 v _138_/Y (sky130_fd_sc_hd__nand2_2)
                                         _077_ (net)
                  0.05    0.00    1.73 v _192_/B (sky130_fd_sc_hd__nor2_2)
     2    0.00    0.08    0.08    1.81 ^ _192_/Y (sky130_fd_sc_hd__nor2_2)
                                         _023_ (net)
                  0.08    0.00    1.81 ^ _194_/B (sky130_fd_sc_hd__or3b_2)
     1    0.00    0.03    0.11    1.92 ^ _194_/X (sky130_fd_sc_hd__or3b_2)
                                         _025_ (net)
                  0.03    0.00    1.92 ^ _195_/A (sky130_fd_sc_hd__buf_1)
     1    0.00    0.04    0.07    1.99 ^ _195_/X (sky130_fd_sc_hd__buf_1)
                                         _113_ (net)
                  0.04    0.00    1.99 ^ _255_/D (sky130_fd_sc_hd__dfrtp_2)
                                  1.99   data arrival time

                  0.00    0.00    0.00   clock clk (rise edge)
                          1.30    1.30   clock network delay (ideal)
                          0.10    1.40   clock uncertainty
                          0.00    1.40   clock reconvergence pessimism
                                  1.40 ^ _255_/CLK (sky130_fd_sc_hd__dfrtp_2)
                         -0.04    1.36   library hold time
                                  1.36   data required time
-----------------------------------------------------------------------------
                                  1.36   data required time
                                 -1.99   data arrival time
-----------------------------------------------------------------------------
                                  0.63   slack (MET)


Startpoint: _245_ (rising edge-triggered flip-flop clocked by clk)
Endpoint: _245_ (rising edge-triggered flip-flop clocked by clk)
Path Group: clk
Path Type: min

Fanout     Cap    Slew   Delay    Time   Description
-----------------------------------------------------------------------------
                  0.00    0.00    0.00   clock clk (rise edge)
                          1.30    1.30   clock network delay (ideal)
                  0.00    0.00    1.30 ^ _245_/CLK (sky130_fd_sc_hd__dfrtp_2)
     2    0.01    0.07    0.34    1.64 ^ _245_/Q (sky130_fd_sc_hd__dfrtp_2)
                                         seq_timer[5] (net)
                  0.07    0.00    1.64 ^ _228_/A (sky130_fd_sc_hd__inv_2)
     2    0.01    0.03    0.04    1.69 v _228_/Y (sky130_fd_sc_hd__inv_2)
                                         _049_ (net)
                  0.03    0.00    1.69 v _229_/A (sky130_fd_sc_hd__nor2_2)
     3    0.01    0.11    0.12    1.81 ^ _229_/Y (sky130_fd_sc_hd__nor2_2)
                                         _050_ (net)
                  0.11    0.00    1.81 ^ _231_/A (sky130_fd_sc_hd__or2b_2)
     1    0.01    0.06    0.14    1.95 ^ _231_/X (sky130_fd_sc_hd__or2b_2)
                                         _052_ (net)
                  0.06    0.00    1.95 ^ _232_/A (sky130_fd_sc_hd__nor2_4)
     1    0.00    0.02    0.03    1.99 v _232_/Y (sky130_fd_sc_hd__nor2_4)
                                         _009_ (net)
                  0.02    0.00    1.99 v _245_/D (sky130_fd_sc_hd__dfrtp_2)
                                  1.99   data arrival time

                  0.00    0.00    0.00   clock clk (rise edge)
                          1.30    1.30   clock network delay (ideal)
                          0.10    1.40   clock uncertainty
                          0.00    1.40   clock reconvergence pessimism
                                  1.40 ^ _245_/CLK (sky130_fd_sc_hd__dfrtp_2)
                         -0.04    1.36   library hold time
                                  1.36   data required time
-----------------------------------------------------------------------------
                                  1.36   data required time
                                 -1.99   data arrival time
-----------------------------------------------------------------------------
                                  0.63   slack (MET)


Startpoint: _239_ (rising edge-triggered flip-flop clocked by clk)
Endpoint: dvfs_ctrl[1] (output port clocked by clk)
Path Group: clk
Path Type: min

Fanout     Cap    Slew   Delay    Time   Description
-----------------------------------------------------------------------------
                  0.00    0.00    0.00   clock clk (rise edge)
                          1.30    1.30   clock network delay (ideal)
                  0.00    0.00    1.30 ^ _239_/CLK (sky130_fd_sc_hd__dfstp_2)
     1    0.02    0.06    0.37    1.67 v _239_/Q (sky130_fd_sc_hd__dfstp_2)
                                         dvfs_ctrl[1] (net)
                  0.06    0.00    1.67 v dvfs_ctrl[1] (out)
                                  1.67   data arrival time

                  0.00    0.00    0.00   clock clk (rise edge)
                          1.30    1.30   clock network delay (ideal)
                          0.10    1.40   clock uncertainty
                          0.00    1.40   clock reconvergence pessimism
                         -0.50    0.90   output external delay
                                  0.90   data required time
-----------------------------------------------------------------------------
                                  0.90   data required time
                                 -1.67   data arrival time
-----------------------------------------------------------------------------
                                  0.77   slack (MET)


Startpoint: _254_ (rising edge-triggered flip-flop clocked by clk)
Endpoint: pwr_state[0] (output port clocked by clk)
Path Group: clk
Path Type: min

Fanout     Cap    Slew   Delay    Time   Description
-----------------------------------------------------------------------------
                  0.00    0.00    0.00   clock clk (rise edge)
                          1.30    1.30   clock network delay (ideal)
                  0.00    0.00    1.30 ^ _254_/CLK (sky130_fd_sc_hd__dfrtp_2)
     1    0.02    0.11    0.38    1.68 ^ _254_/Q (sky130_fd_sc_hd__dfrtp_2)
                                         pwr_state[0] (net)
                  0.11    0.00    1.68 ^ pwr_state[0] (out)
                                  1.68   data arrival time

                  0.00    0.00    0.00   clock clk (rise edge)
                          1.30    1.30   clock network delay (ideal)
                          0.10    1.40   clock uncertainty
                          0.00    1.40   clock reconvergence pessimism
                         -0.50    0.90   output external delay
                                  0.90   data required time
-----------------------------------------------------------------------------
                                  0.90   data required time
                                 -1.68   data arrival time
-----------------------------------------------------------------------------
                                  0.78   slack (MET)


Startpoint: _255_ (rising edge-triggered flip-flop clocked by clk)
Endpoint: pwr_state[1] (output port clocked by clk)
Path Group: clk
Path Type: min

Fanout     Cap    Slew   Delay    Time   Description
-----------------------------------------------------------------------------
                  0.00    0.00    0.00   clock clk (rise edge)
                          1.30    1.30   clock network delay (ideal)
                  0.00    0.00    1.30 ^ _255_/CLK (sky130_fd_sc_hd__dfrtp_2)
     1    0.02    0.11    0.38    1.68 ^ _255_/Q (sky130_fd_sc_hd__dfrtp_2)
                                         pwr_state[1] (net)
                  0.11    0.00    1.68 ^ pwr_state[1] (out)
                                  1.68   data arrival time

                  0.00    0.00    0.00   clock clk (rise edge)
                          1.30    1.30   clock network delay (ideal)
                          0.10    1.40   clock uncertainty
                          0.00    1.40   clock reconvergence pessimism
                         -0.50    0.90   output external delay
                                  0.90   data required time
-----------------------------------------------------------------------------
                                  0.90   data required time
                                 -1.68   data arrival time
-----------------------------------------------------------------------------
                                  0.78   slack (MET)


Startpoint: _253_ (rising edge-triggered flip-flop clocked by clk)
Endpoint: reset_ctrl (output port clocked by clk)
Path Group: clk
Path Type: min

Fanout     Cap    Slew   Delay    Time   Description
-----------------------------------------------------------------------------
                  0.00    0.00    0.00   clock clk (rise edge)
                          1.30    1.30   clock network delay (ideal)
                  0.00    0.00    1.30 ^ _253_/CLK (sky130_fd_sc_hd__dfrtp_2)
     1    0.03    0.16    0.42    1.72 ^ _253_/Q (sky130_fd_sc_hd__dfrtp_2)
                                         reset_ctrl (net)
                  0.16    0.00    1.72 ^ reset_ctrl (out)
                                  1.72   data arrival time

                  0.00    0.00    0.00   clock clk (rise edge)
                          1.30    1.30   clock network delay (ideal)
                          0.10    1.40   clock uncertainty
                          0.00    1.40   clock reconvergence pessimism
                         -0.50    0.90   output external delay
                                  0.90   data required time
-----------------------------------------------------------------------------
                                  0.90   data required time
                                 -1.72   data arrival time
-----------------------------------------------------------------------------
                                  0.82   slack (MET)


Startpoint: _252_ (rising edge-triggered flip-flop clocked by clk)
Endpoint: retention_restore (output port clocked by clk)
Path Group: clk
Path Type: min

Fanout     Cap    Slew   Delay    Time   Description
-----------------------------------------------------------------------------
                  0.00    0.00    0.00   clock clk (rise edge)
                          1.30    1.30   clock network delay (ideal)
                  0.00    0.00    1.30 ^ _252_/CLK (sky130_fd_sc_hd__dfrtp_2)
     1    0.03    0.16    0.42    1.72 ^ _252_/Q (sky130_fd_sc_hd__dfrtp_2)
                                         retention_restore (net)
                  0.16    0.00    1.72 ^ retention_restore (out)
                                  1.72   data arrival time

                  0.00    0.00    0.00   clock clk (rise edge)
                          1.30    1.30   clock network delay (ideal)
                          0.10    1.40   clock uncertainty
                          0.00    1.40   clock reconvergence pessimism
                         -0.50    0.90   output external delay
                                  0.90   data required time
-----------------------------------------------------------------------------
                                  0.90   data required time
                                 -1.72   data arrival time
-----------------------------------------------------------------------------
                                  0.82   slack (MET)


Startpoint: _251_ (rising edge-triggered flip-flop clocked by clk)
Endpoint: retention_save (output port clocked by clk)
Path Group: clk
Path Type: min

Fanout     Cap    Slew   Delay    Time   Description
-----------------------------------------------------------------------------
                  0.00    0.00    0.00   clock clk (rise edge)
                          1.30    1.30   clock network delay (ideal)
                  0.00    0.00    1.30 ^ _251_/CLK (sky130_fd_sc_hd__dfrtp_2)
     1    0.03    0.16    0.42    1.72 ^ _251_/Q (sky130_fd_sc_hd__dfrtp_2)
                                         retention_save (net)
                  0.16    0.00    1.72 ^ retention_save (out)
                                  1.72   data arrival time

                  0.00    0.00    0.00   clock clk (rise edge)
                          1.30    1.30   clock network delay (ideal)
                          0.10    1.40   clock uncertainty
                          0.00    1.40   clock reconvergence pessimism
                         -0.50    0.90   output external delay
                                  0.90   data required time
-----------------------------------------------------------------------------
                                  0.90   data required time
                                 -1.72   data arrival time
-----------------------------------------------------------------------------
                                  0.82   slack (MET)


Startpoint: _248_ (rising edge-triggered flip-flop clocked by clk)
Endpoint: clk_gate_en (output port clocked by clk)
Path Group: clk
Path Type: min

Fanout     Cap    Slew   Delay    Time   Description
-----------------------------------------------------------------------------
                  0.00    0.00    0.00   clock clk (rise edge)
                          1.30    1.30   clock network delay (ideal)
                  0.00    0.00    1.30 ^ _248_/CLK (sky130_fd_sc_hd__dfrtp_2)
     1    0.05    0.14    0.48    1.78 v _248_/Q (sky130_fd_sc_hd__dfrtp_2)
                                         clk_gate_en (net)
                  0.14    0.00    1.78 v clk_gate_en (out)
                                  1.78   data arrival time

                  0.00    0.00    0.00   clock clk (rise edge)
                          1.30    1.30   clock network delay (ideal)
                          0.10    1.40   clock uncertainty
                          0.00    1.40   clock reconvergence pessimism
                         -0.50    0.90   output external delay
                                  0.90   data required time
-----------------------------------------------------------------------------
                                  0.90   data required time
                                 -1.78   data arrival time
-----------------------------------------------------------------------------
                                  0.88   slack (MET)


Startpoint: _249_ (rising edge-triggered flip-flop clocked by clk)
Endpoint: pwr_gate_en (output port clocked by clk)
Path Group: clk
Path Type: min

Fanout     Cap    Slew   Delay    Time   Description
-----------------------------------------------------------------------------
                  0.00    0.00    0.00   clock clk (rise edge)
                          1.30    1.30   clock network delay (ideal)
                  0.00    0.00    1.30 ^ _249_/CLK (sky130_fd_sc_hd__dfrtp_2)
     1    0.05    0.14    0.48    1.78 v _249_/Q (sky130_fd_sc_hd__dfrtp_2)
                                         pwr_gate_en (net)
                  0.14    0.00    1.78 v pwr_gate_en (out)
                                  1.78   data arrival time

                  0.00    0.00    0.00   clock clk (rise edge)
                          1.30    1.30   clock network delay (ideal)
                          0.10    1.40   clock uncertainty
                          0.00    1.40   clock reconvergence pessimism
                         -0.50    0.90   output external delay
                                  0.90   data required time
-----------------------------------------------------------------------------
                                  0.90   data required time
                                 -1.78   data arrival time
-----------------------------------------------------------------------------
                                  0.88   slack (MET)


Startpoint: _250_ (rising edge-triggered flip-flop clocked by clk)
Endpoint: retention_en (output port clocked by clk)
Path Group: clk
Path Type: min

Fanout     Cap    Slew   Delay    Time   Description
-----------------------------------------------------------------------------
                  0.00    0.00    0.00   clock clk (rise edge)
                          1.30    1.30   clock network delay (ideal)
                  0.00    0.00    1.30 ^ _250_/CLK (sky130_fd_sc_hd__dfrtp_2)
     1    0.05    0.14    0.48    1.78 v _250_/Q (sky130_fd_sc_hd__dfrtp_2)
                                         retention_en (net)
                  0.14    0.00    1.78 v retention_en (out)
                                  1.78   data arrival time

                  0.00    0.00    0.00   clock clk (rise edge)
                          1.30    1.30   clock network delay (ideal)
                          0.10    1.40   clock uncertainty
                          0.00    1.40   clock reconvergence pessimism
                         -0.50    0.90   output external delay
                                  0.90   data required time
-----------------------------------------------------------------------------
                                  0.90   data required time
                                 -1.78   data arrival time
-----------------------------------------------------------------------------
                                  0.88   slack (MET)


Startpoint: _257_ (rising edge-triggered flip-flop clocked by clk)
Endpoint: seq_busy (output port clocked by clk)
Path Group: clk
Path Type: min

Fanout     Cap    Slew   Delay    Time   Description
-----------------------------------------------------------------------------
                  0.00    0.00    0.00   clock clk (rise edge)
                          1.30    1.30   clock network delay (ideal)
                  0.00    0.00    1.30 ^ _257_/CLK (sky130_fd_sc_hd__dfrtp_2)
     3    0.01    0.08    0.35    1.65 ^ _257_/Q (sky130_fd_sc_hd__dfrtp_2)
                                         curr_state[1] (net)
                  0.08    0.00    1.65 ^ _138_/B (sky130_fd_sc_hd__nand2_2)
     3    0.01    0.05    0.07    1.73 v _138_/Y (sky130_fd_sc_hd__nand2_2)
                                         _077_ (net)
                  0.05    0.00    1.73 v _139_/A (sky130_fd_sc_hd__inv_2)
     2    0.02    0.11    0.11    1.83 ^ _139_/Y (sky130_fd_sc_hd__inv_2)
                                         _078_ (net)
                  0.11    0.00    1.83 ^ _140_/B (sky130_fd_sc_hd__nor2_8)
     4    0.03    0.04    0.06    1.89 v _140_/Y (sky130_fd_sc_hd__nor2_8)
                                         seq_busy (net)
                  0.04    0.00    1.89 v seq_busy (out)
                                  1.89   data arrival time

                  0.00    0.00    0.00   clock clk (rise edge)
                          1.30    1.30   clock network delay (ideal)
                          0.10    1.40   clock uncertainty
                          0.00    1.40   clock reconvergence pessimism
                         -0.50    0.90   output external delay
                                  0.90   data required time
-----------------------------------------------------------------------------
                                  0.90   data required time
                                 -1.89   data arrival time
-----------------------------------------------------------------------------
                                  0.99   slack (MET)


Startpoint: _256_ (rising edge-triggered flip-flop clocked by clk)
Endpoint: error (output port clocked by clk)
Path Group: clk
Path Type: min

Fanout     Cap    Slew   Delay    Time   Description
-----------------------------------------------------------------------------
                  0.00    0.00    0.00   clock clk (rise edge)
                          1.30    1.30   clock network delay (ideal)
                  0.00    0.00    1.30 ^ _256_/CLK (sky130_fd_sc_hd__dfrtp_2)
     8    0.04    0.19    0.44    1.74 ^ _256_/Q (sky130_fd_sc_hd__dfrtp_2)
                                         curr_state[0] (net)
                  0.19    0.00    1.74 ^ _125_/A (sky130_fd_sc_hd__nor2_4)
     3    0.01    0.03    0.07    1.81 v _125_/Y (sky130_fd_sc_hd__nor2_4)
                                         _065_ (net)
                  0.03    0.00    1.81 v _199_/A (sky130_fd_sc_hd__nand2_2)
     1    0.00    0.04    0.05    1.86 ^ _199_/Y (sky130_fd_sc_hd__nand2_2)
                                         _026_ (net)
                  0.04    0.00    1.86 ^ _200_/B1 (sky130_fd_sc_hd__a211oi_2)
     1    0.02    0.06    0.06    1.92 v _200_/Y (sky130_fd_sc_hd__a211oi_2)
                                         error (net)
                  0.06    0.00    1.92 v error (out)
                                  1.92   data arrival time

                  0.00    0.00    0.00   clock clk (rise edge)
                          1.30    1.30   clock network delay (ideal)
                          0.10    1.40   clock uncertainty
                          0.00    1.40   clock reconvergence pessimism
                         -0.50    0.90   output external delay
                                  0.90   data required time
-----------------------------------------------------------------------------
                                  0.90   data required time
                                 -1.92   data arrival time
-----------------------------------------------------------------------------
                                  1.02   slack (MET)



worst slack corner Typical: 0.2484
min_report_end
max_report

===========================================================================
report_checks -path_delay max (Setup)
============================================================================
======================= Typical Corner ===================================

Startpoint: retention_ready (input port clocked by clk)
Endpoint: error (output port clocked by clk)
Path Group: clk
Path Type: max

Fanout     Cap    Slew   Delay    Time   Description
-----------------------------------------------------------------------------
                  0.00    0.00    0.00   clock clk (rise edge)
                          1.30    1.30   clock network delay (ideal)
                          3.00    4.30 v input external delay
     1    0.00    0.03    0.01    4.31 v retention_ready (in)
                                         retention_ready (net)
                  0.03    0.00    4.31 v _164_/A (sky130_fd_sc_hd__inv_2)
     3    0.01    0.07    0.07    4.38 ^ _164_/Y (sky130_fd_sc_hd__inv_2)
                                         _101_ (net)
                  0.07    0.00    4.38 ^ _199_/B (sky130_fd_sc_hd__nand2_2)
     1    0.00    0.04    0.05    4.43 v _199_/Y (sky130_fd_sc_hd__nand2_2)
                                         _026_ (net)
                  0.04    0.00    4.43 v _200_/B1 (sky130_fd_sc_hd__a211oi_2)
     1    0.02    0.41    0.38    4.81 ^ _200_/Y (sky130_fd_sc_hd__a211oi_2)
                                         error (net)
                  0.41    0.00    4.81 ^ error (out)
                                  4.81   data arrival time

                  0.00   10.00   10.00   clock clk (rise edge)
                          1.30   11.30   clock network delay (ideal)
                         -0.30   11.00   clock uncertainty
                          0.00   11.00   clock reconvergence pessimism
                         -2.00    9.00   output external delay
                                  9.00   data required time
-----------------------------------------------------------------------------
                                  9.00   data required time
                                 -4.81   data arrival time
-----------------------------------------------------------------------------
                                  4.19   slack (MET)


Startpoint: clk_stable (input port clocked by clk)
Endpoint: _257_ (rising edge-triggered flip-flop clocked by clk)
Path Group: clk
Path Type: max

Fanout     Cap    Slew   Delay    Time   Description
-----------------------------------------------------------------------------
                  0.00    0.00    0.00   clock clk (rise edge)
                          1.30    1.30   clock network delay (ideal)
                          3.00    4.30 ^ input external delay
     1    0.00    0.03    0.01    4.31 ^ clk_stable (in)
                                         clk_stable (net)
                  0.03    0.00    4.31 ^ _158_/B (sky130_fd_sc_hd__nand2_2)
     2    0.01    0.03    0.05    4.36 v _158_/Y (sky130_fd_sc_hd__nand2_2)
                                         _095_ (net)
                  0.03    0.00    4.36 v _159_/B1_N (sky130_fd_sc_hd__o21bai_2)
     1    0.00    0.05    0.18    4.54 v _159_/Y (sky130_fd_sc_hd__o21bai_2)
                                         _096_ (net)
                  0.05    0.00    4.54 v _160_/A (sky130_fd_sc_hd__nand2_2)
     1    0.00    0.04    0.06    4.59 ^ _160_/Y (sky130_fd_sc_hd__nand2_2)
                                         _097_ (net)
                  0.04    0.00    4.59 ^ _166_/A (sky130_fd_sc_hd__nand2_2)
     2    0.01    0.03    0.05    4.64 v _166_/Y (sky130_fd_sc_hd__nand2_2)
                                         _103_ (net)
                  0.03    0.00    4.64 v _174_/A (sky130_fd_sc_hd__or3_2)
     1    0.00    0.07    0.45    5.09 v _174_/X (sky130_fd_sc_hd__or3_2)
                                         _111_ (net)
                  0.07    0.00    5.09 v _175_/A (sky130_fd_sc_hd__buf_1)
     1    0.00    0.02    0.09    5.19 v _175_/X (sky130_fd_sc_hd__buf_1)
                                         next_state[1] (net)
                  0.02    0.00    5.19 v _257_/D (sky130_fd_sc_hd__dfrtp_2)
                                  5.19   data arrival time

                  0.00   10.00   10.00   clock clk (rise edge)
                          1.30   11.30   clock network delay (ideal)
                         -0.30   11.00   clock uncertainty
                          0.00   11.00   clock reconvergence pessimism
                                 11.00 ^ _257_/CLK (sky130_fd_sc_hd__dfrtp_2)
                         -0.12   10.88   library setup time
                                 10.88   data required time
-----------------------------------------------------------------------------
                                 10.88   data required time
                                 -5.19   data arrival time
-----------------------------------------------------------------------------
                                  5.69   slack (MET)


Startpoint: clk_stable (input port clocked by clk)
Endpoint: _240_ (rising edge-triggered flip-flop clocked by clk)
Path Group: clk
Path Type: max

Fanout     Cap    Slew   Delay    Time   Description
-----------------------------------------------------------------------------
                  0.00    0.00    0.00   clock clk (rise edge)
                          1.30    1.30   clock network delay (ideal)
                          3.00    4.30 ^ input external delay
     1    0.00    0.03    0.01    4.31 ^ clk_stable (in)
                                         clk_stable (net)
                  0.03    0.00    4.31 ^ _158_/B (sky130_fd_sc_hd__nand2_2)
     2    0.01    0.03    0.05    4.36 v _158_/Y (sky130_fd_sc_hd__nand2_2)
                                         _095_ (net)
                  0.03    0.00    4.36 v _159_/B1_N (sky130_fd_sc_hd__o21bai_2)
     1    0.00    0.05    0.18    4.54 v _159_/Y (sky130_fd_sc_hd__o21bai_2)
                                         _096_ (net)
                  0.05    0.00    4.54 v _160_/A (sky130_fd_sc_hd__nand2_2)
     1    0.00    0.04    0.06    4.59 ^ _160_/Y (sky130_fd_sc_hd__nand2_2)
                                         _097_ (net)
                  0.04    0.00    4.59 ^ _166_/A (sky130_fd_sc_hd__nand2_2)
     2    0.01    0.03    0.05    4.64 v _166_/Y (sky130_fd_sc_hd__nand2_2)
                                         _103_ (net)
                  0.03    0.00    4.64 v _178_/B (sky130_fd_sc_hd__nor2_2)
     2    0.01    0.13    0.11    4.75 ^ _178_/Y (sky130_fd_sc_hd__nor2_2)
                                         _014_ (net)
                  0.13    0.00    4.75 ^ _204_/A (sky130_fd_sc_hd__nand3_2)
     1    0.01    0.09    0.09    4.85 v _204_/Y (sky130_fd_sc_hd__nand3_2)
                                         _030_ (net)
                  0.09    0.00    4.85 v _209_/A (sky130_fd_sc_hd__nand3_4)
     8    0.08    0.28    0.22    5.07 ^ _209_/Y (sky130_fd_sc_hd__nand3_4)
                                         _035_ (net)
                  0.28    0.00    5.07 ^ _210_/B (sky130_fd_sc_hd__nor2_4)
     1    0.00    0.04    0.03    5.10 v _210_/Y (sky130_fd_sc_hd__nor2_4)
                                         _004_ (net)
                  0.04    0.00    5.10 v _240_/D (sky130_fd_sc_hd__dfrtp_2)
                                  5.10   data arrival time

                  0.00   10.00   10.00   clock clk (rise edge)
                          1.30   11.30   clock network delay (ideal)
                         -0.30   11.00   clock uncertainty
                          0.00   11.00   clock reconvergence pessimism
                                 11.00 ^ _240_/CLK (sky130_fd_sc_hd__dfrtp_2)
                         -0.13   10.87   library setup time
                                 10.87   data required time
-----------------------------------------------------------------------------
                                 10.87   data required time
                                 -5.10   data arrival time
-----------------------------------------------------------------------------
                                  5.77   slack (MET)


Startpoint: clk_stable (input port clocked by clk)
Endpoint: _241_ (rising edge-triggered flip-flop clocked by clk)
Path Group: clk
Path Type: max

Fanout     Cap    Slew   Delay    Time   Description
-----------------------------------------------------------------------------
                  0.00    0.00    0.00   clock clk (rise edge)
                          1.30    1.30   clock network delay (ideal)
                          3.00    4.30 ^ input external delay
     1    0.00    0.03    0.01    4.31 ^ clk_stable (in)
                                         clk_stable (net)
                  0.03    0.00    4.31 ^ _158_/B (sky130_fd_sc_hd__nand2_2)
     2    0.01    0.03    0.05    4.36 v _158_/Y (sky130_fd_sc_hd__nand2_2)
                                         _095_ (net)
                  0.03    0.00    4.36 v _159_/B1_N (sky130_fd_sc_hd__o21bai_2)
     1    0.00    0.05    0.18    4.54 v _159_/Y (sky130_fd_sc_hd__o21bai_2)
                                         _096_ (net)
                  0.05    0.00    4.54 v _160_/A (sky130_fd_sc_hd__nand2_2)
     1    0.00    0.04    0.06    4.59 ^ _160_/Y (sky130_fd_sc_hd__nand2_2)
                                         _097_ (net)
                  0.04    0.00    4.59 ^ _166_/A (sky130_fd_sc_hd__nand2_2)
     2    0.01    0.03    0.05    4.64 v _166_/Y (sky130_fd_sc_hd__nand2_2)
                                         _103_ (net)
                  0.03    0.00    4.64 v _178_/B (sky130_fd_sc_hd__nor2_2)
     2    0.01    0.13    0.11    4.75 ^ _178_/Y (sky130_fd_sc_hd__nor2_2)
                                         _014_ (net)
                  0.13    0.00    4.75 ^ _204_/A (sky130_fd_sc_hd__nand3_2)
     1    0.01    0.09    0.09    4.85 v _204_/Y (sky130_fd_sc_hd__nand3_2)
                                         _030_ (net)
                  0.09    0.00    4.85 v _209_/A (sky130_fd_sc_hd__nand3_4)
     8    0.08    0.28    0.22    5.07 ^ _209_/Y (sky130_fd_sc_hd__nand3_4)
                                         _035_ (net)
                  0.28    0.00    5.07 ^ _214_/B (sky130_fd_sc_hd__nor2_4)
     1    0.00    0.04    0.03    5.10 v _214_/Y (sky130_fd_sc_hd__nor2_4)
                                         _005_ (net)
                  0.04    0.00    5.10 v _241_/D (sky130_fd_sc_hd__dfrtp_2)
                                  5.10   data arrival time

                  0.00   10.00   10.00   clock clk (rise edge)
                          1.30   11.30   clock network delay (ideal)
                         -0.30   11.00   clock uncertainty
                          0.00   11.00   clock reconvergence pessimism
                                 11.00 ^ _241_/CLK (sky130_fd_sc_hd__dfrtp_2)
                         -0.13   10.87   library setup time
                                 10.87   data required time
-----------------------------------------------------------------------------
                                 10.87   data required time
                                 -5.10   data arrival time
-----------------------------------------------------------------------------
                                  5.77   slack (MET)


Startpoint: clk_stable (input port clocked by clk)
Endpoint: _242_ (rising edge-triggered flip-flop clocked by clk)
Path Group: clk
Path Type: max

Fanout     Cap    Slew   Delay    Time   Description
-----------------------------------------------------------------------------
                  0.00    0.00    0.00   clock clk (rise edge)
                          1.30    1.30   clock network delay (ideal)
                          3.00    4.30 ^ input external delay
     1    0.00    0.03    0.01    4.31 ^ clk_stable (in)
                                         clk_stable (net)
                  0.03    0.00    4.31 ^ _158_/B (sky130_fd_sc_hd__nand2_2)
     2    0.01    0.03    0.05    4.36 v _158_/Y (sky130_fd_sc_hd__nand2_2)
                                         _095_ (net)
                  0.03    0.00    4.36 v _159_/B1_N (sky130_fd_sc_hd__o21bai_2)
     1    0.00    0.05    0.18    4.54 v _159_/Y (sky130_fd_sc_hd__o21bai_2)
                                         _096_ (net)
                  0.05    0.00    4.54 v _160_/A (sky130_fd_sc_hd__nand2_2)
     1    0.00    0.04    0.06    4.59 ^ _160_/Y (sky130_fd_sc_hd__nand2_2)
                                         _097_ (net)
                  0.04    0.00    4.59 ^ _166_/A (sky130_fd_sc_hd__nand2_2)
     2    0.01    0.03    0.05    4.64 v _166_/Y (sky130_fd_sc_hd__nand2_2)
                                         _103_ (net)
                  0.03    0.00    4.64 v _178_/B (sky130_fd_sc_hd__nor2_2)
     2    0.01    0.13    0.11    4.75 ^ _178_/Y (sky130_fd_sc_hd__nor2_2)
                                         _014_ (net)
                  0.13    0.00    4.75 ^ _204_/A (sky130_fd_sc_hd__nand3_2)
     1    0.01    0.09    0.09    4.85 v _204_/Y (sky130_fd_sc_hd__nand3_2)
                                         _030_ (net)
                  0.09    0.00    4.85 v _209_/A (sky130_fd_sc_hd__nand3_4)
     8    0.08    0.28    0.22    5.07 ^ _209_/Y (sky130_fd_sc_hd__nand3_4)
                                         _035_ (net)
                  0.28    0.00    5.07 ^ _219_/B (sky130_fd_sc_hd__nor2_4)
     1    0.00    0.04    0.03    5.10 v _219_/Y (sky130_fd_sc_hd__nor2_4)
                                         _006_ (net)
                  0.04    0.00    5.10 v _242_/D (sky130_fd_sc_hd__dfrtp_2)
                                  5.10   data arrival time

                  0.00   10.00   10.00   clock clk (rise edge)
                          1.30   11.30   clock network delay (ideal)
                         -0.30   11.00   clock uncertainty
                          0.00   11.00   clock reconvergence pessimism
                                 11.00 ^ _242_/CLK (sky130_fd_sc_hd__dfrtp_2)
                         -0.13   10.87   library setup time
                                 10.87   data required time
-----------------------------------------------------------------------------
                                 10.87   data required time
                                 -5.10   data arrival time
-----------------------------------------------------------------------------
                                  5.77   slack (MET)


Startpoint: clk_stable (input port clocked by clk)
Endpoint: _243_ (rising edge-triggered flip-flop clocked by clk)
Path Group: clk
Path Type: max

Fanout     Cap    Slew   Delay    Time   Description
-----------------------------------------------------------------------------
                  0.00    0.00    0.00   clock clk (rise edge)
                          1.30    1.30   clock network delay (ideal)
                          3.00    4.30 ^ input external delay
     1    0.00    0.03    0.01    4.31 ^ clk_stable (in)
                                         clk_stable (net)
                  0.03    0.00    4.31 ^ _158_/B (sky130_fd_sc_hd__nand2_2)
     2    0.01    0.03    0.05    4.36 v _158_/Y (sky130_fd_sc_hd__nand2_2)
                                         _095_ (net)
                  0.03    0.00    4.36 v _159_/B1_N (sky130_fd_sc_hd__o21bai_2)
     1    0.00    0.05    0.18    4.54 v _159_/Y (sky130_fd_sc_hd__o21bai_2)
                                         _096_ (net)
                  0.05    0.00    4.54 v _160_/A (sky130_fd_sc_hd__nand2_2)
     1    0.00    0.04    0.06    4.59 ^ _160_/Y (sky130_fd_sc_hd__nand2_2)
                                         _097_ (net)
                  0.04    0.00    4.59 ^ _166_/A (sky130_fd_sc_hd__nand2_2)
     2    0.01    0.03    0.05    4.64 v _166_/Y (sky130_fd_sc_hd__nand2_2)
                                         _103_ (net)
                  0.03    0.00    4.64 v _178_/B (sky130_fd_sc_hd__nor2_2)
     2    0.01    0.13    0.11    4.75 ^ _178_/Y (sky130_fd_sc_hd__nor2_2)
                                         _014_ (net)
                  0.13    0.00    4.75 ^ _204_/A (sky130_fd_sc_hd__nand3_2)
     1    0.01    0.09    0.09    4.85 v _204_/Y (sky130_fd_sc_hd__nand3_2)
                                         _030_ (net)
                  0.09    0.00    4.85 v _209_/A (sky130_fd_sc_hd__nand3_4)
     8    0.08    0.28    0.22    5.07 ^ _209_/Y (sky130_fd_sc_hd__nand3_4)
                                         _035_ (net)
                  0.28    0.00    5.07 ^ _223_/B (sky130_fd_sc_hd__nor2_4)
     1    0.00    0.04    0.03    5.10 v _223_/Y (sky130_fd_sc_hd__nor2_4)
                                         _007_ (net)
                  0.04    0.00    5.10 v _243_/D (sky130_fd_sc_hd__dfrtp_2)
                                  5.10   data arrival time

                  0.00   10.00   10.00   clock clk (rise edge)
                          1.30   11.30   clock network delay (ideal)
                         -0.30   11.00   clock uncertainty
                          0.00   11.00   clock reconvergence pessimism
                                 11.00 ^ _243_/CLK (sky130_fd_sc_hd__dfrtp_2)
                         -0.13   10.87   library setup time
                                 10.87   data required time
-----------------------------------------------------------------------------
                                 10.87   data required time
                                 -5.10   data arrival time
-----------------------------------------------------------------------------
                                  5.77   slack (MET)


Startpoint: clk_stable (input port clocked by clk)
Endpoint: _245_ (rising edge-triggered flip-flop clocked by clk)
Path Group: clk
Path Type: max

Fanout     Cap    Slew   Delay    Time   Description
-----------------------------------------------------------------------------
                  0.00    0.00    0.00   clock clk (rise edge)
                          1.30    1.30   clock network delay (ideal)
                          3.00    4.30 ^ input external delay
     1    0.00    0.03    0.01    4.31 ^ clk_stable (in)
                                         clk_stable (net)
                  0.03    0.00    4.31 ^ _158_/B (sky130_fd_sc_hd__nand2_2)
     2    0.01    0.03    0.05    4.36 v _158_/Y (sky130_fd_sc_hd__nand2_2)
                                         _095_ (net)
                  0.03    0.00    4.36 v _159_/B1_N (sky130_fd_sc_hd__o21bai_2)
     1    0.00    0.05    0.18    4.54 v _159_/Y (sky130_fd_sc_hd__o21bai_2)
                                         _096_ (net)
                  0.05    0.00    4.54 v _160_/A (sky130_fd_sc_hd__nand2_2)
     1    0.00    0.04    0.06    4.59 ^ _160_/Y (sky130_fd_sc_hd__nand2_2)
                                         _097_ (net)
                  0.04    0.00    4.59 ^ _166_/A (sky130_fd_sc_hd__nand2_2)
     2    0.01    0.03    0.05    4.64 v _166_/Y (sky130_fd_sc_hd__nand2_2)
                                         _103_ (net)
                  0.03    0.00    4.64 v _178_/B (sky130_fd_sc_hd__nor2_2)
     2    0.01    0.13    0.11    4.75 ^ _178_/Y (sky130_fd_sc_hd__nor2_2)
                                         _014_ (net)
                  0.13    0.00    4.75 ^ _204_/A (sky130_fd_sc_hd__nand3_2)
     1    0.01    0.09    0.09    4.85 v _204_/Y (sky130_fd_sc_hd__nand3_2)
                                         _030_ (net)
                  0.09    0.00    4.85 v _209_/A (sky130_fd_sc_hd__nand3_4)
     8    0.08    0.28    0.22    5.07 ^ _209_/Y (sky130_fd_sc_hd__nand3_4)
                                         _035_ (net)
                  0.28    0.00    5.07 ^ _232_/B (sky130_fd_sc_hd__nor2_4)
     1    0.00    0.04    0.03    5.10 v _232_/Y (sky130_fd_sc_hd__nor2_4)
                                         _009_ (net)
                  0.04    0.00    5.10 v _245_/D (sky130_fd_sc_hd__dfrtp_2)
                                  5.10   data arrival time

                  0.00   10.00   10.00   clock clk (rise edge)
                          1.30   11.30   clock network delay (ideal)
                         -0.30   11.00   clock uncertainty
                          0.00   11.00   clock reconvergence pessimism
                                 11.00 ^ _245_/CLK (sky130_fd_sc_hd__dfrtp_2)
                         -0.13   10.87   library setup time
                                 10.87   data required time
-----------------------------------------------------------------------------
                                 10.87   data required time
                                 -5.10   data arrival time
-----------------------------------------------------------------------------
                                  5.77   slack (MET)


Startpoint: clk_stable (input port clocked by clk)
Endpoint: _246_ (rising edge-triggered flip-flop clocked by clk)
Path Group: clk
Path Type: max

Fanout     Cap    Slew   Delay    Time   Description
-----------------------------------------------------------------------------
                  0.00    0.00    0.00   clock clk (rise edge)
                          1.30    1.30   clock network delay (ideal)
                          3.00    4.30 ^ input external delay
     1    0.00    0.03    0.01    4.31 ^ clk_stable (in)
                                         clk_stable (net)
                  0.03    0.00    4.31 ^ _158_/B (sky130_fd_sc_hd__nand2_2)
     2    0.01    0.03    0.05    4.36 v _158_/Y (sky130_fd_sc_hd__nand2_2)
                                         _095_ (net)
                  0.03    0.00    4.36 v _159_/B1_N (sky130_fd_sc_hd__o21bai_2)
     1    0.00    0.05    0.18    4.54 v _159_/Y (sky130_fd_sc_hd__o21bai_2)
                                         _096_ (net)
                  0.05    0.00    4.54 v _160_/A (sky130_fd_sc_hd__nand2_2)
     1    0.00    0.04    0.06    4.59 ^ _160_/Y (sky130_fd_sc_hd__nand2_2)
                                         _097_ (net)
                  0.04    0.00    4.59 ^ _166_/A (sky130_fd_sc_hd__nand2_2)
     2    0.01    0.03    0.05    4.64 v _166_/Y (sky130_fd_sc_hd__nand2_2)
                                         _103_ (net)
                  0.03    0.00    4.64 v _178_/B (sky130_fd_sc_hd__nor2_2)
     2    0.01    0.13    0.11    4.75 ^ _178_/Y (sky130_fd_sc_hd__nor2_2)
                                         _014_ (net)
                  0.13    0.00    4.75 ^ _204_/A (sky130_fd_sc_hd__nand3_2)
     1    0.01    0.09    0.09    4.85 v _204_/Y (sky130_fd_sc_hd__nand3_2)
                                         _030_ (net)
                  0.09    0.00    4.85 v _209_/A (sky130_fd_sc_hd__nand3_4)
     8    0.08    0.28    0.22    5.07 ^ _209_/Y (sky130_fd_sc_hd__nand3_4)
                                         _035_ (net)
                  0.28    0.00    5.07 ^ _236_/B (sky130_fd_sc_hd__nor2_4)
     1    0.00    0.04    0.03    5.10 v _236_/Y (sky130_fd_sc_hd__nor2_4)
                                         _010_ (net)
                  0.04    0.00    5.10 v _246_/D (sky130_fd_sc_hd__dfrtp_2)
                                  5.10   data arrival time

                  0.00   10.00   10.00   clock clk (rise edge)
                          1.30   11.30   clock network delay (ideal)
                         -0.30   11.00   clock uncertainty
                          0.00   11.00   clock reconvergence pessimism
                                 11.00 ^ _246_/CLK (sky130_fd_sc_hd__dfrtp_2)
                         -0.13   10.87   library setup time
                                 10.87   data required time
-----------------------------------------------------------------------------
                                 10.87   data required time
                                 -5.10   data arrival time
-----------------------------------------------------------------------------
                                  5.77   slack (MET)


Startpoint: clk_stable (input port clocked by clk)
Endpoint: _247_ (rising edge-triggered flip-flop clocked by clk)
Path Group: clk
Path Type: max

Fanout     Cap    Slew   Delay    Time   Description
-----------------------------------------------------------------------------
                  0.00    0.00    0.00   clock clk (rise edge)
                          1.30    1.30   clock network delay (ideal)
                          3.00    4.30 ^ input external delay
     1    0.00    0.03    0.01    4.31 ^ clk_stable (in)
                                         clk_stable (net)
                  0.03    0.00    4.31 ^ _158_/B (sky130_fd_sc_hd__nand2_2)
     2    0.01    0.03    0.05    4.36 v _158_/Y (sky130_fd_sc_hd__nand2_2)
                                         _095_ (net)
                  0.03    0.00    4.36 v _159_/B1_N (sky130_fd_sc_hd__o21bai_2)
     1    0.00    0.05    0.18    4.54 v _159_/Y (sky130_fd_sc_hd__o21bai_2)
                                         _096_ (net)
                  0.05    0.00    4.54 v _160_/A (sky130_fd_sc_hd__nand2_2)
     1    0.00    0.04    0.06    4.59 ^ _160_/Y (sky130_fd_sc_hd__nand2_2)
                                         _097_ (net)
                  0.04    0.00    4.59 ^ _166_/A (sky130_fd_sc_hd__nand2_2)
     2    0.01    0.03    0.05    4.64 v _166_/Y (sky130_fd_sc_hd__nand2_2)
                                         _103_ (net)
                  0.03    0.00    4.64 v _178_/B (sky130_fd_sc_hd__nor2_2)
     2    0.01    0.13    0.11    4.75 ^ _178_/Y (sky130_fd_sc_hd__nor2_2)
                                         _014_ (net)
                  0.13    0.00    4.75 ^ _204_/A (sky130_fd_sc_hd__nand3_2)
     1    0.01    0.09    0.09    4.85 v _204_/Y (sky130_fd_sc_hd__nand3_2)
                                         _030_ (net)
                  0.09    0.00    4.85 v _209_/A (sky130_fd_sc_hd__nand3_4)
     8    0.08    0.28    0.22    5.07 ^ _209_/Y (sky130_fd_sc_hd__nand3_4)
                                         _035_ (net)
                  0.28    0.00    5.07 ^ _238_/B (sky130_fd_sc_hd__nor2_4)
     1    0.00    0.04    0.03    5.10 v _238_/Y (sky130_fd_sc_hd__nor2_4)
                                         _011_ (net)
                  0.04    0.00    5.10 v _247_/D (sky130_fd_sc_hd__dfrtp_2)
                                  5.10   data arrival time

                  0.00   10.00   10.00   clock clk (rise edge)
                          1.30   11.30   clock network delay (ideal)
                         -0.30   11.00   clock uncertainty
                          0.00   11.00   clock reconvergence pessimism
                                 11.00 ^ _247_/CLK (sky130_fd_sc_hd__dfrtp_2)
                         -0.13   10.87   library setup time
                                 10.87   data required time
-----------------------------------------------------------------------------
                                 10.87   data required time
                                 -5.10   data arrival time
-----------------------------------------------------------------------------
                                  5.77   slack (MET)


Startpoint: clk_stable (input port clocked by clk)
Endpoint: _244_ (rising edge-triggered flip-flop clocked by clk)
Path Group: clk
Path Type: max

Fanout     Cap    Slew   Delay    Time   Description
-----------------------------------------------------------------------------
                  0.00    0.00    0.00   clock clk (rise edge)
                          1.30    1.30   clock network delay (ideal)
                          3.00    4.30 ^ input external delay
     1    0.00    0.03    0.01    4.31 ^ clk_stable (in)
                                         clk_stable (net)
                  0.03    0.00    4.31 ^ _158_/B (sky130_fd_sc_hd__nand2_2)
     2    0.01    0.03    0.05    4.36 v _158_/Y (sky130_fd_sc_hd__nand2_2)
                                         _095_ (net)
                  0.03    0.00    4.36 v _159_/B1_N (sky130_fd_sc_hd__o21bai_2)
     1    0.00    0.05    0.18    4.54 v _159_/Y (sky130_fd_sc_hd__o21bai_2)
                                         _096_ (net)
                  0.05    0.00    4.54 v _160_/A (sky130_fd_sc_hd__nand2_2)
     1    0.00    0.04    0.06    4.59 ^ _160_/Y (sky130_fd_sc_hd__nand2_2)
                                         _097_ (net)
                  0.04    0.00    4.59 ^ _166_/A (sky130_fd_sc_hd__nand2_2)
     2    0.01    0.03    0.05    4.64 v _166_/Y (sky130_fd_sc_hd__nand2_2)
                                         _103_ (net)
                  0.03    0.00    4.64 v _178_/B (sky130_fd_sc_hd__nor2_2)
     2    0.01    0.13    0.11    4.75 ^ _178_/Y (sky130_fd_sc_hd__nor2_2)
                                         _014_ (net)
                  0.13    0.00    4.75 ^ _204_/A (sky130_fd_sc_hd__nand3_2)
     1    0.01    0.09    0.09    4.85 v _204_/Y (sky130_fd_sc_hd__nand3_2)
                                         _030_ (net)
                  0.09    0.00    4.85 v _209_/A (sky130_fd_sc_hd__nand3_4)
     8    0.08    0.28    0.22    5.07 ^ _209_/Y (sky130_fd_sc_hd__nand3_4)
                                         _035_ (net)
                  0.28    0.00    5.07 ^ _227_/B (sky130_fd_sc_hd__nor2_8)
     1    0.00    0.04    0.03    5.10 v _227_/Y (sky130_fd_sc_hd__nor2_8)
                                         _008_ (net)
                  0.04    0.00    5.10 v _244_/D (sky130_fd_sc_hd__dfrtp_2)
                                  5.10   data arrival time

                  0.00   10.00   10.00   clock clk (rise edge)
                          1.30   11.30   clock network delay (ideal)
                         -0.30   11.00   clock uncertainty
                          0.00   11.00   clock reconvergence pessimism
                                 11.00 ^ _244_/CLK (sky130_fd_sc_hd__dfrtp_2)
                         -0.12   10.88   library setup time
                                 10.88   data required time
-----------------------------------------------------------------------------
                                 10.88   data required time
                                 -5.10   data arrival time
-----------------------------------------------------------------------------
                                  5.78   slack (MET)


Startpoint: clk_stable (input port clocked by clk)
Endpoint: _258_ (rising edge-triggered flip-flop clocked by clk)
Path Group: clk
Path Type: max

Fanout     Cap    Slew   Delay    Time   Description
-----------------------------------------------------------------------------
                  0.00    0.00    0.00   clock clk (rise edge)
                          1.30    1.30   clock network delay (ideal)
                          3.00    4.30 ^ input external delay
     1    0.00    0.03    0.01    4.31 ^ clk_stable (in)
                                         clk_stable (net)
                  0.03    0.00    4.31 ^ _158_/B (sky130_fd_sc_hd__nand2_2)
     2    0.01    0.03    0.05    4.36 v _158_/Y (sky130_fd_sc_hd__nand2_2)
                                         _095_ (net)
                  0.03    0.00    4.36 v _159_/B1_N (sky130_fd_sc_hd__o21bai_2)
     1    0.00    0.05    0.18    4.54 v _159_/Y (sky130_fd_sc_hd__o21bai_2)
                                         _096_ (net)
                  0.05    0.00    4.54 v _160_/A (sky130_fd_sc_hd__nand2_2)
     1    0.00    0.04    0.06    4.59 ^ _160_/Y (sky130_fd_sc_hd__nand2_2)
                                         _097_ (net)
                  0.04    0.00    4.59 ^ _166_/A (sky130_fd_sc_hd__nand2_2)
     2    0.01    0.03    0.05    4.64 v _166_/Y (sky130_fd_sc_hd__nand2_2)
                                         _103_ (net)
                  0.03    0.00    4.64 v _178_/B (sky130_fd_sc_hd__nor2_2)
     2    0.01    0.13    0.11    4.75 ^ _178_/Y (sky130_fd_sc_hd__nor2_2)
                                         _014_ (net)
                  0.13    0.00    4.75 ^ _187_/A (sky130_fd_sc_hd__nand2_2)
     1    0.00    0.04    0.05    4.80 v _187_/Y (sky130_fd_sc_hd__nand2_2)
                                         next_state[2] (net)
                  0.04    0.00    4.80 v _258_/D (sky130_fd_sc_hd__dfrtp_2)
                                  4.80   data arrival time

                  0.00   10.00   10.00   clock clk (rise edge)
                          1.30   11.30   clock network delay (ideal)
                         -0.30   11.00   clock uncertainty
                          0.00   11.00   clock reconvergence pessimism
                                 11.00 ^ _258_/CLK (sky130_fd_sc_hd__dfrtp_2)
                         -0.12   10.88   library setup time
                                 10.88   data required time
-----------------------------------------------------------------------------
                                 10.88   data required time
                                 -4.80   data arrival time
-----------------------------------------------------------------------------
                                  6.08   slack (MET)


Startpoint: _253_ (rising edge-triggered flip-flop clocked by clk)
Endpoint: reset_ctrl (output port clocked by clk)
Path Group: clk
Path Type: max

Fanout     Cap    Slew   Delay    Time   Description
-----------------------------------------------------------------------------
                  0.00    0.00    0.00   clock clk (rise edge)
                          1.30    1.30   clock network delay (ideal)
                  0.00    0.00    1.30 ^ _253_/CLK (sky130_fd_sc_hd__dfrtp_2)
     1    0.03    0.10    0.44    1.74 v _253_/Q (sky130_fd_sc_hd__dfrtp_2)
                                         reset_ctrl (net)
                  0.10    0.00    1.74 v reset_ctrl (out)
                                  1.74   data arrival time

                  0.00   10.00   10.00   clock clk (rise edge)
                          1.30   11.30   clock network delay (ideal)
                         -0.30   11.00   clock uncertainty
                          0.00   11.00   clock reconvergence pessimism
                         -2.50    8.50   output external delay
                                  8.50   data required time
-----------------------------------------------------------------------------
                                  8.50   data required time
                                 -1.74   data arrival time
-----------------------------------------------------------------------------
                                  6.76   slack (MET)


Startpoint: _252_ (rising edge-triggered flip-flop clocked by clk)
Endpoint: retention_restore (output port clocked by clk)
Path Group: clk
Path Type: max

Fanout     Cap    Slew   Delay    Time   Description
-----------------------------------------------------------------------------
                  0.00    0.00    0.00   clock clk (rise edge)
                          1.30    1.30   clock network delay (ideal)
                  0.00    0.00    1.30 ^ _252_/CLK (sky130_fd_sc_hd__dfrtp_2)
     1    0.03    0.10    0.44    1.74 v _252_/Q (sky130_fd_sc_hd__dfrtp_2)
                                         retention_restore (net)
                  0.10    0.00    1.74 v retention_restore (out)
                                  1.74   data arrival time

                  0.00   10.00   10.00   clock clk (rise edge)
                          1.30   11.30   clock network delay (ideal)
                         -0.30   11.00   clock uncertainty
                          0.00   11.00   clock reconvergence pessimism
                         -2.50    8.50   output external delay
                                  8.50   data required time
-----------------------------------------------------------------------------
                                  8.50   data required time
                                 -1.74   data arrival time
-----------------------------------------------------------------------------
                                  6.76   slack (MET)


Startpoint: _251_ (rising edge-triggered flip-flop clocked by clk)
Endpoint: retention_save (output port clocked by clk)
Path Group: clk
Path Type: max

Fanout     Cap    Slew   Delay    Time   Description
-----------------------------------------------------------------------------
                  0.00    0.00    0.00   clock clk (rise edge)
                          1.30    1.30   clock network delay (ideal)
                  0.00    0.00    1.30 ^ _251_/CLK (sky130_fd_sc_hd__dfrtp_2)
     1    0.03    0.10    0.44    1.74 v _251_/Q (sky130_fd_sc_hd__dfrtp_2)
                                         retention_save (net)
                  0.10    0.00    1.74 v retention_save (out)
                                  1.74   data arrival time

                  0.00   10.00   10.00   clock clk (rise edge)
                          1.30   11.30   clock network delay (ideal)
                         -0.30   11.00   clock uncertainty
                          0.00   11.00   clock reconvergence pessimism
                         -2.50    8.50   output external delay
                                  8.50   data required time
-----------------------------------------------------------------------------
                                  8.50   data required time
                                 -1.74   data arrival time
-----------------------------------------------------------------------------
                                  6.76   slack (MET)


Startpoint: _256_ (rising edge-triggered flip-flop clocked by clk)
Endpoint: seq_busy (output port clocked by clk)
Path Group: clk
Path Type: max

Fanout     Cap    Slew   Delay    Time   Description
-----------------------------------------------------------------------------
                  0.00    0.00    0.00   clock clk (rise edge)
                          1.30    1.30   clock network delay (ideal)
                  0.00    0.00    1.30 ^ _256_/CLK (sky130_fd_sc_hd__dfrtp_2)
     8    0.03    0.11    0.45    1.75 v _256_/Q (sky130_fd_sc_hd__dfrtp_2)
                                         curr_state[0] (net)
                  0.11    0.00    1.75 v _138_/A (sky130_fd_sc_hd__nand2_2)
     3    0.01    0.08    0.11    1.86 ^ _138_/Y (sky130_fd_sc_hd__nand2_2)
                                         _077_ (net)
                  0.08    0.00    1.86 ^ _139_/A (sky130_fd_sc_hd__inv_2)
     2    0.02    0.05    0.07    1.93 v _139_/Y (sky130_fd_sc_hd__inv_2)
                                         _078_ (net)
                  0.05    0.00    1.93 v _140_/B (sky130_fd_sc_hd__nor2_8)
     4    0.03    0.16    0.15    2.08 ^ _140_/Y (sky130_fd_sc_hd__nor2_8)
                                         seq_busy (net)
                  0.16    0.00    2.08 ^ seq_busy (out)
                                  2.08   data arrival time

                  0.00   10.00   10.00   clock clk (rise edge)
                          1.30   11.30   clock network delay (ideal)
                         -0.30   11.00   clock uncertainty
                          0.00   11.00   clock reconvergence pessimism
                         -2.00    9.00   output external delay
                                  9.00   data required time
-----------------------------------------------------------------------------
                                  9.00   data required time
                                 -2.08   data arrival time
-----------------------------------------------------------------------------
                                  6.92   slack (MET)


Startpoint: _239_ (rising edge-triggered flip-flop clocked by clk)
Endpoint: dvfs_ctrl[1] (output port clocked by clk)
Path Group: clk
Path Type: max

Fanout     Cap    Slew   Delay    Time   Description
-----------------------------------------------------------------------------
                  0.00    0.00    0.00   clock clk (rise edge)
                          1.30    1.30   clock network delay (ideal)
                  0.00    0.00    1.30 ^ _239_/CLK (sky130_fd_sc_hd__dfstp_2)
     1    0.02    0.11    0.55    1.85 ^ _239_/Q (sky130_fd_sc_hd__dfstp_2)
                                         dvfs_ctrl[1] (net)
                  0.11    0.00    1.85 ^ dvfs_ctrl[1] (out)
                                  1.85   data arrival time

                  0.00   10.00   10.00   clock clk (rise edge)
                          1.30   11.30   clock network delay (ideal)
                         -0.30   11.00   clock uncertainty
                          0.00   11.00   clock reconvergence pessimism
                         -2.00    9.00   output external delay
                                  9.00   data required time
-----------------------------------------------------------------------------
                                  9.00   data required time
                                 -1.85   data arrival time
-----------------------------------------------------------------------------
                                  7.15   slack (MET)


Startpoint: _248_ (rising edge-triggered flip-flop clocked by clk)
Endpoint: clk_gate_en (output port clocked by clk)
Path Group: clk
Path Type: max

Fanout     Cap    Slew   Delay    Time   Description
-----------------------------------------------------------------------------
                  0.00    0.00    0.00   clock clk (rise edge)
                          1.30    1.30   clock network delay (ideal)
                  0.00    0.00    1.30 ^ _248_/CLK (sky130_fd_sc_hd__dfrtp_2)
     1    0.05    0.25    0.48    1.78 ^ _248_/Q (sky130_fd_sc_hd__dfrtp_2)
                                         clk_gate_en (net)
                  0.25    0.00    1.78 ^ clk_gate_en (out)
                                  1.78   data arrival time

                  0.00   10.00   10.00   clock clk (rise edge)
                          1.30   11.30   clock network delay (ideal)
                         -0.30   11.00   clock uncertainty
                          0.00   11.00   clock reconvergence pessimism
                         -2.00    9.00   output external delay
                                  9.00   data required time
-----------------------------------------------------------------------------
                                  9.00   data required time
                                 -1.78   data arrival time
-----------------------------------------------------------------------------
                                  7.22   slack (MET)


Startpoint: _249_ (rising edge-triggered flip-flop clocked by clk)
Endpoint: pwr_gate_en (output port clocked by clk)
Path Group: clk
Path Type: max

Fanout     Cap    Slew   Delay    Time   Description
-----------------------------------------------------------------------------
                  0.00    0.00    0.00   clock clk (rise edge)
                          1.30    1.30   clock network delay (ideal)
                  0.00    0.00    1.30 ^ _249_/CLK (sky130_fd_sc_hd__dfrtp_2)
     1    0.05    0.25    0.48    1.78 ^ _249_/Q (sky130_fd_sc_hd__dfrtp_2)
                                         pwr_gate_en (net)
                  0.25    0.00    1.78 ^ pwr_gate_en (out)
                                  1.78   data arrival time

                  0.00   10.00   10.00   clock clk (rise edge)
                          1.30   11.30   clock network delay (ideal)
                         -0.30   11.00   clock uncertainty
                          0.00   11.00   clock reconvergence pessimism
                         -2.00    9.00   output external delay
                                  9.00   data required time
-----------------------------------------------------------------------------
                                  9.00   data required time
                                 -1.78   data arrival time
-----------------------------------------------------------------------------
                                  7.22   slack (MET)


Startpoint: _250_ (rising edge-triggered flip-flop clocked by clk)
Endpoint: retention_en (output port clocked by clk)
Path Group: clk
Path Type: max

Fanout     Cap    Slew   Delay    Time   Description
-----------------------------------------------------------------------------
                  0.00    0.00    0.00   clock clk (rise edge)
                          1.30    1.30   clock network delay (ideal)
                  0.00    0.00    1.30 ^ _250_/CLK (sky130_fd_sc_hd__dfrtp_2)
     1    0.05    0.25    0.48    1.78 ^ _250_/Q (sky130_fd_sc_hd__dfrtp_2)
                                         retention_en (net)
                  0.25    0.00    1.78 ^ retention_en (out)
                                  1.78   data arrival time

                  0.00   10.00   10.00   clock clk (rise edge)
                          1.30   11.30   clock network delay (ideal)
                         -0.30   11.00   clock uncertainty
                          0.00   11.00   clock reconvergence pessimism
                         -2.00    9.00   output external delay
                                  9.00   data required time
-----------------------------------------------------------------------------
                                  9.00   data required time
                                 -1.78   data arrival time
-----------------------------------------------------------------------------
                                  7.22   slack (MET)


Startpoint: _254_ (rising edge-triggered flip-flop clocked by clk)
Endpoint: pwr_state[0] (output port clocked by clk)
Path Group: clk
Path Type: max

Fanout     Cap    Slew   Delay    Time   Description
-----------------------------------------------------------------------------
                  0.00    0.00    0.00   clock clk (rise edge)
                          1.30    1.30   clock network delay (ideal)
                  0.00    0.00    1.30 ^ _254_/CLK (sky130_fd_sc_hd__dfrtp_2)
     1    0.02    0.08    0.42    1.72 v _254_/Q (sky130_fd_sc_hd__dfrtp_2)
                                         pwr_state[0] (net)
                  0.08    0.00    1.72 v pwr_state[0] (out)
                                  1.72   data arrival time

                  0.00   10.00   10.00   clock clk (rise edge)
                          1.30   11.30   clock network delay (ideal)
                         -0.30   11.00   clock uncertainty
                          0.00   11.00   clock reconvergence pessimism
                         -2.00    9.00   output external delay
                                  9.00   data required time
-----------------------------------------------------------------------------
                                  9.00   data required time
                                 -1.72   data arrival time
-----------------------------------------------------------------------------
                                  7.28   slack (MET)


Startpoint: _255_ (rising edge-triggered flip-flop clocked by clk)
Endpoint: pwr_state[1] (output port clocked by clk)
Path Group: clk
Path Type: max

Fanout     Cap    Slew   Delay    Time   Description
-----------------------------------------------------------------------------
                  0.00    0.00    0.00   clock clk (rise edge)
                          1.30    1.30   clock network delay (ideal)
                  0.00    0.00    1.30 ^ _255_/CLK (sky130_fd_sc_hd__dfrtp_2)
     1    0.02    0.08    0.42    1.72 v _255_/Q (sky130_fd_sc_hd__dfrtp_2)
                                         pwr_state[1] (net)
                  0.08    0.00    1.72 v pwr_state[1] (out)
                                  1.72   data arrival time

                  0.00   10.00   10.00   clock clk (rise edge)
                          1.30   11.30   clock network delay (ideal)
                         -0.30   11.00   clock uncertainty
                          0.00   11.00   clock reconvergence pessimism
                         -2.00    9.00   output external delay
                                  9.00   data required time
-----------------------------------------------------------------------------
                                  9.00   data required time
                                 -1.72   data arrival time
-----------------------------------------------------------------------------
                                  7.28   slack (MET)


Startpoint: wake_up (input port clocked by clk)
Endpoint: _259_ (rising edge-triggered flip-flop clocked by clk)
Path Group: clk
Path Type: max

Fanout     Cap    Slew   Delay    Time   Description
-----------------------------------------------------------------------------
                  0.00    0.00    0.00   clock clk (rise edge)
                          1.30    1.30   clock network delay (ideal)
                          2.00    3.30 v input external delay
     1    0.00    0.02    0.01    3.31 v wake_up (in)
                                         wake_up (net)
                  0.02    0.00    3.31 v _259_/D (sky130_fd_sc_hd__dfrtp_2)
                                  3.31   data arrival time

                  0.00   10.00   10.00   clock clk (rise edge)
                          1.30   11.30   clock network delay (ideal)
                         -0.30   11.00   clock uncertainty
                          0.00   11.00   clock reconvergence pessimism
                                 11.00 ^ _259_/CLK (sky130_fd_sc_hd__dfrtp_2)
                         -0.12   10.88   library setup time
                                 10.88   data required time
-----------------------------------------------------------------------------
                                 10.88   data required time
                                 -3.31   data arrival time
-----------------------------------------------------------------------------
                                  7.58   slack (MET)


Startpoint: req_off (input port clocked by clk)
Endpoint: _260_ (rising edge-triggered flip-flop clocked by clk)
Path Group: clk
Path Type: max

Fanout     Cap    Slew   Delay    Time   Description
-----------------------------------------------------------------------------
                  0.00    0.00    0.00   clock clk (rise edge)
                          1.30    1.30   clock network delay (ideal)
                          2.00    3.30 v input external delay
     1    0.00    0.02    0.01    3.31 v req_off (in)
                                         req_off (net)
                  0.02    0.00    3.31 v _260_/D (sky130_fd_sc_hd__dfrtp_2)
                                  3.31   data arrival time

                  0.00   10.00   10.00   clock clk (rise edge)
                          1.30   11.30   clock network delay (ideal)
                         -0.30   11.00   clock uncertainty
                          0.00   11.00   clock reconvergence pessimism
                                 11.00 ^ _260_/CLK (sky130_fd_sc_hd__dfrtp_2)
                         -0.12   10.88   library setup time
                                 10.88   data required time
-----------------------------------------------------------------------------
                                 10.88   data required time
                                 -3.31   data arrival time
-----------------------------------------------------------------------------
                                  7.58   slack (MET)


Startpoint: req_sleep (input port clocked by clk)
Endpoint: _261_ (rising edge-triggered flip-flop clocked by clk)
Path Group: clk
Path Type: max

Fanout     Cap    Slew   Delay    Time   Description
-----------------------------------------------------------------------------
                  0.00    0.00    0.00   clock clk (rise edge)
                          1.30    1.30   clock network delay (ideal)
                          2.00    3.30 v input external delay
     1    0.00    0.02    0.01    3.31 v req_sleep (in)
                                         req_sleep (net)
                  0.02    0.00    3.31 v _261_/D (sky130_fd_sc_hd__dfrtp_2)
                                  3.31   data arrival time

                  0.00   10.00   10.00   clock clk (rise edge)
                          1.30   11.30   clock network delay (ideal)
                         -0.30   11.00   clock uncertainty
                          0.00   11.00   clock reconvergence pessimism
                                 11.00 ^ _261_/CLK (sky130_fd_sc_hd__dfrtp_2)
                         -0.12   10.88   library setup time
                                 10.88   data required time
-----------------------------------------------------------------------------
                                 10.88   data required time
                                 -3.31   data arrival time
-----------------------------------------------------------------------------
                                  7.58   slack (MET)


Startpoint: req_idle (input port clocked by clk)
Endpoint: _262_ (rising edge-triggered flip-flop clocked by clk)
Path Group: clk
Path Type: max

Fanout     Cap    Slew   Delay    Time   Description
-----------------------------------------------------------------------------
                  0.00    0.00    0.00   clock clk (rise edge)
                          1.30    1.30   clock network delay (ideal)
                          2.00    3.30 v input external delay
     1    0.00    0.02    0.01    3.31 v req_idle (in)
                                         req_idle (net)
                  0.02    0.00    3.31 v _262_/D (sky130_fd_sc_hd__dfrtp_2)
                                  3.31   data arrival time

                  0.00   10.00   10.00   clock clk (rise edge)
                          1.30   11.30   clock network delay (ideal)
                         -0.30   11.00   clock uncertainty
                          0.00   11.00   clock reconvergence pessimism
                                 11.00 ^ _262_/CLK (sky130_fd_sc_hd__dfrtp_2)
                         -0.12   10.88   library setup time
                                 10.88   data required time
-----------------------------------------------------------------------------
                                 10.88   data required time
                                 -3.31   data arrival time
-----------------------------------------------------------------------------
                                  7.58   slack (MET)


Startpoint: _258_ (rising edge-triggered flip-flop clocked by clk)
Endpoint: _255_ (rising edge-triggered flip-flop clocked by clk)
Path Group: clk
Path Type: max

Fanout     Cap    Slew   Delay    Time   Description
-----------------------------------------------------------------------------
                  0.00    0.00    0.00   clock clk (rise edge)
                          1.30    1.30   clock network delay (ideal)
                  0.00    0.00    1.30 ^ _258_/CLK (sky130_fd_sc_hd__dfrtp_2)
     8    0.04    0.12    0.47    1.77 v _258_/Q (sky130_fd_sc_hd__dfrtp_2)
                                         curr_state[2] (net)
                  0.12    0.00    1.77 v _124_/A (sky130_fd_sc_hd__inv_6)
     6    0.04    0.09    0.13    1.89 ^ _124_/Y (sky130_fd_sc_hd__inv_6)
                                         _064_ (net)
                  0.09    0.00    1.89 ^ _125_/B (sky130_fd_sc_hd__nor2_4)
     3    0.01    0.05    0.04    1.94 v _125_/Y (sky130_fd_sc_hd__nor2_4)
                                         _065_ (net)
                  0.05    0.00    1.94 v _170_/A (sky130_fd_sc_hd__and2_2)
     3    0.01    0.06    0.20    2.13 v _170_/X (sky130_fd_sc_hd__and2_2)
                                         _107_ (net)
                  0.06    0.00    2.13 v _193_/B (sky130_fd_sc_hd__nor2_2)
     2    0.01    0.10    0.10    2.23 ^ _193_/Y (sky130_fd_sc_hd__nor2_2)
                                         _024_ (net)
                  0.10    0.00    2.23 ^ _194_/C_N (sky130_fd_sc_hd__or3b_2)
     1    0.00    0.07    0.44    2.67 v _194_/X (sky130_fd_sc_hd__or3b_2)
                                         _025_ (net)
                  0.07    0.00    2.67 v _195_/A (sky130_fd_sc_hd__buf_1)
     1    0.00    0.02    0.09    2.77 v _195_/X (sky130_fd_sc_hd__buf_1)
                                         _113_ (net)
                  0.02    0.00    2.77 v _255_/D (sky130_fd_sc_hd__dfrtp_2)
                                  2.77   data arrival time

                  0.00   10.00   10.00   clock clk (rise edge)
                          1.30   11.30   clock network delay (ideal)
                         -0.30   11.00   clock uncertainty
                          0.00   11.00   clock reconvergence pessimism
                                 11.00 ^ _255_/CLK (sky130_fd_sc_hd__dfrtp_2)
                         -0.12   10.88   library setup time
                                 10.88   data required time
-----------------------------------------------------------------------------
                                 10.88   data required time
                                 -2.77   data arrival time
-----------------------------------------------------------------------------
                                  8.12   slack (MET)


Startpoint: _246_ (rising edge-triggered flip-flop clocked by clk)
Endpoint: _253_ (rising edge-triggered flip-flop clocked by clk)
Path Group: clk
Path Type: max

Fanout     Cap    Slew   Delay    Time   Description
-----------------------------------------------------------------------------
                  0.00    0.00    0.00   clock clk (rise edge)
                          1.30    1.30   clock network delay (ideal)
                  0.00    0.00    1.30 ^ _246_/CLK (sky130_fd_sc_hd__dfrtp_2)
     3    0.01    0.06    0.39    1.69 v _246_/Q (sky130_fd_sc_hd__dfrtp_2)
                                         seq_timer[6] (net)
                  0.06    0.00    1.69 v _121_/A (sky130_fd_sc_hd__nor2_2)
     2    0.01    0.13    0.15    1.84 ^ _121_/Y (sky130_fd_sc_hd__nor2_2)
                                         _061_ (net)
                  0.13    0.00    1.84 ^ _134_/B (sky130_fd_sc_hd__nand3_2)
     2    0.01    0.07    0.09    1.93 v _134_/Y (sky130_fd_sc_hd__nand3_2)
                                         _074_ (net)
                  0.07    0.00    1.93 v _135_/C (sky130_fd_sc_hd__or3_2)
     1    0.00    0.08    0.42    2.35 v _135_/X (sky130_fd_sc_hd__or3_2)
                                         _075_ (net)
                  0.08    0.00    2.35 v _136_/A (sky130_fd_sc_hd__inv_2)
     3    0.01    0.06    0.09    2.43 ^ _136_/Y (sky130_fd_sc_hd__inv_2)
                                         _076_ (net)
                  0.06    0.00    2.43 ^ _196_/A1 (sky130_fd_sc_hd__a21o_2)
     1    0.00    0.03    0.11    2.54 ^ _196_/X (sky130_fd_sc_hd__a21o_2)
                                         _115_ (net)
                  0.03    0.00    2.54 ^ _253_/D (sky130_fd_sc_hd__dfrtp_2)
                                  2.54   data arrival time

                  0.00   10.00   10.00   clock clk (rise edge)
                          1.30   11.30   clock network delay (ideal)
                         -0.30   11.00   clock uncertainty
                          0.00   11.00   clock reconvergence pessimism
                                 11.00 ^ _253_/CLK (sky130_fd_sc_hd__dfrtp_2)
                         -0.07   10.93   library setup time
                                 10.93   data required time
-----------------------------------------------------------------------------
                                 10.93   data required time
                                 -2.54   data arrival time
-----------------------------------------------------------------------------
                                  8.39   slack (MET)


Startpoint: _246_ (rising edge-triggered flip-flop clocked by clk)
Endpoint: _250_ (rising edge-triggered flip-flop clocked by clk)
Path Group: clk
Path Type: max

Fanout     Cap    Slew   Delay    Time   Description
-----------------------------------------------------------------------------
                  0.00    0.00    0.00   clock clk (rise edge)
                          1.30    1.30   clock network delay (ideal)
                  0.00    0.00    1.30 ^ _246_/CLK (sky130_fd_sc_hd__dfrtp_2)
     3    0.01    0.06    0.39    1.69 v _246_/Q (sky130_fd_sc_hd__dfrtp_2)
                                         seq_timer[6] (net)
                  0.06    0.00    1.69 v _121_/A (sky130_fd_sc_hd__nor2_2)
     2    0.01    0.13    0.15    1.84 ^ _121_/Y (sky130_fd_sc_hd__nor2_2)
                                         _061_ (net)
                  0.13    0.00    1.84 ^ _134_/B (sky130_fd_sc_hd__nand3_2)
     2    0.01    0.07    0.09    1.93 v _134_/Y (sky130_fd_sc_hd__nand3_2)
                                         _074_ (net)
                  0.07    0.00    1.93 v _135_/C (sky130_fd_sc_hd__or3_2)
     1    0.00    0.08    0.42    2.35 v _135_/X (sky130_fd_sc_hd__or3_2)
                                         _075_ (net)
                  0.08    0.00    2.35 v _136_/A (sky130_fd_sc_hd__inv_2)
     3    0.01    0.06    0.09    2.43 ^ _136_/Y (sky130_fd_sc_hd__inv_2)
                                         _076_ (net)
                  0.06    0.00    2.43 ^ _197_/A2 (sky130_fd_sc_hd__o21ai_2)
     1    0.00    0.03    0.05    2.48 v _197_/Y (sky130_fd_sc_hd__o21ai_2)
                                         _116_ (net)
                  0.03    0.00    2.48 v _250_/D (sky130_fd_sc_hd__dfrtp_2)
                                  2.48   data arrival time

                  0.00   10.00   10.00   clock clk (rise edge)
                          1.30   11.30   clock network delay (ideal)
                         -0.30   11.00   clock uncertainty
                          0.00   11.00   clock reconvergence pessimism
                                 11.00 ^ _250_/CLK (sky130_fd_sc_hd__dfrtp_2)
                         -0.12   10.88   library setup time
                                 10.88   data required time
-----------------------------------------------------------------------------
                                 10.88   data required time
                                 -2.48   data arrival time
-----------------------------------------------------------------------------
                                  8.40   slack (MET)


Startpoint: _246_ (rising edge-triggered flip-flop clocked by clk)
Endpoint: _252_ (rising edge-triggered flip-flop clocked by clk)
Path Group: clk
Path Type: max

Fanout     Cap    Slew   Delay    Time   Description
-----------------------------------------------------------------------------
                  0.00    0.00    0.00   clock clk (rise edge)
                          1.30    1.30   clock network delay (ideal)
                  0.00    0.00    1.30 ^ _246_/CLK (sky130_fd_sc_hd__dfrtp_2)
     3    0.01    0.06    0.39    1.69 v _246_/Q (sky130_fd_sc_hd__dfrtp_2)
                                         seq_timer[6] (net)
                  0.06    0.00    1.69 v _121_/A (sky130_fd_sc_hd__nor2_2)
     2    0.01    0.13    0.15    1.84 ^ _121_/Y (sky130_fd_sc_hd__nor2_2)
                                         _061_ (net)
                  0.13    0.00    1.84 ^ _134_/B (sky130_fd_sc_hd__nand3_2)
     2    0.01    0.07    0.09    1.93 v _134_/Y (sky130_fd_sc_hd__nand3_2)
                                         _074_ (net)
                  0.07    0.00    1.93 v _135_/C (sky130_fd_sc_hd__or3_2)
     1    0.00    0.08    0.42    2.35 v _135_/X (sky130_fd_sc_hd__or3_2)
                                         _075_ (net)
                  0.08    0.00    2.35 v _136_/A (sky130_fd_sc_hd__inv_2)
     3    0.01    0.06    0.09    2.43 ^ _136_/Y (sky130_fd_sc_hd__inv_2)
                                         _076_ (net)
                  0.06    0.00    2.43 ^ _137_/B (sky130_fd_sc_hd__nor2_2)
     1    0.00    0.02    0.03    2.46 v _137_/Y (sky130_fd_sc_hd__nor2_2)
                                         _114_ (net)
                  0.02    0.00    2.46 v _252_/D (sky130_fd_sc_hd__dfrtp_2)
                                  2.46   data arrival time

                  0.00   10.00   10.00   clock clk (rise edge)
                          1.30   11.30   clock network delay (ideal)
                         -0.30   11.00   clock uncertainty
                          0.00   11.00   clock reconvergence pessimism
                                 11.00 ^ _252_/CLK (sky130_fd_sc_hd__dfrtp_2)
                         -0.12   10.88   library setup time
                                 10.88   data required time
-----------------------------------------------------------------------------
                                 10.88   data required time
                                 -2.46   data arrival time
-----------------------------------------------------------------------------
                                  8.42   slack (MET)


Startpoint: _257_ (rising edge-triggered flip-flop clocked by clk)
Endpoint: _256_ (rising edge-triggered flip-flop clocked by clk)
Path Group: clk
Path Type: max

Fanout     Cap    Slew   Delay    Time   Description
-----------------------------------------------------------------------------
                  0.00    0.00    0.00   clock clk (rise edge)
                          1.30    1.30   clock network delay (ideal)
                  0.00    0.00    1.30 ^ _257_/CLK (sky130_fd_sc_hd__dfrtp_2)
     3    0.01    0.06    0.39    1.69 v _257_/Q (sky130_fd_sc_hd__dfrtp_2)
                                         curr_state[1] (net)
                  0.06    0.00    1.69 v _126_/A (sky130_fd_sc_hd__buf_2)
     8    0.03    0.08    0.18    1.87 v _126_/X (sky130_fd_sc_hd__buf_2)
                                         _066_ (net)
                  0.08    0.00    1.87 v _146_/B (sky130_fd_sc_hd__nor2_2)
     2    0.01    0.13    0.13    2.00 ^ _146_/Y (sky130_fd_sc_hd__nor2_2)
                                         _084_ (net)
                  0.13    0.00    2.00 ^ _148_/B (sky130_fd_sc_hd__nand3_2)
     1    0.00    0.06    0.09    2.09 v _148_/Y (sky130_fd_sc_hd__nand3_2)
                                         _086_ (net)
                  0.06    0.00    2.09 v _149_/B (sky130_fd_sc_hd__nand2_2)
     1    0.00    0.05    0.07    2.16 ^ _149_/Y (sky130_fd_sc_hd__nand2_2)
                                         _087_ (net)
                  0.05    0.00    2.16 ^ _151_/A (sky130_fd_sc_hd__nand2_2)
     1    0.00    0.03    0.04    2.20 v _151_/Y (sky130_fd_sc_hd__nand2_2)
                                         _089_ (net)
                  0.03    0.00    2.20 v _154_/A (sky130_fd_sc_hd__nand2_2)
     2    0.01    0.07    0.06    2.26 ^ _154_/Y (sky130_fd_sc_hd__nand2_2)
                                         _092_ (net)
                  0.07    0.00    2.26 ^ _156_/A (sky130_fd_sc_hd__nand2_2)
     2    0.01    0.05    0.06    2.32 v _156_/Y (sky130_fd_sc_hd__nand2_2)
                                         _094_ (net)
                  0.05    0.00    2.32 v _157_/A (sky130_fd_sc_hd__inv_2)
     1    0.00    0.02    0.04    2.36 ^ _157_/Y (sky130_fd_sc_hd__inv_2)
                                         next_state[0] (net)
                  0.02    0.00    2.36 ^ _256_/D (sky130_fd_sc_hd__dfrtp_2)
                                  2.36   data arrival time

                  0.00   10.00   10.00   clock clk (rise edge)
                          1.30   11.30   clock network delay (ideal)
                         -0.30   11.00   clock uncertainty
                          0.00   11.00   clock reconvergence pessimism
                                 11.00 ^ _256_/CLK (sky130_fd_sc_hd__dfrtp_2)
                         -0.06   10.94   library setup time
                                 10.94   data required time
-----------------------------------------------------------------------------
                                 10.94   data required time
                                 -2.36   data arrival time
-----------------------------------------------------------------------------
                                  8.57   slack (MET)


Startpoint: _246_ (rising edge-triggered flip-flop clocked by clk)
Endpoint: _251_ (rising edge-triggered flip-flop clocked by clk)
Path Group: clk
Path Type: max

Fanout     Cap    Slew   Delay    Time   Description
-----------------------------------------------------------------------------
                  0.00    0.00    0.00   clock clk (rise edge)
                          1.30    1.30   clock network delay (ideal)
                  0.00    0.00    1.30 ^ _246_/CLK (sky130_fd_sc_hd__dfrtp_2)
     3    0.01    0.06    0.39    1.69 v _246_/Q (sky130_fd_sc_hd__dfrtp_2)
                                         seq_timer[6] (net)
                  0.06    0.00    1.69 v _121_/A (sky130_fd_sc_hd__nor2_2)
     2    0.01    0.13    0.15    1.84 ^ _121_/Y (sky130_fd_sc_hd__nor2_2)
                                         _061_ (net)
                  0.13    0.00    1.84 ^ _122_/B (sky130_fd_sc_hd__nand2_2)
     3    0.01    0.07    0.09    1.93 v _122_/Y (sky130_fd_sc_hd__nand2_2)
                                         _062_ (net)
                  0.07    0.00    1.93 v _123_/B (sky130_fd_sc_hd__nor2_2)
     3    0.01    0.15    0.15    2.08 ^ _123_/Y (sky130_fd_sc_hd__nor2_2)
                                         _063_ (net)
                  0.15    0.00    2.08 ^ _198_/C1 (sky130_fd_sc_hd__o211a_2)
     1    0.00    0.04    0.18    2.26 ^ _198_/X (sky130_fd_sc_hd__o211a_2)
                                         _003_ (net)
                  0.04    0.00    2.26 ^ _251_/D (sky130_fd_sc_hd__dfrtp_2)
                                  2.26   data arrival time

                  0.00   10.00   10.00   clock clk (rise edge)
                          1.30   11.30   clock network delay (ideal)
                         -0.30   11.00   clock uncertainty
                          0.00   11.00   clock reconvergence pessimism
                                 11.00 ^ _251_/CLK (sky130_fd_sc_hd__dfrtp_2)
                         -0.07   10.93   library setup time
                                 10.93   data required time
-----------------------------------------------------------------------------
                                 10.93   data required time
                                 -2.26   data arrival time
-----------------------------------------------------------------------------
                                  8.67   slack (MET)


Startpoint: _258_ (rising edge-triggered flip-flop clocked by clk)
Endpoint: _239_ (rising edge-triggered flip-flop clocked by clk)
Path Group: clk
Path Type: max

Fanout     Cap    Slew   Delay    Time   Description
-----------------------------------------------------------------------------
                  0.00    0.00    0.00   clock clk (rise edge)
                          1.30    1.30   clock network delay (ideal)
                  0.00    0.00    1.30 ^ _258_/CLK (sky130_fd_sc_hd__dfrtp_2)
     8    0.04    0.12    0.47    1.77 v _258_/Q (sky130_fd_sc_hd__dfrtp_2)
                                         curr_state[2] (net)
                  0.12    0.00    1.77 v _124_/A (sky130_fd_sc_hd__inv_6)
     6    0.04    0.09    0.13    1.89 ^ _124_/Y (sky130_fd_sc_hd__inv_6)
                                         _064_ (net)
                  0.09    0.00    1.89 ^ _180_/A (sky130_fd_sc_hd__nand2_2)
     2    0.01    0.06    0.07    1.96 v _180_/Y (sky130_fd_sc_hd__nand2_2)
                                         _016_ (net)
                  0.06    0.00    1.96 v _189_/B (sky130_fd_sc_hd__nor2_2)
     2    0.01    0.13    0.12    2.08 ^ _189_/Y (sky130_fd_sc_hd__nor2_2)
                                         _022_ (net)
                  0.13    0.00    2.08 ^ _190_/A (sky130_fd_sc_hd__inv_2)
     1    0.00    0.03    0.03    2.12 v _190_/Y (sky130_fd_sc_hd__inv_2)
                                         _001_ (net)
                  0.03    0.00    2.12 v _239_/D (sky130_fd_sc_hd__dfstp_2)
                                  2.12   data arrival time

                  0.00   10.00   10.00   clock clk (rise edge)
                          1.30   11.30   clock network delay (ideal)
                         -0.30   11.00   clock uncertainty
                          0.00   11.00   clock reconvergence pessimism
                                 11.00 ^ _239_/CLK (sky130_fd_sc_hd__dfstp_2)
                         -0.08   10.92   library setup time
                                 10.92   data required time
-----------------------------------------------------------------------------
                                 10.92   data required time
                                 -2.12   data arrival time
-----------------------------------------------------------------------------
                                  8.81   slack (MET)


Startpoint: _257_ (rising edge-triggered flip-flop clocked by clk)
Endpoint: _248_ (rising edge-triggered flip-flop clocked by clk)
Path Group: clk
Path Type: max

Fanout     Cap    Slew   Delay    Time   Description
-----------------------------------------------------------------------------
                  0.00    0.00    0.00   clock clk (rise edge)
                          1.30    1.30   clock network delay (ideal)
                  0.00    0.00    1.30 ^ _257_/CLK (sky130_fd_sc_hd__dfrtp_2)
     3    0.01    0.06    0.39    1.69 v _257_/Q (sky130_fd_sc_hd__dfrtp_2)
                                         curr_state[1] (net)
                  0.06    0.00    1.69 v _126_/A (sky130_fd_sc_hd__buf_2)
     8    0.03    0.08    0.18    1.87 v _126_/X (sky130_fd_sc_hd__buf_2)
                                         _066_ (net)
                  0.08    0.00    1.87 v _188_/A2 (sky130_fd_sc_hd__o21a_2)
     1    0.00    0.03    0.20    2.07 v _188_/X (sky130_fd_sc_hd__o21a_2)
                                         _000_ (net)
                  0.03    0.00    2.07 v _248_/D (sky130_fd_sc_hd__dfrtp_2)
                                  2.07   data arrival time

                  0.00   10.00   10.00   clock clk (rise edge)
                          1.30   11.30   clock network delay (ideal)
                         -0.30   11.00   clock uncertainty
                          0.00   11.00   clock reconvergence pessimism
                                 11.00 ^ _248_/CLK (sky130_fd_sc_hd__dfrtp_2)
                         -0.12   10.88   library setup time
                                 10.88   data required time
-----------------------------------------------------------------------------
                                 10.88   data required time
                                 -2.07   data arrival time
-----------------------------------------------------------------------------
                                  8.81   slack (MET)


Startpoint: _257_ (rising edge-triggered flip-flop clocked by clk)
Endpoint: _254_ (rising edge-triggered flip-flop clocked by clk)
Path Group: clk
Path Type: max

Fanout     Cap    Slew   Delay    Time   Description
-----------------------------------------------------------------------------
                  0.00    0.00    0.00   clock clk (rise edge)
                          1.30    1.30   clock network delay (ideal)
                  0.00    0.00    1.30 ^ _257_/CLK (sky130_fd_sc_hd__dfrtp_2)
     3    0.01    0.06    0.39    1.69 v _257_/Q (sky130_fd_sc_hd__dfrtp_2)
                                         curr_state[1] (net)
                  0.06    0.00    1.69 v _126_/A (sky130_fd_sc_hd__buf_2)
     8    0.03    0.08    0.18    1.87 v _126_/X (sky130_fd_sc_hd__buf_2)
                                         _066_ (net)
                  0.08    0.00    1.87 v _191_/A2 (sky130_fd_sc_hd__a21oi_2)
     1    0.00    0.07    0.13    2.00 ^ _191_/Y (sky130_fd_sc_hd__a21oi_2)
                                         _112_ (net)
                  0.07    0.00    2.00 ^ _254_/D (sky130_fd_sc_hd__dfrtp_2)
                                  2.00   data arrival time

                  0.00   10.00   10.00   clock clk (rise edge)
                          1.30   11.30   clock network delay (ideal)
                         -0.30   11.00   clock uncertainty
                          0.00   11.00   clock reconvergence pessimism
                                 11.00 ^ _254_/CLK (sky130_fd_sc_hd__dfrtp_2)
                         -0.08   10.92   library setup time
                                 10.92   data required time
-----------------------------------------------------------------------------
                                 10.92   data required time
                                 -2.00   data arrival time
-----------------------------------------------------------------------------
                                  8.92   slack (MET)


Startpoint: _258_ (rising edge-triggered flip-flop clocked by clk)
Endpoint: _249_ (rising edge-triggered flip-flop clocked by clk)
Path Group: clk
Path Type: max

Fanout     Cap    Slew   Delay    Time   Description
-----------------------------------------------------------------------------
                  0.00    0.00    0.00   clock clk (rise edge)
                          1.30    1.30   clock network delay (ideal)
                  0.00    0.00    1.30 ^ _258_/CLK (sky130_fd_sc_hd__dfrtp_2)
     8    0.04    0.12    0.47    1.77 v _258_/Q (sky130_fd_sc_hd__dfrtp_2)
                                         curr_state[2] (net)
                  0.12    0.00    1.77 v _183_/A (sky130_fd_sc_hd__nor2_2)
     2    0.01    0.10    0.15    1.92 ^ _183_/Y (sky130_fd_sc_hd__nor2_2)
                                         _002_ (net)
                  0.10    0.00    1.92 ^ _249_/D (sky130_fd_sc_hd__dfrtp_2)
                                  1.92   data arrival time

                  0.00   10.00   10.00   clock clk (rise edge)
                          1.30   11.30   clock network delay (ideal)
                         -0.30   11.00   clock uncertainty
                          0.00   11.00   clock reconvergence pessimism
                                 11.00 ^ _249_/CLK (sky130_fd_sc_hd__dfrtp_2)
                         -0.08   10.92   library setup time
                                 10.92   data required time
-----------------------------------------------------------------------------
                                 10.92   data required time
                                 -1.92   data arrival time
-----------------------------------------------------------------------------
                                  9.00   slack (MET)


Startpoint: _259_ (rising edge-triggered flip-flop clocked by clk)
Endpoint: _263_ (rising edge-triggered flip-flop clocked by clk)
Path Group: clk
Path Type: max

Fanout     Cap    Slew   Delay    Time   Description
-----------------------------------------------------------------------------
                  0.00    0.00    0.00   clock clk (rise edge)
                          1.30    1.30   clock network delay (ideal)
                  0.00    0.00    1.30 ^ _259_/CLK (sky130_fd_sc_hd__dfrtp_2)
     1    0.00    0.04    0.36    1.66 v _259_/Q (sky130_fd_sc_hd__dfrtp_2)
                                         sync_stage1[0] (net)
                  0.04    0.00    1.66 v _263_/D (sky130_fd_sc_hd__dfrtp_2)
                                  1.66   data arrival time

                  0.00   10.00   10.00   clock clk (rise edge)
                          1.30   11.30   clock network delay (ideal)
                         -0.30   11.00   clock uncertainty
                          0.00   11.00   clock reconvergence pessimism
                                 11.00 ^ _263_/CLK (sky130_fd_sc_hd__dfrtp_2)
                         -0.12   10.88   library setup time
                                 10.88   data required time
-----------------------------------------------------------------------------
                                 10.88   data required time
                                 -1.66   data arrival time
-----------------------------------------------------------------------------
                                  9.22   slack (MET)


Startpoint: _260_ (rising edge-triggered flip-flop clocked by clk)
Endpoint: _264_ (rising edge-triggered flip-flop clocked by clk)
Path Group: clk
Path Type: max

Fanout     Cap    Slew   Delay    Time   Description
-----------------------------------------------------------------------------
                  0.00    0.00    0.00   clock clk (rise edge)
                          1.30    1.30   clock network delay (ideal)
                  0.00    0.00    1.30 ^ _260_/CLK (sky130_fd_sc_hd__dfrtp_2)
     1    0.00    0.04    0.36    1.66 v _260_/Q (sky130_fd_sc_hd__dfrtp_2)
                                         sync_stage1[1] (net)
                  0.04    0.00    1.66 v _264_/D (sky130_fd_sc_hd__dfrtp_2)
                                  1.66   data arrival time

                  0.00   10.00   10.00   clock clk (rise edge)
                          1.30   11.30   clock network delay (ideal)
                         -0.30   11.00   clock uncertainty
                          0.00   11.00   clock reconvergence pessimism
                                 11.00 ^ _264_/CLK (sky130_fd_sc_hd__dfrtp_2)
                         -0.12   10.88   library setup time
                                 10.88   data required time
-----------------------------------------------------------------------------
                                 10.88   data required time
                                 -1.66   data arrival time
-----------------------------------------------------------------------------
                                  9.22   slack (MET)


Startpoint: _261_ (rising edge-triggered flip-flop clocked by clk)
Endpoint: _265_ (rising edge-triggered flip-flop clocked by clk)
Path Group: clk
Path Type: max

Fanout     Cap    Slew   Delay    Time   Description
-----------------------------------------------------------------------------
                  0.00    0.00    0.00   clock clk (rise edge)
                          1.30    1.30   clock network delay (ideal)
                  0.00    0.00    1.30 ^ _261_/CLK (sky130_fd_sc_hd__dfrtp_2)
     1    0.00    0.04    0.36    1.66 v _261_/Q (sky130_fd_sc_hd__dfrtp_2)
                                         sync_stage1[2] (net)
                  0.04    0.00    1.66 v _265_/D (sky130_fd_sc_hd__dfrtp_2)
                                  1.66   data arrival time

                  0.00   10.00   10.00   clock clk (rise edge)
                          1.30   11.30   clock network delay (ideal)
                         -0.30   11.00   clock uncertainty
                          0.00   11.00   clock reconvergence pessimism
                                 11.00 ^ _265_/CLK (sky130_fd_sc_hd__dfrtp_2)
                         -0.12   10.88   library setup time
                                 10.88   data required time
-----------------------------------------------------------------------------
                                 10.88   data required time
                                 -1.66   data arrival time
-----------------------------------------------------------------------------
                                  9.22   slack (MET)


Startpoint: _262_ (rising edge-triggered flip-flop clocked by clk)
Endpoint: _266_ (rising edge-triggered flip-flop clocked by clk)
Path Group: clk
Path Type: max

Fanout     Cap    Slew   Delay    Time   Description
-----------------------------------------------------------------------------
                  0.00    0.00    0.00   clock clk (rise edge)
                          1.30    1.30   clock network delay (ideal)
                  0.00    0.00    1.30 ^ _262_/CLK (sky130_fd_sc_hd__dfrtp_2)
     1    0.00    0.04    0.36    1.66 v _262_/Q (sky130_fd_sc_hd__dfrtp_2)
                                         sync_stage1[3] (net)
                  0.04    0.00    1.66 v _266_/D (sky130_fd_sc_hd__dfrtp_2)
                                  1.66   data arrival time

                  0.00   10.00   10.00   clock clk (rise edge)
                          1.30   11.30   clock network delay (ideal)
                         -0.30   11.00   clock uncertainty
                          0.00   11.00   clock reconvergence pessimism
                                 11.00 ^ _266_/CLK (sky130_fd_sc_hd__dfrtp_2)
                         -0.12   10.88   library setup time
                                 10.88   data required time
-----------------------------------------------------------------------------
                                 10.88   data required time
                                 -1.66   data arrival time
-----------------------------------------------------------------------------
                                  9.22   slack (MET)



worst slack corner Typical: 4.1894
max_report_end
checks_report

===========================================================================
report_checks -unconstrained
===========================================================================
======================= Typical Corner ===================================

Startpoint: retention_ready (input port clocked by clk)
Endpoint: error (output port clocked by clk)
Path Group: clk
Path Type: max

Fanout     Cap    Slew   Delay    Time   Description
-----------------------------------------------------------------------------
                  0.00    0.00    0.00   clock clk (rise edge)
                          1.30    1.30   clock network delay (ideal)
                          3.00    4.30 v input external delay
     1    0.00    0.03    0.01    4.31 v retention_ready (in)
                                         retention_ready (net)
                  0.03    0.00    4.31 v _164_/A (sky130_fd_sc_hd__inv_2)
     3    0.01    0.07    0.07    4.38 ^ _164_/Y (sky130_fd_sc_hd__inv_2)
                                         _101_ (net)
                  0.07    0.00    4.38 ^ _199_/B (sky130_fd_sc_hd__nand2_2)
     1    0.00    0.04    0.05    4.43 v _199_/Y (sky130_fd_sc_hd__nand2_2)
                                         _026_ (net)
                  0.04    0.00    4.43 v _200_/B1 (sky130_fd_sc_hd__a211oi_2)
     1    0.02    0.41    0.38    4.81 ^ _200_/Y (sky130_fd_sc_hd__a211oi_2)
                                         error (net)
                  0.41    0.00    4.81 ^ error (out)
                                  4.81   data arrival time

                  0.00   10.00   10.00   clock clk (rise edge)
                          1.30   11.30   clock network delay (ideal)
                         -0.30   11.00   clock uncertainty
                          0.00   11.00   clock reconvergence pessimism
                         -2.00    9.00   output external delay
                                  9.00   data required time
-----------------------------------------------------------------------------
                                  9.00   data required time
                                 -4.81   data arrival time
-----------------------------------------------------------------------------
                                  4.19   slack (MET)




===========================================================================
report_checks --slack_max -0.01
============================================================================
======================= Typical Corner ===================================

No paths found.


===========================================================================
 report_check_types -max_slew -max_cap -max_fanout -violators
============================================================================
======================= Typical Corner ===================================


max slew violations count Typical: 0
max fanout violations count Typical: 0
max cap violations count Typical: 0

===========================================================================
report_parasitic_annotation -report_unannotated
============================================================================
Found 161 unannotated drivers.
 clk
 clk_stable
 pwr_stable
 req_idle
 req_off
 req_sleep
 reset_n
 retention_ready
 wake_up
 _117_/Y
 _118_/Y
 _119_/Y
 _120_/Y
 _121_/Y
 _122_/Y
 _123_/Y
 _124_/Y
 _125_/Y
 _126_/X
 _127_/Y
 _128_/Y
 _129_/Y
 _130_/Y
 _131_/Y
 _132_/Y
 _133_/Y
 _134_/Y
 _135_/X
 _136_/Y
 _137_/Y
 _138_/Y
 _139_/Y
 _140_/Y
 _141_/Y
 _142_/X
 _143_/Y
 _144_/Y
 _145_/Y
 _146_/Y
 _147_/Y
 _148_/Y
 _149_/Y
 _150_/Y
 _151_/Y
 _152_/Y
 _153_/Y
 _154_/Y
 _155_/Y
 _156_/Y
 _157_/Y
 _158_/Y
 _159_/Y
 _160_/Y
 _161_/Y
 _162_/Y
 _163_/Y
 _164_/Y
 _165_/Y
 _166_/Y
 _167_/Y
 _168_/Y
 _169_/Y
 _170_/X
 _171_/Y
 _172_/Y
 _173_/X
 _174_/X
 _175_/X
 _176_/Y
 _177_/Y
 _178_/Y
 _179_/Y
 _180_/Y
 _181_/Y
 _182_/Y
 _183_/Y
 _184_/Y
 _185_/Y
 _186_/Y
 _187_/Y
 _188_/X
 _189_/Y
 _190_/Y
 _191_/Y
 _192_/Y
 _193_/Y
 _194_/X
 _195_/X
 _196_/X
 _197_/Y
 _198_/X
 _199_/Y
 _200_/Y
 _201_/X
 _202_/Y
 _203_/Y
 _204_/Y
 _205_/Y
 _206_/Y
 _207_/Y
 _208_/Y
 _209_/Y
 _210_/Y
 _211_/X
 _212_/Y
 _213_/Y
 _214_/Y
 _215_/Y
 _216_/X
 _217_/Y
 _218_/Y
 _219_/Y
 _220_/Y
 _221_/X
 _222_/Y
 _223_/Y
 _224_/Y
 _225_/Y
 _226_/Y
 _227_/Y
 _228_/Y
 _229_/Y
 _230_/Y
 _231_/X
 _232_/Y
 _233_/X
 _234_/Y
 _235_/Y
 _236_/Y
 _237_/X
 _238_/Y
 _239_/Q
 _240_/Q
 _241_/Q
 _242_/Q
 _243_/Q
 _244_/Q
 _245_/Q
 _246_/Q
 _247_/Q
 _248_/Q
 _249_/Q
 _250_/Q
 _251_/Q
 _252_/Q
 _253_/Q
 _254_/Q
 _255_/Q
 _256_/Q
 _257_/Q
 _258_/Q
 _259_/Q
 _260_/Q
 _261_/Q
 _262_/Q
 _263_/Q
 _264_/Q
 _265_/Q
 _266_/Q
 _267_/HI
 _267_/LO
Found 0 partially unannotated drivers.

===========================================================================
max slew violation count 0
max fanout violation count 0
max cap violation count 0
============================================================================

===========================================================================
check_setup -verbose -unconstrained_endpoints -multiple_clock -no_clock -no_input_delay -loops -generated_clocks
===========================================================================
Warning: There is 1 input port missing set_input_delay.
  reset_n
Warning: There is 1 unconstrained endpoint.
  dvfs_ctrl[0]
checks_report_end
power_report

===========================================================================
 report_power
============================================================================
======================= Typical Corner ===================================

Group                  Internal  Switching    Leakage      Total
                          Power      Power      Power      Power (Watts)
----------------------------------------------------------------
Sequential             1.57e-04   6.76e-05   3.27e-10   2.25e-04  47.5%
Combinational          1.02e-04   1.46e-04   3.93e-10   2.48e-04  52.5%
Clock                  0.00e+00   0.00e+00   0.00e+00   0.00e+00   0.0%
Macro                  0.00e+00   0.00e+00   0.00e+00   0.00e+00   0.0%
Pad                    0.00e+00   0.00e+00   0.00e+00   0.00e+00   0.0%
----------------------------------------------------------------
Total                  2.59e-04   2.14e-04   7.20e-10   4.73e-04 100.0%
                          54.8%      45.2%       0.0%

power_report_end
skew_report

===========================================================================
report_clock_skew
============================================================================
Clock clk
Latency      CRPR       Skew
_240_/CLK ^
   0.61
_240_/CLK ^
   0.61      0.00       0.00

skew_report_end
summary_report

===========================================================================
report_tns
============================================================================
tns 0.00

===========================================================================
report_wns
============================================================================
wns 0.00

===========================================================================
report_worst_slack -max (Setup)
============================================================================
worst slack 4.19

===========================================================================
report_worst_slack -min (Hold)
============================================================================
worst slack 0.25
summary_report_end
check_nonpropagated_clocks
clk
check_nonpropagated_clocks_end
[WARNING] Did not save OpenROAD database!
Writing SDF to '/openlane/designs/pmu_fsm/runs/run_1_10_13_2025/results/synthesis/pmu_fsm.sdf'…
