
===========================================================================
report_checks -path_delay max (Setup)
============================================================================
======================= Fastest Corner ===================================

Startpoint: pwr_stable (input port clocked by clk)
Endpoint: error (output port clocked by clk)
Path Group: clk
Path Type: max
Corner: Fastest

Fanout     Cap    Slew   Delay    Time   Description
-----------------------------------------------------------------------------
                          0.00    0.00   clock clk (rise edge)
                          0.50    0.50   clock network delay (propagated)
                          3.00    3.50 ^ input external delay
     1    0.00    0.02    0.01    3.51 ^ pwr_stable (in)
                                         pwr_stable (net)
                  0.02    0.00    3.51 ^ input2/A (sky130_fd_sc_hd__clkbuf_1)
     1    0.01    0.06    0.06    3.57 ^ input2/X (sky130_fd_sc_hd__clkbuf_1)
                                         net2 (net)
                  0.06    0.00    3.57 ^ _158_/A (sky130_fd_sc_hd__nand2_1)
     2    0.01    0.04    0.04    3.61 v _158_/Y (sky130_fd_sc_hd__nand2_1)
                                         _095_ (net)
                  0.04    0.00    3.61 v _200_/A2 (sky130_fd_sc_hd__a211oi_1)
     1    0.01    0.20    0.21    3.82 ^ _200_/Y (sky130_fd_sc_hd__a211oi_1)
                                         net10 (net)
                  0.20    0.00    3.82 ^ wire19/A (sky130_fd_sc_hd__clkbuf_1)
     1    0.01    0.06    0.08    3.90 ^ wire19/X (sky130_fd_sc_hd__clkbuf_1)
                                         net19 (net)
                  0.06    0.00    3.90 ^ output10/A (sky130_fd_sc_hd__clkbuf_2)
     1    0.02    0.09    0.12    4.02 ^ output10/X (sky130_fd_sc_hd__clkbuf_2)
                                         error (net)
                  0.09    0.00    4.02 ^ error (out)
                                  4.02   data arrival time

                         10.00   10.00   clock clk (rise edge)
                          0.50   10.50   clock network delay (propagated)
                         -0.30   10.20   clock uncertainty
                          0.00   10.20   clock reconvergence pessimism
                         -2.00    8.20   output external delay
                                  8.20   data required time
-----------------------------------------------------------------------------
                                  8.20   data required time
                                 -4.02   data arrival time
-----------------------------------------------------------------------------
                                  4.18   slack (MET)


Startpoint: pwr_stable (input port clocked by clk)
Endpoint: _243_ (rising edge-triggered flip-flop clocked by clk)
Path Group: clk
Path Type: max
Corner: Fastest

Fanout     Cap    Slew   Delay    Time   Description
-----------------------------------------------------------------------------
                          0.00    0.00   clock clk (rise edge)
                          0.50    0.50   clock network delay (propagated)
                          3.00    3.50 ^ input external delay
     1    0.00    0.02    0.01    3.51 ^ pwr_stable (in)
                                         pwr_stable (net)
                  0.02    0.00    3.51 ^ input2/A (sky130_fd_sc_hd__clkbuf_1)
     1    0.01    0.06    0.06    3.57 ^ input2/X (sky130_fd_sc_hd__clkbuf_1)
                                         net2 (net)
                  0.06    0.00    3.57 ^ _158_/A (sky130_fd_sc_hd__nand2_1)
     2    0.01    0.04    0.04    3.61 v _158_/Y (sky130_fd_sc_hd__nand2_1)
                                         _095_ (net)
                  0.04    0.00    3.61 v _159_/B1_N (sky130_fd_sc_hd__o21bai_1)
     1    0.00    0.03    0.08    3.70 v _159_/Y (sky130_fd_sc_hd__o21bai_1)
                                         _096_ (net)
                  0.03    0.00    3.70 v _160_/A (sky130_fd_sc_hd__nand2_1)
     1    0.00    0.03    0.04    3.73 ^ _160_/Y (sky130_fd_sc_hd__nand2_1)
                                         _097_ (net)
                  0.03    0.00    3.73 ^ _166_/A (sky130_fd_sc_hd__nand2_1)
     2    0.01    0.03    0.03    3.77 v _166_/Y (sky130_fd_sc_hd__nand2_1)
                                         _103_ (net)
                  0.03    0.00    3.77 v _178_/B (sky130_fd_sc_hd__nor2_1)
     2    0.01    0.09    0.08    3.85 ^ _178_/Y (sky130_fd_sc_hd__nor2_1)
                                         _014_ (net)
                  0.09    0.00    3.85 ^ _204_/A (sky130_fd_sc_hd__nand3_1)
     1    0.01    0.07    0.07    3.93 v _204_/Y (sky130_fd_sc_hd__nand3_1)
                                         _030_ (net)
                  0.07    0.00    3.93 v _209_/A (sky130_fd_sc_hd__nand3_4)
     8    0.03    0.10    0.09    4.02 ^ _209_/Y (sky130_fd_sc_hd__nand3_4)
                                         _035_ (net)
                  0.10    0.00    4.02 ^ _223_/B (sky130_fd_sc_hd__nor2_1)
     1    0.00    0.03    0.03    4.05 v _223_/Y (sky130_fd_sc_hd__nor2_1)
                                         _007_ (net)
                  0.03    0.00    4.05 v _243_/D (sky130_fd_sc_hd__dfrtp_1)
                                  4.05   data arrival time

                         10.00   10.00   clock clk (rise edge)
                          0.50   10.50   clock source latency
     1    0.02    0.04    0.03   10.53 ^ clk (in)
                                         clk (net)
                  0.04    0.00   10.53 ^ clkbuf_0_clk/A (sky130_fd_sc_hd__clkbuf_16)
     2    0.02    0.03    0.09   10.62 ^ clkbuf_0_clk/X (sky130_fd_sc_hd__clkbuf_16)
                                         clknet_0_clk (net)
                  0.03    0.00   10.62 ^ clkbuf_1_1__f_clk/A (sky130_fd_sc_hd__clkbuf_16)
    13    0.05    0.05    0.10   10.72 ^ clkbuf_1_1__f_clk/X (sky130_fd_sc_hd__clkbuf_16)
                                         clknet_1_1__leaf_clk (net)
                  0.05    0.00   10.72 ^ _243_/CLK (sky130_fd_sc_hd__dfrtp_1)
                         -0.30   10.42   clock uncertainty
                          0.00   10.42   clock reconvergence pessimism
                         -0.07   10.35   library setup time
                                 10.35   data required time
-----------------------------------------------------------------------------
                                 10.35   data required time
                                 -4.05   data arrival time
-----------------------------------------------------------------------------
                                  6.29   slack (MET)


Startpoint: pwr_stable (input port clocked by clk)
Endpoint: _242_ (rising edge-triggered flip-flop clocked by clk)
Path Group: clk
Path Type: max
Corner: Fastest

Fanout     Cap    Slew   Delay    Time   Description
-----------------------------------------------------------------------------
                          0.00    0.00   clock clk (rise edge)
                          0.50    0.50   clock network delay (propagated)
                          3.00    3.50 ^ input external delay
     1    0.00    0.02    0.01    3.51 ^ pwr_stable (in)
                                         pwr_stable (net)
                  0.02    0.00    3.51 ^ input2/A (sky130_fd_sc_hd__clkbuf_1)
     1    0.01    0.06    0.06    3.57 ^ input2/X (sky130_fd_sc_hd__clkbuf_1)
                                         net2 (net)
                  0.06    0.00    3.57 ^ _158_/A (sky130_fd_sc_hd__nand2_1)
     2    0.01    0.04    0.04    3.61 v _158_/Y (sky130_fd_sc_hd__nand2_1)
                                         _095_ (net)
                  0.04    0.00    3.61 v _159_/B1_N (sky130_fd_sc_hd__o21bai_1)
     1    0.00    0.03    0.08    3.70 v _159_/Y (sky130_fd_sc_hd__o21bai_1)
                                         _096_ (net)
                  0.03    0.00    3.70 v _160_/A (sky130_fd_sc_hd__nand2_1)
     1    0.00    0.03    0.04    3.73 ^ _160_/Y (sky130_fd_sc_hd__nand2_1)
                                         _097_ (net)
                  0.03    0.00    3.73 ^ _166_/A (sky130_fd_sc_hd__nand2_1)
     2    0.01    0.03    0.03    3.77 v _166_/Y (sky130_fd_sc_hd__nand2_1)
                                         _103_ (net)
                  0.03    0.00    3.77 v _178_/B (sky130_fd_sc_hd__nor2_1)
     2    0.01    0.09    0.08    3.85 ^ _178_/Y (sky130_fd_sc_hd__nor2_1)
                                         _014_ (net)
                  0.09    0.00    3.85 ^ _204_/A (sky130_fd_sc_hd__nand3_1)
     1    0.01    0.07    0.07    3.93 v _204_/Y (sky130_fd_sc_hd__nand3_1)
                                         _030_ (net)
                  0.07    0.00    3.93 v _209_/A (sky130_fd_sc_hd__nand3_4)
     8    0.03    0.10    0.09    4.02 ^ _209_/Y (sky130_fd_sc_hd__nand3_4)
                                         _035_ (net)
                  0.10    0.00    4.02 ^ _219_/B (sky130_fd_sc_hd__nor2_1)
     1    0.00    0.03    0.03    4.05 v _219_/Y (sky130_fd_sc_hd__nor2_1)
                                         _006_ (net)
                  0.03    0.00    4.05 v _242_/D (sky130_fd_sc_hd__dfrtp_1)
                                  4.05   data arrival time

                         10.00   10.00   clock clk (rise edge)
                          0.50   10.50   clock source latency
     1    0.02    0.04    0.03   10.53 ^ clk (in)
                                         clk (net)
                  0.04    0.00   10.53 ^ clkbuf_0_clk/A (sky130_fd_sc_hd__clkbuf_16)
     2    0.02    0.03    0.09   10.62 ^ clkbuf_0_clk/X (sky130_fd_sc_hd__clkbuf_16)
                                         clknet_0_clk (net)
                  0.03    0.00   10.62 ^ clkbuf_1_1__f_clk/A (sky130_fd_sc_hd__clkbuf_16)
    13    0.05    0.05    0.10   10.72 ^ clkbuf_1_1__f_clk/X (sky130_fd_sc_hd__clkbuf_16)
                                         clknet_1_1__leaf_clk (net)
                  0.05    0.00   10.72 ^ _242_/CLK (sky130_fd_sc_hd__dfrtp_1)
                         -0.30   10.42   clock uncertainty
                          0.00   10.42   clock reconvergence pessimism
                         -0.07   10.35   library setup time
                                 10.35   data required time
-----------------------------------------------------------------------------
                                 10.35   data required time
                                 -4.05   data arrival time
-----------------------------------------------------------------------------
                                  6.30   slack (MET)


Startpoint: pwr_stable (input port clocked by clk)
Endpoint: _247_ (rising edge-triggered flip-flop clocked by clk)
Path Group: clk
Path Type: max
Corner: Fastest

Fanout     Cap    Slew   Delay    Time   Description
-----------------------------------------------------------------------------
                          0.00    0.00   clock clk (rise edge)
                          0.50    0.50   clock network delay (propagated)
                          3.00    3.50 ^ input external delay
     1    0.00    0.02    0.01    3.51 ^ pwr_stable (in)
                                         pwr_stable (net)
                  0.02    0.00    3.51 ^ input2/A (sky130_fd_sc_hd__clkbuf_1)
     1    0.01    0.06    0.06    3.57 ^ input2/X (sky130_fd_sc_hd__clkbuf_1)
                                         net2 (net)
                  0.06    0.00    3.57 ^ _158_/A (sky130_fd_sc_hd__nand2_1)
     2    0.01    0.04    0.04    3.61 v _158_/Y (sky130_fd_sc_hd__nand2_1)
                                         _095_ (net)
                  0.04    0.00    3.61 v _159_/B1_N (sky130_fd_sc_hd__o21bai_1)
     1    0.00    0.03    0.08    3.70 v _159_/Y (sky130_fd_sc_hd__o21bai_1)
                                         _096_ (net)
                  0.03    0.00    3.70 v _160_/A (sky130_fd_sc_hd__nand2_1)
     1    0.00    0.03    0.04    3.73 ^ _160_/Y (sky130_fd_sc_hd__nand2_1)
                                         _097_ (net)
                  0.03    0.00    3.73 ^ _166_/A (sky130_fd_sc_hd__nand2_1)
     2    0.01    0.03    0.03    3.77 v _166_/Y (sky130_fd_sc_hd__nand2_1)
                                         _103_ (net)
                  0.03    0.00    3.77 v _178_/B (sky130_fd_sc_hd__nor2_1)
     2    0.01    0.09    0.08    3.85 ^ _178_/Y (sky130_fd_sc_hd__nor2_1)
                                         _014_ (net)
                  0.09    0.00    3.85 ^ _204_/A (sky130_fd_sc_hd__nand3_1)
     1    0.01    0.07    0.07    3.93 v _204_/Y (sky130_fd_sc_hd__nand3_1)
                                         _030_ (net)
                  0.07    0.00    3.93 v _209_/A (sky130_fd_sc_hd__nand3_4)
     8    0.03    0.10    0.09    4.02 ^ _209_/Y (sky130_fd_sc_hd__nand3_4)
                                         _035_ (net)
                  0.10    0.00    4.02 ^ _238_/B (sky130_fd_sc_hd__nor2_1)
     1    0.00    0.03    0.03    4.05 v _238_/Y (sky130_fd_sc_hd__nor2_1)
                                         _011_ (net)
                  0.03    0.00    4.05 v _247_/D (sky130_fd_sc_hd__dfrtp_1)
                                  4.05   data arrival time

                         10.00   10.00   clock clk (rise edge)
                          0.50   10.50   clock source latency
     1    0.02    0.04    0.03   10.53 ^ clk (in)
                                         clk (net)
                  0.04    0.00   10.53 ^ clkbuf_0_clk/A (sky130_fd_sc_hd__clkbuf_16)
     2    0.02    0.03    0.09   10.62 ^ clkbuf_0_clk/X (sky130_fd_sc_hd__clkbuf_16)
                                         clknet_0_clk (net)
                  0.03    0.00   10.62 ^ clkbuf_1_1__f_clk/A (sky130_fd_sc_hd__clkbuf_16)
    13    0.05    0.05    0.10   10.72 ^ clkbuf_1_1__f_clk/X (sky130_fd_sc_hd__clkbuf_16)
                                         clknet_1_1__leaf_clk (net)
                  0.05    0.00   10.72 ^ _247_/CLK (sky130_fd_sc_hd__dfrtp_1)
                         -0.30   10.42   clock uncertainty
                          0.00   10.42   clock reconvergence pessimism
                         -0.07   10.35   library setup time
                                 10.35   data required time
-----------------------------------------------------------------------------
                                 10.35   data required time
                                 -4.05   data arrival time
-----------------------------------------------------------------------------
                                  6.30   slack (MET)


Startpoint: pwr_stable (input port clocked by clk)
Endpoint: _240_ (rising edge-triggered flip-flop clocked by clk)
Path Group: clk
Path Type: max
Corner: Fastest

Fanout     Cap    Slew   Delay    Time   Description
-----------------------------------------------------------------------------
                          0.00    0.00   clock clk (rise edge)
                          0.50    0.50   clock network delay (propagated)
                          3.00    3.50 ^ input external delay
     1    0.00    0.02    0.01    3.51 ^ pwr_stable (in)
                                         pwr_stable (net)
                  0.02    0.00    3.51 ^ input2/A (sky130_fd_sc_hd__clkbuf_1)
     1    0.01    0.06    0.06    3.57 ^ input2/X (sky130_fd_sc_hd__clkbuf_1)
                                         net2 (net)
                  0.06    0.00    3.57 ^ _158_/A (sky130_fd_sc_hd__nand2_1)
     2    0.01    0.04    0.04    3.61 v _158_/Y (sky130_fd_sc_hd__nand2_1)
                                         _095_ (net)
                  0.04    0.00    3.61 v _159_/B1_N (sky130_fd_sc_hd__o21bai_1)
     1    0.00    0.03    0.08    3.70 v _159_/Y (sky130_fd_sc_hd__o21bai_1)
                                         _096_ (net)
                  0.03    0.00    3.70 v _160_/A (sky130_fd_sc_hd__nand2_1)
     1    0.00    0.03    0.04    3.73 ^ _160_/Y (sky130_fd_sc_hd__nand2_1)
                                         _097_ (net)
                  0.03    0.00    3.73 ^ _166_/A (sky130_fd_sc_hd__nand2_1)
     2    0.01    0.03    0.03    3.77 v _166_/Y (sky130_fd_sc_hd__nand2_1)
                                         _103_ (net)
                  0.03    0.00    3.77 v _178_/B (sky130_fd_sc_hd__nor2_1)
     2    0.01    0.09    0.08    3.85 ^ _178_/Y (sky130_fd_sc_hd__nor2_1)
                                         _014_ (net)
                  0.09    0.00    3.85 ^ _204_/A (sky130_fd_sc_hd__nand3_1)
     1    0.01    0.07    0.07    3.93 v _204_/Y (sky130_fd_sc_hd__nand3_1)
                                         _030_ (net)
                  0.07    0.00    3.93 v _209_/A (sky130_fd_sc_hd__nand3_4)
     8    0.03    0.10    0.09    4.02 ^ _209_/Y (sky130_fd_sc_hd__nand3_4)
                                         _035_ (net)
                  0.10    0.00    4.02 ^ _210_/B (sky130_fd_sc_hd__nor2_1)
     1    0.00    0.03    0.03    4.05 v _210_/Y (sky130_fd_sc_hd__nor2_1)
                                         _004_ (net)
                  0.03    0.00    4.05 v _240_/D (sky130_fd_sc_hd__dfrtp_1)
                                  4.05   data arrival time

                         10.00   10.00   clock clk (rise edge)
                          0.50   10.50   clock source latency
     1    0.02    0.04    0.03   10.53 ^ clk (in)
                                         clk (net)
                  0.04    0.00   10.53 ^ clkbuf_0_clk/A (sky130_fd_sc_hd__clkbuf_16)
     2    0.02    0.03    0.09   10.62 ^ clkbuf_0_clk/X (sky130_fd_sc_hd__clkbuf_16)
                                         clknet_0_clk (net)
                  0.03    0.00   10.62 ^ clkbuf_1_1__f_clk/A (sky130_fd_sc_hd__clkbuf_16)
    13    0.05    0.05    0.10   10.72 ^ clkbuf_1_1__f_clk/X (sky130_fd_sc_hd__clkbuf_16)
                                         clknet_1_1__leaf_clk (net)
                  0.05    0.00   10.72 ^ _240_/CLK (sky130_fd_sc_hd__dfrtp_1)
                         -0.30   10.42   clock uncertainty
                          0.00   10.42   clock reconvergence pessimism
                         -0.07   10.35   library setup time
                                 10.35   data required time
-----------------------------------------------------------------------------
                                 10.35   data required time
                                 -4.05   data arrival time
-----------------------------------------------------------------------------
                                  6.30   slack (MET)


Startpoint: pwr_stable (input port clocked by clk)
Endpoint: _244_ (rising edge-triggered flip-flop clocked by clk)
Path Group: clk
Path Type: max
Corner: Fastest

Fanout     Cap    Slew   Delay    Time   Description
-----------------------------------------------------------------------------
                          0.00    0.00   clock clk (rise edge)
                          0.50    0.50   clock network delay (propagated)
                          3.00    3.50 ^ input external delay
     1    0.00    0.02    0.01    3.51 ^ pwr_stable (in)
                                         pwr_stable (net)
                  0.02    0.00    3.51 ^ input2/A (sky130_fd_sc_hd__clkbuf_1)
     1    0.01    0.06    0.06    3.57 ^ input2/X (sky130_fd_sc_hd__clkbuf_1)
                                         net2 (net)
                  0.06    0.00    3.57 ^ _158_/A (sky130_fd_sc_hd__nand2_1)
     2    0.01    0.04    0.04    3.61 v _158_/Y (sky130_fd_sc_hd__nand2_1)
                                         _095_ (net)
                  0.04    0.00    3.61 v _159_/B1_N (sky130_fd_sc_hd__o21bai_1)
     1    0.00    0.03    0.08    3.70 v _159_/Y (sky130_fd_sc_hd__o21bai_1)
                                         _096_ (net)
                  0.03    0.00    3.70 v _160_/A (sky130_fd_sc_hd__nand2_1)
     1    0.00    0.03    0.04    3.73 ^ _160_/Y (sky130_fd_sc_hd__nand2_1)
                                         _097_ (net)
                  0.03    0.00    3.73 ^ _166_/A (sky130_fd_sc_hd__nand2_1)
     2    0.01    0.03    0.03    3.77 v _166_/Y (sky130_fd_sc_hd__nand2_1)
                                         _103_ (net)
                  0.03    0.00    3.77 v _178_/B (sky130_fd_sc_hd__nor2_1)
     2    0.01    0.09    0.08    3.85 ^ _178_/Y (sky130_fd_sc_hd__nor2_1)
                                         _014_ (net)
                  0.09    0.00    3.85 ^ _204_/A (sky130_fd_sc_hd__nand3_1)
     1    0.01    0.07    0.07    3.93 v _204_/Y (sky130_fd_sc_hd__nand3_1)
                                         _030_ (net)
                  0.07    0.00    3.93 v _209_/A (sky130_fd_sc_hd__nand3_4)
     8    0.03    0.10    0.09    4.02 ^ _209_/Y (sky130_fd_sc_hd__nand3_4)
                                         _035_ (net)
                  0.10    0.00    4.02 ^ _227_/B (sky130_fd_sc_hd__nor2_1)
     1    0.00    0.03    0.02    4.05 v _227_/Y (sky130_fd_sc_hd__nor2_1)
                                         _008_ (net)
                  0.03    0.00    4.05 v _244_/D (sky130_fd_sc_hd__dfrtp_1)
                                  4.05   data arrival time

                         10.00   10.00   clock clk (rise edge)
                          0.50   10.50   clock source latency
     1    0.02    0.04    0.03   10.53 ^ clk (in)
                                         clk (net)
                  0.04    0.00   10.53 ^ clkbuf_0_clk/A (sky130_fd_sc_hd__clkbuf_16)
     2    0.02    0.03    0.09   10.62 ^ clkbuf_0_clk/X (sky130_fd_sc_hd__clkbuf_16)
                                         clknet_0_clk (net)
                  0.03    0.00   10.62 ^ clkbuf_1_1__f_clk/A (sky130_fd_sc_hd__clkbuf_16)
    13    0.05    0.05    0.10   10.72 ^ clkbuf_1_1__f_clk/X (sky130_fd_sc_hd__clkbuf_16)
                                         clknet_1_1__leaf_clk (net)
                  0.05    0.00   10.72 ^ _244_/CLK (sky130_fd_sc_hd__dfrtp_1)
                         -0.30   10.42   clock uncertainty
                          0.00   10.42   clock reconvergence pessimism
                         -0.07   10.35   library setup time
                                 10.35   data required time
-----------------------------------------------------------------------------
                                 10.35   data required time
                                 -4.05   data arrival time
-----------------------------------------------------------------------------
                                  6.30   slack (MET)


Startpoint: pwr_stable (input port clocked by clk)
Endpoint: _245_ (rising edge-triggered flip-flop clocked by clk)
Path Group: clk
Path Type: max
Corner: Fastest

Fanout     Cap    Slew   Delay    Time   Description
-----------------------------------------------------------------------------
                          0.00    0.00   clock clk (rise edge)
                          0.50    0.50   clock network delay (propagated)
                          3.00    3.50 ^ input external delay
     1    0.00    0.02    0.01    3.51 ^ pwr_stable (in)
                                         pwr_stable (net)
                  0.02    0.00    3.51 ^ input2/A (sky130_fd_sc_hd__clkbuf_1)
     1    0.01    0.06    0.06    3.57 ^ input2/X (sky130_fd_sc_hd__clkbuf_1)
                                         net2 (net)
                  0.06    0.00    3.57 ^ _158_/A (sky130_fd_sc_hd__nand2_1)
     2    0.01    0.04    0.04    3.61 v _158_/Y (sky130_fd_sc_hd__nand2_1)
                                         _095_ (net)
                  0.04    0.00    3.61 v _159_/B1_N (sky130_fd_sc_hd__o21bai_1)
     1    0.00    0.03    0.08    3.70 v _159_/Y (sky130_fd_sc_hd__o21bai_1)
                                         _096_ (net)
                  0.03    0.00    3.70 v _160_/A (sky130_fd_sc_hd__nand2_1)
     1    0.00    0.03    0.04    3.73 ^ _160_/Y (sky130_fd_sc_hd__nand2_1)
                                         _097_ (net)
                  0.03    0.00    3.73 ^ _166_/A (sky130_fd_sc_hd__nand2_1)
     2    0.01    0.03    0.03    3.77 v _166_/Y (sky130_fd_sc_hd__nand2_1)
                                         _103_ (net)
                  0.03    0.00    3.77 v _178_/B (sky130_fd_sc_hd__nor2_1)
     2    0.01    0.09    0.08    3.85 ^ _178_/Y (sky130_fd_sc_hd__nor2_1)
                                         _014_ (net)
                  0.09    0.00    3.85 ^ _204_/A (sky130_fd_sc_hd__nand3_1)
     1    0.01    0.07    0.07    3.93 v _204_/Y (sky130_fd_sc_hd__nand3_1)
                                         _030_ (net)
                  0.07    0.00    3.93 v _209_/A (sky130_fd_sc_hd__nand3_4)
     8    0.03    0.10    0.09    4.02 ^ _209_/Y (sky130_fd_sc_hd__nand3_4)
                                         _035_ (net)
                  0.10    0.00    4.02 ^ _232_/B (sky130_fd_sc_hd__nor2_1)
     1    0.00    0.03    0.02    4.05 v _232_/Y (sky130_fd_sc_hd__nor2_1)
                                         _009_ (net)
                  0.03    0.00    4.05 v _245_/D (sky130_fd_sc_hd__dfrtp_1)
                                  4.05   data arrival time

                         10.00   10.00   clock clk (rise edge)
                          0.50   10.50   clock source latency
     1    0.02    0.04    0.03   10.53 ^ clk (in)
                                         clk (net)
                  0.04    0.00   10.53 ^ clkbuf_0_clk/A (sky130_fd_sc_hd__clkbuf_16)
     2    0.02    0.03    0.09   10.62 ^ clkbuf_0_clk/X (sky130_fd_sc_hd__clkbuf_16)
                                         clknet_0_clk (net)
                  0.03    0.00   10.62 ^ clkbuf_1_1__f_clk/A (sky130_fd_sc_hd__clkbuf_16)
    13    0.05    0.05    0.10   10.72 ^ clkbuf_1_1__f_clk/X (sky130_fd_sc_hd__clkbuf_16)
                                         clknet_1_1__leaf_clk (net)
                  0.05    0.00   10.72 ^ _245_/CLK (sky130_fd_sc_hd__dfrtp_1)
                         -0.30   10.42   clock uncertainty
                          0.00   10.42   clock reconvergence pessimism
                         -0.07   10.35   library setup time
                                 10.35   data required time
-----------------------------------------------------------------------------
                                 10.35   data required time
                                 -4.05   data arrival time
-----------------------------------------------------------------------------
                                  6.30   slack (MET)


Startpoint: pwr_stable (input port clocked by clk)
Endpoint: _241_ (rising edge-triggered flip-flop clocked by clk)
Path Group: clk
Path Type: max
Corner: Fastest

Fanout     Cap    Slew   Delay    Time   Description
-----------------------------------------------------------------------------
                          0.00    0.00   clock clk (rise edge)
                          0.50    0.50   clock network delay (propagated)
                          3.00    3.50 ^ input external delay
     1    0.00    0.02    0.01    3.51 ^ pwr_stable (in)
                                         pwr_stable (net)
                  0.02    0.00    3.51 ^ input2/A (sky130_fd_sc_hd__clkbuf_1)
     1    0.01    0.06    0.06    3.57 ^ input2/X (sky130_fd_sc_hd__clkbuf_1)
                                         net2 (net)
                  0.06    0.00    3.57 ^ _158_/A (sky130_fd_sc_hd__nand2_1)
     2    0.01    0.04    0.04    3.61 v _158_/Y (sky130_fd_sc_hd__nand2_1)
                                         _095_ (net)
                  0.04    0.00    3.61 v _159_/B1_N (sky130_fd_sc_hd__o21bai_1)
     1    0.00    0.03    0.08    3.70 v _159_/Y (sky130_fd_sc_hd__o21bai_1)
                                         _096_ (net)
                  0.03    0.00    3.70 v _160_/A (sky130_fd_sc_hd__nand2_1)
     1    0.00    0.03    0.04    3.73 ^ _160_/Y (sky130_fd_sc_hd__nand2_1)
                                         _097_ (net)
                  0.03    0.00    3.73 ^ _166_/A (sky130_fd_sc_hd__nand2_1)
     2    0.01    0.03    0.03    3.77 v _166_/Y (sky130_fd_sc_hd__nand2_1)
                                         _103_ (net)
                  0.03    0.00    3.77 v _178_/B (sky130_fd_sc_hd__nor2_1)
     2    0.01    0.09    0.08    3.85 ^ _178_/Y (sky130_fd_sc_hd__nor2_1)
                                         _014_ (net)
                  0.09    0.00    3.85 ^ _204_/A (sky130_fd_sc_hd__nand3_1)
     1    0.01    0.07    0.07    3.93 v _204_/Y (sky130_fd_sc_hd__nand3_1)
                                         _030_ (net)
                  0.07    0.00    3.93 v _209_/A (sky130_fd_sc_hd__nand3_4)
     8    0.03    0.10    0.09    4.02 ^ _209_/Y (sky130_fd_sc_hd__nand3_4)
                                         _035_ (net)
                  0.10    0.00    4.02 ^ _214_/B (sky130_fd_sc_hd__nor2_1)
     1    0.00    0.03    0.02    4.05 v _214_/Y (sky130_fd_sc_hd__nor2_1)
                                         _005_ (net)
                  0.03    0.00    4.05 v _241_/D (sky130_fd_sc_hd__dfrtp_1)
                                  4.05   data arrival time

                         10.00   10.00   clock clk (rise edge)
                          0.50   10.50   clock source latency
     1    0.02    0.04    0.03   10.53 ^ clk (in)
                                         clk (net)
                  0.04    0.00   10.53 ^ clkbuf_0_clk/A (sky130_fd_sc_hd__clkbuf_16)
     2    0.02    0.03    0.09   10.62 ^ clkbuf_0_clk/X (sky130_fd_sc_hd__clkbuf_16)
                                         clknet_0_clk (net)
                  0.03    0.00   10.62 ^ clkbuf_1_1__f_clk/A (sky130_fd_sc_hd__clkbuf_16)
    13    0.05    0.05    0.10   10.72 ^ clkbuf_1_1__f_clk/X (sky130_fd_sc_hd__clkbuf_16)
                                         clknet_1_1__leaf_clk (net)
                  0.05    0.00   10.72 ^ _241_/CLK (sky130_fd_sc_hd__dfrtp_1)
                         -0.30   10.42   clock uncertainty
                          0.00   10.42   clock reconvergence pessimism
                         -0.07   10.35   library setup time
                                 10.35   data required time
-----------------------------------------------------------------------------
                                 10.35   data required time
                                 -4.05   data arrival time
-----------------------------------------------------------------------------
                                  6.30   slack (MET)


Startpoint: pwr_stable (input port clocked by clk)
Endpoint: _246_ (rising edge-triggered flip-flop clocked by clk)
Path Group: clk
Path Type: max
Corner: Fastest

Fanout     Cap    Slew   Delay    Time   Description
-----------------------------------------------------------------------------
                          0.00    0.00   clock clk (rise edge)
                          0.50    0.50   clock network delay (propagated)
                          3.00    3.50 ^ input external delay
     1    0.00    0.02    0.01    3.51 ^ pwr_stable (in)
                                         pwr_stable (net)
                  0.02    0.00    3.51 ^ input2/A (sky130_fd_sc_hd__clkbuf_1)
     1    0.01    0.06    0.06    3.57 ^ input2/X (sky130_fd_sc_hd__clkbuf_1)
                                         net2 (net)
                  0.06    0.00    3.57 ^ _158_/A (sky130_fd_sc_hd__nand2_1)
     2    0.01    0.04    0.04    3.61 v _158_/Y (sky130_fd_sc_hd__nand2_1)
                                         _095_ (net)
                  0.04    0.00    3.61 v _159_/B1_N (sky130_fd_sc_hd__o21bai_1)
     1    0.00    0.03    0.08    3.70 v _159_/Y (sky130_fd_sc_hd__o21bai_1)
                                         _096_ (net)
                  0.03    0.00    3.70 v _160_/A (sky130_fd_sc_hd__nand2_1)
     1    0.00    0.03    0.04    3.73 ^ _160_/Y (sky130_fd_sc_hd__nand2_1)
                                         _097_ (net)
                  0.03    0.00    3.73 ^ _166_/A (sky130_fd_sc_hd__nand2_1)
     2    0.01    0.03    0.03    3.77 v _166_/Y (sky130_fd_sc_hd__nand2_1)
                                         _103_ (net)
                  0.03    0.00    3.77 v _178_/B (sky130_fd_sc_hd__nor2_1)
     2    0.01    0.09    0.08    3.85 ^ _178_/Y (sky130_fd_sc_hd__nor2_1)
                                         _014_ (net)
                  0.09    0.00    3.85 ^ _204_/A (sky130_fd_sc_hd__nand3_1)
     1    0.01    0.07    0.07    3.93 v _204_/Y (sky130_fd_sc_hd__nand3_1)
                                         _030_ (net)
                  0.07    0.00    3.93 v _209_/A (sky130_fd_sc_hd__nand3_4)
     8    0.03    0.10    0.09    4.02 ^ _209_/Y (sky130_fd_sc_hd__nand3_4)
                                         _035_ (net)
                  0.10    0.00    4.02 ^ _236_/B (sky130_fd_sc_hd__nor2_1)
     1    0.00    0.03    0.02    4.05 v _236_/Y (sky130_fd_sc_hd__nor2_1)
                                         _010_ (net)
                  0.03    0.00    4.05 v _246_/D (sky130_fd_sc_hd__dfrtp_1)
                                  4.05   data arrival time

                         10.00   10.00   clock clk (rise edge)
                          0.50   10.50   clock source latency
     1    0.02    0.04    0.03   10.53 ^ clk (in)
                                         clk (net)
                  0.04    0.00   10.53 ^ clkbuf_0_clk/A (sky130_fd_sc_hd__clkbuf_16)
     2    0.02    0.03    0.09   10.62 ^ clkbuf_0_clk/X (sky130_fd_sc_hd__clkbuf_16)
                                         clknet_0_clk (net)
                  0.03    0.00   10.62 ^ clkbuf_1_1__f_clk/A (sky130_fd_sc_hd__clkbuf_16)
    13    0.05    0.05    0.10   10.72 ^ clkbuf_1_1__f_clk/X (sky130_fd_sc_hd__clkbuf_16)
                                         clknet_1_1__leaf_clk (net)
                  0.05    0.00   10.72 ^ _246_/CLK (sky130_fd_sc_hd__dfrtp_1)
                         -0.30   10.42   clock uncertainty
                          0.00   10.42   clock reconvergence pessimism
                         -0.07   10.35   library setup time
                                 10.35   data required time
-----------------------------------------------------------------------------
                                 10.35   data required time
                                 -4.05   data arrival time
-----------------------------------------------------------------------------
                                  6.30   slack (MET)


Startpoint: pwr_stable (input port clocked by clk)
Endpoint: _257_ (rising edge-triggered flip-flop clocked by clk)
Path Group: clk
Path Type: max
Corner: Fastest

Fanout     Cap    Slew   Delay    Time   Description
-----------------------------------------------------------------------------
                          0.00    0.00   clock clk (rise edge)
                          0.50    0.50   clock network delay (propagated)
                          3.00    3.50 ^ input external delay
     1    0.00    0.02    0.01    3.51 ^ pwr_stable (in)
                                         pwr_stable (net)
                  0.02    0.00    3.51 ^ input2/A (sky130_fd_sc_hd__clkbuf_1)
     1    0.01    0.06    0.06    3.57 ^ input2/X (sky130_fd_sc_hd__clkbuf_1)
                                         net2 (net)
                  0.06    0.00    3.57 ^ _158_/A (sky130_fd_sc_hd__nand2_1)
     2    0.01    0.04    0.04    3.61 v _158_/Y (sky130_fd_sc_hd__nand2_1)
                                         _095_ (net)
                  0.04    0.00    3.61 v _159_/B1_N (sky130_fd_sc_hd__o21bai_1)
     1    0.00    0.03    0.08    3.70 v _159_/Y (sky130_fd_sc_hd__o21bai_1)
                                         _096_ (net)
                  0.03    0.00    3.70 v _160_/A (sky130_fd_sc_hd__nand2_1)
     1    0.00    0.03    0.04    3.73 ^ _160_/Y (sky130_fd_sc_hd__nand2_1)
                                         _097_ (net)
                  0.03    0.00    3.73 ^ _166_/A (sky130_fd_sc_hd__nand2_1)
     2    0.01    0.03    0.03    3.77 v _166_/Y (sky130_fd_sc_hd__nand2_1)
                                         _103_ (net)
                  0.03    0.00    3.77 v _174_/A (sky130_fd_sc_hd__or3_1)
     1    0.00    0.04    0.21    3.98 v _174_/X (sky130_fd_sc_hd__or3_1)
                                         _111_ (net)
                  0.04    0.00    3.98 v _175_/A (sky130_fd_sc_hd__clkbuf_1)
     1    0.00    0.02    0.06    4.04 v _175_/X (sky130_fd_sc_hd__clkbuf_1)
                                         next_state[1] (net)
                  0.02    0.00    4.04 v _257_/D (sky130_fd_sc_hd__dfrtp_1)
                                  4.04   data arrival time

                         10.00   10.00   clock clk (rise edge)
                          0.50   10.50   clock source latency
     1    0.02    0.04    0.03   10.53 ^ clk (in)
                                         clk (net)
                  0.04    0.00   10.53 ^ clkbuf_0_clk/A (sky130_fd_sc_hd__clkbuf_16)
     2    0.02    0.03    0.09   10.62 ^ clkbuf_0_clk/X (sky130_fd_sc_hd__clkbuf_16)
                                         clknet_0_clk (net)
                  0.03    0.00   10.62 ^ clkbuf_1_0__f_clk/A (sky130_fd_sc_hd__clkbuf_16)
    16    0.05    0.05    0.10   10.72 ^ clkbuf_1_0__f_clk/X (sky130_fd_sc_hd__clkbuf_16)
                                         clknet_1_0__leaf_clk (net)
                  0.05    0.00   10.72 ^ _257_/CLK (sky130_fd_sc_hd__dfrtp_1)
                         -0.30   10.42   clock uncertainty
                          0.00   10.42   clock reconvergence pessimism
                         -0.07   10.35   library setup time
                                 10.35   data required time
-----------------------------------------------------------------------------
                                 10.35   data required time
                                 -4.04   data arrival time
-----------------------------------------------------------------------------
                                  6.31   slack (MET)


Startpoint: pwr_stable (input port clocked by clk)
Endpoint: _258_ (rising edge-triggered flip-flop clocked by clk)
Path Group: clk
Path Type: max
Corner: Fastest

Fanout     Cap    Slew   Delay    Time   Description
-----------------------------------------------------------------------------
                          0.00    0.00   clock clk (rise edge)
                          0.50    0.50   clock network delay (propagated)
                          3.00    3.50 ^ input external delay
     1    0.00    0.02    0.01    3.51 ^ pwr_stable (in)
                                         pwr_stable (net)
                  0.02    0.00    3.51 ^ input2/A (sky130_fd_sc_hd__clkbuf_1)
     1    0.01    0.06    0.06    3.57 ^ input2/X (sky130_fd_sc_hd__clkbuf_1)
                                         net2 (net)
                  0.06    0.00    3.57 ^ _158_/A (sky130_fd_sc_hd__nand2_1)
     2    0.01    0.04    0.04    3.61 v _158_/Y (sky130_fd_sc_hd__nand2_1)
                                         _095_ (net)
                  0.04    0.00    3.61 v _159_/B1_N (sky130_fd_sc_hd__o21bai_1)
     1    0.00    0.03    0.08    3.70 v _159_/Y (sky130_fd_sc_hd__o21bai_1)
                                         _096_ (net)
                  0.03    0.00    3.70 v _160_/A (sky130_fd_sc_hd__nand2_1)
     1    0.00    0.03    0.04    3.73 ^ _160_/Y (sky130_fd_sc_hd__nand2_1)
                                         _097_ (net)
                  0.03    0.00    3.73 ^ _166_/A (sky130_fd_sc_hd__nand2_1)
     2    0.01    0.03    0.03    3.77 v _166_/Y (sky130_fd_sc_hd__nand2_1)
                                         _103_ (net)
                  0.03    0.00    3.77 v _178_/B (sky130_fd_sc_hd__nor2_1)
     2    0.01    0.09    0.08    3.85 ^ _178_/Y (sky130_fd_sc_hd__nor2_1)
                                         _014_ (net)
                  0.09    0.00    3.85 ^ _187_/A (sky130_fd_sc_hd__nand2_1)
     1    0.00    0.04    0.03    3.88 v _187_/Y (sky130_fd_sc_hd__nand2_1)
                                         next_state[2] (net)
                  0.04    0.00    3.88 v _258_/D (sky130_fd_sc_hd__dfrtp_4)
                                  3.88   data arrival time

                         10.00   10.00   clock clk (rise edge)
                          0.50   10.50   clock source latency
     1    0.02    0.04    0.03   10.53 ^ clk (in)
                                         clk (net)
                  0.04    0.00   10.53 ^ clkbuf_0_clk/A (sky130_fd_sc_hd__clkbuf_16)
     2    0.02    0.03    0.09   10.62 ^ clkbuf_0_clk/X (sky130_fd_sc_hd__clkbuf_16)
                                         clknet_0_clk (net)
                  0.03    0.00   10.62 ^ clkbuf_1_0__f_clk/A (sky130_fd_sc_hd__clkbuf_16)
    16    0.05    0.05    0.10   10.72 ^ clkbuf_1_0__f_clk/X (sky130_fd_sc_hd__clkbuf_16)
                                         clknet_1_0__leaf_clk (net)
                  0.05    0.00   10.72 ^ _258_/CLK (sky130_fd_sc_hd__dfrtp_4)
                         -0.30   10.42   clock uncertainty
                          0.00   10.42   clock reconvergence pessimism
                         -0.07   10.35   library setup time
                                 10.35   data required time
-----------------------------------------------------------------------------
                                 10.35   data required time
                                 -3.88   data arrival time
-----------------------------------------------------------------------------
                                  6.46   slack (MET)


Startpoint: _251_ (rising edge-triggered flip-flop clocked by clk)
Endpoint: retention_save (output port clocked by clk)
Path Group: clk
Path Type: max
Corner: Fastest

Fanout     Cap    Slew   Delay    Time   Description
-----------------------------------------------------------------------------
                          0.00    0.00   clock clk (rise edge)
                          0.50    0.50   clock source latency
     1    0.02    0.04    0.03    0.53 ^ clk (in)
                                         clk (net)
                  0.04    0.00    0.53 ^ clkbuf_0_clk/A (sky130_fd_sc_hd__clkbuf_16)
     2    0.02    0.03    0.09    0.62 ^ clkbuf_0_clk/X (sky130_fd_sc_hd__clkbuf_16)
                                         clknet_0_clk (net)
                  0.03    0.00    0.62 ^ clkbuf_1_0__f_clk/A (sky130_fd_sc_hd__clkbuf_16)
    16    0.05    0.05    0.10    0.72 ^ clkbuf_1_0__f_clk/X (sky130_fd_sc_hd__clkbuf_16)
                                         clknet_1_0__leaf_clk (net)
                  0.05    0.00    0.72 ^ _251_/CLK (sky130_fd_sc_hd__dfrtp_1)
     1    0.00    0.03    0.22    0.94 v _251_/Q (sky130_fd_sc_hd__dfrtp_1)
                                         net17 (net)
                  0.03    0.00    0.94 v output17/A (sky130_fd_sc_hd__buf_2)
     1    0.03    0.06    0.11    1.05 v output17/X (sky130_fd_sc_hd__buf_2)
                                         retention_save (net)
                  0.06    0.00    1.05 v retention_save (out)
                                  1.05   data arrival time

                         10.00   10.00   clock clk (rise edge)
                          0.50   10.50   clock network delay (propagated)
                         -0.30   10.20   clock uncertainty
                          0.00   10.20   clock reconvergence pessimism
                         -2.50    7.70   output external delay
                                  7.70   data required time
-----------------------------------------------------------------------------
                                  7.70   data required time
                                 -1.05   data arrival time
-----------------------------------------------------------------------------
                                  6.65   slack (MET)


Startpoint: _252_ (rising edge-triggered flip-flop clocked by clk)
Endpoint: retention_restore (output port clocked by clk)
Path Group: clk
Path Type: max
Corner: Fastest

Fanout     Cap    Slew   Delay    Time   Description
-----------------------------------------------------------------------------
                          0.00    0.00   clock clk (rise edge)
                          0.50    0.50   clock source latency
     1    0.02    0.04    0.03    0.53 ^ clk (in)
                                         clk (net)
                  0.04    0.00    0.53 ^ clkbuf_0_clk/A (sky130_fd_sc_hd__clkbuf_16)
     2    0.02    0.03    0.09    0.62 ^ clkbuf_0_clk/X (sky130_fd_sc_hd__clkbuf_16)
                                         clknet_0_clk (net)
                  0.03    0.00    0.62 ^ clkbuf_1_0__f_clk/A (sky130_fd_sc_hd__clkbuf_16)
    16    0.05    0.05    0.10    0.72 ^ clkbuf_1_0__f_clk/X (sky130_fd_sc_hd__clkbuf_16)
                                         clknet_1_0__leaf_clk (net)
                  0.05    0.00    0.72 ^ _252_/CLK (sky130_fd_sc_hd__dfrtp_1)
     1    0.00    0.02    0.22    0.94 v _252_/Q (sky130_fd_sc_hd__dfrtp_1)
                                         net16 (net)
                  0.02    0.00    0.94 v output16/A (sky130_fd_sc_hd__buf_2)
     1    0.03    0.06    0.11    1.05 v output16/X (sky130_fd_sc_hd__buf_2)
                                         retention_restore (net)
                  0.06    0.00    1.05 v retention_restore (out)
                                  1.05   data arrival time

                         10.00   10.00   clock clk (rise edge)
                          0.50   10.50   clock network delay (propagated)
                         -0.30   10.20   clock uncertainty
                          0.00   10.20   clock reconvergence pessimism
                         -2.50    7.70   output external delay
                                  7.70   data required time
-----------------------------------------------------------------------------
                                  7.70   data required time
                                 -1.05   data arrival time
-----------------------------------------------------------------------------
                                  6.65   slack (MET)


Startpoint: _253_ (rising edge-triggered flip-flop clocked by clk)
Endpoint: reset_ctrl (output port clocked by clk)
Path Group: clk
Path Type: max
Corner: Fastest

Fanout     Cap    Slew   Delay    Time   Description
-----------------------------------------------------------------------------
                          0.00    0.00   clock clk (rise edge)
                          0.50    0.50   clock source latency
     1    0.02    0.04    0.03    0.53 ^ clk (in)
                                         clk (net)
                  0.04    0.00    0.53 ^ clkbuf_0_clk/A (sky130_fd_sc_hd__clkbuf_16)
     2    0.02    0.03    0.09    0.62 ^ clkbuf_0_clk/X (sky130_fd_sc_hd__clkbuf_16)
                                         clknet_0_clk (net)
                  0.03    0.00    0.62 ^ clkbuf_1_1__f_clk/A (sky130_fd_sc_hd__clkbuf_16)
    13    0.05    0.05    0.10    0.72 ^ clkbuf_1_1__f_clk/X (sky130_fd_sc_hd__clkbuf_16)
                                         clknet_1_1__leaf_clk (net)
                  0.05    0.00    0.72 ^ _253_/CLK (sky130_fd_sc_hd__dfrtp_1)
     1    0.00    0.02    0.22    0.94 v _253_/Q (sky130_fd_sc_hd__dfrtp_1)
                                         net14 (net)
                  0.02    0.00    0.94 v output14/A (sky130_fd_sc_hd__buf_2)
     1    0.03    0.06    0.11    1.05 v output14/X (sky130_fd_sc_hd__buf_2)
                                         reset_ctrl (net)
                  0.06    0.00    1.05 v reset_ctrl (out)
                                  1.05   data arrival time

                         10.00   10.00   clock clk (rise edge)
                          0.50   10.50   clock network delay (propagated)
                         -0.30   10.20   clock uncertainty
                          0.00   10.20   clock reconvergence pessimism
                         -2.50    7.70   output external delay
                                  7.70   data required time
-----------------------------------------------------------------------------
                                  7.70   data required time
                                 -1.05   data arrival time
-----------------------------------------------------------------------------
                                  6.65   slack (MET)


Startpoint: _256_ (rising edge-triggered flip-flop clocked by clk)
Endpoint: seq_busy (output port clocked by clk)
Path Group: clk
Path Type: max
Corner: Fastest

Fanout     Cap    Slew   Delay    Time   Description
-----------------------------------------------------------------------------
                          0.00    0.00   clock clk (rise edge)
                          0.50    0.50   clock source latency
     1    0.02    0.04    0.03    0.53 ^ clk (in)
                                         clk (net)
                  0.04    0.00    0.53 ^ clkbuf_0_clk/A (sky130_fd_sc_hd__clkbuf_16)
     2    0.02    0.03    0.09    0.62 ^ clkbuf_0_clk/X (sky130_fd_sc_hd__clkbuf_16)
                                         clknet_0_clk (net)
                  0.03    0.00    0.62 ^ clkbuf_1_0__f_clk/A (sky130_fd_sc_hd__clkbuf_16)
    16    0.05    0.05    0.10    0.72 ^ clkbuf_1_0__f_clk/X (sky130_fd_sc_hd__clkbuf_16)
                                         clknet_1_0__leaf_clk (net)
                  0.05    0.00    0.72 ^ _256_/CLK (sky130_fd_sc_hd__dfrtp_4)
     8    0.03    0.07    0.33    1.05 v _256_/Q (sky130_fd_sc_hd__dfrtp_4)
                                         curr_state[0] (net)
                  0.07    0.00    1.05 v _138_/A (sky130_fd_sc_hd__nand2_1)
     3    0.01    0.10    0.10    1.15 ^ _138_/Y (sky130_fd_sc_hd__nand2_1)
                                         _077_ (net)
                  0.10    0.00    1.15 ^ _139_/A (sky130_fd_sc_hd__inv_2)
     2    0.01    0.03    0.02    1.18 v _139_/Y (sky130_fd_sc_hd__inv_2)
                                         _078_ (net)
                  0.03    0.00    1.18 v _140_/B (sky130_fd_sc_hd__nor2_1)
     1    0.00    0.07    0.06    1.24 ^ _140_/Y (sky130_fd_sc_hd__nor2_1)
                                         net18 (net)
                  0.07    0.00    1.24 ^ wire20/A (sky130_fd_sc_hd__buf_1)
     4    0.02    0.15    0.14    1.38 ^ wire20/X (sky130_fd_sc_hd__buf_1)
                                         net20 (net)
                  0.15    0.00    1.38 ^ output18/A (sky130_fd_sc_hd__clkbuf_2)
     1    0.02    0.09    0.13    1.52 ^ output18/X (sky130_fd_sc_hd__clkbuf_2)
                                         seq_busy (net)
                  0.09    0.00    1.52 ^ seq_busy (out)
                                  1.52   data arrival time

                         10.00   10.00   clock clk (rise edge)
                          0.50   10.50   clock network delay (propagated)
                         -0.30   10.20   clock uncertainty
                          0.00   10.20   clock reconvergence pessimism
                         -2.00    8.20   output external delay
                                  8.20   data required time
-----------------------------------------------------------------------------
                                  8.20   data required time
                                 -1.52   data arrival time
-----------------------------------------------------------------------------
                                  6.68   slack (MET)


Startpoint: _239_ (rising edge-triggered flip-flop clocked by clk)
Endpoint: dvfs_ctrl[1] (output port clocked by clk)
Path Group: clk
Path Type: max
Corner: Fastest

Fanout     Cap    Slew   Delay    Time   Description
-----------------------------------------------------------------------------
                          0.00    0.00   clock clk (rise edge)
                          0.50    0.50   clock source latency
     1    0.02    0.04    0.03    0.53 ^ clk (in)
                                         clk (net)
                  0.04    0.00    0.53 ^ clkbuf_0_clk/A (sky130_fd_sc_hd__clkbuf_16)
     2    0.02    0.03    0.09    0.62 ^ clkbuf_0_clk/X (sky130_fd_sc_hd__clkbuf_16)
                                         clknet_0_clk (net)
                  0.03    0.00    0.62 ^ clkbuf_1_1__f_clk/A (sky130_fd_sc_hd__clkbuf_16)
    13    0.05    0.05    0.10    0.72 ^ clkbuf_1_1__f_clk/X (sky130_fd_sc_hd__clkbuf_16)
                                         clknet_1_1__leaf_clk (net)
                  0.05    0.00    0.72 ^ _239_/CLK (sky130_fd_sc_hd__dfstp_1)
     1    0.00    0.03    0.30    1.02 ^ _239_/Q (sky130_fd_sc_hd__dfstp_1)
                                         net9 (net)
                  0.03    0.00    1.02 ^ output9/A (sky130_fd_sc_hd__clkbuf_2)
     1    0.02    0.09    0.11    1.13 ^ output9/X (sky130_fd_sc_hd__clkbuf_2)
                                         dvfs_ctrl[1] (net)
                  0.09    0.00    1.13 ^ dvfs_ctrl[1] (out)
                                  1.13   data arrival time

                         10.00   10.00   clock clk (rise edge)
                          0.50   10.50   clock network delay (propagated)
                         -0.30   10.20   clock uncertainty
                          0.00   10.20   clock reconvergence pessimism
                         -2.00    8.20   output external delay
                                  8.20   data required time
-----------------------------------------------------------------------------
                                  8.20   data required time
                                 -1.13   data arrival time
-----------------------------------------------------------------------------
                                  7.07   slack (MET)


Startpoint: _248_ (rising edge-triggered flip-flop clocked by clk)
Endpoint: clk_gate_en (output port clocked by clk)
Path Group: clk
Path Type: max
Corner: Fastest

Fanout     Cap    Slew   Delay    Time   Description
-----------------------------------------------------------------------------
                          0.00    0.00   clock clk (rise edge)
                          0.50    0.50   clock source latency
     1    0.02    0.04    0.03    0.53 ^ clk (in)
                                         clk (net)
                  0.04    0.00    0.53 ^ clkbuf_0_clk/A (sky130_fd_sc_hd__clkbuf_16)
     2    0.02    0.03    0.09    0.62 ^ clkbuf_0_clk/X (sky130_fd_sc_hd__clkbuf_16)
                                         clknet_0_clk (net)
                  0.03    0.00    0.62 ^ clkbuf_1_0__f_clk/A (sky130_fd_sc_hd__clkbuf_16)
    16    0.05    0.05    0.10    0.72 ^ clkbuf_1_0__f_clk/X (sky130_fd_sc_hd__clkbuf_16)
                                         clknet_1_0__leaf_clk (net)
                  0.05    0.00    0.72 ^ _248_/CLK (sky130_fd_sc_hd__dfrtp_1)
     1    0.00    0.03    0.23    0.95 v _248_/Q (sky130_fd_sc_hd__dfrtp_1)
                                         net8 (net)
                  0.03    0.00    0.95 v output8/A (sky130_fd_sc_hd__buf_4)
     1    0.05    0.06    0.12    1.07 v output8/X (sky130_fd_sc_hd__buf_4)
                                         clk_gate_en (net)
                  0.06    0.00    1.07 v clk_gate_en (out)
                                  1.07   data arrival time

                         10.00   10.00   clock clk (rise edge)
                          0.50   10.50   clock network delay (propagated)
                         -0.30   10.20   clock uncertainty
                          0.00   10.20   clock reconvergence pessimism
                         -2.00    8.20   output external delay
                                  8.20   data required time
-----------------------------------------------------------------------------
                                  8.20   data required time
                                 -1.07   data arrival time
-----------------------------------------------------------------------------
                                  7.13   slack (MET)


Startpoint: _250_ (rising edge-triggered flip-flop clocked by clk)
Endpoint: retention_en (output port clocked by clk)
Path Group: clk
Path Type: max
Corner: Fastest

Fanout     Cap    Slew   Delay    Time   Description
-----------------------------------------------------------------------------
                          0.00    0.00   clock clk (rise edge)
                          0.50    0.50   clock source latency
     1    0.02    0.04    0.03    0.53 ^ clk (in)
                                         clk (net)
                  0.04    0.00    0.53 ^ clkbuf_0_clk/A (sky130_fd_sc_hd__clkbuf_16)
     2    0.02    0.03    0.09    0.62 ^ clkbuf_0_clk/X (sky130_fd_sc_hd__clkbuf_16)
                                         clknet_0_clk (net)
                  0.03    0.00    0.62 ^ clkbuf_1_0__f_clk/A (sky130_fd_sc_hd__clkbuf_16)
    16    0.05    0.05    0.10    0.72 ^ clkbuf_1_0__f_clk/X (sky130_fd_sc_hd__clkbuf_16)
                                         clknet_1_0__leaf_clk (net)
                  0.05    0.00    0.72 ^ _250_/CLK (sky130_fd_sc_hd__dfrtp_1)
     1    0.00    0.03    0.23    0.95 v _250_/Q (sky130_fd_sc_hd__dfrtp_1)
                                         net15 (net)
                  0.03    0.00    0.95 v output15/A (sky130_fd_sc_hd__buf_4)
     1    0.05    0.06    0.12    1.07 v output15/X (sky130_fd_sc_hd__buf_4)
                                         retention_en (net)
                  0.06    0.00    1.07 v retention_en (out)
                                  1.07   data arrival time

                         10.00   10.00   clock clk (rise edge)
                          0.50   10.50   clock network delay (propagated)
                         -0.30   10.20   clock uncertainty
                          0.00   10.20   clock reconvergence pessimism
                         -2.00    8.20   output external delay
                                  8.20   data required time
-----------------------------------------------------------------------------
                                  8.20   data required time
                                 -1.07   data arrival time
-----------------------------------------------------------------------------
                                  7.13   slack (MET)


Startpoint: _249_ (rising edge-triggered flip-flop clocked by clk)
Endpoint: pwr_gate_en (output port clocked by clk)
Path Group: clk
Path Type: max
Corner: Fastest

Fanout     Cap    Slew   Delay    Time   Description
-----------------------------------------------------------------------------
                          0.00    0.00   clock clk (rise edge)
                          0.50    0.50   clock source latency
     1    0.02    0.04    0.03    0.53 ^ clk (in)
                                         clk (net)
                  0.04    0.00    0.53 ^ clkbuf_0_clk/A (sky130_fd_sc_hd__clkbuf_16)
     2    0.02    0.03    0.09    0.62 ^ clkbuf_0_clk/X (sky130_fd_sc_hd__clkbuf_16)
                                         clknet_0_clk (net)
                  0.03    0.00    0.62 ^ clkbuf_1_0__f_clk/A (sky130_fd_sc_hd__clkbuf_16)
    16    0.05    0.05    0.10    0.72 ^ clkbuf_1_0__f_clk/X (sky130_fd_sc_hd__clkbuf_16)
                                         clknet_1_0__leaf_clk (net)
                  0.05    0.00    0.72 ^ _249_/CLK (sky130_fd_sc_hd__dfrtp_1)
     1    0.00    0.03    0.22    0.94 v _249_/Q (sky130_fd_sc_hd__dfrtp_1)
                                         net11 (net)
                  0.03    0.00    0.94 v output11/A (sky130_fd_sc_hd__buf_4)
     1    0.05    0.06    0.12    1.07 v output11/X (sky130_fd_sc_hd__buf_4)
                                         pwr_gate_en (net)
                  0.06    0.00    1.07 v pwr_gate_en (out)
                                  1.07   data arrival time

                         10.00   10.00   clock clk (rise edge)
                          0.50   10.50   clock network delay (propagated)
                         -0.30   10.20   clock uncertainty
                          0.00   10.20   clock reconvergence pessimism
                         -2.00    8.20   output external delay
                                  8.20   data required time
-----------------------------------------------------------------------------
                                  8.20   data required time
                                 -1.07   data arrival time
-----------------------------------------------------------------------------
                                  7.13   slack (MET)


Startpoint: _254_ (rising edge-triggered flip-flop clocked by clk)
Endpoint: pwr_state[0] (output port clocked by clk)
Path Group: clk
Path Type: max
Corner: Fastest

Fanout     Cap    Slew   Delay    Time   Description
-----------------------------------------------------------------------------
                          0.00    0.00   clock clk (rise edge)
                          0.50    0.50   clock source latency
     1    0.02    0.04    0.03    0.53 ^ clk (in)
                                         clk (net)
                  0.04    0.00    0.53 ^ clkbuf_0_clk/A (sky130_fd_sc_hd__clkbuf_16)
     2    0.02    0.03    0.09    0.62 ^ clkbuf_0_clk/X (sky130_fd_sc_hd__clkbuf_16)
                                         clknet_0_clk (net)
                  0.03    0.00    0.62 ^ clkbuf_1_1__f_clk/A (sky130_fd_sc_hd__clkbuf_16)
    13    0.05    0.05    0.10    0.72 ^ clkbuf_1_1__f_clk/X (sky130_fd_sc_hd__clkbuf_16)
                                         clknet_1_1__leaf_clk (net)
                  0.05    0.00    0.72 ^ _254_/CLK (sky130_fd_sc_hd__dfrtp_1)
     1    0.00    0.03    0.22    0.94 v _254_/Q (sky130_fd_sc_hd__dfrtp_1)
                                         net12 (net)
                  0.03    0.00    0.94 v output12/A (sky130_fd_sc_hd__clkbuf_2)
     1    0.02    0.06    0.10    1.04 v output12/X (sky130_fd_sc_hd__clkbuf_2)
                                         pwr_state[0] (net)
                  0.06    0.00    1.04 v pwr_state[0] (out)
                                  1.04   data arrival time

                         10.00   10.00   clock clk (rise edge)
                          0.50   10.50   clock network delay (propagated)
                         -0.30   10.20   clock uncertainty
                          0.00   10.20   clock reconvergence pessimism
                         -2.00    8.20   output external delay
                                  8.20   data required time
-----------------------------------------------------------------------------
                                  8.20   data required time
                                 -1.04   data arrival time
-----------------------------------------------------------------------------
                                  7.16   slack (MET)


Startpoint: _255_ (rising edge-triggered flip-flop clocked by clk)
Endpoint: pwr_state[1] (output port clocked by clk)
Path Group: clk
Path Type: max
Corner: Fastest

Fanout     Cap    Slew   Delay    Time   Description
-----------------------------------------------------------------------------
                          0.00    0.00   clock clk (rise edge)
                          0.50    0.50   clock source latency
     1    0.02    0.04    0.03    0.53 ^ clk (in)
                                         clk (net)
                  0.04    0.00    0.53 ^ clkbuf_0_clk/A (sky130_fd_sc_hd__clkbuf_16)
     2    0.02    0.03    0.09    0.62 ^ clkbuf_0_clk/X (sky130_fd_sc_hd__clkbuf_16)
                                         clknet_0_clk (net)
                  0.03    0.00    0.62 ^ clkbuf_1_1__f_clk/A (sky130_fd_sc_hd__clkbuf_16)
    13    0.05    0.05    0.10    0.72 ^ clkbuf_1_1__f_clk/X (sky130_fd_sc_hd__clkbuf_16)
                                         clknet_1_1__leaf_clk (net)
                  0.05    0.00    0.72 ^ _255_/CLK (sky130_fd_sc_hd__dfrtp_1)
     1    0.00    0.03    0.22    0.94 v _255_/Q (sky130_fd_sc_hd__dfrtp_1)
                                         net13 (net)
                  0.03    0.00    0.94 v output13/A (sky130_fd_sc_hd__clkbuf_2)
     1    0.02    0.06    0.10    1.04 v output13/X (sky130_fd_sc_hd__clkbuf_2)
                                         pwr_state[1] (net)
                  0.06    0.00    1.04 v pwr_state[1] (out)
                                  1.04   data arrival time

                         10.00   10.00   clock clk (rise edge)
                          0.50   10.50   clock network delay (propagated)
                         -0.30   10.20   clock uncertainty
                          0.00   10.20   clock reconvergence pessimism
                         -2.00    8.20   output external delay
                                  8.20   data required time
-----------------------------------------------------------------------------
                                  8.20   data required time
                                 -1.04   data arrival time
-----------------------------------------------------------------------------
                                  7.16   slack (MET)


Startpoint: wake_up (input port clocked by clk)
Endpoint: _259_ (rising edge-triggered flip-flop clocked by clk)
Path Group: clk
Path Type: max
Corner: Fastest

Fanout     Cap    Slew   Delay    Time   Description
-----------------------------------------------------------------------------
                          0.00    0.00   clock clk (rise edge)
                          0.50    0.50   clock network delay (propagated)
                          2.00    2.50 v input external delay
     1    0.00    0.02    0.01    2.51 v wake_up (in)
                                         wake_up (net)
                  0.02    0.00    2.51 v input7/A (sky130_fd_sc_hd__clkbuf_1)
     1    0.00    0.02    0.05    2.56 v input7/X (sky130_fd_sc_hd__clkbuf_1)
                                         net7 (net)
                  0.02    0.00    2.56 v _259_/D (sky130_fd_sc_hd__dfrtp_1)
                                  2.56   data arrival time

                         10.00   10.00   clock clk (rise edge)
                          0.50   10.50   clock source latency
     1    0.02    0.04    0.03   10.53 ^ clk (in)
                                         clk (net)
                  0.04    0.00   10.53 ^ clkbuf_0_clk/A (sky130_fd_sc_hd__clkbuf_16)
     2    0.02    0.03    0.09   10.62 ^ clkbuf_0_clk/X (sky130_fd_sc_hd__clkbuf_16)
                                         clknet_0_clk (net)
                  0.03    0.00   10.62 ^ clkbuf_1_0__f_clk/A (sky130_fd_sc_hd__clkbuf_16)
    16    0.05    0.05    0.10   10.72 ^ clkbuf_1_0__f_clk/X (sky130_fd_sc_hd__clkbuf_16)
                                         clknet_1_0__leaf_clk (net)
                  0.05    0.00   10.72 ^ _259_/CLK (sky130_fd_sc_hd__dfrtp_1)
                         -0.30   10.42   clock uncertainty
                          0.00   10.42   clock reconvergence pessimism
                         -0.07   10.35   library setup time
                                 10.35   data required time
-----------------------------------------------------------------------------
                                 10.35   data required time
                                 -2.56   data arrival time
-----------------------------------------------------------------------------
                                  7.79   slack (MET)


Startpoint: req_sleep (input port clocked by clk)
Endpoint: _261_ (rising edge-triggered flip-flop clocked by clk)
Path Group: clk
Path Type: max
Corner: Fastest

Fanout     Cap    Slew   Delay    Time   Description
-----------------------------------------------------------------------------
                          0.00    0.00   clock clk (rise edge)
                          0.50    0.50   clock network delay (propagated)
                          2.00    2.50 v input external delay
     1    0.00    0.02    0.01    2.51 v req_sleep (in)
                                         req_sleep (net)
                  0.02    0.00    2.51 v input5/A (sky130_fd_sc_hd__clkbuf_1)
     1    0.00    0.02    0.05    2.56 v input5/X (sky130_fd_sc_hd__clkbuf_1)
                                         net5 (net)
                  0.02    0.00    2.56 v _261_/D (sky130_fd_sc_hd__dfrtp_1)
                                  2.56   data arrival time

                         10.00   10.00   clock clk (rise edge)
                          0.50   10.50   clock source latency
     1    0.02    0.04    0.03   10.53 ^ clk (in)
                                         clk (net)
                  0.04    0.00   10.53 ^ clkbuf_0_clk/A (sky130_fd_sc_hd__clkbuf_16)
     2    0.02    0.03    0.09   10.62 ^ clkbuf_0_clk/X (sky130_fd_sc_hd__clkbuf_16)
                                         clknet_0_clk (net)
                  0.03    0.00   10.62 ^ clkbuf_1_0__f_clk/A (sky130_fd_sc_hd__clkbuf_16)
    16    0.05    0.05    0.10   10.72 ^ clkbuf_1_0__f_clk/X (sky130_fd_sc_hd__clkbuf_16)
                                         clknet_1_0__leaf_clk (net)
                  0.05    0.00   10.72 ^ _261_/CLK (sky130_fd_sc_hd__dfrtp_1)
                         -0.30   10.42   clock uncertainty
                          0.00   10.42   clock reconvergence pessimism
                         -0.07   10.35   library setup time
                                 10.35   data required time
-----------------------------------------------------------------------------
                                 10.35   data required time
                                 -2.56   data arrival time
-----------------------------------------------------------------------------
                                  7.79   slack (MET)


Startpoint: req_idle (input port clocked by clk)
Endpoint: _262_ (rising edge-triggered flip-flop clocked by clk)
Path Group: clk
Path Type: max
Corner: Fastest

Fanout     Cap    Slew   Delay    Time   Description
-----------------------------------------------------------------------------
                          0.00    0.00   clock clk (rise edge)
                          0.50    0.50   clock network delay (propagated)
                          2.00    2.50 v input external delay
     1    0.00    0.02    0.01    2.51 v req_idle (in)
                                         req_idle (net)
                  0.02    0.00    2.51 v input3/A (sky130_fd_sc_hd__clkbuf_1)
     1    0.00    0.02    0.05    2.56 v input3/X (sky130_fd_sc_hd__clkbuf_1)
                                         net3 (net)
                  0.02    0.00    2.56 v _262_/D (sky130_fd_sc_hd__dfrtp_1)
                                  2.56   data arrival time

                         10.00   10.00   clock clk (rise edge)
                          0.50   10.50   clock source latency
     1    0.02    0.04    0.03   10.53 ^ clk (in)
                                         clk (net)
                  0.04    0.00   10.53 ^ clkbuf_0_clk/A (sky130_fd_sc_hd__clkbuf_16)
     2    0.02    0.03    0.09   10.62 ^ clkbuf_0_clk/X (sky130_fd_sc_hd__clkbuf_16)
                                         clknet_0_clk (net)
                  0.03    0.00   10.62 ^ clkbuf_1_0__f_clk/A (sky130_fd_sc_hd__clkbuf_16)
    16    0.05    0.05    0.10   10.72 ^ clkbuf_1_0__f_clk/X (sky130_fd_sc_hd__clkbuf_16)
                                         clknet_1_0__leaf_clk (net)
                  0.05    0.00   10.72 ^ _262_/CLK (sky130_fd_sc_hd__dfrtp_1)
                         -0.30   10.42   clock uncertainty
                          0.00   10.42   clock reconvergence pessimism
                         -0.07   10.35   library setup time
                                 10.35   data required time
-----------------------------------------------------------------------------
                                 10.35   data required time
                                 -2.56   data arrival time
-----------------------------------------------------------------------------
                                  7.80   slack (MET)


Startpoint: req_off (input port clocked by clk)
Endpoint: _260_ (rising edge-triggered flip-flop clocked by clk)
Path Group: clk
Path Type: max
Corner: Fastest

Fanout     Cap    Slew   Delay    Time   Description
-----------------------------------------------------------------------------
                          0.00    0.00   clock clk (rise edge)
                          0.50    0.50   clock network delay (propagated)
                          2.00    2.50 v input external delay
     1    0.00    0.02    0.01    2.51 v req_off (in)
                                         req_off (net)
                  0.02    0.00    2.51 v input4/A (sky130_fd_sc_hd__clkbuf_1)
     1    0.00    0.02    0.05    2.56 v input4/X (sky130_fd_sc_hd__clkbuf_1)
                                         net4 (net)
                  0.02    0.00    2.56 v _260_/D (sky130_fd_sc_hd__dfrtp_1)
                                  2.56   data arrival time

                         10.00   10.00   clock clk (rise edge)
                          0.50   10.50   clock source latency
     1    0.02    0.04    0.03   10.53 ^ clk (in)
                                         clk (net)
                  0.04    0.00   10.53 ^ clkbuf_0_clk/A (sky130_fd_sc_hd__clkbuf_16)
     2    0.02    0.03    0.09   10.62 ^ clkbuf_0_clk/X (sky130_fd_sc_hd__clkbuf_16)
                                         clknet_0_clk (net)
                  0.03    0.00   10.62 ^ clkbuf_1_0__f_clk/A (sky130_fd_sc_hd__clkbuf_16)
    16    0.05    0.05    0.10   10.72 ^ clkbuf_1_0__f_clk/X (sky130_fd_sc_hd__clkbuf_16)
                                         clknet_1_0__leaf_clk (net)
                  0.05    0.00   10.72 ^ _260_/CLK (sky130_fd_sc_hd__dfrtp_1)
                         -0.30   10.42   clock uncertainty
                          0.00   10.42   clock reconvergence pessimism
                         -0.07   10.35   library setup time
                                 10.35   data required time
-----------------------------------------------------------------------------
                                 10.35   data required time
                                 -2.56   data arrival time
-----------------------------------------------------------------------------
                                  7.80   slack (MET)


Startpoint: _258_ (rising edge-triggered flip-flop clocked by clk)
Endpoint: _255_ (rising edge-triggered flip-flop clocked by clk)
Path Group: clk
Path Type: max
Corner: Fastest

Fanout     Cap    Slew   Delay    Time   Description
-----------------------------------------------------------------------------
                          0.00    0.00   clock clk (rise edge)
                          0.50    0.50   clock source latency
     1    0.02    0.04    0.03    0.53 ^ clk (in)
                                         clk (net)
                  0.04    0.00    0.53 ^ clkbuf_0_clk/A (sky130_fd_sc_hd__clkbuf_16)
     2    0.02    0.03    0.09    0.62 ^ clkbuf_0_clk/X (sky130_fd_sc_hd__clkbuf_16)
                                         clknet_0_clk (net)
                  0.03    0.00    0.62 ^ clkbuf_1_0__f_clk/A (sky130_fd_sc_hd__clkbuf_16)
    16    0.05    0.05    0.10    0.72 ^ clkbuf_1_0__f_clk/X (sky130_fd_sc_hd__clkbuf_16)
                                         clknet_1_0__leaf_clk (net)
                  0.05    0.00    0.72 ^ _258_/CLK (sky130_fd_sc_hd__dfrtp_4)
     8    0.04    0.08    0.34    1.06 v _258_/Q (sky130_fd_sc_hd__dfrtp_4)
                                         curr_state[2] (net)
                  0.08    0.00    1.06 v _124_/A (sky130_fd_sc_hd__inv_6)
     6    0.02    0.05    0.07    1.13 ^ _124_/Y (sky130_fd_sc_hd__inv_6)
                                         _064_ (net)
                  0.05    0.00    1.13 ^ _125_/B (sky130_fd_sc_hd__nor2_1)
     3    0.01    0.04    0.04    1.17 v _125_/Y (sky130_fd_sc_hd__nor2_1)
                                         _065_ (net)
                  0.04    0.00    1.17 v _170_/A (sky130_fd_sc_hd__and2_1)
     3    0.01    0.05    0.12    1.29 v _170_/X (sky130_fd_sc_hd__and2_1)
                                         _107_ (net)
                  0.05    0.00    1.29 v _193_/B (sky130_fd_sc_hd__nor2_1)
     2    0.00    0.07    0.08    1.36 ^ _193_/Y (sky130_fd_sc_hd__nor2_1)
                                         _024_ (net)
                  0.07    0.00    1.36 ^ _194_/C_N (sky130_fd_sc_hd__or3b_1)
     1    0.01    0.06    0.22    1.58 v _194_/X (sky130_fd_sc_hd__or3b_1)
                                         _025_ (net)
                  0.06    0.00    1.58 v _195_/A (sky130_fd_sc_hd__clkbuf_1)
     1    0.00    0.02    0.07    1.65 v _195_/X (sky130_fd_sc_hd__clkbuf_1)
                                         _113_ (net)
                  0.02    0.00    1.65 v _255_/D (sky130_fd_sc_hd__dfrtp_1)
                                  1.65   data arrival time

                         10.00   10.00   clock clk (rise edge)
                          0.50   10.50   clock source latency
     1    0.02    0.04    0.03   10.53 ^ clk (in)
                                         clk (net)
                  0.04    0.00   10.53 ^ clkbuf_0_clk/A (sky130_fd_sc_hd__clkbuf_16)
     2    0.02    0.03    0.09   10.62 ^ clkbuf_0_clk/X (sky130_fd_sc_hd__clkbuf_16)
                                         clknet_0_clk (net)
                  0.03    0.00   10.62 ^ clkbuf_1_1__f_clk/A (sky130_fd_sc_hd__clkbuf_16)
    13    0.05    0.05    0.10   10.72 ^ clkbuf_1_1__f_clk/X (sky130_fd_sc_hd__clkbuf_16)
                                         clknet_1_1__leaf_clk (net)
                  0.05    0.00   10.72 ^ _255_/CLK (sky130_fd_sc_hd__dfrtp_1)
                         -0.30   10.42   clock uncertainty
                          0.00   10.42   clock reconvergence pessimism
                         -0.07   10.35   library setup time
                                 10.35   data required time
-----------------------------------------------------------------------------
                                 10.35   data required time
                                 -1.65   data arrival time
-----------------------------------------------------------------------------
                                  8.70   slack (MET)


Startpoint: _246_ (rising edge-triggered flip-flop clocked by clk)
Endpoint: _250_ (rising edge-triggered flip-flop clocked by clk)
Path Group: clk
Path Type: max
Corner: Fastest

Fanout     Cap    Slew   Delay    Time   Description
-----------------------------------------------------------------------------
                          0.00    0.00   clock clk (rise edge)
                          0.50    0.50   clock source latency
     1    0.02    0.04    0.03    0.53 ^ clk (in)
                                         clk (net)
                  0.04    0.00    0.53 ^ clkbuf_0_clk/A (sky130_fd_sc_hd__clkbuf_16)
     2    0.02    0.03    0.09    0.62 ^ clkbuf_0_clk/X (sky130_fd_sc_hd__clkbuf_16)
                                         clknet_0_clk (net)
                  0.03    0.00    0.62 ^ clkbuf_1_1__f_clk/A (sky130_fd_sc_hd__clkbuf_16)
    13    0.05    0.05    0.10    0.72 ^ clkbuf_1_1__f_clk/X (sky130_fd_sc_hd__clkbuf_16)
                                         clknet_1_1__leaf_clk (net)
                  0.05    0.00    0.72 ^ _246_/CLK (sky130_fd_sc_hd__dfrtp_1)
     3    0.01    0.05    0.25    0.97 v _246_/Q (sky130_fd_sc_hd__dfrtp_1)
                                         seq_timer[6] (net)
                  0.05    0.00    0.97 v _121_/A (sky130_fd_sc_hd__nor2_1)
     2    0.01    0.10    0.11    1.07 ^ _121_/Y (sky130_fd_sc_hd__nor2_1)
                                         _061_ (net)
                  0.10    0.00    1.07 ^ _134_/B (sky130_fd_sc_hd__nand3_1)
     2    0.01    0.05    0.06    1.14 v _134_/Y (sky130_fd_sc_hd__nand3_1)
                                         _074_ (net)
                  0.05    0.00    1.14 v _135_/C (sky130_fd_sc_hd__or3_1)
     1    0.01    0.05    0.19    1.33 v _135_/X (sky130_fd_sc_hd__or3_1)
                                         _075_ (net)
                  0.05    0.00    1.33 v _136_/A (sky130_fd_sc_hd__inv_2)
     3    0.01    0.04    0.06    1.38 ^ _136_/Y (sky130_fd_sc_hd__inv_2)
                                         _076_ (net)
                  0.04    0.00    1.38 ^ _197_/A2 (sky130_fd_sc_hd__o21ai_1)
     1    0.00    0.03    0.04    1.42 v _197_/Y (sky130_fd_sc_hd__o21ai_1)
                                         _116_ (net)
                  0.03    0.00    1.42 v _250_/D (sky130_fd_sc_hd__dfrtp_1)
                                  1.42   data arrival time

                         10.00   10.00   clock clk (rise edge)
                          0.50   10.50   clock source latency
     1    0.02    0.04    0.03   10.53 ^ clk (in)
                                         clk (net)
                  0.04    0.00   10.53 ^ clkbuf_0_clk/A (sky130_fd_sc_hd__clkbuf_16)
     2    0.02    0.03    0.09   10.62 ^ clkbuf_0_clk/X (sky130_fd_sc_hd__clkbuf_16)
                                         clknet_0_clk (net)
                  0.03    0.00   10.62 ^ clkbuf_1_0__f_clk/A (sky130_fd_sc_hd__clkbuf_16)
    16    0.05    0.05    0.10   10.72 ^ clkbuf_1_0__f_clk/X (sky130_fd_sc_hd__clkbuf_16)
                                         clknet_1_0__leaf_clk (net)
                  0.05    0.00   10.72 ^ _250_/CLK (sky130_fd_sc_hd__dfrtp_1)
                         -0.30   10.42   clock uncertainty
                          0.00   10.42   clock reconvergence pessimism
                         -0.07   10.35   library setup time
                                 10.35   data required time
-----------------------------------------------------------------------------
                                 10.35   data required time
                                 -1.42   data arrival time
-----------------------------------------------------------------------------
                                  8.93   slack (MET)


Startpoint: _257_ (rising edge-triggered flip-flop clocked by clk)
Endpoint: _256_ (rising edge-triggered flip-flop clocked by clk)
Path Group: clk
Path Type: max
Corner: Fastest

Fanout     Cap    Slew   Delay    Time   Description
-----------------------------------------------------------------------------
                          0.00    0.00   clock clk (rise edge)
                          0.50    0.50   clock source latency
     1    0.02    0.04    0.03    0.53 ^ clk (in)
                                         clk (net)
                  0.04    0.00    0.53 ^ clkbuf_0_clk/A (sky130_fd_sc_hd__clkbuf_16)
     2    0.02    0.03    0.09    0.62 ^ clkbuf_0_clk/X (sky130_fd_sc_hd__clkbuf_16)
                                         clknet_0_clk (net)
                  0.03    0.00    0.62 ^ clkbuf_1_0__f_clk/A (sky130_fd_sc_hd__clkbuf_16)
    16    0.05    0.05    0.10    0.72 ^ clkbuf_1_0__f_clk/X (sky130_fd_sc_hd__clkbuf_16)
                                         clknet_1_0__leaf_clk (net)
                  0.05    0.00    0.72 ^ _257_/CLK (sky130_fd_sc_hd__dfrtp_1)
     3    0.01    0.05    0.25    0.97 v _257_/Q (sky130_fd_sc_hd__dfrtp_1)
                                         curr_state[1] (net)
                  0.05    0.00    0.97 v _126_/A (sky130_fd_sc_hd__clkbuf_2)
     8    0.03    0.08    0.13    1.10 v _126_/X (sky130_fd_sc_hd__clkbuf_2)
                                         _066_ (net)
                  0.08    0.00    1.10 v _146_/B (sky130_fd_sc_hd__nor2_1)
     2    0.01    0.09    0.10    1.20 ^ _146_/Y (sky130_fd_sc_hd__nor2_1)
                                         _084_ (net)
                  0.09    0.00    1.20 ^ _148_/B (sky130_fd_sc_hd__nand3_1)
     1    0.00    0.04    0.05    1.25 v _148_/Y (sky130_fd_sc_hd__nand3_1)
                                         _086_ (net)
                  0.04    0.00    1.25 v _149_/B (sky130_fd_sc_hd__nand2_1)
     1    0.00    0.04    0.05    1.30 ^ _149_/Y (sky130_fd_sc_hd__nand2_1)
                                         _087_ (net)
                  0.04    0.00    1.30 ^ _151_/A (sky130_fd_sc_hd__nand2_1)
     1    0.00    0.02    0.03    1.33 v _151_/Y (sky130_fd_sc_hd__nand2_1)
                                         _089_ (net)
                  0.02    0.00    1.33 v _154_/A (sky130_fd_sc_hd__nand2_1)
     2    0.01    0.05    0.05    1.38 ^ _154_/Y (sky130_fd_sc_hd__nand2_1)
                                         _092_ (net)
                  0.05    0.00    1.38 ^ _156_/A (sky130_fd_sc_hd__nand2_1)
     2    0.01    0.04    0.05    1.42 v _156_/Y (sky130_fd_sc_hd__nand2_1)
                                         _094_ (net)
                  0.04    0.00    1.42 v _157_/A (sky130_fd_sc_hd__inv_2)
     1    0.00    0.02    0.03    1.45 ^ _157_/Y (sky130_fd_sc_hd__inv_2)
                                         next_state[0] (net)
                  0.02    0.00    1.45 ^ _256_/D (sky130_fd_sc_hd__dfrtp_4)
                                  1.45   data arrival time

                         10.00   10.00   clock clk (rise edge)
                          0.50   10.50   clock source latency
     1    0.02    0.04    0.03   10.53 ^ clk (in)
                                         clk (net)
                  0.04    0.00   10.53 ^ clkbuf_0_clk/A (sky130_fd_sc_hd__clkbuf_16)
     2    0.02    0.03    0.09   10.62 ^ clkbuf_0_clk/X (sky130_fd_sc_hd__clkbuf_16)
                                         clknet_0_clk (net)
                  0.03    0.00   10.62 ^ clkbuf_1_0__f_clk/A (sky130_fd_sc_hd__clkbuf_16)
    16    0.05    0.05    0.10   10.72 ^ clkbuf_1_0__f_clk/X (sky130_fd_sc_hd__clkbuf_16)
                                         clknet_1_0__leaf_clk (net)
                  0.05    0.00   10.72 ^ _256_/CLK (sky130_fd_sc_hd__dfrtp_4)
                         -0.30   10.42   clock uncertainty
                          0.00   10.42   clock reconvergence pessimism
                         -0.04   10.38   library setup time
                                 10.38   data required time
-----------------------------------------------------------------------------
                                 10.38   data required time
                                 -1.45   data arrival time
-----------------------------------------------------------------------------
                                  8.93   slack (MET)


Startpoint: _246_ (rising edge-triggered flip-flop clocked by clk)
Endpoint: _253_ (rising edge-triggered flip-flop clocked by clk)
Path Group: clk
Path Type: max
Corner: Fastest

Fanout     Cap    Slew   Delay    Time   Description
-----------------------------------------------------------------------------
                          0.00    0.00   clock clk (rise edge)
                          0.50    0.50   clock source latency
     1    0.02    0.04    0.03    0.53 ^ clk (in)
                                         clk (net)
                  0.04    0.00    0.53 ^ clkbuf_0_clk/A (sky130_fd_sc_hd__clkbuf_16)
     2    0.02    0.03    0.09    0.62 ^ clkbuf_0_clk/X (sky130_fd_sc_hd__clkbuf_16)
                                         clknet_0_clk (net)
                  0.03    0.00    0.62 ^ clkbuf_1_1__f_clk/A (sky130_fd_sc_hd__clkbuf_16)
    13    0.05    0.05    0.10    0.72 ^ clkbuf_1_1__f_clk/X (sky130_fd_sc_hd__clkbuf_16)
                                         clknet_1_1__leaf_clk (net)
                  0.05    0.00    0.72 ^ _246_/CLK (sky130_fd_sc_hd__dfrtp_1)
     3    0.01    0.05    0.25    0.97 v _246_/Q (sky130_fd_sc_hd__dfrtp_1)
                                         seq_timer[6] (net)
                  0.05    0.00    0.97 v _121_/A (sky130_fd_sc_hd__nor2_1)
     2    0.01    0.10    0.11    1.07 ^ _121_/Y (sky130_fd_sc_hd__nor2_1)
                                         _061_ (net)
                  0.10    0.00    1.07 ^ _134_/B (sky130_fd_sc_hd__nand3_1)
     2    0.01    0.05    0.06    1.14 v _134_/Y (sky130_fd_sc_hd__nand3_1)
                                         _074_ (net)
                  0.05    0.00    1.14 v _135_/C (sky130_fd_sc_hd__or3_1)
     1    0.01    0.05    0.19    1.33 v _135_/X (sky130_fd_sc_hd__or3_1)
                                         _075_ (net)
                  0.05    0.00    1.33 v _136_/A (sky130_fd_sc_hd__inv_2)
     3    0.01    0.04    0.06    1.38 ^ _136_/Y (sky130_fd_sc_hd__inv_2)
                                         _076_ (net)
                  0.04    0.00    1.38 ^ _196_/A1 (sky130_fd_sc_hd__a21o_1)
     1    0.00    0.02    0.06    1.45 ^ _196_/X (sky130_fd_sc_hd__a21o_1)
                                         _115_ (net)
                  0.02    0.00    1.45 ^ _253_/D (sky130_fd_sc_hd__dfrtp_1)
                                  1.45   data arrival time

                         10.00   10.00   clock clk (rise edge)
                          0.50   10.50   clock source latency
     1    0.02    0.04    0.03   10.53 ^ clk (in)
                                         clk (net)
                  0.04    0.00   10.53 ^ clkbuf_0_clk/A (sky130_fd_sc_hd__clkbuf_16)
     2    0.02    0.03    0.09   10.62 ^ clkbuf_0_clk/X (sky130_fd_sc_hd__clkbuf_16)
                                         clknet_0_clk (net)
                  0.03    0.00   10.62 ^ clkbuf_1_1__f_clk/A (sky130_fd_sc_hd__clkbuf_16)
    13    0.05    0.05    0.10   10.72 ^ clkbuf_1_1__f_clk/X (sky130_fd_sc_hd__clkbuf_16)
                                         clknet_1_1__leaf_clk (net)
                  0.05    0.00   10.72 ^ _253_/CLK (sky130_fd_sc_hd__dfrtp_1)
                         -0.30   10.42   clock uncertainty
                          0.00   10.42   clock reconvergence pessimism
                         -0.03   10.39   library setup time
                                 10.39   data required time
-----------------------------------------------------------------------------
                                 10.39   data required time
                                 -1.45   data arrival time
-----------------------------------------------------------------------------
                                  8.94   slack (MET)


Startpoint: _246_ (rising edge-triggered flip-flop clocked by clk)
Endpoint: _252_ (rising edge-triggered flip-flop clocked by clk)
Path Group: clk
Path Type: max
Corner: Fastest

Fanout     Cap    Slew   Delay    Time   Description
-----------------------------------------------------------------------------
                          0.00    0.00   clock clk (rise edge)
                          0.50    0.50   clock source latency
     1    0.02    0.04    0.03    0.53 ^ clk (in)
                                         clk (net)
                  0.04    0.00    0.53 ^ clkbuf_0_clk/A (sky130_fd_sc_hd__clkbuf_16)
     2    0.02    0.03    0.09    0.62 ^ clkbuf_0_clk/X (sky130_fd_sc_hd__clkbuf_16)
                                         clknet_0_clk (net)
                  0.03    0.00    0.62 ^ clkbuf_1_1__f_clk/A (sky130_fd_sc_hd__clkbuf_16)
    13    0.05    0.05    0.10    0.72 ^ clkbuf_1_1__f_clk/X (sky130_fd_sc_hd__clkbuf_16)
                                         clknet_1_1__leaf_clk (net)
                  0.05    0.00    0.72 ^ _246_/CLK (sky130_fd_sc_hd__dfrtp_1)
     3    0.01    0.05    0.25    0.97 v _246_/Q (sky130_fd_sc_hd__dfrtp_1)
                                         seq_timer[6] (net)
                  0.05    0.00    0.97 v _121_/A (sky130_fd_sc_hd__nor2_1)
     2    0.01    0.10    0.11    1.07 ^ _121_/Y (sky130_fd_sc_hd__nor2_1)
                                         _061_ (net)
                  0.10    0.00    1.07 ^ _134_/B (sky130_fd_sc_hd__nand3_1)
     2    0.01    0.05    0.06    1.14 v _134_/Y (sky130_fd_sc_hd__nand3_1)
                                         _074_ (net)
                  0.05    0.00    1.14 v _135_/C (sky130_fd_sc_hd__or3_1)
     1    0.01    0.05    0.19    1.33 v _135_/X (sky130_fd_sc_hd__or3_1)
                                         _075_ (net)
                  0.05    0.00    1.33 v _136_/A (sky130_fd_sc_hd__inv_2)
     3    0.01    0.04    0.06    1.38 ^ _136_/Y (sky130_fd_sc_hd__inv_2)
                                         _076_ (net)
                  0.04    0.00    1.38 ^ _137_/B (sky130_fd_sc_hd__nor2_1)
     1    0.00    0.02    0.02    1.41 v _137_/Y (sky130_fd_sc_hd__nor2_1)
                                         _114_ (net)
                  0.02    0.00    1.41 v _252_/D (sky130_fd_sc_hd__dfrtp_1)
                                  1.41   data arrival time

                         10.00   10.00   clock clk (rise edge)
                          0.50   10.50   clock source latency
     1    0.02    0.04    0.03   10.53 ^ clk (in)
                                         clk (net)
                  0.04    0.00   10.53 ^ clkbuf_0_clk/A (sky130_fd_sc_hd__clkbuf_16)
     2    0.02    0.03    0.09   10.62 ^ clkbuf_0_clk/X (sky130_fd_sc_hd__clkbuf_16)
                                         clknet_0_clk (net)
                  0.03    0.00   10.62 ^ clkbuf_1_0__f_clk/A (sky130_fd_sc_hd__clkbuf_16)
    16    0.05    0.05    0.10   10.72 ^ clkbuf_1_0__f_clk/X (sky130_fd_sc_hd__clkbuf_16)
                                         clknet_1_0__leaf_clk (net)
                  0.05    0.00   10.72 ^ _252_/CLK (sky130_fd_sc_hd__dfrtp_1)
                         -0.30   10.42   clock uncertainty
                          0.00   10.42   clock reconvergence pessimism
                         -0.07   10.35   library setup time
                                 10.35   data required time
-----------------------------------------------------------------------------
                                 10.35   data required time
                                 -1.41   data arrival time
-----------------------------------------------------------------------------
                                  8.94   slack (MET)


Startpoint: _246_ (rising edge-triggered flip-flop clocked by clk)
Endpoint: _251_ (rising edge-triggered flip-flop clocked by clk)
Path Group: clk
Path Type: max
Corner: Fastest

Fanout     Cap    Slew   Delay    Time   Description
-----------------------------------------------------------------------------
                          0.00    0.00   clock clk (rise edge)
                          0.50    0.50   clock source latency
     1    0.02    0.04    0.03    0.53 ^ clk (in)
                                         clk (net)
                  0.04    0.00    0.53 ^ clkbuf_0_clk/A (sky130_fd_sc_hd__clkbuf_16)
     2    0.02    0.03    0.09    0.62 ^ clkbuf_0_clk/X (sky130_fd_sc_hd__clkbuf_16)
                                         clknet_0_clk (net)
                  0.03    0.00    0.62 ^ clkbuf_1_1__f_clk/A (sky130_fd_sc_hd__clkbuf_16)
    13    0.05    0.05    0.10    0.72 ^ clkbuf_1_1__f_clk/X (sky130_fd_sc_hd__clkbuf_16)
                                         clknet_1_1__leaf_clk (net)
                  0.05    0.00    0.72 ^ _246_/CLK (sky130_fd_sc_hd__dfrtp_1)
     3    0.01    0.05    0.25    0.97 v _246_/Q (sky130_fd_sc_hd__dfrtp_1)
                                         seq_timer[6] (net)
                  0.05    0.00    0.97 v _121_/A (sky130_fd_sc_hd__nor2_1)
     2    0.01    0.10    0.11    1.07 ^ _121_/Y (sky130_fd_sc_hd__nor2_1)
                                         _061_ (net)
                  0.10    0.00    1.07 ^ _122_/B (sky130_fd_sc_hd__nand2_1)
     3    0.01    0.06    0.06    1.14 v _122_/Y (sky130_fd_sc_hd__nand2_1)
                                         _062_ (net)
                  0.06    0.00    1.14 v _123_/B (sky130_fd_sc_hd__nor2_1)
     3    0.01    0.16    0.14    1.28 ^ _123_/Y (sky130_fd_sc_hd__nor2_1)
                                         _063_ (net)
                  0.16    0.00    1.28 ^ _198_/C1 (sky130_fd_sc_hd__o211a_1)
     1    0.00    0.04    0.09    1.37 ^ _198_/X (sky130_fd_sc_hd__o211a_1)
                                         _003_ (net)
                  0.04    0.00    1.37 ^ _251_/D (sky130_fd_sc_hd__dfrtp_1)
                                  1.37   data arrival time

                         10.00   10.00   clock clk (rise edge)
                          0.50   10.50   clock source latency
     1    0.02    0.04    0.03   10.53 ^ clk (in)
                                         clk (net)
                  0.04    0.00   10.53 ^ clkbuf_0_clk/A (sky130_fd_sc_hd__clkbuf_16)
     2    0.02    0.03    0.09   10.62 ^ clkbuf_0_clk/X (sky130_fd_sc_hd__clkbuf_16)
                                         clknet_0_clk (net)
                  0.03    0.00   10.62 ^ clkbuf_1_0__f_clk/A (sky130_fd_sc_hd__clkbuf_16)
    16    0.05    0.05    0.10   10.72 ^ clkbuf_1_0__f_clk/X (sky130_fd_sc_hd__clkbuf_16)
                                         clknet_1_0__leaf_clk (net)
                  0.05    0.00   10.72 ^ _251_/CLK (sky130_fd_sc_hd__dfrtp_1)
                         -0.30   10.42   clock uncertainty
                          0.00   10.42   clock reconvergence pessimism
                         -0.03   10.39   library setup time
                                 10.39   data required time
-----------------------------------------------------------------------------
                                 10.39   data required time
                                 -1.37   data arrival time
-----------------------------------------------------------------------------
                                  9.02   slack (MET)


Startpoint: _257_ (rising edge-triggered flip-flop clocked by clk)
Endpoint: _239_ (rising edge-triggered flip-flop clocked by clk)
Path Group: clk
Path Type: max
Corner: Fastest

Fanout     Cap    Slew   Delay    Time   Description
-----------------------------------------------------------------------------
                          0.00    0.00   clock clk (rise edge)
                          0.50    0.50   clock source latency
     1    0.02    0.04    0.03    0.53 ^ clk (in)
                                         clk (net)
                  0.04    0.00    0.53 ^ clkbuf_0_clk/A (sky130_fd_sc_hd__clkbuf_16)
     2    0.02    0.03    0.09    0.62 ^ clkbuf_0_clk/X (sky130_fd_sc_hd__clkbuf_16)
                                         clknet_0_clk (net)
                  0.03    0.00    0.62 ^ clkbuf_1_0__f_clk/A (sky130_fd_sc_hd__clkbuf_16)
    16    0.05    0.05    0.10    0.72 ^ clkbuf_1_0__f_clk/X (sky130_fd_sc_hd__clkbuf_16)
                                         clknet_1_0__leaf_clk (net)
                  0.05    0.00    0.72 ^ _257_/CLK (sky130_fd_sc_hd__dfrtp_1)
     3    0.01    0.08    0.24    0.96 ^ _257_/Q (sky130_fd_sc_hd__dfrtp_1)
                                         curr_state[1] (net)
                  0.08    0.00    0.96 ^ _126_/A (sky130_fd_sc_hd__clkbuf_2)
     8    0.03    0.13    0.15    1.11 ^ _126_/X (sky130_fd_sc_hd__clkbuf_2)
                                         _066_ (net)
                  0.13    0.00    1.11 ^ _180_/B (sky130_fd_sc_hd__nand2_1)
     2    0.01    0.06    0.07    1.18 v _180_/Y (sky130_fd_sc_hd__nand2_1)
                                         _016_ (net)
                  0.06    0.00    1.18 v _189_/B (sky130_fd_sc_hd__nor2_1)
     2    0.01    0.14    0.13    1.31 ^ _189_/Y (sky130_fd_sc_hd__nor2_1)
                                         _022_ (net)
                  0.14    0.00    1.31 ^ _190_/A (sky130_fd_sc_hd__inv_2)
     1    0.00    0.03    0.01    1.32 v _190_/Y (sky130_fd_sc_hd__inv_2)
                                         _001_ (net)
                  0.03    0.00    1.32 v _239_/D (sky130_fd_sc_hd__dfstp_1)
                                  1.32   data arrival time

                         10.00   10.00   clock clk (rise edge)
                          0.50   10.50   clock source latency
     1    0.02    0.04    0.03   10.53 ^ clk (in)
                                         clk (net)
                  0.04    0.00   10.53 ^ clkbuf_0_clk/A (sky130_fd_sc_hd__clkbuf_16)
     2    0.02    0.03    0.09   10.62 ^ clkbuf_0_clk/X (sky130_fd_sc_hd__clkbuf_16)
                                         clknet_0_clk (net)
                  0.03    0.00   10.62 ^ clkbuf_1_1__f_clk/A (sky130_fd_sc_hd__clkbuf_16)
    13    0.05    0.05    0.10   10.72 ^ clkbuf_1_1__f_clk/X (sky130_fd_sc_hd__clkbuf_16)
                                         clknet_1_1__leaf_clk (net)
                  0.05    0.00   10.72 ^ _239_/CLK (sky130_fd_sc_hd__dfstp_1)
                         -0.30   10.42   clock uncertainty
                          0.00   10.42   clock reconvergence pessimism
                         -0.04   10.38   library setup time
                                 10.38   data required time
-----------------------------------------------------------------------------
                                 10.38   data required time
                                 -1.32   data arrival time
-----------------------------------------------------------------------------
                                  9.05   slack (MET)


Startpoint: _257_ (rising edge-triggered flip-flop clocked by clk)
Endpoint: _254_ (rising edge-triggered flip-flop clocked by clk)
Path Group: clk
Path Type: max
Corner: Fastest

Fanout     Cap    Slew   Delay    Time   Description
-----------------------------------------------------------------------------
                          0.00    0.00   clock clk (rise edge)
                          0.50    0.50   clock source latency
     1    0.02    0.04    0.03    0.53 ^ clk (in)
                                         clk (net)
                  0.04    0.00    0.53 ^ clkbuf_0_clk/A (sky130_fd_sc_hd__clkbuf_16)
     2    0.02    0.03    0.09    0.62 ^ clkbuf_0_clk/X (sky130_fd_sc_hd__clkbuf_16)
                                         clknet_0_clk (net)
                  0.03    0.00    0.62 ^ clkbuf_1_0__f_clk/A (sky130_fd_sc_hd__clkbuf_16)
    16    0.05    0.05    0.10    0.72 ^ clkbuf_1_0__f_clk/X (sky130_fd_sc_hd__clkbuf_16)
                                         clknet_1_0__leaf_clk (net)
                  0.05    0.00    0.72 ^ _257_/CLK (sky130_fd_sc_hd__dfrtp_1)
     3    0.01    0.05    0.25    0.97 v _257_/Q (sky130_fd_sc_hd__dfrtp_1)
                                         curr_state[1] (net)
                  0.05    0.00    0.97 v _126_/A (sky130_fd_sc_hd__clkbuf_2)
     8    0.03    0.08    0.13    1.10 v _126_/X (sky130_fd_sc_hd__clkbuf_2)
                                         _066_ (net)
                  0.08    0.00    1.10 v _191_/A2 (sky130_fd_sc_hd__a21oi_1)
     1    0.01    0.17    0.18    1.28 ^ _191_/Y (sky130_fd_sc_hd__a21oi_1)
                                         _112_ (net)
                  0.17    0.00    1.28 ^ _254_/D (sky130_fd_sc_hd__dfrtp_1)
                                  1.28   data arrival time

                         10.00   10.00   clock clk (rise edge)
                          0.50   10.50   clock source latency
     1    0.02    0.04    0.03   10.53 ^ clk (in)
                                         clk (net)
                  0.04    0.00   10.53 ^ clkbuf_0_clk/A (sky130_fd_sc_hd__clkbuf_16)
     2    0.02    0.03    0.09   10.62 ^ clkbuf_0_clk/X (sky130_fd_sc_hd__clkbuf_16)
                                         clknet_0_clk (net)
                  0.03    0.00   10.62 ^ clkbuf_1_1__f_clk/A (sky130_fd_sc_hd__clkbuf_16)
    13    0.05    0.05    0.10   10.72 ^ clkbuf_1_1__f_clk/X (sky130_fd_sc_hd__clkbuf_16)
                                         clknet_1_1__leaf_clk (net)
                  0.05    0.00   10.72 ^ _254_/CLK (sky130_fd_sc_hd__dfrtp_1)
                         -0.30   10.42   clock uncertainty
                          0.00   10.42   clock reconvergence pessimism
                         -0.05   10.37   library setup time
                                 10.37   data required time
-----------------------------------------------------------------------------
                                 10.37   data required time
                                 -1.28   data arrival time
-----------------------------------------------------------------------------
                                  9.09   slack (MET)


Startpoint: _257_ (rising edge-triggered flip-flop clocked by clk)
Endpoint: _248_ (rising edge-triggered flip-flop clocked by clk)
Path Group: clk
Path Type: max
Corner: Fastest

Fanout     Cap    Slew   Delay    Time   Description
-----------------------------------------------------------------------------
                          0.00    0.00   clock clk (rise edge)
                          0.50    0.50   clock source latency
     1    0.02    0.04    0.03    0.53 ^ clk (in)
                                         clk (net)
                  0.04    0.00    0.53 ^ clkbuf_0_clk/A (sky130_fd_sc_hd__clkbuf_16)
     2    0.02    0.03    0.09    0.62 ^ clkbuf_0_clk/X (sky130_fd_sc_hd__clkbuf_16)
                                         clknet_0_clk (net)
                  0.03    0.00    0.62 ^ clkbuf_1_0__f_clk/A (sky130_fd_sc_hd__clkbuf_16)
    16    0.05    0.05    0.10    0.72 ^ clkbuf_1_0__f_clk/X (sky130_fd_sc_hd__clkbuf_16)
                                         clknet_1_0__leaf_clk (net)
                  0.05    0.00    0.72 ^ _257_/CLK (sky130_fd_sc_hd__dfrtp_1)
     3    0.01    0.05    0.25    0.97 v _257_/Q (sky130_fd_sc_hd__dfrtp_1)
                                         curr_state[1] (net)
                  0.05    0.00    0.97 v _126_/A (sky130_fd_sc_hd__clkbuf_2)
     8    0.03    0.08    0.13    1.10 v _126_/X (sky130_fd_sc_hd__clkbuf_2)
                                         _066_ (net)
                  0.08    0.00    1.10 v _188_/A2 (sky130_fd_sc_hd__o21a_1)
     1    0.00    0.03    0.12    1.22 v _188_/X (sky130_fd_sc_hd__o21a_1)
                                         _000_ (net)
                  0.03    0.00    1.22 v _248_/D (sky130_fd_sc_hd__dfrtp_1)
                                  1.22   data arrival time

                         10.00   10.00   clock clk (rise edge)
                          0.50   10.50   clock source latency
     1    0.02    0.04    0.03   10.53 ^ clk (in)
                                         clk (net)
                  0.04    0.00   10.53 ^ clkbuf_0_clk/A (sky130_fd_sc_hd__clkbuf_16)
     2    0.02    0.03    0.09   10.62 ^ clkbuf_0_clk/X (sky130_fd_sc_hd__clkbuf_16)
                                         clknet_0_clk (net)
                  0.03    0.00   10.62 ^ clkbuf_1_0__f_clk/A (sky130_fd_sc_hd__clkbuf_16)
    16    0.05    0.05    0.10   10.72 ^ clkbuf_1_0__f_clk/X (sky130_fd_sc_hd__clkbuf_16)
                                         clknet_1_0__leaf_clk (net)
                  0.05    0.00   10.72 ^ _248_/CLK (sky130_fd_sc_hd__dfrtp_1)
                         -0.30   10.42   clock uncertainty
                          0.00   10.42   clock reconvergence pessimism
                         -0.07   10.35   library setup time
                                 10.35   data required time
-----------------------------------------------------------------------------
                                 10.35   data required time
                                 -1.22   data arrival time
-----------------------------------------------------------------------------
                                  9.13   slack (MET)


Startpoint: _258_ (rising edge-triggered flip-flop clocked by clk)
Endpoint: _249_ (rising edge-triggered flip-flop clocked by clk)
Path Group: clk
Path Type: max
Corner: Fastest

Fanout     Cap    Slew   Delay    Time   Description
-----------------------------------------------------------------------------
                          0.00    0.00   clock clk (rise edge)
                          0.50    0.50   clock source latency
     1    0.02    0.04    0.03    0.53 ^ clk (in)
                                         clk (net)
                  0.04    0.00    0.53 ^ clkbuf_0_clk/A (sky130_fd_sc_hd__clkbuf_16)
     2    0.02    0.03    0.09    0.62 ^ clkbuf_0_clk/X (sky130_fd_sc_hd__clkbuf_16)
                                         clknet_0_clk (net)
                  0.03    0.00    0.62 ^ clkbuf_1_0__f_clk/A (sky130_fd_sc_hd__clkbuf_16)
    16    0.05    0.05    0.10    0.72 ^ clkbuf_1_0__f_clk/X (sky130_fd_sc_hd__clkbuf_16)
                                         clknet_1_0__leaf_clk (net)
                  0.05    0.00    0.72 ^ _258_/CLK (sky130_fd_sc_hd__dfrtp_4)
     8    0.04    0.08    0.34    1.06 v _258_/Q (sky130_fd_sc_hd__dfrtp_4)
                                         curr_state[2] (net)
                  0.08    0.00    1.06 v _183_/A (sky130_fd_sc_hd__nor2_1)
     2    0.01    0.13    0.13    1.19 ^ _183_/Y (sky130_fd_sc_hd__nor2_1)
                                         _002_ (net)
                  0.13    0.00    1.19 ^ _249_/D (sky130_fd_sc_hd__dfrtp_1)
                                  1.19   data arrival time

                         10.00   10.00   clock clk (rise edge)
                          0.50   10.50   clock source latency
     1    0.02    0.04    0.03   10.53 ^ clk (in)
                                         clk (net)
                  0.04    0.00   10.53 ^ clkbuf_0_clk/A (sky130_fd_sc_hd__clkbuf_16)
     2    0.02    0.03    0.09   10.62 ^ clkbuf_0_clk/X (sky130_fd_sc_hd__clkbuf_16)
                                         clknet_0_clk (net)
                  0.03    0.00   10.62 ^ clkbuf_1_0__f_clk/A (sky130_fd_sc_hd__clkbuf_16)
    16    0.05    0.05    0.10   10.72 ^ clkbuf_1_0__f_clk/X (sky130_fd_sc_hd__clkbuf_16)
                                         clknet_1_0__leaf_clk (net)
                  0.05    0.00   10.72 ^ _249_/CLK (sky130_fd_sc_hd__dfrtp_1)
                         -0.30   10.42   clock uncertainty
                          0.00   10.42   clock reconvergence pessimism
                         -0.04   10.38   library setup time
                                 10.38   data required time
-----------------------------------------------------------------------------
                                 10.38   data required time
                                 -1.19   data arrival time
-----------------------------------------------------------------------------
                                  9.18   slack (MET)


Startpoint: _259_ (rising edge-triggered flip-flop clocked by clk)
Endpoint: _263_ (rising edge-triggered flip-flop clocked by clk)
Path Group: clk
Path Type: max
Corner: Fastest

Fanout     Cap    Slew   Delay    Time   Description
-----------------------------------------------------------------------------
                          0.00    0.00   clock clk (rise edge)
                          0.50    0.50   clock source latency
     1    0.02    0.04    0.03    0.53 ^ clk (in)
                                         clk (net)
                  0.04    0.00    0.53 ^ clkbuf_0_clk/A (sky130_fd_sc_hd__clkbuf_16)
     2    0.02    0.03    0.09    0.62 ^ clkbuf_0_clk/X (sky130_fd_sc_hd__clkbuf_16)
                                         clknet_0_clk (net)
                  0.03    0.00    0.62 ^ clkbuf_1_0__f_clk/A (sky130_fd_sc_hd__clkbuf_16)
    16    0.05    0.05    0.10    0.72 ^ clkbuf_1_0__f_clk/X (sky130_fd_sc_hd__clkbuf_16)
                                         clknet_1_0__leaf_clk (net)
                  0.05    0.00    0.72 ^ _259_/CLK (sky130_fd_sc_hd__dfrtp_1)
     1    0.00    0.03    0.23    0.95 v _259_/Q (sky130_fd_sc_hd__dfrtp_1)
                                         sync_stage1[0] (net)
                  0.03    0.00    0.95 v _263_/D (sky130_fd_sc_hd__dfrtp_1)
                                  0.95   data arrival time

                         10.00   10.00   clock clk (rise edge)
                          0.50   10.50   clock source latency
     1    0.02    0.04    0.03   10.53 ^ clk (in)
                                         clk (net)
                  0.04    0.00   10.53 ^ clkbuf_0_clk/A (sky130_fd_sc_hd__clkbuf_16)
     2    0.02    0.03    0.09   10.62 ^ clkbuf_0_clk/X (sky130_fd_sc_hd__clkbuf_16)
                                         clknet_0_clk (net)
                  0.03    0.00   10.62 ^ clkbuf_1_0__f_clk/A (sky130_fd_sc_hd__clkbuf_16)
    16    0.05    0.05    0.10   10.72 ^ clkbuf_1_0__f_clk/X (sky130_fd_sc_hd__clkbuf_16)
                                         clknet_1_0__leaf_clk (net)
                  0.05    0.00   10.72 ^ _263_/CLK (sky130_fd_sc_hd__dfrtp_1)
                         -0.30   10.42   clock uncertainty
                          0.00   10.42   clock reconvergence pessimism
                         -0.07   10.35   library setup time
                                 10.35   data required time
-----------------------------------------------------------------------------
                                 10.35   data required time
                                 -0.95   data arrival time
-----------------------------------------------------------------------------
                                  9.40   slack (MET)


Startpoint: _260_ (rising edge-triggered flip-flop clocked by clk)
Endpoint: _264_ (rising edge-triggered flip-flop clocked by clk)
Path Group: clk
Path Type: max
Corner: Fastest

Fanout     Cap    Slew   Delay    Time   Description
-----------------------------------------------------------------------------
                          0.00    0.00   clock clk (rise edge)
                          0.50    0.50   clock source latency
     1    0.02    0.04    0.03    0.53 ^ clk (in)
                                         clk (net)
                  0.04    0.00    0.53 ^ clkbuf_0_clk/A (sky130_fd_sc_hd__clkbuf_16)
     2    0.02    0.03    0.09    0.62 ^ clkbuf_0_clk/X (sky130_fd_sc_hd__clkbuf_16)
                                         clknet_0_clk (net)
                  0.03    0.00    0.62 ^ clkbuf_1_0__f_clk/A (sky130_fd_sc_hd__clkbuf_16)
    16    0.05    0.05    0.10    0.72 ^ clkbuf_1_0__f_clk/X (sky130_fd_sc_hd__clkbuf_16)
                                         clknet_1_0__leaf_clk (net)
                  0.05    0.00    0.72 ^ _260_/CLK (sky130_fd_sc_hd__dfrtp_1)
     1    0.00    0.03    0.23    0.94 v _260_/Q (sky130_fd_sc_hd__dfrtp_1)
                                         sync_stage1[1] (net)
                  0.03    0.00    0.94 v _264_/D (sky130_fd_sc_hd__dfrtp_1)
                                  0.94   data arrival time

                         10.00   10.00   clock clk (rise edge)
                          0.50   10.50   clock source latency
     1    0.02    0.04    0.03   10.53 ^ clk (in)
                                         clk (net)
                  0.04    0.00   10.53 ^ clkbuf_0_clk/A (sky130_fd_sc_hd__clkbuf_16)
     2    0.02    0.03    0.09   10.62 ^ clkbuf_0_clk/X (sky130_fd_sc_hd__clkbuf_16)
                                         clknet_0_clk (net)
                  0.03    0.00   10.62 ^ clkbuf_1_0__f_clk/A (sky130_fd_sc_hd__clkbuf_16)
    16    0.05    0.05    0.10   10.72 ^ clkbuf_1_0__f_clk/X (sky130_fd_sc_hd__clkbuf_16)
                                         clknet_1_0__leaf_clk (net)
                  0.05    0.00   10.72 ^ _264_/CLK (sky130_fd_sc_hd__dfrtp_1)
                         -0.30   10.42   clock uncertainty
                          0.00   10.42   clock reconvergence pessimism
                         -0.07   10.35   library setup time
                                 10.35   data required time
-----------------------------------------------------------------------------
                                 10.35   data required time
                                 -0.94   data arrival time
-----------------------------------------------------------------------------
                                  9.40   slack (MET)


Startpoint: _261_ (rising edge-triggered flip-flop clocked by clk)
Endpoint: _265_ (rising edge-triggered flip-flop clocked by clk)
Path Group: clk
Path Type: max
Corner: Fastest

Fanout     Cap    Slew   Delay    Time   Description
-----------------------------------------------------------------------------
                          0.00    0.00   clock clk (rise edge)
                          0.50    0.50   clock source latency
     1    0.02    0.04    0.03    0.53 ^ clk (in)
                                         clk (net)
                  0.04    0.00    0.53 ^ clkbuf_0_clk/A (sky130_fd_sc_hd__clkbuf_16)
     2    0.02    0.03    0.09    0.62 ^ clkbuf_0_clk/X (sky130_fd_sc_hd__clkbuf_16)
                                         clknet_0_clk (net)
                  0.03    0.00    0.62 ^ clkbuf_1_0__f_clk/A (sky130_fd_sc_hd__clkbuf_16)
    16    0.05    0.05    0.10    0.72 ^ clkbuf_1_0__f_clk/X (sky130_fd_sc_hd__clkbuf_16)
                                         clknet_1_0__leaf_clk (net)
                  0.05    0.00    0.72 ^ _261_/CLK (sky130_fd_sc_hd__dfrtp_1)
     1    0.00    0.03    0.23    0.94 v _261_/Q (sky130_fd_sc_hd__dfrtp_1)
                                         sync_stage1[2] (net)
                  0.03    0.00    0.95 v _265_/D (sky130_fd_sc_hd__dfrtp_1)
                                  0.95   data arrival time

                         10.00   10.00   clock clk (rise edge)
                          0.50   10.50   clock source latency
     1    0.02    0.04    0.03   10.53 ^ clk (in)
                                         clk (net)
                  0.04    0.00   10.53 ^ clkbuf_0_clk/A (sky130_fd_sc_hd__clkbuf_16)
     2    0.02    0.03    0.09   10.62 ^ clkbuf_0_clk/X (sky130_fd_sc_hd__clkbuf_16)
                                         clknet_0_clk (net)
                  0.03    0.00   10.62 ^ clkbuf_1_0__f_clk/A (sky130_fd_sc_hd__clkbuf_16)
    16    0.05    0.05    0.10   10.72 ^ clkbuf_1_0__f_clk/X (sky130_fd_sc_hd__clkbuf_16)
                                         clknet_1_0__leaf_clk (net)
                  0.05    0.00   10.72 ^ _265_/CLK (sky130_fd_sc_hd__dfrtp_1)
                         -0.30   10.42   clock uncertainty
                          0.00   10.42   clock reconvergence pessimism
                         -0.07   10.35   library setup time
                                 10.35   data required time
-----------------------------------------------------------------------------
                                 10.35   data required time
                                 -0.95   data arrival time
-----------------------------------------------------------------------------
                                  9.41   slack (MET)


Startpoint: _262_ (rising edge-triggered flip-flop clocked by clk)
Endpoint: _266_ (rising edge-triggered flip-flop clocked by clk)
Path Group: clk
Path Type: max
Corner: Fastest

Fanout     Cap    Slew   Delay    Time   Description
-----------------------------------------------------------------------------
                          0.00    0.00   clock clk (rise edge)
                          0.50    0.50   clock source latency
     1    0.02    0.04    0.03    0.53 ^ clk (in)
                                         clk (net)
                  0.04    0.00    0.53 ^ clkbuf_0_clk/A (sky130_fd_sc_hd__clkbuf_16)
     2    0.02    0.03    0.09    0.62 ^ clkbuf_0_clk/X (sky130_fd_sc_hd__clkbuf_16)
                                         clknet_0_clk (net)
                  0.03    0.00    0.62 ^ clkbuf_1_0__f_clk/A (sky130_fd_sc_hd__clkbuf_16)
    16    0.05    0.05    0.10    0.72 ^ clkbuf_1_0__f_clk/X (sky130_fd_sc_hd__clkbuf_16)
                                         clknet_1_0__leaf_clk (net)
                  0.05    0.00    0.72 ^ _262_/CLK (sky130_fd_sc_hd__dfrtp_1)
     1    0.00    0.03    0.22    0.94 v _262_/Q (sky130_fd_sc_hd__dfrtp_1)
                                         sync_stage1[3] (net)
                  0.03    0.00    0.94 v _266_/D (sky130_fd_sc_hd__dfrtp_1)
                                  0.94   data arrival time

                         10.00   10.00   clock clk (rise edge)
                          0.50   10.50   clock source latency
     1    0.02    0.04    0.03   10.53 ^ clk (in)
                                         clk (net)
                  0.04    0.00   10.53 ^ clkbuf_0_clk/A (sky130_fd_sc_hd__clkbuf_16)
     2    0.02    0.03    0.09   10.62 ^ clkbuf_0_clk/X (sky130_fd_sc_hd__clkbuf_16)
                                         clknet_0_clk (net)
                  0.03    0.00   10.62 ^ clkbuf_1_0__f_clk/A (sky130_fd_sc_hd__clkbuf_16)
    16    0.05    0.05    0.10   10.72 ^ clkbuf_1_0__f_clk/X (sky130_fd_sc_hd__clkbuf_16)
                                         clknet_1_0__leaf_clk (net)
                  0.05    0.00   10.72 ^ _266_/CLK (sky130_fd_sc_hd__dfrtp_1)
                         -0.30   10.42   clock uncertainty
                          0.00   10.42   clock reconvergence pessimism
                         -0.07   10.35   library setup time
                                 10.35   data required time
-----------------------------------------------------------------------------
                                 10.35   data required time
                                 -0.94   data arrival time
-----------------------------------------------------------------------------
                                  9.41   slack (MET)



worst slack corner Fastest: 4.1801
======================= Slowest Corner ===================================

Startpoint: retention_ready (input port clocked by clk)
Endpoint: error (output port clocked by clk)
Path Group: clk
Path Type: max
Corner: Slowest

Fanout     Cap    Slew   Delay    Time   Description
-----------------------------------------------------------------------------
                          0.00    0.00   clock clk (rise edge)
                          0.50    0.50   clock network delay (propagated)
                          3.00    3.50 v input external delay
     1    0.00    0.04    0.01    3.51 v retention_ready (in)
                                         retention_ready (net)
                  0.04    0.00    3.51 v input6/A (sky130_fd_sc_hd__buf_1)
     1    0.01    0.10    0.19    3.70 v input6/X (sky130_fd_sc_hd__buf_1)
                                         net6 (net)
                  0.10    0.00    3.70 v _164_/A (sky130_fd_sc_hd__inv_2)
     3    0.01    0.09    0.12    3.82 ^ _164_/Y (sky130_fd_sc_hd__inv_2)
                                         _101_ (net)
                  0.09    0.00    3.82 ^ _199_/B (sky130_fd_sc_hd__nand2_1)
     1    0.00    0.10    0.11    3.94 v _199_/Y (sky130_fd_sc_hd__nand2_1)
                                         _026_ (net)
                  0.10    0.00    3.94 v _200_/B1 (sky130_fd_sc_hd__a211oi_1)
     1    0.01    0.46    0.50    4.43 ^ _200_/Y (sky130_fd_sc_hd__a211oi_1)
                                         net10 (net)
                  0.46    0.00    4.43 ^ wire19/A (sky130_fd_sc_hd__clkbuf_1)
     1    0.01    0.13    0.32    4.76 ^ wire19/X (sky130_fd_sc_hd__clkbuf_1)
                                         net19 (net)
                  0.13    0.00    4.76 ^ output10/A (sky130_fd_sc_hd__clkbuf_2)
     1    0.02    0.19    0.31    5.06 ^ output10/X (sky130_fd_sc_hd__clkbuf_2)
                                         error (net)
                  0.19    0.00    5.06 ^ error (out)
                                  5.06   data arrival time

                         10.00   10.00   clock clk (rise edge)
                          0.50   10.50   clock network delay (propagated)
                         -0.30   10.20   clock uncertainty
                          0.00   10.20   clock reconvergence pessimism
                         -2.00    8.20   output external delay
                                  8.20   data required time
-----------------------------------------------------------------------------
                                  8.20   data required time
                                 -5.06   data arrival time
-----------------------------------------------------------------------------
                                  3.14   slack (MET)


Startpoint: _256_ (rising edge-triggered flip-flop clocked by clk)
Endpoint: seq_busy (output port clocked by clk)
Path Group: clk
Path Type: max
Corner: Slowest

Fanout     Cap    Slew   Delay    Time   Description
-----------------------------------------------------------------------------
                          0.00    0.00   clock clk (rise edge)
                          0.50    0.50   clock source latency
     1    0.02    0.09    0.06    0.56 ^ clk (in)
                                         clk (net)
                  0.09    0.00    0.56 ^ clkbuf_0_clk/A (sky130_fd_sc_hd__clkbuf_16)
     2    0.02    0.07    0.23    0.80 ^ clkbuf_0_clk/X (sky130_fd_sc_hd__clkbuf_16)
                                         clknet_0_clk (net)
                  0.07    0.00    0.80 ^ clkbuf_1_0__f_clk/A (sky130_fd_sc_hd__clkbuf_16)
    16    0.05    0.10    0.25    1.05 ^ clkbuf_1_0__f_clk/X (sky130_fd_sc_hd__clkbuf_16)
                                         clknet_1_0__leaf_clk (net)
                  0.10    0.00    1.05 ^ _256_/CLK (sky130_fd_sc_hd__dfrtp_4)
     8    0.03    0.18    1.09    2.15 v _256_/Q (sky130_fd_sc_hd__dfrtp_4)
                                         curr_state[0] (net)
                  0.18    0.00    2.15 v _138_/A (sky130_fd_sc_hd__nand2_1)
     3    0.01    0.22    0.25    2.40 ^ _138_/Y (sky130_fd_sc_hd__nand2_1)
                                         _077_ (net)
                  0.22    0.00    2.40 ^ _139_/A (sky130_fd_sc_hd__inv_2)
     2    0.01    0.06    0.12    2.52 v _139_/Y (sky130_fd_sc_hd__inv_2)
                                         _078_ (net)
                  0.06    0.00    2.52 v _140_/B (sky130_fd_sc_hd__nor2_1)
     1    0.00    0.16    0.16    2.68 ^ _140_/Y (sky130_fd_sc_hd__nor2_1)
                                         net18 (net)
                  0.16    0.00    2.68 ^ wire20/A (sky130_fd_sc_hd__buf_1)
     4    0.02    0.33    0.37    3.05 ^ wire20/X (sky130_fd_sc_hd__buf_1)
                                         net20 (net)
                  0.33    0.00    3.05 ^ output18/A (sky130_fd_sc_hd__clkbuf_2)
     1    0.02    0.19    0.39    3.44 ^ output18/X (sky130_fd_sc_hd__clkbuf_2)
                                         seq_busy (net)
                  0.19    0.00    3.44 ^ seq_busy (out)
                                  3.44   data arrival time

                         10.00   10.00   clock clk (rise edge)
                          0.50   10.50   clock network delay (propagated)
                         -0.30   10.20   clock uncertainty
                          0.00   10.20   clock reconvergence pessimism
                         -2.00    8.20   output external delay
                                  8.20   data required time
-----------------------------------------------------------------------------
                                  8.20   data required time
                                 -3.44   data arrival time
-----------------------------------------------------------------------------
                                  4.76   slack (MET)


Startpoint: pwr_stable (input port clocked by clk)
Endpoint: _257_ (rising edge-triggered flip-flop clocked by clk)
Path Group: clk
Path Type: max
Corner: Slowest

Fanout     Cap    Slew   Delay    Time   Description
-----------------------------------------------------------------------------
                          0.00    0.00   clock clk (rise edge)
                          0.50    0.50   clock network delay (propagated)
                          3.00    3.50 ^ input external delay
     1    0.00    0.04    0.01    3.51 ^ pwr_stable (in)
                                         pwr_stable (net)
                  0.04    0.00    3.51 ^ input2/A (sky130_fd_sc_hd__clkbuf_1)
     1    0.01    0.12    0.17    3.69 ^ input2/X (sky130_fd_sc_hd__clkbuf_1)
                                         net2 (net)
                  0.12    0.00    3.69 ^ _158_/A (sky130_fd_sc_hd__nand2_1)
     2    0.01    0.13    0.16    3.85 v _158_/Y (sky130_fd_sc_hd__nand2_1)
                                         _095_ (net)
                  0.13    0.00    3.85 v _159_/B1_N (sky130_fd_sc_hd__o21bai_1)
     1    0.00    0.10    0.34    4.19 v _159_/Y (sky130_fd_sc_hd__o21bai_1)
                                         _096_ (net)
                  0.10    0.00    4.19 v _160_/A (sky130_fd_sc_hd__nand2_1)
     1    0.00    0.07    0.11    4.30 ^ _160_/Y (sky130_fd_sc_hd__nand2_1)
                                         _097_ (net)
                  0.07    0.00    4.30 ^ _166_/A (sky130_fd_sc_hd__nand2_1)
     2    0.01    0.11    0.13    4.42 v _166_/Y (sky130_fd_sc_hd__nand2_1)
                                         _103_ (net)
                  0.11    0.00    4.42 v _174_/A (sky130_fd_sc_hd__or3_1)
     1    0.00    0.13    0.85    5.27 v _174_/X (sky130_fd_sc_hd__or3_1)
                                         _111_ (net)
                  0.13    0.00    5.27 v _175_/A (sky130_fd_sc_hd__clkbuf_1)
     1    0.00    0.06    0.20    5.47 v _175_/X (sky130_fd_sc_hd__clkbuf_1)
                                         next_state[1] (net)
                  0.06    0.00    5.47 v _257_/D (sky130_fd_sc_hd__dfrtp_1)
                                  5.47   data arrival time

                         10.00   10.00   clock clk (rise edge)
                          0.50   10.50   clock source latency
     1    0.02    0.09    0.06   10.56 ^ clk (in)
                                         clk (net)
                  0.09    0.00   10.56 ^ clkbuf_0_clk/A (sky130_fd_sc_hd__clkbuf_16)
     2    0.02    0.07    0.23   10.80 ^ clkbuf_0_clk/X (sky130_fd_sc_hd__clkbuf_16)
                                         clknet_0_clk (net)
                  0.07    0.00   10.80 ^ clkbuf_1_0__f_clk/A (sky130_fd_sc_hd__clkbuf_16)
    16    0.05    0.10    0.25   11.05 ^ clkbuf_1_0__f_clk/X (sky130_fd_sc_hd__clkbuf_16)
                                         clknet_1_0__leaf_clk (net)
                  0.10    0.00   11.05 ^ _257_/CLK (sky130_fd_sc_hd__dfrtp_1)
                         -0.30   10.75   clock uncertainty
                          0.00   10.75   clock reconvergence pessimism
                         -0.26   10.49   library setup time
                                 10.49   data required time
-----------------------------------------------------------------------------
                                 10.49   data required time
                                 -5.47   data arrival time
-----------------------------------------------------------------------------
                                  5.02   slack (MET)


Startpoint: pwr_stable (input port clocked by clk)
Endpoint: _243_ (rising edge-triggered flip-flop clocked by clk)
Path Group: clk
Path Type: max
Corner: Slowest

Fanout     Cap    Slew   Delay    Time   Description
-----------------------------------------------------------------------------
                          0.00    0.00   clock clk (rise edge)
                          0.50    0.50   clock network delay (propagated)
                          3.00    3.50 ^ input external delay
     1    0.00    0.04    0.01    3.51 ^ pwr_stable (in)
                                         pwr_stable (net)
                  0.04    0.00    3.51 ^ input2/A (sky130_fd_sc_hd__clkbuf_1)
     1    0.01    0.12    0.17    3.69 ^ input2/X (sky130_fd_sc_hd__clkbuf_1)
                                         net2 (net)
                  0.12    0.00    3.69 ^ _158_/A (sky130_fd_sc_hd__nand2_1)
     2    0.01    0.13    0.16    3.85 v _158_/Y (sky130_fd_sc_hd__nand2_1)
                                         _095_ (net)
                  0.13    0.00    3.85 v _159_/B1_N (sky130_fd_sc_hd__o21bai_1)
     1    0.00    0.10    0.34    4.19 v _159_/Y (sky130_fd_sc_hd__o21bai_1)
                                         _096_ (net)
                  0.10    0.00    4.19 v _160_/A (sky130_fd_sc_hd__nand2_1)
     1    0.00    0.07    0.11    4.30 ^ _160_/Y (sky130_fd_sc_hd__nand2_1)
                                         _097_ (net)
                  0.07    0.00    4.30 ^ _166_/A (sky130_fd_sc_hd__nand2_1)
     2    0.01    0.11    0.13    4.42 v _166_/Y (sky130_fd_sc_hd__nand2_1)
                                         _103_ (net)
                  0.11    0.00    4.42 v _178_/B (sky130_fd_sc_hd__nor2_1)
     2    0.01    0.21    0.22    4.65 ^ _178_/Y (sky130_fd_sc_hd__nor2_1)
                                         _014_ (net)
                  0.21    0.00    4.65 ^ _204_/A (sky130_fd_sc_hd__nand3_1)
     1    0.01    0.28    0.32    4.96 v _204_/Y (sky130_fd_sc_hd__nand3_1)
                                         _030_ (net)
                  0.28    0.00    4.96 v _209_/A (sky130_fd_sc_hd__nand3_4)
     8    0.03    0.21    0.27    5.23 ^ _209_/Y (sky130_fd_sc_hd__nand3_4)
                                         _035_ (net)
                  0.21    0.00    5.23 ^ _223_/B (sky130_fd_sc_hd__nor2_1)
     1    0.00    0.07    0.13    5.37 v _223_/Y (sky130_fd_sc_hd__nor2_1)
                                         _007_ (net)
                  0.07    0.00    5.37 v _243_/D (sky130_fd_sc_hd__dfrtp_1)
                                  5.37   data arrival time

                         10.00   10.00   clock clk (rise edge)
                          0.50   10.50   clock source latency
     1    0.02    0.09    0.06   10.56 ^ clk (in)
                                         clk (net)
                  0.09    0.00   10.56 ^ clkbuf_0_clk/A (sky130_fd_sc_hd__clkbuf_16)
     2    0.02    0.07    0.23   10.80 ^ clkbuf_0_clk/X (sky130_fd_sc_hd__clkbuf_16)
                                         clknet_0_clk (net)
                  0.07    0.00   10.80 ^ clkbuf_1_1__f_clk/A (sky130_fd_sc_hd__clkbuf_16)
    13    0.05    0.10    0.26   11.05 ^ clkbuf_1_1__f_clk/X (sky130_fd_sc_hd__clkbuf_16)
                                         clknet_1_1__leaf_clk (net)
                  0.10    0.00   11.05 ^ _243_/CLK (sky130_fd_sc_hd__dfrtp_1)
                         -0.30   10.75   clock uncertainty
                          0.00   10.75   clock reconvergence pessimism
                         -0.27   10.49   library setup time
                                 10.49   data required time
-----------------------------------------------------------------------------
                                 10.49   data required time
                                 -5.37   data arrival time
-----------------------------------------------------------------------------
                                  5.12   slack (MET)


Startpoint: pwr_stable (input port clocked by clk)
Endpoint: _247_ (rising edge-triggered flip-flop clocked by clk)
Path Group: clk
Path Type: max
Corner: Slowest

Fanout     Cap    Slew   Delay    Time   Description
-----------------------------------------------------------------------------
                          0.00    0.00   clock clk (rise edge)
                          0.50    0.50   clock network delay (propagated)
                          3.00    3.50 ^ input external delay
     1    0.00    0.04    0.01    3.51 ^ pwr_stable (in)
                                         pwr_stable (net)
                  0.04    0.00    3.51 ^ input2/A (sky130_fd_sc_hd__clkbuf_1)
     1    0.01    0.12    0.17    3.69 ^ input2/X (sky130_fd_sc_hd__clkbuf_1)
                                         net2 (net)
                  0.12    0.00    3.69 ^ _158_/A (sky130_fd_sc_hd__nand2_1)
     2    0.01    0.13    0.16    3.85 v _158_/Y (sky130_fd_sc_hd__nand2_1)
                                         _095_ (net)
                  0.13    0.00    3.85 v _159_/B1_N (sky130_fd_sc_hd__o21bai_1)
     1    0.00    0.10    0.34    4.19 v _159_/Y (sky130_fd_sc_hd__o21bai_1)
                                         _096_ (net)
                  0.10    0.00    4.19 v _160_/A (sky130_fd_sc_hd__nand2_1)
     1    0.00    0.07    0.11    4.30 ^ _160_/Y (sky130_fd_sc_hd__nand2_1)
                                         _097_ (net)
                  0.07    0.00    4.30 ^ _166_/A (sky130_fd_sc_hd__nand2_1)
     2    0.01    0.11    0.13    4.42 v _166_/Y (sky130_fd_sc_hd__nand2_1)
                                         _103_ (net)
                  0.11    0.00    4.42 v _178_/B (sky130_fd_sc_hd__nor2_1)
     2    0.01    0.21    0.22    4.65 ^ _178_/Y (sky130_fd_sc_hd__nor2_1)
                                         _014_ (net)
                  0.21    0.00    4.65 ^ _204_/A (sky130_fd_sc_hd__nand3_1)
     1    0.01    0.28    0.32    4.96 v _204_/Y (sky130_fd_sc_hd__nand3_1)
                                         _030_ (net)
                  0.28    0.00    4.96 v _209_/A (sky130_fd_sc_hd__nand3_4)
     8    0.03    0.21    0.27    5.23 ^ _209_/Y (sky130_fd_sc_hd__nand3_4)
                                         _035_ (net)
                  0.21    0.00    5.23 ^ _238_/B (sky130_fd_sc_hd__nor2_1)
     1    0.00    0.06    0.12    5.35 v _238_/Y (sky130_fd_sc_hd__nor2_1)
                                         _011_ (net)
                  0.06    0.00    5.35 v _247_/D (sky130_fd_sc_hd__dfrtp_1)
                                  5.35   data arrival time

                         10.00   10.00   clock clk (rise edge)
                          0.50   10.50   clock source latency
     1    0.02    0.09    0.06   10.56 ^ clk (in)
                                         clk (net)
                  0.09    0.00   10.56 ^ clkbuf_0_clk/A (sky130_fd_sc_hd__clkbuf_16)
     2    0.02    0.07    0.23   10.80 ^ clkbuf_0_clk/X (sky130_fd_sc_hd__clkbuf_16)
                                         clknet_0_clk (net)
                  0.07    0.00   10.80 ^ clkbuf_1_1__f_clk/A (sky130_fd_sc_hd__clkbuf_16)
    13    0.05    0.10    0.26   11.05 ^ clkbuf_1_1__f_clk/X (sky130_fd_sc_hd__clkbuf_16)
                                         clknet_1_1__leaf_clk (net)
                  0.10    0.00   11.05 ^ _247_/CLK (sky130_fd_sc_hd__dfrtp_1)
                         -0.30   10.75   clock uncertainty
                          0.00   10.75   clock reconvergence pessimism
                         -0.27   10.49   library setup time
                                 10.49   data required time
-----------------------------------------------------------------------------
                                 10.49   data required time
                                 -5.35   data arrival time
-----------------------------------------------------------------------------
                                  5.14   slack (MET)


Startpoint: pwr_stable (input port clocked by clk)
Endpoint: _242_ (rising edge-triggered flip-flop clocked by clk)
Path Group: clk
Path Type: max
Corner: Slowest

Fanout     Cap    Slew   Delay    Time   Description
-----------------------------------------------------------------------------
                          0.00    0.00   clock clk (rise edge)
                          0.50    0.50   clock network delay (propagated)
                          3.00    3.50 ^ input external delay
     1    0.00    0.04    0.01    3.51 ^ pwr_stable (in)
                                         pwr_stable (net)
                  0.04    0.00    3.51 ^ input2/A (sky130_fd_sc_hd__clkbuf_1)
     1    0.01    0.12    0.17    3.69 ^ input2/X (sky130_fd_sc_hd__clkbuf_1)
                                         net2 (net)
                  0.12    0.00    3.69 ^ _158_/A (sky130_fd_sc_hd__nand2_1)
     2    0.01    0.13    0.16    3.85 v _158_/Y (sky130_fd_sc_hd__nand2_1)
                                         _095_ (net)
                  0.13    0.00    3.85 v _159_/B1_N (sky130_fd_sc_hd__o21bai_1)
     1    0.00    0.10    0.34    4.19 v _159_/Y (sky130_fd_sc_hd__o21bai_1)
                                         _096_ (net)
                  0.10    0.00    4.19 v _160_/A (sky130_fd_sc_hd__nand2_1)
     1    0.00    0.07    0.11    4.30 ^ _160_/Y (sky130_fd_sc_hd__nand2_1)
                                         _097_ (net)
                  0.07    0.00    4.30 ^ _166_/A (sky130_fd_sc_hd__nand2_1)
     2    0.01    0.11    0.13    4.42 v _166_/Y (sky130_fd_sc_hd__nand2_1)
                                         _103_ (net)
                  0.11    0.00    4.42 v _178_/B (sky130_fd_sc_hd__nor2_1)
     2    0.01    0.21    0.22    4.65 ^ _178_/Y (sky130_fd_sc_hd__nor2_1)
                                         _014_ (net)
                  0.21    0.00    4.65 ^ _204_/A (sky130_fd_sc_hd__nand3_1)
     1    0.01    0.28    0.32    4.96 v _204_/Y (sky130_fd_sc_hd__nand3_1)
                                         _030_ (net)
                  0.28    0.00    4.96 v _209_/A (sky130_fd_sc_hd__nand3_4)
     8    0.03    0.21    0.27    5.23 ^ _209_/Y (sky130_fd_sc_hd__nand3_4)
                                         _035_ (net)
                  0.21    0.00    5.23 ^ _219_/B (sky130_fd_sc_hd__nor2_1)
     1    0.00    0.06    0.12    5.35 v _219_/Y (sky130_fd_sc_hd__nor2_1)
                                         _006_ (net)
                  0.06    0.00    5.35 v _242_/D (sky130_fd_sc_hd__dfrtp_1)
                                  5.35   data arrival time

                         10.00   10.00   clock clk (rise edge)
                          0.50   10.50   clock source latency
     1    0.02    0.09    0.06   10.56 ^ clk (in)
                                         clk (net)
                  0.09    0.00   10.56 ^ clkbuf_0_clk/A (sky130_fd_sc_hd__clkbuf_16)
     2    0.02    0.07    0.23   10.80 ^ clkbuf_0_clk/X (sky130_fd_sc_hd__clkbuf_16)
                                         clknet_0_clk (net)
                  0.07    0.00   10.80 ^ clkbuf_1_1__f_clk/A (sky130_fd_sc_hd__clkbuf_16)
    13    0.05    0.10    0.26   11.05 ^ clkbuf_1_1__f_clk/X (sky130_fd_sc_hd__clkbuf_16)
                                         clknet_1_1__leaf_clk (net)
                  0.10    0.00   11.05 ^ _242_/CLK (sky130_fd_sc_hd__dfrtp_1)
                         -0.30   10.75   clock uncertainty
                          0.00   10.75   clock reconvergence pessimism
                         -0.26   10.49   library setup time
                                 10.49   data required time
-----------------------------------------------------------------------------
                                 10.49   data required time
                                 -5.35   data arrival time
-----------------------------------------------------------------------------
                                  5.14   slack (MET)


Startpoint: pwr_stable (input port clocked by clk)
Endpoint: _240_ (rising edge-triggered flip-flop clocked by clk)
Path Group: clk
Path Type: max
Corner: Slowest

Fanout     Cap    Slew   Delay    Time   Description
-----------------------------------------------------------------------------
                          0.00    0.00   clock clk (rise edge)
                          0.50    0.50   clock network delay (propagated)
                          3.00    3.50 ^ input external delay
     1    0.00    0.04    0.01    3.51 ^ pwr_stable (in)
                                         pwr_stable (net)
                  0.04    0.00    3.51 ^ input2/A (sky130_fd_sc_hd__clkbuf_1)
     1    0.01    0.12    0.17    3.69 ^ input2/X (sky130_fd_sc_hd__clkbuf_1)
                                         net2 (net)
                  0.12    0.00    3.69 ^ _158_/A (sky130_fd_sc_hd__nand2_1)
     2    0.01    0.13    0.16    3.85 v _158_/Y (sky130_fd_sc_hd__nand2_1)
                                         _095_ (net)
                  0.13    0.00    3.85 v _159_/B1_N (sky130_fd_sc_hd__o21bai_1)
     1    0.00    0.10    0.34    4.19 v _159_/Y (sky130_fd_sc_hd__o21bai_1)
                                         _096_ (net)
                  0.10    0.00    4.19 v _160_/A (sky130_fd_sc_hd__nand2_1)
     1    0.00    0.07    0.11    4.30 ^ _160_/Y (sky130_fd_sc_hd__nand2_1)
                                         _097_ (net)
                  0.07    0.00    4.30 ^ _166_/A (sky130_fd_sc_hd__nand2_1)
     2    0.01    0.11    0.13    4.42 v _166_/Y (sky130_fd_sc_hd__nand2_1)
                                         _103_ (net)
                  0.11    0.00    4.42 v _178_/B (sky130_fd_sc_hd__nor2_1)
     2    0.01    0.21    0.22    4.65 ^ _178_/Y (sky130_fd_sc_hd__nor2_1)
                                         _014_ (net)
                  0.21    0.00    4.65 ^ _204_/A (sky130_fd_sc_hd__nand3_1)
     1    0.01    0.28    0.32    4.96 v _204_/Y (sky130_fd_sc_hd__nand3_1)
                                         _030_ (net)
                  0.28    0.00    4.96 v _209_/A (sky130_fd_sc_hd__nand3_4)
     8    0.03    0.21    0.27    5.23 ^ _209_/Y (sky130_fd_sc_hd__nand3_4)
                                         _035_ (net)
                  0.21    0.00    5.23 ^ _210_/B (sky130_fd_sc_hd__nor2_1)
     1    0.00    0.06    0.12    5.35 v _210_/Y (sky130_fd_sc_hd__nor2_1)
                                         _004_ (net)
                  0.06    0.00    5.35 v _240_/D (sky130_fd_sc_hd__dfrtp_1)
                                  5.35   data arrival time

                         10.00   10.00   clock clk (rise edge)
                          0.50   10.50   clock source latency
     1    0.02    0.09    0.06   10.56 ^ clk (in)
                                         clk (net)
                  0.09    0.00   10.56 ^ clkbuf_0_clk/A (sky130_fd_sc_hd__clkbuf_16)
     2    0.02    0.07    0.23   10.80 ^ clkbuf_0_clk/X (sky130_fd_sc_hd__clkbuf_16)
                                         clknet_0_clk (net)
                  0.07    0.00   10.80 ^ clkbuf_1_1__f_clk/A (sky130_fd_sc_hd__clkbuf_16)
    13    0.05    0.10    0.26   11.05 ^ clkbuf_1_1__f_clk/X (sky130_fd_sc_hd__clkbuf_16)
                                         clknet_1_1__leaf_clk (net)
                  0.10    0.00   11.05 ^ _240_/CLK (sky130_fd_sc_hd__dfrtp_1)
                         -0.30   10.75   clock uncertainty
                          0.00   10.75   clock reconvergence pessimism
                         -0.26   10.49   library setup time
                                 10.49   data required time
-----------------------------------------------------------------------------
                                 10.49   data required time
                                 -5.35   data arrival time
-----------------------------------------------------------------------------
                                  5.14   slack (MET)


Startpoint: pwr_stable (input port clocked by clk)
Endpoint: _244_ (rising edge-triggered flip-flop clocked by clk)
Path Group: clk
Path Type: max
Corner: Slowest

Fanout     Cap    Slew   Delay    Time   Description
-----------------------------------------------------------------------------
                          0.00    0.00   clock clk (rise edge)
                          0.50    0.50   clock network delay (propagated)
                          3.00    3.50 ^ input external delay
     1    0.00    0.04    0.01    3.51 ^ pwr_stable (in)
                                         pwr_stable (net)
                  0.04    0.00    3.51 ^ input2/A (sky130_fd_sc_hd__clkbuf_1)
     1    0.01    0.12    0.17    3.69 ^ input2/X (sky130_fd_sc_hd__clkbuf_1)
                                         net2 (net)
                  0.12    0.00    3.69 ^ _158_/A (sky130_fd_sc_hd__nand2_1)
     2    0.01    0.13    0.16    3.85 v _158_/Y (sky130_fd_sc_hd__nand2_1)
                                         _095_ (net)
                  0.13    0.00    3.85 v _159_/B1_N (sky130_fd_sc_hd__o21bai_1)
     1    0.00    0.10    0.34    4.19 v _159_/Y (sky130_fd_sc_hd__o21bai_1)
                                         _096_ (net)
                  0.10    0.00    4.19 v _160_/A (sky130_fd_sc_hd__nand2_1)
     1    0.00    0.07    0.11    4.30 ^ _160_/Y (sky130_fd_sc_hd__nand2_1)
                                         _097_ (net)
                  0.07    0.00    4.30 ^ _166_/A (sky130_fd_sc_hd__nand2_1)
     2    0.01    0.11    0.13    4.42 v _166_/Y (sky130_fd_sc_hd__nand2_1)
                                         _103_ (net)
                  0.11    0.00    4.42 v _178_/B (sky130_fd_sc_hd__nor2_1)
     2    0.01    0.21    0.22    4.65 ^ _178_/Y (sky130_fd_sc_hd__nor2_1)
                                         _014_ (net)
                  0.21    0.00    4.65 ^ _204_/A (sky130_fd_sc_hd__nand3_1)
     1    0.01    0.28    0.32    4.96 v _204_/Y (sky130_fd_sc_hd__nand3_1)
                                         _030_ (net)
                  0.28    0.00    4.96 v _209_/A (sky130_fd_sc_hd__nand3_4)
     8    0.03    0.21    0.27    5.23 ^ _209_/Y (sky130_fd_sc_hd__nand3_4)
                                         _035_ (net)
                  0.21    0.00    5.23 ^ _227_/B (sky130_fd_sc_hd__nor2_1)
     1    0.00    0.06    0.12    5.35 v _227_/Y (sky130_fd_sc_hd__nor2_1)
                                         _008_ (net)
                  0.06    0.00    5.35 v _244_/D (sky130_fd_sc_hd__dfrtp_1)
                                  5.35   data arrival time

                         10.00   10.00   clock clk (rise edge)
                          0.50   10.50   clock source latency
     1    0.02    0.09    0.06   10.56 ^ clk (in)
                                         clk (net)
                  0.09    0.00   10.56 ^ clkbuf_0_clk/A (sky130_fd_sc_hd__clkbuf_16)
     2    0.02    0.07    0.23   10.80 ^ clkbuf_0_clk/X (sky130_fd_sc_hd__clkbuf_16)
                                         clknet_0_clk (net)
                  0.07    0.00   10.80 ^ clkbuf_1_1__f_clk/A (sky130_fd_sc_hd__clkbuf_16)
    13    0.05    0.10    0.26   11.05 ^ clkbuf_1_1__f_clk/X (sky130_fd_sc_hd__clkbuf_16)
                                         clknet_1_1__leaf_clk (net)
                  0.10    0.00   11.05 ^ _244_/CLK (sky130_fd_sc_hd__dfrtp_1)
                         -0.30   10.75   clock uncertainty
                          0.00   10.75   clock reconvergence pessimism
                         -0.26   10.49   library setup time
                                 10.49   data required time
-----------------------------------------------------------------------------
                                 10.49   data required time
                                 -5.35   data arrival time
-----------------------------------------------------------------------------
                                  5.14   slack (MET)


Startpoint: pwr_stable (input port clocked by clk)
Endpoint: _245_ (rising edge-triggered flip-flop clocked by clk)
Path Group: clk
Path Type: max
Corner: Slowest

Fanout     Cap    Slew   Delay    Time   Description
-----------------------------------------------------------------------------
                          0.00    0.00   clock clk (rise edge)
                          0.50    0.50   clock network delay (propagated)
                          3.00    3.50 ^ input external delay
     1    0.00    0.04    0.01    3.51 ^ pwr_stable (in)
                                         pwr_stable (net)
                  0.04    0.00    3.51 ^ input2/A (sky130_fd_sc_hd__clkbuf_1)
     1    0.01    0.12    0.17    3.69 ^ input2/X (sky130_fd_sc_hd__clkbuf_1)
                                         net2 (net)
                  0.12    0.00    3.69 ^ _158_/A (sky130_fd_sc_hd__nand2_1)
     2    0.01    0.13    0.16    3.85 v _158_/Y (sky130_fd_sc_hd__nand2_1)
                                         _095_ (net)
                  0.13    0.00    3.85 v _159_/B1_N (sky130_fd_sc_hd__o21bai_1)
     1    0.00    0.10    0.34    4.19 v _159_/Y (sky130_fd_sc_hd__o21bai_1)
                                         _096_ (net)
                  0.10    0.00    4.19 v _160_/A (sky130_fd_sc_hd__nand2_1)
     1    0.00    0.07    0.11    4.30 ^ _160_/Y (sky130_fd_sc_hd__nand2_1)
                                         _097_ (net)
                  0.07    0.00    4.30 ^ _166_/A (sky130_fd_sc_hd__nand2_1)
     2    0.01    0.11    0.13    4.42 v _166_/Y (sky130_fd_sc_hd__nand2_1)
                                         _103_ (net)
                  0.11    0.00    4.42 v _178_/B (sky130_fd_sc_hd__nor2_1)
     2    0.01    0.21    0.22    4.65 ^ _178_/Y (sky130_fd_sc_hd__nor2_1)
                                         _014_ (net)
                  0.21    0.00    4.65 ^ _204_/A (sky130_fd_sc_hd__nand3_1)
     1    0.01    0.28    0.32    4.96 v _204_/Y (sky130_fd_sc_hd__nand3_1)
                                         _030_ (net)
                  0.28    0.00    4.96 v _209_/A (sky130_fd_sc_hd__nand3_4)
     8    0.03    0.21    0.27    5.23 ^ _209_/Y (sky130_fd_sc_hd__nand3_4)
                                         _035_ (net)
                  0.21    0.00    5.23 ^ _232_/B (sky130_fd_sc_hd__nor2_1)
     1    0.00    0.06    0.12    5.35 v _232_/Y (sky130_fd_sc_hd__nor2_1)
                                         _009_ (net)
                  0.06    0.00    5.35 v _245_/D (sky130_fd_sc_hd__dfrtp_1)
                                  5.35   data arrival time

                         10.00   10.00   clock clk (rise edge)
                          0.50   10.50   clock source latency
     1    0.02    0.09    0.06   10.56 ^ clk (in)
                                         clk (net)
                  0.09    0.00   10.56 ^ clkbuf_0_clk/A (sky130_fd_sc_hd__clkbuf_16)
     2    0.02    0.07    0.23   10.80 ^ clkbuf_0_clk/X (sky130_fd_sc_hd__clkbuf_16)
                                         clknet_0_clk (net)
                  0.07    0.00   10.80 ^ clkbuf_1_1__f_clk/A (sky130_fd_sc_hd__clkbuf_16)
    13    0.05    0.10    0.26   11.05 ^ clkbuf_1_1__f_clk/X (sky130_fd_sc_hd__clkbuf_16)
                                         clknet_1_1__leaf_clk (net)
                  0.10    0.00   11.05 ^ _245_/CLK (sky130_fd_sc_hd__dfrtp_1)
                         -0.30   10.75   clock uncertainty
                          0.00   10.75   clock reconvergence pessimism
                         -0.26   10.49   library setup time
                                 10.49   data required time
-----------------------------------------------------------------------------
                                 10.49   data required time
                                 -5.35   data arrival time
-----------------------------------------------------------------------------
                                  5.14   slack (MET)


Startpoint: pwr_stable (input port clocked by clk)
Endpoint: _246_ (rising edge-triggered flip-flop clocked by clk)
Path Group: clk
Path Type: max
Corner: Slowest

Fanout     Cap    Slew   Delay    Time   Description
-----------------------------------------------------------------------------
                          0.00    0.00   clock clk (rise edge)
                          0.50    0.50   clock network delay (propagated)
                          3.00    3.50 ^ input external delay
     1    0.00    0.04    0.01    3.51 ^ pwr_stable (in)
                                         pwr_stable (net)
                  0.04    0.00    3.51 ^ input2/A (sky130_fd_sc_hd__clkbuf_1)
     1    0.01    0.12    0.17    3.69 ^ input2/X (sky130_fd_sc_hd__clkbuf_1)
                                         net2 (net)
                  0.12    0.00    3.69 ^ _158_/A (sky130_fd_sc_hd__nand2_1)
     2    0.01    0.13    0.16    3.85 v _158_/Y (sky130_fd_sc_hd__nand2_1)
                                         _095_ (net)
                  0.13    0.00    3.85 v _159_/B1_N (sky130_fd_sc_hd__o21bai_1)
     1    0.00    0.10    0.34    4.19 v _159_/Y (sky130_fd_sc_hd__o21bai_1)
                                         _096_ (net)
                  0.10    0.00    4.19 v _160_/A (sky130_fd_sc_hd__nand2_1)
     1    0.00    0.07    0.11    4.30 ^ _160_/Y (sky130_fd_sc_hd__nand2_1)
                                         _097_ (net)
                  0.07    0.00    4.30 ^ _166_/A (sky130_fd_sc_hd__nand2_1)
     2    0.01    0.11    0.13    4.42 v _166_/Y (sky130_fd_sc_hd__nand2_1)
                                         _103_ (net)
                  0.11    0.00    4.42 v _178_/B (sky130_fd_sc_hd__nor2_1)
     2    0.01    0.21    0.22    4.65 ^ _178_/Y (sky130_fd_sc_hd__nor2_1)
                                         _014_ (net)
                  0.21    0.00    4.65 ^ _204_/A (sky130_fd_sc_hd__nand3_1)
     1    0.01    0.28    0.32    4.96 v _204_/Y (sky130_fd_sc_hd__nand3_1)
                                         _030_ (net)
                  0.28    0.00    4.96 v _209_/A (sky130_fd_sc_hd__nand3_4)
     8    0.03    0.21    0.27    5.23 ^ _209_/Y (sky130_fd_sc_hd__nand3_4)
                                         _035_ (net)
                  0.21    0.00    5.23 ^ _236_/B (sky130_fd_sc_hd__nor2_1)
     1    0.00    0.06    0.12    5.35 v _236_/Y (sky130_fd_sc_hd__nor2_1)
                                         _010_ (net)
                  0.06    0.00    5.35 v _246_/D (sky130_fd_sc_hd__dfrtp_1)
                                  5.35   data arrival time

                         10.00   10.00   clock clk (rise edge)
                          0.50   10.50   clock source latency
     1    0.02    0.09    0.06   10.56 ^ clk (in)
                                         clk (net)
                  0.09    0.00   10.56 ^ clkbuf_0_clk/A (sky130_fd_sc_hd__clkbuf_16)
     2    0.02    0.07    0.23   10.80 ^ clkbuf_0_clk/X (sky130_fd_sc_hd__clkbuf_16)
                                         clknet_0_clk (net)
                  0.07    0.00   10.80 ^ clkbuf_1_1__f_clk/A (sky130_fd_sc_hd__clkbuf_16)
    13    0.05    0.10    0.26   11.05 ^ clkbuf_1_1__f_clk/X (sky130_fd_sc_hd__clkbuf_16)
                                         clknet_1_1__leaf_clk (net)
                  0.10    0.00   11.05 ^ _246_/CLK (sky130_fd_sc_hd__dfrtp_1)
                         -0.30   10.75   clock uncertainty
                          0.00   10.75   clock reconvergence pessimism
                         -0.26   10.49   library setup time
                                 10.49   data required time
-----------------------------------------------------------------------------
                                 10.49   data required time
                                 -5.35   data arrival time
-----------------------------------------------------------------------------
                                  5.14   slack (MET)


Startpoint: pwr_stable (input port clocked by clk)
Endpoint: _241_ (rising edge-triggered flip-flop clocked by clk)
Path Group: clk
Path Type: max
Corner: Slowest

Fanout     Cap    Slew   Delay    Time   Description
-----------------------------------------------------------------------------
                          0.00    0.00   clock clk (rise edge)
                          0.50    0.50   clock network delay (propagated)
                          3.00    3.50 ^ input external delay
     1    0.00    0.04    0.01    3.51 ^ pwr_stable (in)
                                         pwr_stable (net)
                  0.04    0.00    3.51 ^ input2/A (sky130_fd_sc_hd__clkbuf_1)
     1    0.01    0.12    0.17    3.69 ^ input2/X (sky130_fd_sc_hd__clkbuf_1)
                                         net2 (net)
                  0.12    0.00    3.69 ^ _158_/A (sky130_fd_sc_hd__nand2_1)
     2    0.01    0.13    0.16    3.85 v _158_/Y (sky130_fd_sc_hd__nand2_1)
                                         _095_ (net)
                  0.13    0.00    3.85 v _159_/B1_N (sky130_fd_sc_hd__o21bai_1)
     1    0.00    0.10    0.34    4.19 v _159_/Y (sky130_fd_sc_hd__o21bai_1)
                                         _096_ (net)
                  0.10    0.00    4.19 v _160_/A (sky130_fd_sc_hd__nand2_1)
     1    0.00    0.07    0.11    4.30 ^ _160_/Y (sky130_fd_sc_hd__nand2_1)
                                         _097_ (net)
                  0.07    0.00    4.30 ^ _166_/A (sky130_fd_sc_hd__nand2_1)
     2    0.01    0.11    0.13    4.42 v _166_/Y (sky130_fd_sc_hd__nand2_1)
                                         _103_ (net)
                  0.11    0.00    4.42 v _178_/B (sky130_fd_sc_hd__nor2_1)
     2    0.01    0.21    0.22    4.65 ^ _178_/Y (sky130_fd_sc_hd__nor2_1)
                                         _014_ (net)
                  0.21    0.00    4.65 ^ _204_/A (sky130_fd_sc_hd__nand3_1)
     1    0.01    0.28    0.32    4.96 v _204_/Y (sky130_fd_sc_hd__nand3_1)
                                         _030_ (net)
                  0.28    0.00    4.96 v _209_/A (sky130_fd_sc_hd__nand3_4)
     8    0.03    0.21    0.27    5.23 ^ _209_/Y (sky130_fd_sc_hd__nand3_4)
                                         _035_ (net)
                  0.21    0.00    5.23 ^ _214_/B (sky130_fd_sc_hd__nor2_1)
     1    0.00    0.06    0.12    5.35 v _214_/Y (sky130_fd_sc_hd__nor2_1)
                                         _005_ (net)
                  0.06    0.00    5.35 v _241_/D (sky130_fd_sc_hd__dfrtp_1)
                                  5.35   data arrival time

                         10.00   10.00   clock clk (rise edge)
                          0.50   10.50   clock source latency
     1    0.02    0.09    0.06   10.56 ^ clk (in)
                                         clk (net)
                  0.09    0.00   10.56 ^ clkbuf_0_clk/A (sky130_fd_sc_hd__clkbuf_16)
     2    0.02    0.07    0.23   10.80 ^ clkbuf_0_clk/X (sky130_fd_sc_hd__clkbuf_16)
                                         clknet_0_clk (net)
                  0.07    0.00   10.80 ^ clkbuf_1_1__f_clk/A (sky130_fd_sc_hd__clkbuf_16)
    13    0.05    0.10    0.26   11.05 ^ clkbuf_1_1__f_clk/X (sky130_fd_sc_hd__clkbuf_16)
                                         clknet_1_1__leaf_clk (net)
                  0.10    0.00   11.05 ^ _241_/CLK (sky130_fd_sc_hd__dfrtp_1)
                         -0.30   10.75   clock uncertainty
                          0.00   10.75   clock reconvergence pessimism
                         -0.26   10.49   library setup time
                                 10.49   data required time
-----------------------------------------------------------------------------
                                 10.49   data required time
                                 -5.35   data arrival time
-----------------------------------------------------------------------------
                                  5.14   slack (MET)


Startpoint: _251_ (rising edge-triggered flip-flop clocked by clk)
Endpoint: retention_save (output port clocked by clk)
Path Group: clk
Path Type: max
Corner: Slowest

Fanout     Cap    Slew   Delay    Time   Description
-----------------------------------------------------------------------------
                          0.00    0.00   clock clk (rise edge)
                          0.50    0.50   clock source latency
     1    0.02    0.09    0.06    0.56 ^ clk (in)
                                         clk (net)
                  0.09    0.00    0.56 ^ clkbuf_0_clk/A (sky130_fd_sc_hd__clkbuf_16)
     2    0.02    0.07    0.23    0.80 ^ clkbuf_0_clk/X (sky130_fd_sc_hd__clkbuf_16)
                                         clknet_0_clk (net)
                  0.07    0.00    0.80 ^ clkbuf_1_0__f_clk/A (sky130_fd_sc_hd__clkbuf_16)
    16    0.05    0.10    0.25    1.05 ^ clkbuf_1_0__f_clk/X (sky130_fd_sc_hd__clkbuf_16)
                                         clknet_1_0__leaf_clk (net)
                  0.10    0.00    1.05 ^ _251_/CLK (sky130_fd_sc_hd__dfrtp_1)
     1    0.00    0.07    0.73    1.79 v _251_/Q (sky130_fd_sc_hd__dfrtp_1)
                                         net17 (net)
                  0.07    0.00    1.79 v output17/A (sky130_fd_sc_hd__buf_2)
     1    0.03    0.15    0.33    2.12 v output17/X (sky130_fd_sc_hd__buf_2)
                                         retention_save (net)
                  0.15    0.00    2.12 v retention_save (out)
                                  2.12   data arrival time

                         10.00   10.00   clock clk (rise edge)
                          0.50   10.50   clock network delay (propagated)
                         -0.30   10.20   clock uncertainty
                          0.00   10.20   clock reconvergence pessimism
                         -2.50    7.70   output external delay
                                  7.70   data required time
-----------------------------------------------------------------------------
                                  7.70   data required time
                                 -2.12   data arrival time
-----------------------------------------------------------------------------
                                  5.58   slack (MET)


Startpoint: _253_ (rising edge-triggered flip-flop clocked by clk)
Endpoint: reset_ctrl (output port clocked by clk)
Path Group: clk
Path Type: max
Corner: Slowest

Fanout     Cap    Slew   Delay    Time   Description
-----------------------------------------------------------------------------
                          0.00    0.00   clock clk (rise edge)
                          0.50    0.50   clock source latency
     1    0.02    0.09    0.06    0.56 ^ clk (in)
                                         clk (net)
                  0.09    0.00    0.56 ^ clkbuf_0_clk/A (sky130_fd_sc_hd__clkbuf_16)
     2    0.02    0.07    0.23    0.80 ^ clkbuf_0_clk/X (sky130_fd_sc_hd__clkbuf_16)
                                         clknet_0_clk (net)
                  0.07    0.00    0.80 ^ clkbuf_1_1__f_clk/A (sky130_fd_sc_hd__clkbuf_16)
    13    0.05    0.10    0.26    1.05 ^ clkbuf_1_1__f_clk/X (sky130_fd_sc_hd__clkbuf_16)
                                         clknet_1_1__leaf_clk (net)
                  0.10    0.00    1.05 ^ _253_/CLK (sky130_fd_sc_hd__dfrtp_1)
     1    0.00    0.07    0.73    1.79 v _253_/Q (sky130_fd_sc_hd__dfrtp_1)
                                         net14 (net)
                  0.07    0.00    1.79 v output14/A (sky130_fd_sc_hd__buf_2)
     1    0.03    0.15    0.33    2.12 v output14/X (sky130_fd_sc_hd__buf_2)
                                         reset_ctrl (net)
                  0.15    0.00    2.12 v reset_ctrl (out)
                                  2.12   data arrival time

                         10.00   10.00   clock clk (rise edge)
                          0.50   10.50   clock network delay (propagated)
                         -0.30   10.20   clock uncertainty
                          0.00   10.20   clock reconvergence pessimism
                         -2.50    7.70   output external delay
                                  7.70   data required time
-----------------------------------------------------------------------------
                                  7.70   data required time
                                 -2.12   data arrival time
-----------------------------------------------------------------------------
                                  5.58   slack (MET)


Startpoint: _252_ (rising edge-triggered flip-flop clocked by clk)
Endpoint: retention_restore (output port clocked by clk)
Path Group: clk
Path Type: max
Corner: Slowest

Fanout     Cap    Slew   Delay    Time   Description
-----------------------------------------------------------------------------
                          0.00    0.00   clock clk (rise edge)
                          0.50    0.50   clock source latency
     1    0.02    0.09    0.06    0.56 ^ clk (in)
                                         clk (net)
                  0.09    0.00    0.56 ^ clkbuf_0_clk/A (sky130_fd_sc_hd__clkbuf_16)
     2    0.02    0.07    0.23    0.80 ^ clkbuf_0_clk/X (sky130_fd_sc_hd__clkbuf_16)
                                         clknet_0_clk (net)
                  0.07    0.00    0.80 ^ clkbuf_1_0__f_clk/A (sky130_fd_sc_hd__clkbuf_16)
    16    0.05    0.10    0.25    1.05 ^ clkbuf_1_0__f_clk/X (sky130_fd_sc_hd__clkbuf_16)
                                         clknet_1_0__leaf_clk (net)
                  0.10    0.00    1.05 ^ _252_/CLK (sky130_fd_sc_hd__dfrtp_1)
     1    0.00    0.07    0.73    1.79 v _252_/Q (sky130_fd_sc_hd__dfrtp_1)
                                         net16 (net)
                  0.07    0.00    1.79 v output16/A (sky130_fd_sc_hd__buf_2)
     1    0.03    0.15    0.33    2.12 v output16/X (sky130_fd_sc_hd__buf_2)
                                         retention_restore (net)
                  0.15    0.00    2.12 v retention_restore (out)
                                  2.12   data arrival time

                         10.00   10.00   clock clk (rise edge)
                          0.50   10.50   clock network delay (propagated)
                         -0.30   10.20   clock uncertainty
                          0.00   10.20   clock reconvergence pessimism
                         -2.50    7.70   output external delay
                                  7.70   data required time
-----------------------------------------------------------------------------
                                  7.70   data required time
                                 -2.12   data arrival time
-----------------------------------------------------------------------------
                                  5.58   slack (MET)


Startpoint: pwr_stable (input port clocked by clk)
Endpoint: _258_ (rising edge-triggered flip-flop clocked by clk)
Path Group: clk
Path Type: max
Corner: Slowest

Fanout     Cap    Slew   Delay    Time   Description
-----------------------------------------------------------------------------
                          0.00    0.00   clock clk (rise edge)
                          0.50    0.50   clock network delay (propagated)
                          3.00    3.50 ^ input external delay
     1    0.00    0.04    0.01    3.51 ^ pwr_stable (in)
                                         pwr_stable (net)
                  0.04    0.00    3.51 ^ input2/A (sky130_fd_sc_hd__clkbuf_1)
     1    0.01    0.12    0.17    3.69 ^ input2/X (sky130_fd_sc_hd__clkbuf_1)
                                         net2 (net)
                  0.12    0.00    3.69 ^ _158_/A (sky130_fd_sc_hd__nand2_1)
     2    0.01    0.13    0.16    3.85 v _158_/Y (sky130_fd_sc_hd__nand2_1)
                                         _095_ (net)
                  0.13    0.00    3.85 v _159_/B1_N (sky130_fd_sc_hd__o21bai_1)
     1    0.00    0.10    0.34    4.19 v _159_/Y (sky130_fd_sc_hd__o21bai_1)
                                         _096_ (net)
                  0.10    0.00    4.19 v _160_/A (sky130_fd_sc_hd__nand2_1)
     1    0.00    0.07    0.11    4.30 ^ _160_/Y (sky130_fd_sc_hd__nand2_1)
                                         _097_ (net)
                  0.07    0.00    4.30 ^ _166_/A (sky130_fd_sc_hd__nand2_1)
     2    0.01    0.11    0.13    4.42 v _166_/Y (sky130_fd_sc_hd__nand2_1)
                                         _103_ (net)
                  0.11    0.00    4.42 v _178_/B (sky130_fd_sc_hd__nor2_1)
     2    0.01    0.21    0.22    4.65 ^ _178_/Y (sky130_fd_sc_hd__nor2_1)
                                         _014_ (net)
                  0.21    0.00    4.65 ^ _187_/A (sky130_fd_sc_hd__nand2_1)
     1    0.00    0.09    0.15    4.80 v _187_/Y (sky130_fd_sc_hd__nand2_1)
                                         next_state[2] (net)
                  0.09    0.00    4.80 v _258_/D (sky130_fd_sc_hd__dfrtp_4)
                                  4.80   data arrival time

                         10.00   10.00   clock clk (rise edge)
                          0.50   10.50   clock source latency
     1    0.02    0.09    0.06   10.56 ^ clk (in)
                                         clk (net)
                  0.09    0.00   10.56 ^ clkbuf_0_clk/A (sky130_fd_sc_hd__clkbuf_16)
     2    0.02    0.07    0.23   10.80 ^ clkbuf_0_clk/X (sky130_fd_sc_hd__clkbuf_16)
                                         clknet_0_clk (net)
                  0.07    0.00   10.80 ^ clkbuf_1_0__f_clk/A (sky130_fd_sc_hd__clkbuf_16)
    16    0.05    0.10    0.25   11.05 ^ clkbuf_1_0__f_clk/X (sky130_fd_sc_hd__clkbuf_16)
                                         clknet_1_0__leaf_clk (net)
                  0.10    0.00   11.05 ^ _258_/CLK (sky130_fd_sc_hd__dfrtp_4)
                         -0.30   10.75   clock uncertainty
                          0.00   10.75   clock reconvergence pessimism
                         -0.27   10.48   library setup time
                                 10.48   data required time
-----------------------------------------------------------------------------
                                 10.48   data required time
                                 -4.80   data arrival time
-----------------------------------------------------------------------------
                                  5.68   slack (MET)


Startpoint: _239_ (rising edge-triggered flip-flop clocked by clk)
Endpoint: dvfs_ctrl[1] (output port clocked by clk)
Path Group: clk
Path Type: max
Corner: Slowest

Fanout     Cap    Slew   Delay    Time   Description
-----------------------------------------------------------------------------
                          0.00    0.00   clock clk (rise edge)
                          0.50    0.50   clock source latency
     1    0.02    0.09    0.06    0.56 ^ clk (in)
                                         clk (net)
                  0.09    0.00    0.56 ^ clkbuf_0_clk/A (sky130_fd_sc_hd__clkbuf_16)
     2    0.02    0.07    0.23    0.80 ^ clkbuf_0_clk/X (sky130_fd_sc_hd__clkbuf_16)
                                         clknet_0_clk (net)
                  0.07    0.00    0.80 ^ clkbuf_1_1__f_clk/A (sky130_fd_sc_hd__clkbuf_16)
    13    0.05    0.10    0.26    1.05 ^ clkbuf_1_1__f_clk/X (sky130_fd_sc_hd__clkbuf_16)
                                         clknet_1_1__leaf_clk (net)
                  0.10    0.00    1.05 ^ _239_/CLK (sky130_fd_sc_hd__dfstp_1)
     1    0.00    0.08    1.08    2.13 ^ _239_/Q (sky130_fd_sc_hd__dfstp_1)
                                         net9 (net)
                  0.08    0.00    2.13 ^ output9/A (sky130_fd_sc_hd__clkbuf_2)
     1    0.02    0.18    0.28    2.41 ^ output9/X (sky130_fd_sc_hd__clkbuf_2)
                                         dvfs_ctrl[1] (net)
                  0.18    0.00    2.41 ^ dvfs_ctrl[1] (out)
                                  2.41   data arrival time

                         10.00   10.00   clock clk (rise edge)
                          0.50   10.50   clock network delay (propagated)
                         -0.30   10.20   clock uncertainty
                          0.00   10.20   clock reconvergence pessimism
                         -2.00    8.20   output external delay
                                  8.20   data required time
-----------------------------------------------------------------------------
                                  8.20   data required time
                                 -2.41   data arrival time
-----------------------------------------------------------------------------
                                  5.79   slack (MET)


Startpoint: _248_ (rising edge-triggered flip-flop clocked by clk)
Endpoint: clk_gate_en (output port clocked by clk)
Path Group: clk
Path Type: max
Corner: Slowest

Fanout     Cap    Slew   Delay    Time   Description
-----------------------------------------------------------------------------
                          0.00    0.00   clock clk (rise edge)
                          0.50    0.50   clock source latency
     1    0.02    0.09    0.06    0.56 ^ clk (in)
                                         clk (net)
                  0.09    0.00    0.56 ^ clkbuf_0_clk/A (sky130_fd_sc_hd__clkbuf_16)
     2    0.02    0.07    0.23    0.80 ^ clkbuf_0_clk/X (sky130_fd_sc_hd__clkbuf_16)
                                         clknet_0_clk (net)
                  0.07    0.00    0.80 ^ clkbuf_1_0__f_clk/A (sky130_fd_sc_hd__clkbuf_16)
    16    0.05    0.10    0.25    1.05 ^ clkbuf_1_0__f_clk/X (sky130_fd_sc_hd__clkbuf_16)
                                         clknet_1_0__leaf_clk (net)
                  0.10    0.00    1.05 ^ _248_/CLK (sky130_fd_sc_hd__dfrtp_1)
     1    0.00    0.07    0.74    1.80 v _248_/Q (sky130_fd_sc_hd__dfrtp_1)
                                         net8 (net)
                  0.08    0.00    1.80 v output8/A (sky130_fd_sc_hd__buf_4)
     1    0.05    0.14    0.34    2.14 v output8/X (sky130_fd_sc_hd__buf_4)
                                         clk_gate_en (net)
                  0.14    0.00    2.14 v clk_gate_en (out)
                                  2.14   data arrival time

                         10.00   10.00   clock clk (rise edge)
                          0.50   10.50   clock network delay (propagated)
                         -0.30   10.20   clock uncertainty
                          0.00   10.20   clock reconvergence pessimism
                         -2.00    8.20   output external delay
                                  8.20   data required time
-----------------------------------------------------------------------------
                                  8.20   data required time
                                 -2.14   data arrival time
-----------------------------------------------------------------------------
                                  6.06   slack (MET)


Startpoint: _250_ (rising edge-triggered flip-flop clocked by clk)
Endpoint: retention_en (output port clocked by clk)
Path Group: clk
Path Type: max
Corner: Slowest

Fanout     Cap    Slew   Delay    Time   Description
-----------------------------------------------------------------------------
                          0.00    0.00   clock clk (rise edge)
                          0.50    0.50   clock source latency
     1    0.02    0.09    0.06    0.56 ^ clk (in)
                                         clk (net)
                  0.09    0.00    0.56 ^ clkbuf_0_clk/A (sky130_fd_sc_hd__clkbuf_16)
     2    0.02    0.07    0.23    0.80 ^ clkbuf_0_clk/X (sky130_fd_sc_hd__clkbuf_16)
                                         clknet_0_clk (net)
                  0.07    0.00    0.80 ^ clkbuf_1_0__f_clk/A (sky130_fd_sc_hd__clkbuf_16)
    16    0.05    0.10    0.25    1.05 ^ clkbuf_1_0__f_clk/X (sky130_fd_sc_hd__clkbuf_16)
                                         clknet_1_0__leaf_clk (net)
                  0.10    0.00    1.05 ^ _250_/CLK (sky130_fd_sc_hd__dfrtp_1)
     1    0.00    0.08    0.75    1.80 v _250_/Q (sky130_fd_sc_hd__dfrtp_1)
                                         net15 (net)
                  0.08    0.00    1.80 v output15/A (sky130_fd_sc_hd__buf_4)
     1    0.05    0.14    0.34    2.14 v output15/X (sky130_fd_sc_hd__buf_4)
                                         retention_en (net)
                  0.14    0.00    2.14 v retention_en (out)
                                  2.14   data arrival time

                         10.00   10.00   clock clk (rise edge)
                          0.50   10.50   clock network delay (propagated)
                         -0.30   10.20   clock uncertainty
                          0.00   10.20   clock reconvergence pessimism
                         -2.00    8.20   output external delay
                                  8.20   data required time
-----------------------------------------------------------------------------
                                  8.20   data required time
                                 -2.14   data arrival time
-----------------------------------------------------------------------------
                                  6.06   slack (MET)


Startpoint: _249_ (rising edge-triggered flip-flop clocked by clk)
Endpoint: pwr_gate_en (output port clocked by clk)
Path Group: clk
Path Type: max
Corner: Slowest

Fanout     Cap    Slew   Delay    Time   Description
-----------------------------------------------------------------------------
                          0.00    0.00   clock clk (rise edge)
                          0.50    0.50   clock source latency
     1    0.02    0.09    0.06    0.56 ^ clk (in)
                                         clk (net)
                  0.09    0.00    0.56 ^ clkbuf_0_clk/A (sky130_fd_sc_hd__clkbuf_16)
     2    0.02    0.07    0.23    0.80 ^ clkbuf_0_clk/X (sky130_fd_sc_hd__clkbuf_16)
                                         clknet_0_clk (net)
                  0.07    0.00    0.80 ^ clkbuf_1_0__f_clk/A (sky130_fd_sc_hd__clkbuf_16)
    16    0.05    0.10    0.25    1.05 ^ clkbuf_1_0__f_clk/X (sky130_fd_sc_hd__clkbuf_16)
                                         clknet_1_0__leaf_clk (net)
                  0.10    0.00    1.05 ^ _249_/CLK (sky130_fd_sc_hd__dfrtp_1)
     1    0.00    0.07    0.74    1.80 v _249_/Q (sky130_fd_sc_hd__dfrtp_1)
                                         net11 (net)
                  0.07    0.00    1.80 v output11/A (sky130_fd_sc_hd__buf_4)
     1    0.05    0.14    0.34    2.13 v output11/X (sky130_fd_sc_hd__buf_4)
                                         pwr_gate_en (net)
                  0.14    0.00    2.13 v pwr_gate_en (out)
                                  2.13   data arrival time

                         10.00   10.00   clock clk (rise edge)
                          0.50   10.50   clock network delay (propagated)
                         -0.30   10.20   clock uncertainty
                          0.00   10.20   clock reconvergence pessimism
                         -2.00    8.20   output external delay
                                  8.20   data required time
-----------------------------------------------------------------------------
                                  8.20   data required time
                                 -2.13   data arrival time
-----------------------------------------------------------------------------
                                  6.07   slack (MET)


Startpoint: _254_ (rising edge-triggered flip-flop clocked by clk)
Endpoint: pwr_state[0] (output port clocked by clk)
Path Group: clk
Path Type: max
Corner: Slowest

Fanout     Cap    Slew   Delay    Time   Description
-----------------------------------------------------------------------------
                          0.00    0.00   clock clk (rise edge)
                          0.50    0.50   clock source latency
     1    0.02    0.09    0.06    0.56 ^ clk (in)
                                         clk (net)
                  0.09    0.00    0.56 ^ clkbuf_0_clk/A (sky130_fd_sc_hd__clkbuf_16)
     2    0.02    0.07    0.23    0.80 ^ clkbuf_0_clk/X (sky130_fd_sc_hd__clkbuf_16)
                                         clknet_0_clk (net)
                  0.07    0.00    0.80 ^ clkbuf_1_1__f_clk/A (sky130_fd_sc_hd__clkbuf_16)
    13    0.05    0.10    0.26    1.05 ^ clkbuf_1_1__f_clk/X (sky130_fd_sc_hd__clkbuf_16)
                                         clknet_1_1__leaf_clk (net)
                  0.10    0.00    1.05 ^ _254_/CLK (sky130_fd_sc_hd__dfrtp_1)
     1    0.00    0.07    0.74    1.79 v _254_/Q (sky130_fd_sc_hd__dfrtp_1)
                                         net12 (net)
                  0.07    0.00    1.79 v output12/A (sky130_fd_sc_hd__clkbuf_2)
     1    0.02    0.15    0.27    2.07 v output12/X (sky130_fd_sc_hd__clkbuf_2)
                                         pwr_state[0] (net)
                  0.15    0.00    2.07 v pwr_state[0] (out)
                                  2.07   data arrival time

                         10.00   10.00   clock clk (rise edge)
                          0.50   10.50   clock network delay (propagated)
                         -0.30   10.20   clock uncertainty
                          0.00   10.20   clock reconvergence pessimism
                         -2.00    8.20   output external delay
                                  8.20   data required time
-----------------------------------------------------------------------------
                                  8.20   data required time
                                 -2.07   data arrival time
-----------------------------------------------------------------------------
                                  6.13   slack (MET)


Startpoint: _255_ (rising edge-triggered flip-flop clocked by clk)
Endpoint: pwr_state[1] (output port clocked by clk)
Path Group: clk
Path Type: max
Corner: Slowest

Fanout     Cap    Slew   Delay    Time   Description
-----------------------------------------------------------------------------
                          0.00    0.00   clock clk (rise edge)
                          0.50    0.50   clock source latency
     1    0.02    0.09    0.06    0.56 ^ clk (in)
                                         clk (net)
                  0.09    0.00    0.56 ^ clkbuf_0_clk/A (sky130_fd_sc_hd__clkbuf_16)
     2    0.02    0.07    0.23    0.80 ^ clkbuf_0_clk/X (sky130_fd_sc_hd__clkbuf_16)
                                         clknet_0_clk (net)
                  0.07    0.00    0.80 ^ clkbuf_1_1__f_clk/A (sky130_fd_sc_hd__clkbuf_16)
    13    0.05    0.10    0.26    1.05 ^ clkbuf_1_1__f_clk/X (sky130_fd_sc_hd__clkbuf_16)
                                         clknet_1_1__leaf_clk (net)
                  0.10    0.00    1.05 ^ _255_/CLK (sky130_fd_sc_hd__dfrtp_1)
     1    0.00    0.07    0.74    1.79 v _255_/Q (sky130_fd_sc_hd__dfrtp_1)
                                         net13 (net)
                  0.07    0.00    1.79 v output13/A (sky130_fd_sc_hd__clkbuf_2)
     1    0.02    0.15    0.27    2.07 v output13/X (sky130_fd_sc_hd__clkbuf_2)
                                         pwr_state[1] (net)
                  0.15    0.00    2.07 v pwr_state[1] (out)
                                  2.07   data arrival time

                         10.00   10.00   clock clk (rise edge)
                          0.50   10.50   clock network delay (propagated)
                         -0.30   10.20   clock uncertainty
                          0.00   10.20   clock reconvergence pessimism
                         -2.00    8.20   output external delay
                                  8.20   data required time
-----------------------------------------------------------------------------
                                  8.20   data required time
                                 -2.07   data arrival time
-----------------------------------------------------------------------------
                                  6.13   slack (MET)


Startpoint: _258_ (rising edge-triggered flip-flop clocked by clk)
Endpoint: _255_ (rising edge-triggered flip-flop clocked by clk)
Path Group: clk
Path Type: max
Corner: Slowest

Fanout     Cap    Slew   Delay    Time   Description
-----------------------------------------------------------------------------
                          0.00    0.00   clock clk (rise edge)
                          0.50    0.50   clock source latency
     1    0.02    0.09    0.06    0.56 ^ clk (in)
                                         clk (net)
                  0.09    0.00    0.56 ^ clkbuf_0_clk/A (sky130_fd_sc_hd__clkbuf_16)
     2    0.02    0.07    0.23    0.80 ^ clkbuf_0_clk/X (sky130_fd_sc_hd__clkbuf_16)
                                         clknet_0_clk (net)
                  0.07    0.00    0.80 ^ clkbuf_1_0__f_clk/A (sky130_fd_sc_hd__clkbuf_16)
    16    0.05    0.10    0.25    1.05 ^ clkbuf_1_0__f_clk/X (sky130_fd_sc_hd__clkbuf_16)
                                         clknet_1_0__leaf_clk (net)
                  0.10    0.00    1.05 ^ _258_/CLK (sky130_fd_sc_hd__dfrtp_4)
     8    0.04    0.20    1.12    2.18 v _258_/Q (sky130_fd_sc_hd__dfrtp_4)
                                         curr_state[2] (net)
                  0.20    0.00    2.18 v _124_/A (sky130_fd_sc_hd__inv_6)
     6    0.02    0.10    0.17    2.35 ^ _124_/Y (sky130_fd_sc_hd__inv_6)
                                         _064_ (net)
                  0.10    0.00    2.35 ^ _125_/B (sky130_fd_sc_hd__nor2_1)
     3    0.01    0.10    0.12    2.47 v _125_/Y (sky130_fd_sc_hd__nor2_1)
                                         _065_ (net)
                  0.10    0.00    2.47 v _170_/A (sky130_fd_sc_hd__and2_1)
     3    0.01    0.14    0.37    2.84 v _170_/X (sky130_fd_sc_hd__and2_1)
                                         _107_ (net)
                  0.14    0.00    2.84 v _193_/B (sky130_fd_sc_hd__nor2_1)
     2    0.00    0.17    0.20    3.04 ^ _193_/Y (sky130_fd_sc_hd__nor2_1)
                                         _024_ (net)
                  0.17    0.00    3.04 ^ _194_/C_N (sky130_fd_sc_hd__or3b_1)
     1    0.01    0.18    0.89    3.93 v _194_/X (sky130_fd_sc_hd__or3b_1)
                                         _025_ (net)
                  0.18    0.00    3.93 v _195_/A (sky130_fd_sc_hd__clkbuf_1)
     1    0.00    0.05    0.21    4.14 v _195_/X (sky130_fd_sc_hd__clkbuf_1)
                                         _113_ (net)
                  0.05    0.00    4.14 v _255_/D (sky130_fd_sc_hd__dfrtp_1)
                                  4.14   data arrival time

                         10.00   10.00   clock clk (rise edge)
                          0.50   10.50   clock source latency
     1    0.02    0.09    0.06   10.56 ^ clk (in)
                                         clk (net)
                  0.09    0.00   10.56 ^ clkbuf_0_clk/A (sky130_fd_sc_hd__clkbuf_16)
     2    0.02    0.07    0.23   10.80 ^ clkbuf_0_clk/X (sky130_fd_sc_hd__clkbuf_16)
                                         clknet_0_clk (net)
                  0.07    0.00   10.80 ^ clkbuf_1_1__f_clk/A (sky130_fd_sc_hd__clkbuf_16)
    13    0.05    0.10    0.26   11.05 ^ clkbuf_1_1__f_clk/X (sky130_fd_sc_hd__clkbuf_16)
                                         clknet_1_1__leaf_clk (net)
                  0.10    0.00   11.05 ^ _255_/CLK (sky130_fd_sc_hd__dfrtp_1)
                         -0.30   10.75   clock uncertainty
                          0.00   10.75   clock reconvergence pessimism
                         -0.26   10.49   library setup time
                                 10.49   data required time
-----------------------------------------------------------------------------
                                 10.49   data required time
                                 -4.14   data arrival time
-----------------------------------------------------------------------------
                                  6.36   slack (MET)


Startpoint: _246_ (rising edge-triggered flip-flop clocked by clk)
Endpoint: _250_ (rising edge-triggered flip-flop clocked by clk)
Path Group: clk
Path Type: max
Corner: Slowest

Fanout     Cap    Slew   Delay    Time   Description
-----------------------------------------------------------------------------
                          0.00    0.00   clock clk (rise edge)
                          0.50    0.50   clock source latency
     1    0.02    0.09    0.06    0.56 ^ clk (in)
                                         clk (net)
                  0.09    0.00    0.56 ^ clkbuf_0_clk/A (sky130_fd_sc_hd__clkbuf_16)
     2    0.02    0.07    0.23    0.80 ^ clkbuf_0_clk/X (sky130_fd_sc_hd__clkbuf_16)
                                         clknet_0_clk (net)
                  0.07    0.00    0.80 ^ clkbuf_1_1__f_clk/A (sky130_fd_sc_hd__clkbuf_16)
    13    0.05    0.10    0.26    1.05 ^ clkbuf_1_1__f_clk/X (sky130_fd_sc_hd__clkbuf_16)
                                         clknet_1_1__leaf_clk (net)
                  0.10    0.00    1.05 ^ _246_/CLK (sky130_fd_sc_hd__dfrtp_1)
     3    0.01    0.13    0.80    1.86 v _246_/Q (sky130_fd_sc_hd__dfrtp_1)
                                         seq_timer[6] (net)
                  0.13    0.00    1.86 v _121_/A (sky130_fd_sc_hd__nor2_1)
     2    0.01    0.24    0.27    2.13 ^ _121_/Y (sky130_fd_sc_hd__nor2_1)
                                         _061_ (net)
                  0.24    0.00    2.13 ^ _134_/B (sky130_fd_sc_hd__nand3_1)
     2    0.01    0.18    0.27    2.40 v _134_/Y (sky130_fd_sc_hd__nand3_1)
                                         _074_ (net)
                  0.18    0.00    2.40 v _135_/C (sky130_fd_sc_hd__or3_1)
     1    0.01    0.17    0.81    3.20 v _135_/X (sky130_fd_sc_hd__or3_1)
                                         _075_ (net)
                  0.17    0.00    3.20 v _136_/A (sky130_fd_sc_hd__inv_2)
     3    0.01    0.10    0.15    3.35 ^ _136_/Y (sky130_fd_sc_hd__inv_2)
                                         _076_ (net)
                  0.10    0.00    3.35 ^ _197_/A2 (sky130_fd_sc_hd__o21ai_1)
     1    0.00    0.11    0.13    3.49 v _197_/Y (sky130_fd_sc_hd__o21ai_1)
                                         _116_ (net)
                  0.11    0.00    3.49 v _250_/D (sky130_fd_sc_hd__dfrtp_1)
                                  3.49   data arrival time

                         10.00   10.00   clock clk (rise edge)
                          0.50   10.50   clock source latency
     1    0.02    0.09    0.06   10.56 ^ clk (in)
                                         clk (net)
                  0.09    0.00   10.56 ^ clkbuf_0_clk/A (sky130_fd_sc_hd__clkbuf_16)
     2    0.02    0.07    0.23   10.80 ^ clkbuf_0_clk/X (sky130_fd_sc_hd__clkbuf_16)
                                         clknet_0_clk (net)
                  0.07    0.00   10.80 ^ clkbuf_1_0__f_clk/A (sky130_fd_sc_hd__clkbuf_16)
    16    0.05    0.10    0.25   11.05 ^ clkbuf_1_0__f_clk/X (sky130_fd_sc_hd__clkbuf_16)
                                         clknet_1_0__leaf_clk (net)
                  0.10    0.00   11.05 ^ _250_/CLK (sky130_fd_sc_hd__dfrtp_1)
                         -0.30   10.75   clock uncertainty
                          0.00   10.75   clock reconvergence pessimism
                         -0.28   10.47   library setup time
                                 10.47   data required time
-----------------------------------------------------------------------------
                                 10.47   data required time
                                 -3.49   data arrival time
-----------------------------------------------------------------------------
                                  6.98   slack (MET)


Startpoint: _246_ (rising edge-triggered flip-flop clocked by clk)
Endpoint: _252_ (rising edge-triggered flip-flop clocked by clk)
Path Group: clk
Path Type: max
Corner: Slowest

Fanout     Cap    Slew   Delay    Time   Description
-----------------------------------------------------------------------------
                          0.00    0.00   clock clk (rise edge)
                          0.50    0.50   clock source latency
     1    0.02    0.09    0.06    0.56 ^ clk (in)
                                         clk (net)
                  0.09    0.00    0.56 ^ clkbuf_0_clk/A (sky130_fd_sc_hd__clkbuf_16)
     2    0.02    0.07    0.23    0.80 ^ clkbuf_0_clk/X (sky130_fd_sc_hd__clkbuf_16)
                                         clknet_0_clk (net)
                  0.07    0.00    0.80 ^ clkbuf_1_1__f_clk/A (sky130_fd_sc_hd__clkbuf_16)
    13    0.05    0.10    0.26    1.05 ^ clkbuf_1_1__f_clk/X (sky130_fd_sc_hd__clkbuf_16)
                                         clknet_1_1__leaf_clk (net)
                  0.10    0.00    1.05 ^ _246_/CLK (sky130_fd_sc_hd__dfrtp_1)
     3    0.01    0.13    0.80    1.86 v _246_/Q (sky130_fd_sc_hd__dfrtp_1)
                                         seq_timer[6] (net)
                  0.13    0.00    1.86 v _121_/A (sky130_fd_sc_hd__nor2_1)
     2    0.01    0.24    0.27    2.13 ^ _121_/Y (sky130_fd_sc_hd__nor2_1)
                                         _061_ (net)
                  0.24    0.00    2.13 ^ _134_/B (sky130_fd_sc_hd__nand3_1)
     2    0.01    0.18    0.27    2.40 v _134_/Y (sky130_fd_sc_hd__nand3_1)
                                         _074_ (net)
                  0.18    0.00    2.40 v _135_/C (sky130_fd_sc_hd__or3_1)
     1    0.01    0.17    0.81    3.20 v _135_/X (sky130_fd_sc_hd__or3_1)
                                         _075_ (net)
                  0.17    0.00    3.20 v _136_/A (sky130_fd_sc_hd__inv_2)
     3    0.01    0.10    0.15    3.35 ^ _136_/Y (sky130_fd_sc_hd__inv_2)
                                         _076_ (net)
                  0.10    0.00    3.35 ^ _137_/B (sky130_fd_sc_hd__nor2_1)
     1    0.00    0.05    0.08    3.43 v _137_/Y (sky130_fd_sc_hd__nor2_1)
                                         _114_ (net)
                  0.05    0.00    3.43 v _252_/D (sky130_fd_sc_hd__dfrtp_1)
                                  3.43   data arrival time

                         10.00   10.00   clock clk (rise edge)
                          0.50   10.50   clock source latency
     1    0.02    0.09    0.06   10.56 ^ clk (in)
                                         clk (net)
                  0.09    0.00   10.56 ^ clkbuf_0_clk/A (sky130_fd_sc_hd__clkbuf_16)
     2    0.02    0.07    0.23   10.80 ^ clkbuf_0_clk/X (sky130_fd_sc_hd__clkbuf_16)
                                         clknet_0_clk (net)
                  0.07    0.00   10.80 ^ clkbuf_1_0__f_clk/A (sky130_fd_sc_hd__clkbuf_16)
    16    0.05    0.10    0.25   11.05 ^ clkbuf_1_0__f_clk/X (sky130_fd_sc_hd__clkbuf_16)
                                         clknet_1_0__leaf_clk (net)
                  0.10    0.00   11.05 ^ _252_/CLK (sky130_fd_sc_hd__dfrtp_1)
                         -0.30   10.75   clock uncertainty
                          0.00   10.75   clock reconvergence pessimism
                         -0.26   10.49   library setup time
                                 10.49   data required time
-----------------------------------------------------------------------------
                                 10.49   data required time
                                 -3.43   data arrival time
-----------------------------------------------------------------------------
                                  7.06   slack (MET)


Startpoint: _246_ (rising edge-triggered flip-flop clocked by clk)
Endpoint: _253_ (rising edge-triggered flip-flop clocked by clk)
Path Group: clk
Path Type: max
Corner: Slowest

Fanout     Cap    Slew   Delay    Time   Description
-----------------------------------------------------------------------------
                          0.00    0.00   clock clk (rise edge)
                          0.50    0.50   clock source latency
     1    0.02    0.09    0.06    0.56 ^ clk (in)
                                         clk (net)
                  0.09    0.00    0.56 ^ clkbuf_0_clk/A (sky130_fd_sc_hd__clkbuf_16)
     2    0.02    0.07    0.23    0.80 ^ clkbuf_0_clk/X (sky130_fd_sc_hd__clkbuf_16)
                                         clknet_0_clk (net)
                  0.07    0.00    0.80 ^ clkbuf_1_1__f_clk/A (sky130_fd_sc_hd__clkbuf_16)
    13    0.05    0.10    0.26    1.05 ^ clkbuf_1_1__f_clk/X (sky130_fd_sc_hd__clkbuf_16)
                                         clknet_1_1__leaf_clk (net)
                  0.10    0.00    1.05 ^ _246_/CLK (sky130_fd_sc_hd__dfrtp_1)
     3    0.01    0.13    0.80    1.86 v _246_/Q (sky130_fd_sc_hd__dfrtp_1)
                                         seq_timer[6] (net)
                  0.13    0.00    1.86 v _121_/A (sky130_fd_sc_hd__nor2_1)
     2    0.01    0.24    0.27    2.13 ^ _121_/Y (sky130_fd_sc_hd__nor2_1)
                                         _061_ (net)
                  0.24    0.00    2.13 ^ _134_/B (sky130_fd_sc_hd__nand3_1)
     2    0.01    0.18    0.27    2.40 v _134_/Y (sky130_fd_sc_hd__nand3_1)
                                         _074_ (net)
                  0.18    0.00    2.40 v _135_/C (sky130_fd_sc_hd__or3_1)
     1    0.01    0.17    0.81    3.20 v _135_/X (sky130_fd_sc_hd__or3_1)
                                         _075_ (net)
                  0.17    0.00    3.20 v _136_/A (sky130_fd_sc_hd__inv_2)
     3    0.01    0.10    0.15    3.35 ^ _136_/Y (sky130_fd_sc_hd__inv_2)
                                         _076_ (net)
                  0.10    0.00    3.35 ^ _196_/A1 (sky130_fd_sc_hd__a21o_1)
     1    0.00    0.06    0.20    3.56 ^ _196_/X (sky130_fd_sc_hd__a21o_1)
                                         _115_ (net)
                  0.06    0.00    3.56 ^ _253_/D (sky130_fd_sc_hd__dfrtp_1)
                                  3.56   data arrival time

                         10.00   10.00   clock clk (rise edge)
                          0.50   10.50   clock source latency
     1    0.02    0.09    0.06   10.56 ^ clk (in)
                                         clk (net)
                  0.09    0.00   10.56 ^ clkbuf_0_clk/A (sky130_fd_sc_hd__clkbuf_16)
     2    0.02    0.07    0.23   10.80 ^ clkbuf_0_clk/X (sky130_fd_sc_hd__clkbuf_16)
                                         clknet_0_clk (net)
                  0.07    0.00   10.80 ^ clkbuf_1_1__f_clk/A (sky130_fd_sc_hd__clkbuf_16)
    13    0.05    0.10    0.26   11.05 ^ clkbuf_1_1__f_clk/X (sky130_fd_sc_hd__clkbuf_16)
                                         clknet_1_1__leaf_clk (net)
                  0.10    0.00   11.05 ^ _253_/CLK (sky130_fd_sc_hd__dfrtp_1)
                         -0.30   10.75   clock uncertainty
                          0.00   10.75   clock reconvergence pessimism
                         -0.12   10.63   library setup time
                                 10.63   data required time
-----------------------------------------------------------------------------
                                 10.63   data required time
                                 -3.56   data arrival time
-----------------------------------------------------------------------------
                                  7.07   slack (MET)


Startpoint: _256_ (rising edge-triggered flip-flop clocked by clk)
Endpoint: _256_ (rising edge-triggered flip-flop clocked by clk)
Path Group: clk
Path Type: max
Corner: Slowest

Fanout     Cap    Slew   Delay    Time   Description
-----------------------------------------------------------------------------
                          0.00    0.00   clock clk (rise edge)
                          0.50    0.50   clock source latency
     1    0.02    0.09    0.06    0.56 ^ clk (in)
                                         clk (net)
                  0.09    0.00    0.56 ^ clkbuf_0_clk/A (sky130_fd_sc_hd__clkbuf_16)
     2    0.02    0.07    0.23    0.80 ^ clkbuf_0_clk/X (sky130_fd_sc_hd__clkbuf_16)
                                         clknet_0_clk (net)
                  0.07    0.00    0.80 ^ clkbuf_1_0__f_clk/A (sky130_fd_sc_hd__clkbuf_16)
    16    0.05    0.10    0.25    1.05 ^ clkbuf_1_0__f_clk/X (sky130_fd_sc_hd__clkbuf_16)
                                         clknet_1_0__leaf_clk (net)
                  0.10    0.00    1.05 ^ _256_/CLK (sky130_fd_sc_hd__dfrtp_4)
     8    0.03    0.18    1.09    2.15 v _256_/Q (sky130_fd_sc_hd__dfrtp_4)
                                         curr_state[0] (net)
                  0.18    0.00    2.15 v _138_/A (sky130_fd_sc_hd__nand2_1)
     3    0.01    0.22    0.25    2.40 ^ _138_/Y (sky130_fd_sc_hd__nand2_1)
                                         _077_ (net)
                  0.22    0.00    2.40 ^ _142_/B1 (sky130_fd_sc_hd__o21a_1)
     1    0.00    0.08    0.29    2.69 ^ _142_/X (sky130_fd_sc_hd__o21a_1)
                                         _080_ (net)
                  0.08    0.00    2.69 ^ _149_/A (sky130_fd_sc_hd__nand2_1)
     1    0.00    0.08    0.10    2.79 v _149_/Y (sky130_fd_sc_hd__nand2_1)
                                         _087_ (net)
                  0.08    0.00    2.79 v _151_/A (sky130_fd_sc_hd__nand2_1)
     1    0.00    0.08    0.10    2.89 ^ _151_/Y (sky130_fd_sc_hd__nand2_1)
                                         _089_ (net)
                  0.08    0.00    2.89 ^ _154_/A (sky130_fd_sc_hd__nand2_1)
     2    0.01    0.11    0.13    3.02 v _154_/Y (sky130_fd_sc_hd__nand2_1)
                                         _092_ (net)
                  0.11    0.00    3.02 v _156_/A (sky130_fd_sc_hd__nand2_1)
     2    0.01    0.14    0.16    3.18 ^ _156_/Y (sky130_fd_sc_hd__nand2_1)
                                         _094_ (net)
                  0.14    0.00    3.18 ^ _157_/A (sky130_fd_sc_hd__inv_2)
     1    0.00    0.03    0.07    3.26 v _157_/Y (sky130_fd_sc_hd__inv_2)
                                         next_state[0] (net)
                  0.03    0.00    3.26 v _256_/D (sky130_fd_sc_hd__dfrtp_4)
                                  3.26   data arrival time

                         10.00   10.00   clock clk (rise edge)
                          0.50   10.50   clock source latency
     1    0.02    0.09    0.06   10.56 ^ clk (in)
                                         clk (net)
                  0.09    0.00   10.56 ^ clkbuf_0_clk/A (sky130_fd_sc_hd__clkbuf_16)
     2    0.02    0.07    0.23   10.80 ^ clkbuf_0_clk/X (sky130_fd_sc_hd__clkbuf_16)
                                         clknet_0_clk (net)
                  0.07    0.00   10.80 ^ clkbuf_1_0__f_clk/A (sky130_fd_sc_hd__clkbuf_16)
    16    0.05    0.10    0.25   11.05 ^ clkbuf_1_0__f_clk/X (sky130_fd_sc_hd__clkbuf_16)
                                         clknet_1_0__leaf_clk (net)
                  0.10    0.00   11.05 ^ _256_/CLK (sky130_fd_sc_hd__dfrtp_4)
                         -0.30   10.75   clock uncertainty
                          0.00   10.75   clock reconvergence pessimism
                         -0.25   10.50   library setup time
                                 10.50   data required time
-----------------------------------------------------------------------------
                                 10.50   data required time
                                 -3.26   data arrival time
-----------------------------------------------------------------------------
                                  7.24   slack (MET)


Startpoint: _246_ (rising edge-triggered flip-flop clocked by clk)
Endpoint: _251_ (rising edge-triggered flip-flop clocked by clk)
Path Group: clk
Path Type: max
Corner: Slowest

Fanout     Cap    Slew   Delay    Time   Description
-----------------------------------------------------------------------------
                          0.00    0.00   clock clk (rise edge)
                          0.50    0.50   clock source latency
     1    0.02    0.09    0.06    0.56 ^ clk (in)
                                         clk (net)
                  0.09    0.00    0.56 ^ clkbuf_0_clk/A (sky130_fd_sc_hd__clkbuf_16)
     2    0.02    0.07    0.23    0.80 ^ clkbuf_0_clk/X (sky130_fd_sc_hd__clkbuf_16)
                                         clknet_0_clk (net)
                  0.07    0.00    0.80 ^ clkbuf_1_1__f_clk/A (sky130_fd_sc_hd__clkbuf_16)
    13    0.05    0.10    0.26    1.05 ^ clkbuf_1_1__f_clk/X (sky130_fd_sc_hd__clkbuf_16)
                                         clknet_1_1__leaf_clk (net)
                  0.10    0.00    1.05 ^ _246_/CLK (sky130_fd_sc_hd__dfrtp_1)
     3    0.01    0.13    0.80    1.86 v _246_/Q (sky130_fd_sc_hd__dfrtp_1)
                                         seq_timer[6] (net)
                  0.13    0.00    1.86 v _121_/A (sky130_fd_sc_hd__nor2_1)
     2    0.01    0.24    0.27    2.13 ^ _121_/Y (sky130_fd_sc_hd__nor2_1)
                                         _061_ (net)
                  0.24    0.00    2.13 ^ _122_/B (sky130_fd_sc_hd__nand2_1)
     3    0.01    0.17    0.25    2.38 v _122_/Y (sky130_fd_sc_hd__nand2_1)
                                         _062_ (net)
                  0.17    0.00    2.38 v _123_/B (sky130_fd_sc_hd__nor2_1)
     3    0.01    0.38    0.37    2.75 ^ _123_/Y (sky130_fd_sc_hd__nor2_1)
                                         _063_ (net)
                  0.38    0.00    2.75 ^ _198_/C1 (sky130_fd_sc_hd__o211a_1)
     1    0.00    0.10    0.42    3.17 ^ _198_/X (sky130_fd_sc_hd__o211a_1)
                                         _003_ (net)
                  0.10    0.00    3.17 ^ _251_/D (sky130_fd_sc_hd__dfrtp_1)
                                  3.17   data arrival time

                         10.00   10.00   clock clk (rise edge)
                          0.50   10.50   clock source latency
     1    0.02    0.09    0.06   10.56 ^ clk (in)
                                         clk (net)
                  0.09    0.00   10.56 ^ clkbuf_0_clk/A (sky130_fd_sc_hd__clkbuf_16)
     2    0.02    0.07    0.23   10.80 ^ clkbuf_0_clk/X (sky130_fd_sc_hd__clkbuf_16)
                                         clknet_0_clk (net)
                  0.07    0.00   10.80 ^ clkbuf_1_0__f_clk/A (sky130_fd_sc_hd__clkbuf_16)
    16    0.05    0.10    0.25   11.05 ^ clkbuf_1_0__f_clk/X (sky130_fd_sc_hd__clkbuf_16)
                                         clknet_1_0__leaf_clk (net)
                  0.10    0.00   11.05 ^ _251_/CLK (sky130_fd_sc_hd__dfrtp_1)
                         -0.30   10.75   clock uncertainty
                          0.00   10.75   clock reconvergence pessimism
                         -0.14   10.62   library setup time
                                 10.62   data required time
-----------------------------------------------------------------------------
                                 10.62   data required time
                                 -3.17   data arrival time
-----------------------------------------------------------------------------
                                  7.45   slack (MET)


Startpoint: _258_ (rising edge-triggered flip-flop clocked by clk)
Endpoint: _239_ (rising edge-triggered flip-flop clocked by clk)
Path Group: clk
Path Type: max
Corner: Slowest

Fanout     Cap    Slew   Delay    Time   Description
-----------------------------------------------------------------------------
                          0.00    0.00   clock clk (rise edge)
                          0.50    0.50   clock source latency
     1    0.02    0.09    0.06    0.56 ^ clk (in)
                                         clk (net)
                  0.09    0.00    0.56 ^ clkbuf_0_clk/A (sky130_fd_sc_hd__clkbuf_16)
     2    0.02    0.07    0.23    0.80 ^ clkbuf_0_clk/X (sky130_fd_sc_hd__clkbuf_16)
                                         clknet_0_clk (net)
                  0.07    0.00    0.80 ^ clkbuf_1_0__f_clk/A (sky130_fd_sc_hd__clkbuf_16)
    16    0.05    0.10    0.25    1.05 ^ clkbuf_1_0__f_clk/X (sky130_fd_sc_hd__clkbuf_16)
                                         clknet_1_0__leaf_clk (net)
                  0.10    0.00    1.05 ^ _258_/CLK (sky130_fd_sc_hd__dfrtp_4)
     8    0.04    0.20    1.12    2.18 v _258_/Q (sky130_fd_sc_hd__dfrtp_4)
                                         curr_state[2] (net)
                  0.20    0.00    2.18 v _124_/A (sky130_fd_sc_hd__inv_6)
     6    0.02    0.10    0.17    2.35 ^ _124_/Y (sky130_fd_sc_hd__inv_6)
                                         _064_ (net)
                  0.10    0.00    2.35 ^ _180_/A (sky130_fd_sc_hd__nand2_1)
     2    0.01    0.18    0.19    2.54 v _180_/Y (sky130_fd_sc_hd__nand2_1)
                                         _016_ (net)
                  0.18    0.00    2.54 v _189_/B (sky130_fd_sc_hd__nor2_1)
     2    0.01    0.32    0.33    2.87 ^ _189_/Y (sky130_fd_sc_hd__nor2_1)
                                         _022_ (net)
                  0.32    0.00    2.87 ^ _190_/A (sky130_fd_sc_hd__inv_2)
     1    0.00    0.06    0.12    2.99 v _190_/Y (sky130_fd_sc_hd__inv_2)
                                         _001_ (net)
                  0.06    0.00    2.99 v _239_/D (sky130_fd_sc_hd__dfstp_1)
                                  2.99   data arrival time

                         10.00   10.00   clock clk (rise edge)
                          0.50   10.50   clock source latency
     1    0.02    0.09    0.06   10.56 ^ clk (in)
                                         clk (net)
                  0.09    0.00   10.56 ^ clkbuf_0_clk/A (sky130_fd_sc_hd__clkbuf_16)
     2    0.02    0.07    0.23   10.80 ^ clkbuf_0_clk/X (sky130_fd_sc_hd__clkbuf_16)
                                         clknet_0_clk (net)
                  0.07    0.00   10.80 ^ clkbuf_1_1__f_clk/A (sky130_fd_sc_hd__clkbuf_16)
    13    0.05    0.10    0.26   11.05 ^ clkbuf_1_1__f_clk/X (sky130_fd_sc_hd__clkbuf_16)
                                         clknet_1_1__leaf_clk (net)
                  0.10    0.00   11.05 ^ _239_/CLK (sky130_fd_sc_hd__dfstp_1)
                         -0.30   10.75   clock uncertainty
                          0.00   10.75   clock reconvergence pessimism
                         -0.14   10.62   library setup time
                                 10.62   data required time
-----------------------------------------------------------------------------
                                 10.62   data required time
                                 -2.99   data arrival time
-----------------------------------------------------------------------------
                                  7.62   slack (MET)


Startpoint: wake_up (input port clocked by clk)
Endpoint: _259_ (rising edge-triggered flip-flop clocked by clk)
Path Group: clk
Path Type: max
Corner: Slowest

Fanout     Cap    Slew   Delay    Time   Description
-----------------------------------------------------------------------------
                          0.00    0.00   clock clk (rise edge)
                          0.50    0.50   clock network delay (propagated)
                          2.00    2.50 v input external delay
     1    0.00    0.04    0.01    2.51 v wake_up (in)
                                         wake_up (net)
                  0.04    0.00    2.51 v input7/A (sky130_fd_sc_hd__clkbuf_1)
     1    0.00    0.06    0.15    2.67 v input7/X (sky130_fd_sc_hd__clkbuf_1)
                                         net7 (net)
                  0.06    0.00    2.67 v _259_/D (sky130_fd_sc_hd__dfrtp_1)
                                  2.67   data arrival time

                         10.00   10.00   clock clk (rise edge)
                          0.50   10.50   clock source latency
     1    0.02    0.09    0.06   10.56 ^ clk (in)
                                         clk (net)
                  0.09    0.00   10.56 ^ clkbuf_0_clk/A (sky130_fd_sc_hd__clkbuf_16)
     2    0.02    0.07    0.23   10.80 ^ clkbuf_0_clk/X (sky130_fd_sc_hd__clkbuf_16)
                                         clknet_0_clk (net)
                  0.07    0.00   10.80 ^ clkbuf_1_0__f_clk/A (sky130_fd_sc_hd__clkbuf_16)
    16    0.05    0.10    0.25   11.05 ^ clkbuf_1_0__f_clk/X (sky130_fd_sc_hd__clkbuf_16)
                                         clknet_1_0__leaf_clk (net)
                  0.10    0.00   11.05 ^ _259_/CLK (sky130_fd_sc_hd__dfrtp_1)
                         -0.30   10.75   clock uncertainty
                          0.00   10.75   clock reconvergence pessimism
                         -0.26   10.49   library setup time
                                 10.49   data required time
-----------------------------------------------------------------------------
                                 10.49   data required time
                                 -2.67   data arrival time
-----------------------------------------------------------------------------
                                  7.82   slack (MET)


Startpoint: req_sleep (input port clocked by clk)
Endpoint: _261_ (rising edge-triggered flip-flop clocked by clk)
Path Group: clk
Path Type: max
Corner: Slowest

Fanout     Cap    Slew   Delay    Time   Description
-----------------------------------------------------------------------------
                          0.00    0.00   clock clk (rise edge)
                          0.50    0.50   clock network delay (propagated)
                          2.00    2.50 v input external delay
     1    0.00    0.04    0.01    2.51 v req_sleep (in)
                                         req_sleep (net)
                  0.04    0.00    2.51 v input5/A (sky130_fd_sc_hd__clkbuf_1)
     1    0.00    0.05    0.15    2.66 v input5/X (sky130_fd_sc_hd__clkbuf_1)
                                         net5 (net)
                  0.05    0.00    2.66 v _261_/D (sky130_fd_sc_hd__dfrtp_1)
                                  2.66   data arrival time

                         10.00   10.00   clock clk (rise edge)
                          0.50   10.50   clock source latency
     1    0.02    0.09    0.06   10.56 ^ clk (in)
                                         clk (net)
                  0.09    0.00   10.56 ^ clkbuf_0_clk/A (sky130_fd_sc_hd__clkbuf_16)
     2    0.02    0.07    0.23   10.80 ^ clkbuf_0_clk/X (sky130_fd_sc_hd__clkbuf_16)
                                         clknet_0_clk (net)
                  0.07    0.00   10.80 ^ clkbuf_1_0__f_clk/A (sky130_fd_sc_hd__clkbuf_16)
    16    0.05    0.10    0.25   11.05 ^ clkbuf_1_0__f_clk/X (sky130_fd_sc_hd__clkbuf_16)
                                         clknet_1_0__leaf_clk (net)
                  0.10    0.00   11.05 ^ _261_/CLK (sky130_fd_sc_hd__dfrtp_1)
                         -0.30   10.75   clock uncertainty
                          0.00   10.75   clock reconvergence pessimism
                         -0.26   10.49   library setup time
                                 10.49   data required time
-----------------------------------------------------------------------------
                                 10.49   data required time
                                 -2.66   data arrival time
-----------------------------------------------------------------------------
                                  7.83   slack (MET)


Startpoint: req_idle (input port clocked by clk)
Endpoint: _262_ (rising edge-triggered flip-flop clocked by clk)
Path Group: clk
Path Type: max
Corner: Slowest

Fanout     Cap    Slew   Delay    Time   Description
-----------------------------------------------------------------------------
                          0.00    0.00   clock clk (rise edge)
                          0.50    0.50   clock network delay (propagated)
                          2.00    2.50 v input external delay
     1    0.00    0.04    0.01    2.51 v req_idle (in)
                                         req_idle (net)
                  0.04    0.00    2.51 v input3/A (sky130_fd_sc_hd__clkbuf_1)
     1    0.00    0.04    0.14    2.66 v input3/X (sky130_fd_sc_hd__clkbuf_1)
                                         net3 (net)
                  0.04    0.00    2.66 v _262_/D (sky130_fd_sc_hd__dfrtp_1)
                                  2.66   data arrival time

                         10.00   10.00   clock clk (rise edge)
                          0.50   10.50   clock source latency
     1    0.02    0.09    0.06   10.56 ^ clk (in)
                                         clk (net)
                  0.09    0.00   10.56 ^ clkbuf_0_clk/A (sky130_fd_sc_hd__clkbuf_16)
     2    0.02    0.07    0.23   10.80 ^ clkbuf_0_clk/X (sky130_fd_sc_hd__clkbuf_16)
                                         clknet_0_clk (net)
                  0.07    0.00   10.80 ^ clkbuf_1_0__f_clk/A (sky130_fd_sc_hd__clkbuf_16)
    16    0.05    0.10    0.25   11.05 ^ clkbuf_1_0__f_clk/X (sky130_fd_sc_hd__clkbuf_16)
                                         clknet_1_0__leaf_clk (net)
                  0.10    0.00   11.05 ^ _262_/CLK (sky130_fd_sc_hd__dfrtp_1)
                         -0.30   10.75   clock uncertainty
                          0.00   10.75   clock reconvergence pessimism
                         -0.26   10.50   library setup time
                                 10.50   data required time
-----------------------------------------------------------------------------
                                 10.50   data required time
                                 -2.66   data arrival time
-----------------------------------------------------------------------------
                                  7.84   slack (MET)


Startpoint: req_off (input port clocked by clk)
Endpoint: _260_ (rising edge-triggered flip-flop clocked by clk)
Path Group: clk
Path Type: max
Corner: Slowest

Fanout     Cap    Slew   Delay    Time   Description
-----------------------------------------------------------------------------
                          0.00    0.00   clock clk (rise edge)
                          0.50    0.50   clock network delay (propagated)
                          2.00    2.50 v input external delay
     1    0.00    0.04    0.01    2.51 v req_off (in)
                                         req_off (net)
                  0.04    0.00    2.51 v input4/A (sky130_fd_sc_hd__clkbuf_1)
     1    0.00    0.04    0.14    2.65 v input4/X (sky130_fd_sc_hd__clkbuf_1)
                                         net4 (net)
                  0.04    0.00    2.65 v _260_/D (sky130_fd_sc_hd__dfrtp_1)
                                  2.65   data arrival time

                         10.00   10.00   clock clk (rise edge)
                          0.50   10.50   clock source latency
     1    0.02    0.09    0.06   10.56 ^ clk (in)
                                         clk (net)
                  0.09    0.00   10.56 ^ clkbuf_0_clk/A (sky130_fd_sc_hd__clkbuf_16)
     2    0.02    0.07    0.23   10.80 ^ clkbuf_0_clk/X (sky130_fd_sc_hd__clkbuf_16)
                                         clknet_0_clk (net)
                  0.07    0.00   10.80 ^ clkbuf_1_0__f_clk/A (sky130_fd_sc_hd__clkbuf_16)
    16    0.05    0.10    0.25   11.05 ^ clkbuf_1_0__f_clk/X (sky130_fd_sc_hd__clkbuf_16)
                                         clknet_1_0__leaf_clk (net)
                  0.10    0.00   11.05 ^ _260_/CLK (sky130_fd_sc_hd__dfrtp_1)
                         -0.30   10.75   clock uncertainty
                          0.00   10.75   clock reconvergence pessimism
                         -0.26   10.50   library setup time
                                 10.50   data required time
-----------------------------------------------------------------------------
                                 10.50   data required time
                                 -2.65   data arrival time
-----------------------------------------------------------------------------
                                  7.84   slack (MET)


Startpoint: _257_ (rising edge-triggered flip-flop clocked by clk)
Endpoint: _254_ (rising edge-triggered flip-flop clocked by clk)
Path Group: clk
Path Type: max
Corner: Slowest

Fanout     Cap    Slew   Delay    Time   Description
-----------------------------------------------------------------------------
                          0.00    0.00   clock clk (rise edge)
                          0.50    0.50   clock source latency
     1    0.02    0.09    0.06    0.56 ^ clk (in)
                                         clk (net)
                  0.09    0.00    0.56 ^ clkbuf_0_clk/A (sky130_fd_sc_hd__clkbuf_16)
     2    0.02    0.07    0.23    0.80 ^ clkbuf_0_clk/X (sky130_fd_sc_hd__clkbuf_16)
                                         clknet_0_clk (net)
                  0.07    0.00    0.80 ^ clkbuf_1_0__f_clk/A (sky130_fd_sc_hd__clkbuf_16)
    16    0.05    0.10    0.25    1.05 ^ clkbuf_1_0__f_clk/X (sky130_fd_sc_hd__clkbuf_16)
                                         clknet_1_0__leaf_clk (net)
                  0.10    0.00    1.05 ^ _257_/CLK (sky130_fd_sc_hd__dfrtp_1)
     3    0.01    0.14    0.82    1.87 v _257_/Q (sky130_fd_sc_hd__dfrtp_1)
                                         curr_state[1] (net)
                  0.14    0.00    1.87 v _126_/A (sky130_fd_sc_hd__clkbuf_2)
     8    0.03    0.21    0.35    2.22 v _126_/X (sky130_fd_sc_hd__clkbuf_2)
                                         _066_ (net)
                  0.21    0.00    2.22 v _191_/A2 (sky130_fd_sc_hd__a21oi_1)
     1    0.01    0.37    0.44    2.66 ^ _191_/Y (sky130_fd_sc_hd__a21oi_1)
                                         _112_ (net)
                  0.37    0.00    2.66 ^ _254_/D (sky130_fd_sc_hd__dfrtp_1)
                                  2.66   data arrival time

                         10.00   10.00   clock clk (rise edge)
                          0.50   10.50   clock source latency
     1    0.02    0.09    0.06   10.56 ^ clk (in)
                                         clk (net)
                  0.09    0.00   10.56 ^ clkbuf_0_clk/A (sky130_fd_sc_hd__clkbuf_16)
     2    0.02    0.07    0.23   10.80 ^ clkbuf_0_clk/X (sky130_fd_sc_hd__clkbuf_16)
                                         clknet_0_clk (net)
                  0.07    0.00   10.80 ^ clkbuf_1_1__f_clk/A (sky130_fd_sc_hd__clkbuf_16)
    13    0.05    0.10    0.26   11.05 ^ clkbuf_1_1__f_clk/X (sky130_fd_sc_hd__clkbuf_16)
                                         clknet_1_1__leaf_clk (net)
                  0.10    0.00   11.05 ^ _254_/CLK (sky130_fd_sc_hd__dfrtp_1)
                         -0.30   10.75   clock uncertainty
                          0.00   10.75   clock reconvergence pessimism
                         -0.20   10.55   library setup time
                                 10.55   data required time
-----------------------------------------------------------------------------
                                 10.55   data required time
                                 -2.66   data arrival time
-----------------------------------------------------------------------------
                                  7.89   slack (MET)


Startpoint: _257_ (rising edge-triggered flip-flop clocked by clk)
Endpoint: _248_ (rising edge-triggered flip-flop clocked by clk)
Path Group: clk
Path Type: max
Corner: Slowest

Fanout     Cap    Slew   Delay    Time   Description
-----------------------------------------------------------------------------
                          0.00    0.00   clock clk (rise edge)
                          0.50    0.50   clock source latency
     1    0.02    0.09    0.06    0.56 ^ clk (in)
                                         clk (net)
                  0.09    0.00    0.56 ^ clkbuf_0_clk/A (sky130_fd_sc_hd__clkbuf_16)
     2    0.02    0.07    0.23    0.80 ^ clkbuf_0_clk/X (sky130_fd_sc_hd__clkbuf_16)
                                         clknet_0_clk (net)
                  0.07    0.00    0.80 ^ clkbuf_1_0__f_clk/A (sky130_fd_sc_hd__clkbuf_16)
    16    0.05    0.10    0.25    1.05 ^ clkbuf_1_0__f_clk/X (sky130_fd_sc_hd__clkbuf_16)
                                         clknet_1_0__leaf_clk (net)
                  0.10    0.00    1.05 ^ _257_/CLK (sky130_fd_sc_hd__dfrtp_1)
     3    0.01    0.14    0.82    1.87 v _257_/Q (sky130_fd_sc_hd__dfrtp_1)
                                         curr_state[1] (net)
                  0.14    0.00    1.87 v _126_/A (sky130_fd_sc_hd__clkbuf_2)
     8    0.03    0.21    0.35    2.22 v _126_/X (sky130_fd_sc_hd__clkbuf_2)
                                         _066_ (net)
                  0.21    0.00    2.22 v _188_/A2 (sky130_fd_sc_hd__o21a_1)
     1    0.00    0.07    0.37    2.59 v _188_/X (sky130_fd_sc_hd__o21a_1)
                                         _000_ (net)
                  0.07    0.00    2.59 v _248_/D (sky130_fd_sc_hd__dfrtp_1)
                                  2.59   data arrival time

                         10.00   10.00   clock clk (rise edge)
                          0.50   10.50   clock source latency
     1    0.02    0.09    0.06   10.56 ^ clk (in)
                                         clk (net)
                  0.09    0.00   10.56 ^ clkbuf_0_clk/A (sky130_fd_sc_hd__clkbuf_16)
     2    0.02    0.07    0.23   10.80 ^ clkbuf_0_clk/X (sky130_fd_sc_hd__clkbuf_16)
                                         clknet_0_clk (net)
                  0.07    0.00   10.80 ^ clkbuf_1_0__f_clk/A (sky130_fd_sc_hd__clkbuf_16)
    16    0.05    0.10    0.25   11.05 ^ clkbuf_1_0__f_clk/X (sky130_fd_sc_hd__clkbuf_16)
                                         clknet_1_0__leaf_clk (net)
                  0.10    0.00   11.05 ^ _248_/CLK (sky130_fd_sc_hd__dfrtp_1)
                         -0.30   10.75   clock uncertainty
                          0.00   10.75   clock reconvergence pessimism
                         -0.27   10.49   library setup time
                                 10.49   data required time
-----------------------------------------------------------------------------
                                 10.49   data required time
                                 -2.59   data arrival time
-----------------------------------------------------------------------------
                                  7.89   slack (MET)


Startpoint: _258_ (rising edge-triggered flip-flop clocked by clk)
Endpoint: _249_ (rising edge-triggered flip-flop clocked by clk)
Path Group: clk
Path Type: max
Corner: Slowest

Fanout     Cap    Slew   Delay    Time   Description
-----------------------------------------------------------------------------
                          0.00    0.00   clock clk (rise edge)
                          0.50    0.50   clock source latency
     1    0.02    0.09    0.06    0.56 ^ clk (in)
                                         clk (net)
                  0.09    0.00    0.56 ^ clkbuf_0_clk/A (sky130_fd_sc_hd__clkbuf_16)
     2    0.02    0.07    0.23    0.80 ^ clkbuf_0_clk/X (sky130_fd_sc_hd__clkbuf_16)
                                         clknet_0_clk (net)
                  0.07    0.00    0.80 ^ clkbuf_1_0__f_clk/A (sky130_fd_sc_hd__clkbuf_16)
    16    0.05    0.10    0.25    1.05 ^ clkbuf_1_0__f_clk/X (sky130_fd_sc_hd__clkbuf_16)
                                         clknet_1_0__leaf_clk (net)
                  0.10    0.00    1.05 ^ _258_/CLK (sky130_fd_sc_hd__dfrtp_4)
     8    0.04    0.20    1.12    2.18 v _258_/Q (sky130_fd_sc_hd__dfrtp_4)
                                         curr_state[2] (net)
                  0.20    0.00    2.18 v _183_/A (sky130_fd_sc_hd__nor2_1)
     2    0.01    0.29    0.34    2.52 ^ _183_/Y (sky130_fd_sc_hd__nor2_1)
                                         _002_ (net)
                  0.29    0.00    2.52 ^ _249_/D (sky130_fd_sc_hd__dfrtp_1)
                                  2.52   data arrival time

                         10.00   10.00   clock clk (rise edge)
                          0.50   10.50   clock source latency
     1    0.02    0.09    0.06   10.56 ^ clk (in)
                                         clk (net)
                  0.09    0.00   10.56 ^ clkbuf_0_clk/A (sky130_fd_sc_hd__clkbuf_16)
     2    0.02    0.07    0.23   10.80 ^ clkbuf_0_clk/X (sky130_fd_sc_hd__clkbuf_16)
                                         clknet_0_clk (net)
                  0.07    0.00   10.80 ^ clkbuf_1_0__f_clk/A (sky130_fd_sc_hd__clkbuf_16)
    16    0.05    0.10    0.25   11.05 ^ clkbuf_1_0__f_clk/X (sky130_fd_sc_hd__clkbuf_16)
                                         clknet_1_0__leaf_clk (net)
                  0.10    0.00   11.05 ^ _249_/CLK (sky130_fd_sc_hd__dfrtp_1)
                         -0.30   10.75   clock uncertainty
                          0.00   10.75   clock reconvergence pessimism
                         -0.18   10.57   library setup time
                                 10.57   data required time
-----------------------------------------------------------------------------
                                 10.57   data required time
                                 -2.52   data arrival time
-----------------------------------------------------------------------------
                                  8.05   slack (MET)


Startpoint: _259_ (rising edge-triggered flip-flop clocked by clk)
Endpoint: _263_ (rising edge-triggered flip-flop clocked by clk)
Path Group: clk
Path Type: max
Corner: Slowest

Fanout     Cap    Slew   Delay    Time   Description
-----------------------------------------------------------------------------
                          0.00    0.00   clock clk (rise edge)
                          0.50    0.50   clock source latency
     1    0.02    0.09    0.06    0.56 ^ clk (in)
                                         clk (net)
                  0.09    0.00    0.56 ^ clkbuf_0_clk/A (sky130_fd_sc_hd__clkbuf_16)
     2    0.02    0.07    0.23    0.80 ^ clkbuf_0_clk/X (sky130_fd_sc_hd__clkbuf_16)
                                         clknet_0_clk (net)
                  0.07    0.00    0.80 ^ clkbuf_1_0__f_clk/A (sky130_fd_sc_hd__clkbuf_16)
    16    0.05    0.10    0.25    1.05 ^ clkbuf_1_0__f_clk/X (sky130_fd_sc_hd__clkbuf_16)
                                         clknet_1_0__leaf_clk (net)
                  0.10    0.00    1.05 ^ _259_/CLK (sky130_fd_sc_hd__dfrtp_1)
     1    0.00    0.09    0.76    1.81 v _259_/Q (sky130_fd_sc_hd__dfrtp_1)
                                         sync_stage1[0] (net)
                  0.09    0.00    1.81 v _263_/D (sky130_fd_sc_hd__dfrtp_1)
                                  1.81   data arrival time

                         10.00   10.00   clock clk (rise edge)
                          0.50   10.50   clock source latency
     1    0.02    0.09    0.06   10.56 ^ clk (in)
                                         clk (net)
                  0.09    0.00   10.56 ^ clkbuf_0_clk/A (sky130_fd_sc_hd__clkbuf_16)
     2    0.02    0.07    0.23   10.80 ^ clkbuf_0_clk/X (sky130_fd_sc_hd__clkbuf_16)
                                         clknet_0_clk (net)
                  0.07    0.00   10.80 ^ clkbuf_1_0__f_clk/A (sky130_fd_sc_hd__clkbuf_16)
    16    0.05    0.10    0.25   11.05 ^ clkbuf_1_0__f_clk/X (sky130_fd_sc_hd__clkbuf_16)
                                         clknet_1_0__leaf_clk (net)
                  0.10    0.00   11.05 ^ _263_/CLK (sky130_fd_sc_hd__dfrtp_1)
                         -0.30   10.75   clock uncertainty
                          0.00   10.75   clock reconvergence pessimism
                         -0.27   10.48   library setup time
                                 10.48   data required time
-----------------------------------------------------------------------------
                                 10.48   data required time
                                 -1.81   data arrival time
-----------------------------------------------------------------------------
                                  8.67   slack (MET)


Startpoint: _260_ (rising edge-triggered flip-flop clocked by clk)
Endpoint: _264_ (rising edge-triggered flip-flop clocked by clk)
Path Group: clk
Path Type: max
Corner: Slowest

Fanout     Cap    Slew   Delay    Time   Description
-----------------------------------------------------------------------------
                          0.00    0.00   clock clk (rise edge)
                          0.50    0.50   clock source latency
     1    0.02    0.09    0.06    0.56 ^ clk (in)
                                         clk (net)
                  0.09    0.00    0.56 ^ clkbuf_0_clk/A (sky130_fd_sc_hd__clkbuf_16)
     2    0.02    0.07    0.23    0.80 ^ clkbuf_0_clk/X (sky130_fd_sc_hd__clkbuf_16)
                                         clknet_0_clk (net)
                  0.07    0.00    0.80 ^ clkbuf_1_0__f_clk/A (sky130_fd_sc_hd__clkbuf_16)
    16    0.05    0.10    0.25    1.05 ^ clkbuf_1_0__f_clk/X (sky130_fd_sc_hd__clkbuf_16)
                                         clknet_1_0__leaf_clk (net)
                  0.10    0.00    1.05 ^ _260_/CLK (sky130_fd_sc_hd__dfrtp_1)
     1    0.00    0.07    0.74    1.79 v _260_/Q (sky130_fd_sc_hd__dfrtp_1)
                                         sync_stage1[1] (net)
                  0.07    0.00    1.79 v _264_/D (sky130_fd_sc_hd__dfrtp_1)
                                  1.79   data arrival time

                         10.00   10.00   clock clk (rise edge)
                          0.50   10.50   clock source latency
     1    0.02    0.09    0.06   10.56 ^ clk (in)
                                         clk (net)
                  0.09    0.00   10.56 ^ clkbuf_0_clk/A (sky130_fd_sc_hd__clkbuf_16)
     2    0.02    0.07    0.23   10.80 ^ clkbuf_0_clk/X (sky130_fd_sc_hd__clkbuf_16)
                                         clknet_0_clk (net)
                  0.07    0.00   10.80 ^ clkbuf_1_0__f_clk/A (sky130_fd_sc_hd__clkbuf_16)
    16    0.05    0.10    0.25   11.05 ^ clkbuf_1_0__f_clk/X (sky130_fd_sc_hd__clkbuf_16)
                                         clknet_1_0__leaf_clk (net)
                  0.10    0.00   11.05 ^ _264_/CLK (sky130_fd_sc_hd__dfrtp_1)
                         -0.30   10.75   clock uncertainty
                          0.00   10.75   clock reconvergence pessimism
                         -0.27   10.48   library setup time
                                 10.48   data required time
-----------------------------------------------------------------------------
                                 10.48   data required time
                                 -1.79   data arrival time
-----------------------------------------------------------------------------
                                  8.69   slack (MET)


Startpoint: _261_ (rising edge-triggered flip-flop clocked by clk)
Endpoint: _265_ (rising edge-triggered flip-flop clocked by clk)
Path Group: clk
Path Type: max
Corner: Slowest

Fanout     Cap    Slew   Delay    Time   Description
-----------------------------------------------------------------------------
                          0.00    0.00   clock clk (rise edge)
                          0.50    0.50   clock source latency
     1    0.02    0.09    0.06    0.56 ^ clk (in)
                                         clk (net)
                  0.09    0.00    0.56 ^ clkbuf_0_clk/A (sky130_fd_sc_hd__clkbuf_16)
     2    0.02    0.07    0.23    0.80 ^ clkbuf_0_clk/X (sky130_fd_sc_hd__clkbuf_16)
                                         clknet_0_clk (net)
                  0.07    0.00    0.80 ^ clkbuf_1_0__f_clk/A (sky130_fd_sc_hd__clkbuf_16)
    16    0.05    0.10    0.25    1.05 ^ clkbuf_1_0__f_clk/X (sky130_fd_sc_hd__clkbuf_16)
                                         clknet_1_0__leaf_clk (net)
                  0.10    0.00    1.05 ^ _261_/CLK (sky130_fd_sc_hd__dfrtp_1)
     1    0.00    0.07    0.74    1.79 v _261_/Q (sky130_fd_sc_hd__dfrtp_1)
                                         sync_stage1[2] (net)
                  0.07    0.00    1.79 v _265_/D (sky130_fd_sc_hd__dfrtp_1)
                                  1.79   data arrival time

                         10.00   10.00   clock clk (rise edge)
                          0.50   10.50   clock source latency
     1    0.02    0.09    0.06   10.56 ^ clk (in)
                                         clk (net)
                  0.09    0.00   10.56 ^ clkbuf_0_clk/A (sky130_fd_sc_hd__clkbuf_16)
     2    0.02    0.07    0.23   10.80 ^ clkbuf_0_clk/X (sky130_fd_sc_hd__clkbuf_16)
                                         clknet_0_clk (net)
                  0.07    0.00   10.80 ^ clkbuf_1_0__f_clk/A (sky130_fd_sc_hd__clkbuf_16)
    16    0.05    0.10    0.25   11.05 ^ clkbuf_1_0__f_clk/X (sky130_fd_sc_hd__clkbuf_16)
                                         clknet_1_0__leaf_clk (net)
                  0.10    0.00   11.05 ^ _265_/CLK (sky130_fd_sc_hd__dfrtp_1)
                         -0.30   10.75   clock uncertainty
                          0.00   10.75   clock reconvergence pessimism
                         -0.27   10.49   library setup time
                                 10.49   data required time
-----------------------------------------------------------------------------
                                 10.49   data required time
                                 -1.79   data arrival time
-----------------------------------------------------------------------------
                                  8.69   slack (MET)


Startpoint: _262_ (rising edge-triggered flip-flop clocked by clk)
Endpoint: _266_ (rising edge-triggered flip-flop clocked by clk)
Path Group: clk
Path Type: max
Corner: Slowest

Fanout     Cap    Slew   Delay    Time   Description
-----------------------------------------------------------------------------
                          0.00    0.00   clock clk (rise edge)
                          0.50    0.50   clock source latency
     1    0.02    0.09    0.06    0.56 ^ clk (in)
                                         clk (net)
                  0.09    0.00    0.56 ^ clkbuf_0_clk/A (sky130_fd_sc_hd__clkbuf_16)
     2    0.02    0.07    0.23    0.80 ^ clkbuf_0_clk/X (sky130_fd_sc_hd__clkbuf_16)
                                         clknet_0_clk (net)
                  0.07    0.00    0.80 ^ clkbuf_1_0__f_clk/A (sky130_fd_sc_hd__clkbuf_16)
    16    0.05    0.10    0.25    1.05 ^ clkbuf_1_0__f_clk/X (sky130_fd_sc_hd__clkbuf_16)
                                         clknet_1_0__leaf_clk (net)
                  0.10    0.00    1.05 ^ _262_/CLK (sky130_fd_sc_hd__dfrtp_1)
     1    0.00    0.07    0.74    1.79 v _262_/Q (sky130_fd_sc_hd__dfrtp_1)
                                         sync_stage1[3] (net)
                  0.07    0.00    1.79 v _266_/D (sky130_fd_sc_hd__dfrtp_1)
                                  1.79   data arrival time

                         10.00   10.00   clock clk (rise edge)
                          0.50   10.50   clock source latency
     1    0.02    0.09    0.06   10.56 ^ clk (in)
                                         clk (net)
                  0.09    0.00   10.56 ^ clkbuf_0_clk/A (sky130_fd_sc_hd__clkbuf_16)
     2    0.02    0.07    0.23   10.80 ^ clkbuf_0_clk/X (sky130_fd_sc_hd__clkbuf_16)
                                         clknet_0_clk (net)
                  0.07    0.00   10.80 ^ clkbuf_1_0__f_clk/A (sky130_fd_sc_hd__clkbuf_16)
    16    0.05    0.10    0.25   11.05 ^ clkbuf_1_0__f_clk/X (sky130_fd_sc_hd__clkbuf_16)
                                         clknet_1_0__leaf_clk (net)
                  0.10    0.00   11.05 ^ _266_/CLK (sky130_fd_sc_hd__dfrtp_1)
                         -0.30   10.75   clock uncertainty
                          0.00   10.75   clock reconvergence pessimism
                         -0.27   10.49   library setup time
                                 10.49   data required time
-----------------------------------------------------------------------------
                                 10.49   data required time
                                 -1.79   data arrival time
-----------------------------------------------------------------------------
                                  8.69   slack (MET)



worst slack corner Slowest: 3.1357
======================= Typical Corner ===================================

Startpoint: retention_ready (input port clocked by clk)
Endpoint: error (output port clocked by clk)
Path Group: clk
Path Type: max
Corner: Typical

Fanout     Cap    Slew   Delay    Time   Description
-----------------------------------------------------------------------------
                          0.00    0.00   clock clk (rise edge)
                          0.50    0.50   clock network delay (propagated)
                          3.00    3.50 v input external delay
     1    0.00    0.02    0.01    3.51 v retention_ready (in)
                                         retention_ready (net)
                  0.02    0.00    3.51 v input6/A (sky130_fd_sc_hd__buf_1)
     1    0.01    0.05    0.10    3.61 v input6/X (sky130_fd_sc_hd__buf_1)
                                         net6 (net)
                  0.05    0.00    3.61 v _164_/A (sky130_fd_sc_hd__inv_2)
     3    0.01    0.05    0.07    3.68 ^ _164_/Y (sky130_fd_sc_hd__inv_2)
                                         _101_ (net)
                  0.05    0.00    3.68 ^ _199_/B (sky130_fd_sc_hd__nand2_1)
     1    0.00    0.05    0.05    3.73 v _199_/Y (sky130_fd_sc_hd__nand2_1)
                                         _026_ (net)
                  0.05    0.00    3.73 v _200_/B1 (sky130_fd_sc_hd__a211oi_1)
     1    0.01    0.28    0.28    4.01 ^ _200_/Y (sky130_fd_sc_hd__a211oi_1)
                                         net10 (net)
                  0.28    0.00    4.01 ^ wire19/A (sky130_fd_sc_hd__clkbuf_1)
     1    0.01    0.08    0.15    4.16 ^ wire19/X (sky130_fd_sc_hd__clkbuf_1)
                                         net19 (net)
                  0.08    0.00    4.16 ^ output10/A (sky130_fd_sc_hd__clkbuf_2)
     1    0.02    0.12    0.17    4.34 ^ output10/X (sky130_fd_sc_hd__clkbuf_2)
                                         error (net)
                  0.12    0.00    4.34 ^ error (out)
                                  4.34   data arrival time

                         10.00   10.00   clock clk (rise edge)
                          0.50   10.50   clock network delay (propagated)
                         -0.30   10.20   clock uncertainty
                          0.00   10.20   clock reconvergence pessimism
                         -2.00    8.20   output external delay
                                  8.20   data required time
-----------------------------------------------------------------------------
                                  8.20   data required time
                                 -4.34   data arrival time
-----------------------------------------------------------------------------
                                  3.86   slack (MET)


Startpoint: pwr_stable (input port clocked by clk)
Endpoint: _243_ (rising edge-triggered flip-flop clocked by clk)
Path Group: clk
Path Type: max
Corner: Typical

Fanout     Cap    Slew   Delay    Time   Description
-----------------------------------------------------------------------------
                          0.00    0.00   clock clk (rise edge)
                          0.50    0.50   clock network delay (propagated)
                          3.00    3.50 ^ input external delay
     1    0.00    0.02    0.01    3.51 ^ pwr_stable (in)
                                         pwr_stable (net)
                  0.02    0.00    3.51 ^ input2/A (sky130_fd_sc_hd__clkbuf_1)
     1    0.01    0.07    0.10    3.60 ^ input2/X (sky130_fd_sc_hd__clkbuf_1)
                                         net2 (net)
                  0.07    0.00    3.60 ^ _158_/A (sky130_fd_sc_hd__nand2_1)
     2    0.01    0.06    0.07    3.68 v _158_/Y (sky130_fd_sc_hd__nand2_1)
                                         _095_ (net)
                  0.06    0.00    3.68 v _159_/B1_N (sky130_fd_sc_hd__o21bai_1)
     1    0.00    0.05    0.15    3.83 v _159_/Y (sky130_fd_sc_hd__o21bai_1)
                                         _096_ (net)
                  0.05    0.00    3.83 v _160_/A (sky130_fd_sc_hd__nand2_1)
     1    0.00    0.05    0.06    3.89 ^ _160_/Y (sky130_fd_sc_hd__nand2_1)
                                         _097_ (net)
                  0.05    0.00    3.89 ^ _166_/A (sky130_fd_sc_hd__nand2_1)
     2    0.01    0.05    0.06    3.94 v _166_/Y (sky130_fd_sc_hd__nand2_1)
                                         _103_ (net)
                  0.05    0.00    3.94 v _178_/B (sky130_fd_sc_hd__nor2_1)
     2    0.01    0.13    0.12    4.07 ^ _178_/Y (sky130_fd_sc_hd__nor2_1)
                                         _014_ (net)
                  0.13    0.00    4.07 ^ _204_/A (sky130_fd_sc_hd__nand3_1)
     1    0.01    0.12    0.13    4.20 v _204_/Y (sky130_fd_sc_hd__nand3_1)
                                         _030_ (net)
                  0.12    0.00    4.20 v _209_/A (sky130_fd_sc_hd__nand3_4)
     8    0.03    0.13    0.14    4.34 ^ _209_/Y (sky130_fd_sc_hd__nand3_4)
                                         _035_ (net)
                  0.13    0.00    4.34 ^ _223_/B (sky130_fd_sc_hd__nor2_1)
     1    0.00    0.04    0.06    4.40 v _223_/Y (sky130_fd_sc_hd__nor2_1)
                                         _007_ (net)
                  0.04    0.00    4.40 v _243_/D (sky130_fd_sc_hd__dfrtp_1)
                                  4.40   data arrival time

                         10.00   10.00   clock clk (rise edge)
                          0.50   10.50   clock source latency
     1    0.02    0.06    0.04   10.54 ^ clk (in)
                                         clk (net)
                  0.06    0.00   10.54 ^ clkbuf_0_clk/A (sky130_fd_sc_hd__clkbuf_16)
     2    0.02    0.04    0.13   10.67 ^ clkbuf_0_clk/X (sky130_fd_sc_hd__clkbuf_16)
                                         clknet_0_clk (net)
                  0.04    0.00   10.67 ^ clkbuf_1_1__f_clk/A (sky130_fd_sc_hd__clkbuf_16)
    13    0.05    0.07    0.15   10.81 ^ clkbuf_1_1__f_clk/X (sky130_fd_sc_hd__clkbuf_16)
                                         clknet_1_1__leaf_clk (net)
                  0.07    0.00   10.82 ^ _243_/CLK (sky130_fd_sc_hd__dfrtp_1)
                         -0.30   10.52   clock uncertainty
                          0.00   10.52   clock reconvergence pessimism
                         -0.11   10.41   library setup time
                                 10.41   data required time
-----------------------------------------------------------------------------
                                 10.41   data required time
                                 -4.40   data arrival time
-----------------------------------------------------------------------------
                                  6.00   slack (MET)


Startpoint: pwr_stable (input port clocked by clk)
Endpoint: _257_ (rising edge-triggered flip-flop clocked by clk)
Path Group: clk
Path Type: max
Corner: Typical

Fanout     Cap    Slew   Delay    Time   Description
-----------------------------------------------------------------------------
                          0.00    0.00   clock clk (rise edge)
                          0.50    0.50   clock network delay (propagated)
                          3.00    3.50 ^ input external delay
     1    0.00    0.02    0.01    3.51 ^ pwr_stable (in)
                                         pwr_stable (net)
                  0.02    0.00    3.51 ^ input2/A (sky130_fd_sc_hd__clkbuf_1)
     1    0.01    0.07    0.10    3.60 ^ input2/X (sky130_fd_sc_hd__clkbuf_1)
                                         net2 (net)
                  0.07    0.00    3.60 ^ _158_/A (sky130_fd_sc_hd__nand2_1)
     2    0.01    0.06    0.07    3.68 v _158_/Y (sky130_fd_sc_hd__nand2_1)
                                         _095_ (net)
                  0.06    0.00    3.68 v _159_/B1_N (sky130_fd_sc_hd__o21bai_1)
     1    0.00    0.05    0.15    3.83 v _159_/Y (sky130_fd_sc_hd__o21bai_1)
                                         _096_ (net)
                  0.05    0.00    3.83 v _160_/A (sky130_fd_sc_hd__nand2_1)
     1    0.00    0.05    0.06    3.89 ^ _160_/Y (sky130_fd_sc_hd__nand2_1)
                                         _097_ (net)
                  0.05    0.00    3.89 ^ _166_/A (sky130_fd_sc_hd__nand2_1)
     2    0.01    0.05    0.06    3.94 v _166_/Y (sky130_fd_sc_hd__nand2_1)
                                         _103_ (net)
                  0.05    0.00    3.94 v _174_/A (sky130_fd_sc_hd__or3_1)
     1    0.00    0.06    0.36    4.31 v _174_/X (sky130_fd_sc_hd__or3_1)
                                         _111_ (net)
                  0.06    0.00    4.31 v _175_/A (sky130_fd_sc_hd__clkbuf_1)
     1    0.00    0.03    0.10    4.41 v _175_/X (sky130_fd_sc_hd__clkbuf_1)
                                         next_state[1] (net)
                  0.03    0.00    4.41 v _257_/D (sky130_fd_sc_hd__dfrtp_1)
                                  4.41   data arrival time

                         10.00   10.00   clock clk (rise edge)
                          0.50   10.50   clock source latency
     1    0.02    0.06    0.04   10.54 ^ clk (in)
                                         clk (net)
                  0.06    0.00   10.54 ^ clkbuf_0_clk/A (sky130_fd_sc_hd__clkbuf_16)
     2    0.02    0.04    0.13   10.67 ^ clkbuf_0_clk/X (sky130_fd_sc_hd__clkbuf_16)
                                         clknet_0_clk (net)
                  0.04    0.00   10.67 ^ clkbuf_1_0__f_clk/A (sky130_fd_sc_hd__clkbuf_16)
    16    0.05    0.07    0.15   10.81 ^ clkbuf_1_0__f_clk/X (sky130_fd_sc_hd__clkbuf_16)
                                         clknet_1_0__leaf_clk (net)
                  0.07    0.00   10.82 ^ _257_/CLK (sky130_fd_sc_hd__dfrtp_1)
                         -0.30   10.52   clock uncertainty
                          0.00   10.52   clock reconvergence pessimism
                         -0.10   10.41   library setup time
                                 10.41   data required time
-----------------------------------------------------------------------------
                                 10.41   data required time
                                 -4.41   data arrival time
-----------------------------------------------------------------------------
                                  6.01   slack (MET)


Startpoint: pwr_stable (input port clocked by clk)
Endpoint: _242_ (rising edge-triggered flip-flop clocked by clk)
Path Group: clk
Path Type: max
Corner: Typical

Fanout     Cap    Slew   Delay    Time   Description
-----------------------------------------------------------------------------
                          0.00    0.00   clock clk (rise edge)
                          0.50    0.50   clock network delay (propagated)
                          3.00    3.50 ^ input external delay
     1    0.00    0.02    0.01    3.51 ^ pwr_stable (in)
                                         pwr_stable (net)
                  0.02    0.00    3.51 ^ input2/A (sky130_fd_sc_hd__clkbuf_1)
     1    0.01    0.07    0.10    3.60 ^ input2/X (sky130_fd_sc_hd__clkbuf_1)
                                         net2 (net)
                  0.07    0.00    3.60 ^ _158_/A (sky130_fd_sc_hd__nand2_1)
     2    0.01    0.06    0.07    3.68 v _158_/Y (sky130_fd_sc_hd__nand2_1)
                                         _095_ (net)
                  0.06    0.00    3.68 v _159_/B1_N (sky130_fd_sc_hd__o21bai_1)
     1    0.00    0.05    0.15    3.83 v _159_/Y (sky130_fd_sc_hd__o21bai_1)
                                         _096_ (net)
                  0.05    0.00    3.83 v _160_/A (sky130_fd_sc_hd__nand2_1)
     1    0.00    0.05    0.06    3.89 ^ _160_/Y (sky130_fd_sc_hd__nand2_1)
                                         _097_ (net)
                  0.05    0.00    3.89 ^ _166_/A (sky130_fd_sc_hd__nand2_1)
     2    0.01    0.05    0.06    3.94 v _166_/Y (sky130_fd_sc_hd__nand2_1)
                                         _103_ (net)
                  0.05    0.00    3.94 v _178_/B (sky130_fd_sc_hd__nor2_1)
     2    0.01    0.13    0.12    4.07 ^ _178_/Y (sky130_fd_sc_hd__nor2_1)
                                         _014_ (net)
                  0.13    0.00    4.07 ^ _204_/A (sky130_fd_sc_hd__nand3_1)
     1    0.01    0.12    0.13    4.20 v _204_/Y (sky130_fd_sc_hd__nand3_1)
                                         _030_ (net)
                  0.12    0.00    4.20 v _209_/A (sky130_fd_sc_hd__nand3_4)
     8    0.03    0.13    0.14    4.34 ^ _209_/Y (sky130_fd_sc_hd__nand3_4)
                                         _035_ (net)
                  0.13    0.00    4.34 ^ _219_/B (sky130_fd_sc_hd__nor2_1)
     1    0.00    0.04    0.06    4.40 v _219_/Y (sky130_fd_sc_hd__nor2_1)
                                         _006_ (net)
                  0.04    0.00    4.40 v _242_/D (sky130_fd_sc_hd__dfrtp_1)
                                  4.40   data arrival time

                         10.00   10.00   clock clk (rise edge)
                          0.50   10.50   clock source latency
     1    0.02    0.06    0.04   10.54 ^ clk (in)
                                         clk (net)
                  0.06    0.00   10.54 ^ clkbuf_0_clk/A (sky130_fd_sc_hd__clkbuf_16)
     2    0.02    0.04    0.13   10.67 ^ clkbuf_0_clk/X (sky130_fd_sc_hd__clkbuf_16)
                                         clknet_0_clk (net)
                  0.04    0.00   10.67 ^ clkbuf_1_1__f_clk/A (sky130_fd_sc_hd__clkbuf_16)
    13    0.05    0.07    0.15   10.81 ^ clkbuf_1_1__f_clk/X (sky130_fd_sc_hd__clkbuf_16)
                                         clknet_1_1__leaf_clk (net)
                  0.07    0.00   10.82 ^ _242_/CLK (sky130_fd_sc_hd__dfrtp_1)
                         -0.30   10.52   clock uncertainty
                          0.00   10.52   clock reconvergence pessimism
                         -0.11   10.41   library setup time
                                 10.41   data required time
-----------------------------------------------------------------------------
                                 10.41   data required time
                                 -4.40   data arrival time
-----------------------------------------------------------------------------
                                  6.01   slack (MET)


Startpoint: pwr_stable (input port clocked by clk)
Endpoint: _247_ (rising edge-triggered flip-flop clocked by clk)
Path Group: clk
Path Type: max
Corner: Typical

Fanout     Cap    Slew   Delay    Time   Description
-----------------------------------------------------------------------------
                          0.00    0.00   clock clk (rise edge)
                          0.50    0.50   clock network delay (propagated)
                          3.00    3.50 ^ input external delay
     1    0.00    0.02    0.01    3.51 ^ pwr_stable (in)
                                         pwr_stable (net)
                  0.02    0.00    3.51 ^ input2/A (sky130_fd_sc_hd__clkbuf_1)
     1    0.01    0.07    0.10    3.60 ^ input2/X (sky130_fd_sc_hd__clkbuf_1)
                                         net2 (net)
                  0.07    0.00    3.60 ^ _158_/A (sky130_fd_sc_hd__nand2_1)
     2    0.01    0.06    0.07    3.68 v _158_/Y (sky130_fd_sc_hd__nand2_1)
                                         _095_ (net)
                  0.06    0.00    3.68 v _159_/B1_N (sky130_fd_sc_hd__o21bai_1)
     1    0.00    0.05    0.15    3.83 v _159_/Y (sky130_fd_sc_hd__o21bai_1)
                                         _096_ (net)
                  0.05    0.00    3.83 v _160_/A (sky130_fd_sc_hd__nand2_1)
     1    0.00    0.05    0.06    3.89 ^ _160_/Y (sky130_fd_sc_hd__nand2_1)
                                         _097_ (net)
                  0.05    0.00    3.89 ^ _166_/A (sky130_fd_sc_hd__nand2_1)
     2    0.01    0.05    0.06    3.94 v _166_/Y (sky130_fd_sc_hd__nand2_1)
                                         _103_ (net)
                  0.05    0.00    3.94 v _178_/B (sky130_fd_sc_hd__nor2_1)
     2    0.01    0.13    0.12    4.07 ^ _178_/Y (sky130_fd_sc_hd__nor2_1)
                                         _014_ (net)
                  0.13    0.00    4.07 ^ _204_/A (sky130_fd_sc_hd__nand3_1)
     1    0.01    0.12    0.13    4.20 v _204_/Y (sky130_fd_sc_hd__nand3_1)
                                         _030_ (net)
                  0.12    0.00    4.20 v _209_/A (sky130_fd_sc_hd__nand3_4)
     8    0.03    0.13    0.14    4.34 ^ _209_/Y (sky130_fd_sc_hd__nand3_4)
                                         _035_ (net)
                  0.13    0.00    4.34 ^ _238_/B (sky130_fd_sc_hd__nor2_1)
     1    0.00    0.04    0.06    4.40 v _238_/Y (sky130_fd_sc_hd__nor2_1)
                                         _011_ (net)
                  0.04    0.00    4.40 v _247_/D (sky130_fd_sc_hd__dfrtp_1)
                                  4.40   data arrival time

                         10.00   10.00   clock clk (rise edge)
                          0.50   10.50   clock source latency
     1    0.02    0.06    0.04   10.54 ^ clk (in)
                                         clk (net)
                  0.06    0.00   10.54 ^ clkbuf_0_clk/A (sky130_fd_sc_hd__clkbuf_16)
     2    0.02    0.04    0.13   10.67 ^ clkbuf_0_clk/X (sky130_fd_sc_hd__clkbuf_16)
                                         clknet_0_clk (net)
                  0.04    0.00   10.67 ^ clkbuf_1_1__f_clk/A (sky130_fd_sc_hd__clkbuf_16)
    13    0.05    0.07    0.15   10.81 ^ clkbuf_1_1__f_clk/X (sky130_fd_sc_hd__clkbuf_16)
                                         clknet_1_1__leaf_clk (net)
                  0.07    0.00   10.82 ^ _247_/CLK (sky130_fd_sc_hd__dfrtp_1)
                         -0.30   10.52   clock uncertainty
                          0.00   10.52   clock reconvergence pessimism
                         -0.11   10.41   library setup time
                                 10.41   data required time
-----------------------------------------------------------------------------
                                 10.41   data required time
                                 -4.40   data arrival time
-----------------------------------------------------------------------------
                                  6.01   slack (MET)


Startpoint: pwr_stable (input port clocked by clk)
Endpoint: _240_ (rising edge-triggered flip-flop clocked by clk)
Path Group: clk
Path Type: max
Corner: Typical

Fanout     Cap    Slew   Delay    Time   Description
-----------------------------------------------------------------------------
                          0.00    0.00   clock clk (rise edge)
                          0.50    0.50   clock network delay (propagated)
                          3.00    3.50 ^ input external delay
     1    0.00    0.02    0.01    3.51 ^ pwr_stable (in)
                                         pwr_stable (net)
                  0.02    0.00    3.51 ^ input2/A (sky130_fd_sc_hd__clkbuf_1)
     1    0.01    0.07    0.10    3.60 ^ input2/X (sky130_fd_sc_hd__clkbuf_1)
                                         net2 (net)
                  0.07    0.00    3.60 ^ _158_/A (sky130_fd_sc_hd__nand2_1)
     2    0.01    0.06    0.07    3.68 v _158_/Y (sky130_fd_sc_hd__nand2_1)
                                         _095_ (net)
                  0.06    0.00    3.68 v _159_/B1_N (sky130_fd_sc_hd__o21bai_1)
     1    0.00    0.05    0.15    3.83 v _159_/Y (sky130_fd_sc_hd__o21bai_1)
                                         _096_ (net)
                  0.05    0.00    3.83 v _160_/A (sky130_fd_sc_hd__nand2_1)
     1    0.00    0.05    0.06    3.89 ^ _160_/Y (sky130_fd_sc_hd__nand2_1)
                                         _097_ (net)
                  0.05    0.00    3.89 ^ _166_/A (sky130_fd_sc_hd__nand2_1)
     2    0.01    0.05    0.06    3.94 v _166_/Y (sky130_fd_sc_hd__nand2_1)
                                         _103_ (net)
                  0.05    0.00    3.94 v _178_/B (sky130_fd_sc_hd__nor2_1)
     2    0.01    0.13    0.12    4.07 ^ _178_/Y (sky130_fd_sc_hd__nor2_1)
                                         _014_ (net)
                  0.13    0.00    4.07 ^ _204_/A (sky130_fd_sc_hd__nand3_1)
     1    0.01    0.12    0.13    4.20 v _204_/Y (sky130_fd_sc_hd__nand3_1)
                                         _030_ (net)
                  0.12    0.00    4.20 v _209_/A (sky130_fd_sc_hd__nand3_4)
     8    0.03    0.13    0.14    4.34 ^ _209_/Y (sky130_fd_sc_hd__nand3_4)
                                         _035_ (net)
                  0.13    0.00    4.34 ^ _210_/B (sky130_fd_sc_hd__nor2_1)
     1    0.00    0.04    0.05    4.40 v _210_/Y (sky130_fd_sc_hd__nor2_1)
                                         _004_ (net)
                  0.04    0.00    4.40 v _240_/D (sky130_fd_sc_hd__dfrtp_1)
                                  4.40   data arrival time

                         10.00   10.00   clock clk (rise edge)
                          0.50   10.50   clock source latency
     1    0.02    0.06    0.04   10.54 ^ clk (in)
                                         clk (net)
                  0.06    0.00   10.54 ^ clkbuf_0_clk/A (sky130_fd_sc_hd__clkbuf_16)
     2    0.02    0.04    0.13   10.67 ^ clkbuf_0_clk/X (sky130_fd_sc_hd__clkbuf_16)
                                         clknet_0_clk (net)
                  0.04    0.00   10.67 ^ clkbuf_1_1__f_clk/A (sky130_fd_sc_hd__clkbuf_16)
    13    0.05    0.07    0.15   10.81 ^ clkbuf_1_1__f_clk/X (sky130_fd_sc_hd__clkbuf_16)
                                         clknet_1_1__leaf_clk (net)
                  0.07    0.00   10.82 ^ _240_/CLK (sky130_fd_sc_hd__dfrtp_1)
                         -0.30   10.52   clock uncertainty
                          0.00   10.52   clock reconvergence pessimism
                         -0.11   10.41   library setup time
                                 10.41   data required time
-----------------------------------------------------------------------------
                                 10.41   data required time
                                 -4.40   data arrival time
-----------------------------------------------------------------------------
                                  6.01   slack (MET)


Startpoint: pwr_stable (input port clocked by clk)
Endpoint: _244_ (rising edge-triggered flip-flop clocked by clk)
Path Group: clk
Path Type: max
Corner: Typical

Fanout     Cap    Slew   Delay    Time   Description
-----------------------------------------------------------------------------
                          0.00    0.00   clock clk (rise edge)
                          0.50    0.50   clock network delay (propagated)
                          3.00    3.50 ^ input external delay
     1    0.00    0.02    0.01    3.51 ^ pwr_stable (in)
                                         pwr_stable (net)
                  0.02    0.00    3.51 ^ input2/A (sky130_fd_sc_hd__clkbuf_1)
     1    0.01    0.07    0.10    3.60 ^ input2/X (sky130_fd_sc_hd__clkbuf_1)
                                         net2 (net)
                  0.07    0.00    3.60 ^ _158_/A (sky130_fd_sc_hd__nand2_1)
     2    0.01    0.06    0.07    3.68 v _158_/Y (sky130_fd_sc_hd__nand2_1)
                                         _095_ (net)
                  0.06    0.00    3.68 v _159_/B1_N (sky130_fd_sc_hd__o21bai_1)
     1    0.00    0.05    0.15    3.83 v _159_/Y (sky130_fd_sc_hd__o21bai_1)
                                         _096_ (net)
                  0.05    0.00    3.83 v _160_/A (sky130_fd_sc_hd__nand2_1)
     1    0.00    0.05    0.06    3.89 ^ _160_/Y (sky130_fd_sc_hd__nand2_1)
                                         _097_ (net)
                  0.05    0.00    3.89 ^ _166_/A (sky130_fd_sc_hd__nand2_1)
     2    0.01    0.05    0.06    3.94 v _166_/Y (sky130_fd_sc_hd__nand2_1)
                                         _103_ (net)
                  0.05    0.00    3.94 v _178_/B (sky130_fd_sc_hd__nor2_1)
     2    0.01    0.13    0.12    4.07 ^ _178_/Y (sky130_fd_sc_hd__nor2_1)
                                         _014_ (net)
                  0.13    0.00    4.07 ^ _204_/A (sky130_fd_sc_hd__nand3_1)
     1    0.01    0.12    0.13    4.20 v _204_/Y (sky130_fd_sc_hd__nand3_1)
                                         _030_ (net)
                  0.12    0.00    4.20 v _209_/A (sky130_fd_sc_hd__nand3_4)
     8    0.03    0.13    0.14    4.34 ^ _209_/Y (sky130_fd_sc_hd__nand3_4)
                                         _035_ (net)
                  0.13    0.00    4.34 ^ _227_/B (sky130_fd_sc_hd__nor2_1)
     1    0.00    0.04    0.05    4.39 v _227_/Y (sky130_fd_sc_hd__nor2_1)
                                         _008_ (net)
                  0.04    0.00    4.39 v _244_/D (sky130_fd_sc_hd__dfrtp_1)
                                  4.39   data arrival time

                         10.00   10.00   clock clk (rise edge)
                          0.50   10.50   clock source latency
     1    0.02    0.06    0.04   10.54 ^ clk (in)
                                         clk (net)
                  0.06    0.00   10.54 ^ clkbuf_0_clk/A (sky130_fd_sc_hd__clkbuf_16)
     2    0.02    0.04    0.13   10.67 ^ clkbuf_0_clk/X (sky130_fd_sc_hd__clkbuf_16)
                                         clknet_0_clk (net)
                  0.04    0.00   10.67 ^ clkbuf_1_1__f_clk/A (sky130_fd_sc_hd__clkbuf_16)
    13    0.05    0.07    0.15   10.81 ^ clkbuf_1_1__f_clk/X (sky130_fd_sc_hd__clkbuf_16)
                                         clknet_1_1__leaf_clk (net)
                  0.07    0.00   10.82 ^ _244_/CLK (sky130_fd_sc_hd__dfrtp_1)
                         -0.30   10.52   clock uncertainty
                          0.00   10.52   clock reconvergence pessimism
                         -0.11   10.41   library setup time
                                 10.41   data required time
-----------------------------------------------------------------------------
                                 10.41   data required time
                                 -4.39   data arrival time
-----------------------------------------------------------------------------
                                  6.02   slack (MET)


Startpoint: pwr_stable (input port clocked by clk)
Endpoint: _245_ (rising edge-triggered flip-flop clocked by clk)
Path Group: clk
Path Type: max
Corner: Typical

Fanout     Cap    Slew   Delay    Time   Description
-----------------------------------------------------------------------------
                          0.00    0.00   clock clk (rise edge)
                          0.50    0.50   clock network delay (propagated)
                          3.00    3.50 ^ input external delay
     1    0.00    0.02    0.01    3.51 ^ pwr_stable (in)
                                         pwr_stable (net)
                  0.02    0.00    3.51 ^ input2/A (sky130_fd_sc_hd__clkbuf_1)
     1    0.01    0.07    0.10    3.60 ^ input2/X (sky130_fd_sc_hd__clkbuf_1)
                                         net2 (net)
                  0.07    0.00    3.60 ^ _158_/A (sky130_fd_sc_hd__nand2_1)
     2    0.01    0.06    0.07    3.68 v _158_/Y (sky130_fd_sc_hd__nand2_1)
                                         _095_ (net)
                  0.06    0.00    3.68 v _159_/B1_N (sky130_fd_sc_hd__o21bai_1)
     1    0.00    0.05    0.15    3.83 v _159_/Y (sky130_fd_sc_hd__o21bai_1)
                                         _096_ (net)
                  0.05    0.00    3.83 v _160_/A (sky130_fd_sc_hd__nand2_1)
     1    0.00    0.05    0.06    3.89 ^ _160_/Y (sky130_fd_sc_hd__nand2_1)
                                         _097_ (net)
                  0.05    0.00    3.89 ^ _166_/A (sky130_fd_sc_hd__nand2_1)
     2    0.01    0.05    0.06    3.94 v _166_/Y (sky130_fd_sc_hd__nand2_1)
                                         _103_ (net)
                  0.05    0.00    3.94 v _178_/B (sky130_fd_sc_hd__nor2_1)
     2    0.01    0.13    0.12    4.07 ^ _178_/Y (sky130_fd_sc_hd__nor2_1)
                                         _014_ (net)
                  0.13    0.00    4.07 ^ _204_/A (sky130_fd_sc_hd__nand3_1)
     1    0.01    0.12    0.13    4.20 v _204_/Y (sky130_fd_sc_hd__nand3_1)
                                         _030_ (net)
                  0.12    0.00    4.20 v _209_/A (sky130_fd_sc_hd__nand3_4)
     8    0.03    0.13    0.14    4.34 ^ _209_/Y (sky130_fd_sc_hd__nand3_4)
                                         _035_ (net)
                  0.13    0.00    4.34 ^ _232_/B (sky130_fd_sc_hd__nor2_1)
     1    0.00    0.04    0.05    4.39 v _232_/Y (sky130_fd_sc_hd__nor2_1)
                                         _009_ (net)
                  0.04    0.00    4.39 v _245_/D (sky130_fd_sc_hd__dfrtp_1)
                                  4.39   data arrival time

                         10.00   10.00   clock clk (rise edge)
                          0.50   10.50   clock source latency
     1    0.02    0.06    0.04   10.54 ^ clk (in)
                                         clk (net)
                  0.06    0.00   10.54 ^ clkbuf_0_clk/A (sky130_fd_sc_hd__clkbuf_16)
     2    0.02    0.04    0.13   10.67 ^ clkbuf_0_clk/X (sky130_fd_sc_hd__clkbuf_16)
                                         clknet_0_clk (net)
                  0.04    0.00   10.67 ^ clkbuf_1_1__f_clk/A (sky130_fd_sc_hd__clkbuf_16)
    13    0.05    0.07    0.15   10.81 ^ clkbuf_1_1__f_clk/X (sky130_fd_sc_hd__clkbuf_16)
                                         clknet_1_1__leaf_clk (net)
                  0.07    0.00   10.82 ^ _245_/CLK (sky130_fd_sc_hd__dfrtp_1)
                         -0.30   10.52   clock uncertainty
                          0.00   10.52   clock reconvergence pessimism
                         -0.11   10.41   library setup time
                                 10.41   data required time
-----------------------------------------------------------------------------
                                 10.41   data required time
                                 -4.39   data arrival time
-----------------------------------------------------------------------------
                                  6.02   slack (MET)


Startpoint: pwr_stable (input port clocked by clk)
Endpoint: _241_ (rising edge-triggered flip-flop clocked by clk)
Path Group: clk
Path Type: max
Corner: Typical

Fanout     Cap    Slew   Delay    Time   Description
-----------------------------------------------------------------------------
                          0.00    0.00   clock clk (rise edge)
                          0.50    0.50   clock network delay (propagated)
                          3.00    3.50 ^ input external delay
     1    0.00    0.02    0.01    3.51 ^ pwr_stable (in)
                                         pwr_stable (net)
                  0.02    0.00    3.51 ^ input2/A (sky130_fd_sc_hd__clkbuf_1)
     1    0.01    0.07    0.10    3.60 ^ input2/X (sky130_fd_sc_hd__clkbuf_1)
                                         net2 (net)
                  0.07    0.00    3.60 ^ _158_/A (sky130_fd_sc_hd__nand2_1)
     2    0.01    0.06    0.07    3.68 v _158_/Y (sky130_fd_sc_hd__nand2_1)
                                         _095_ (net)
                  0.06    0.00    3.68 v _159_/B1_N (sky130_fd_sc_hd__o21bai_1)
     1    0.00    0.05    0.15    3.83 v _159_/Y (sky130_fd_sc_hd__o21bai_1)
                                         _096_ (net)
                  0.05    0.00    3.83 v _160_/A (sky130_fd_sc_hd__nand2_1)
     1    0.00    0.05    0.06    3.89 ^ _160_/Y (sky130_fd_sc_hd__nand2_1)
                                         _097_ (net)
                  0.05    0.00    3.89 ^ _166_/A (sky130_fd_sc_hd__nand2_1)
     2    0.01    0.05    0.06    3.94 v _166_/Y (sky130_fd_sc_hd__nand2_1)
                                         _103_ (net)
                  0.05    0.00    3.94 v _178_/B (sky130_fd_sc_hd__nor2_1)
     2    0.01    0.13    0.12    4.07 ^ _178_/Y (sky130_fd_sc_hd__nor2_1)
                                         _014_ (net)
                  0.13    0.00    4.07 ^ _204_/A (sky130_fd_sc_hd__nand3_1)
     1    0.01    0.12    0.13    4.20 v _204_/Y (sky130_fd_sc_hd__nand3_1)
                                         _030_ (net)
                  0.12    0.00    4.20 v _209_/A (sky130_fd_sc_hd__nand3_4)
     8    0.03    0.13    0.14    4.34 ^ _209_/Y (sky130_fd_sc_hd__nand3_4)
                                         _035_ (net)
                  0.13    0.00    4.34 ^ _214_/B (sky130_fd_sc_hd__nor2_1)
     1    0.00    0.04    0.05    4.39 v _214_/Y (sky130_fd_sc_hd__nor2_1)
                                         _005_ (net)
                  0.04    0.00    4.39 v _241_/D (sky130_fd_sc_hd__dfrtp_1)
                                  4.39   data arrival time

                         10.00   10.00   clock clk (rise edge)
                          0.50   10.50   clock source latency
     1    0.02    0.06    0.04   10.54 ^ clk (in)
                                         clk (net)
                  0.06    0.00   10.54 ^ clkbuf_0_clk/A (sky130_fd_sc_hd__clkbuf_16)
     2    0.02    0.04    0.13   10.67 ^ clkbuf_0_clk/X (sky130_fd_sc_hd__clkbuf_16)
                                         clknet_0_clk (net)
                  0.04    0.00   10.67 ^ clkbuf_1_1__f_clk/A (sky130_fd_sc_hd__clkbuf_16)
    13    0.05    0.07    0.15   10.81 ^ clkbuf_1_1__f_clk/X (sky130_fd_sc_hd__clkbuf_16)
                                         clknet_1_1__leaf_clk (net)
                  0.07    0.00   10.82 ^ _241_/CLK (sky130_fd_sc_hd__dfrtp_1)
                         -0.30   10.52   clock uncertainty
                          0.00   10.52   clock reconvergence pessimism
                         -0.11   10.41   library setup time
                                 10.41   data required time
-----------------------------------------------------------------------------
                                 10.41   data required time
                                 -4.39   data arrival time
-----------------------------------------------------------------------------
                                  6.02   slack (MET)


Startpoint: pwr_stable (input port clocked by clk)
Endpoint: _246_ (rising edge-triggered flip-flop clocked by clk)
Path Group: clk
Path Type: max
Corner: Typical

Fanout     Cap    Slew   Delay    Time   Description
-----------------------------------------------------------------------------
                          0.00    0.00   clock clk (rise edge)
                          0.50    0.50   clock network delay (propagated)
                          3.00    3.50 ^ input external delay
     1    0.00    0.02    0.01    3.51 ^ pwr_stable (in)
                                         pwr_stable (net)
                  0.02    0.00    3.51 ^ input2/A (sky130_fd_sc_hd__clkbuf_1)
     1    0.01    0.07    0.10    3.60 ^ input2/X (sky130_fd_sc_hd__clkbuf_1)
                                         net2 (net)
                  0.07    0.00    3.60 ^ _158_/A (sky130_fd_sc_hd__nand2_1)
     2    0.01    0.06    0.07    3.68 v _158_/Y (sky130_fd_sc_hd__nand2_1)
                                         _095_ (net)
                  0.06    0.00    3.68 v _159_/B1_N (sky130_fd_sc_hd__o21bai_1)
     1    0.00    0.05    0.15    3.83 v _159_/Y (sky130_fd_sc_hd__o21bai_1)
                                         _096_ (net)
                  0.05    0.00    3.83 v _160_/A (sky130_fd_sc_hd__nand2_1)
     1    0.00    0.05    0.06    3.89 ^ _160_/Y (sky130_fd_sc_hd__nand2_1)
                                         _097_ (net)
                  0.05    0.00    3.89 ^ _166_/A (sky130_fd_sc_hd__nand2_1)
     2    0.01    0.05    0.06    3.94 v _166_/Y (sky130_fd_sc_hd__nand2_1)
                                         _103_ (net)
                  0.05    0.00    3.94 v _178_/B (sky130_fd_sc_hd__nor2_1)
     2    0.01    0.13    0.12    4.07 ^ _178_/Y (sky130_fd_sc_hd__nor2_1)
                                         _014_ (net)
                  0.13    0.00    4.07 ^ _204_/A (sky130_fd_sc_hd__nand3_1)
     1    0.01    0.12    0.13    4.20 v _204_/Y (sky130_fd_sc_hd__nand3_1)
                                         _030_ (net)
                  0.12    0.00    4.20 v _209_/A (sky130_fd_sc_hd__nand3_4)
     8    0.03    0.13    0.14    4.34 ^ _209_/Y (sky130_fd_sc_hd__nand3_4)
                                         _035_ (net)
                  0.13    0.00    4.34 ^ _236_/B (sky130_fd_sc_hd__nor2_1)
     1    0.00    0.04    0.05    4.39 v _236_/Y (sky130_fd_sc_hd__nor2_1)
                                         _010_ (net)
                  0.04    0.00    4.39 v _246_/D (sky130_fd_sc_hd__dfrtp_1)
                                  4.39   data arrival time

                         10.00   10.00   clock clk (rise edge)
                          0.50   10.50   clock source latency
     1    0.02    0.06    0.04   10.54 ^ clk (in)
                                         clk (net)
                  0.06    0.00   10.54 ^ clkbuf_0_clk/A (sky130_fd_sc_hd__clkbuf_16)
     2    0.02    0.04    0.13   10.67 ^ clkbuf_0_clk/X (sky130_fd_sc_hd__clkbuf_16)
                                         clknet_0_clk (net)
                  0.04    0.00   10.67 ^ clkbuf_1_1__f_clk/A (sky130_fd_sc_hd__clkbuf_16)
    13    0.05    0.07    0.15   10.81 ^ clkbuf_1_1__f_clk/X (sky130_fd_sc_hd__clkbuf_16)
                                         clknet_1_1__leaf_clk (net)
                  0.07    0.00   10.82 ^ _246_/CLK (sky130_fd_sc_hd__dfrtp_1)
                         -0.30   10.52   clock uncertainty
                          0.00   10.52   clock reconvergence pessimism
                         -0.11   10.41   library setup time
                                 10.41   data required time
-----------------------------------------------------------------------------
                                 10.41   data required time
                                 -4.39   data arrival time
-----------------------------------------------------------------------------
                                  6.02   slack (MET)


Startpoint: _256_ (rising edge-triggered flip-flop clocked by clk)
Endpoint: seq_busy (output port clocked by clk)
Path Group: clk
Path Type: max
Corner: Typical

Fanout     Cap    Slew   Delay    Time   Description
-----------------------------------------------------------------------------
                          0.00    0.00   clock clk (rise edge)
                          0.50    0.50   clock source latency
     1    0.02    0.06    0.04    0.54 ^ clk (in)
                                         clk (net)
                  0.06    0.00    0.54 ^ clkbuf_0_clk/A (sky130_fd_sc_hd__clkbuf_16)
     2    0.02    0.04    0.13    0.67 ^ clkbuf_0_clk/X (sky130_fd_sc_hd__clkbuf_16)
                                         clknet_0_clk (net)
                  0.04    0.00    0.67 ^ clkbuf_1_0__f_clk/A (sky130_fd_sc_hd__clkbuf_16)
    16    0.05    0.07    0.15    0.81 ^ clkbuf_1_0__f_clk/X (sky130_fd_sc_hd__clkbuf_16)
                                         clknet_1_0__leaf_clk (net)
                  0.07    0.00    0.82 ^ _256_/CLK (sky130_fd_sc_hd__dfrtp_4)
     8    0.03    0.09    0.52    1.34 v _256_/Q (sky130_fd_sc_hd__dfrtp_4)
                                         curr_state[0] (net)
                  0.09    0.00    1.34 v _138_/A (sky130_fd_sc_hd__nand2_1)
     3    0.01    0.14    0.14    1.48 ^ _138_/Y (sky130_fd_sc_hd__nand2_1)
                                         _077_ (net)
                  0.14    0.00    1.48 ^ _139_/A (sky130_fd_sc_hd__inv_2)
     2    0.01    0.04    0.05    1.54 v _139_/Y (sky130_fd_sc_hd__inv_2)
                                         _078_ (net)
                  0.04    0.00    1.54 v _140_/B (sky130_fd_sc_hd__nor2_1)
     1    0.00    0.09    0.09    1.63 ^ _140_/Y (sky130_fd_sc_hd__nor2_1)
                                         net18 (net)
                  0.09    0.00    1.63 ^ wire20/A (sky130_fd_sc_hd__buf_1)
     4    0.02    0.21    0.21    1.84 ^ wire20/X (sky130_fd_sc_hd__buf_1)
                                         net20 (net)
                  0.21    0.00    1.84 ^ output18/A (sky130_fd_sc_hd__clkbuf_2)
     1    0.02    0.12    0.21    2.05 ^ output18/X (sky130_fd_sc_hd__clkbuf_2)
                                         seq_busy (net)
                  0.12    0.00    2.05 ^ seq_busy (out)
                                  2.05   data arrival time

                         10.00   10.00   clock clk (rise edge)
                          0.50   10.50   clock network delay (propagated)
                         -0.30   10.20   clock uncertainty
                          0.00   10.20   clock reconvergence pessimism
                         -2.00    8.20   output external delay
                                  8.20   data required time
-----------------------------------------------------------------------------
                                  8.20   data required time
                                 -2.05   data arrival time
-----------------------------------------------------------------------------
                                  6.15   slack (MET)


Startpoint: pwr_stable (input port clocked by clk)
Endpoint: _258_ (rising edge-triggered flip-flop clocked by clk)
Path Group: clk
Path Type: max
Corner: Typical

Fanout     Cap    Slew   Delay    Time   Description
-----------------------------------------------------------------------------
                          0.00    0.00   clock clk (rise edge)
                          0.50    0.50   clock network delay (propagated)
                          3.00    3.50 ^ input external delay
     1    0.00    0.02    0.01    3.51 ^ pwr_stable (in)
                                         pwr_stable (net)
                  0.02    0.00    3.51 ^ input2/A (sky130_fd_sc_hd__clkbuf_1)
     1    0.01    0.07    0.10    3.60 ^ input2/X (sky130_fd_sc_hd__clkbuf_1)
                                         net2 (net)
                  0.07    0.00    3.60 ^ _158_/A (sky130_fd_sc_hd__nand2_1)
     2    0.01    0.06    0.07    3.68 v _158_/Y (sky130_fd_sc_hd__nand2_1)
                                         _095_ (net)
                  0.06    0.00    3.68 v _159_/B1_N (sky130_fd_sc_hd__o21bai_1)
     1    0.00    0.05    0.15    3.83 v _159_/Y (sky130_fd_sc_hd__o21bai_1)
                                         _096_ (net)
                  0.05    0.00    3.83 v _160_/A (sky130_fd_sc_hd__nand2_1)
     1    0.00    0.05    0.06    3.89 ^ _160_/Y (sky130_fd_sc_hd__nand2_1)
                                         _097_ (net)
                  0.05    0.00    3.89 ^ _166_/A (sky130_fd_sc_hd__nand2_1)
     2    0.01    0.05    0.06    3.94 v _166_/Y (sky130_fd_sc_hd__nand2_1)
                                         _103_ (net)
                  0.05    0.00    3.94 v _178_/B (sky130_fd_sc_hd__nor2_1)
     2    0.01    0.13    0.12    4.07 ^ _178_/Y (sky130_fd_sc_hd__nor2_1)
                                         _014_ (net)
                  0.13    0.00    4.07 ^ _187_/A (sky130_fd_sc_hd__nand2_1)
     1    0.00    0.05    0.06    4.13 v _187_/Y (sky130_fd_sc_hd__nand2_1)
                                         next_state[2] (net)
                  0.05    0.00    4.13 v _258_/D (sky130_fd_sc_hd__dfrtp_4)
                                  4.13   data arrival time

                         10.00   10.00   clock clk (rise edge)
                          0.50   10.50   clock source latency
     1    0.02    0.06    0.04   10.54 ^ clk (in)
                                         clk (net)
                  0.06    0.00   10.54 ^ clkbuf_0_clk/A (sky130_fd_sc_hd__clkbuf_16)
     2    0.02    0.04    0.13   10.67 ^ clkbuf_0_clk/X (sky130_fd_sc_hd__clkbuf_16)
                                         clknet_0_clk (net)
                  0.04    0.00   10.67 ^ clkbuf_1_0__f_clk/A (sky130_fd_sc_hd__clkbuf_16)
    16    0.05    0.07    0.15   10.81 ^ clkbuf_1_0__f_clk/X (sky130_fd_sc_hd__clkbuf_16)
                                         clknet_1_0__leaf_clk (net)
                  0.07    0.00   10.82 ^ _258_/CLK (sky130_fd_sc_hd__dfrtp_4)
                         -0.30   10.52   clock uncertainty
                          0.00   10.52   clock reconvergence pessimism
                         -0.11   10.40   library setup time
                                 10.40   data required time
-----------------------------------------------------------------------------
                                 10.40   data required time
                                 -4.13   data arrival time
-----------------------------------------------------------------------------
                                  6.27   slack (MET)


Startpoint: _251_ (rising edge-triggered flip-flop clocked by clk)
Endpoint: retention_save (output port clocked by clk)
Path Group: clk
Path Type: max
Corner: Typical

Fanout     Cap    Slew   Delay    Time   Description
-----------------------------------------------------------------------------
                          0.00    0.00   clock clk (rise edge)
                          0.50    0.50   clock source latency
     1    0.02    0.06    0.04    0.54 ^ clk (in)
                                         clk (net)
                  0.06    0.00    0.54 ^ clkbuf_0_clk/A (sky130_fd_sc_hd__clkbuf_16)
     2    0.02    0.04    0.13    0.67 ^ clkbuf_0_clk/X (sky130_fd_sc_hd__clkbuf_16)
                                         clknet_0_clk (net)
                  0.04    0.00    0.67 ^ clkbuf_1_0__f_clk/A (sky130_fd_sc_hd__clkbuf_16)
    16    0.05    0.07    0.15    0.81 ^ clkbuf_1_0__f_clk/X (sky130_fd_sc_hd__clkbuf_16)
                                         clknet_1_0__leaf_clk (net)
                  0.07    0.00    0.82 ^ _251_/CLK (sky130_fd_sc_hd__dfrtp_1)
     1    0.00    0.03    0.35    1.17 v _251_/Q (sky130_fd_sc_hd__dfrtp_1)
                                         net17 (net)
                  0.03    0.00    1.17 v output17/A (sky130_fd_sc_hd__buf_2)
     1    0.03    0.08    0.17    1.34 v output17/X (sky130_fd_sc_hd__buf_2)
                                         retention_save (net)
                  0.08    0.00    1.34 v retention_save (out)
                                  1.34   data arrival time

                         10.00   10.00   clock clk (rise edge)
                          0.50   10.50   clock network delay (propagated)
                         -0.30   10.20   clock uncertainty
                          0.00   10.20   clock reconvergence pessimism
                         -2.50    7.70   output external delay
                                  7.70   data required time
-----------------------------------------------------------------------------
                                  7.70   data required time
                                 -1.34   data arrival time
-----------------------------------------------------------------------------
                                  6.36   slack (MET)


Startpoint: _252_ (rising edge-triggered flip-flop clocked by clk)
Endpoint: retention_restore (output port clocked by clk)
Path Group: clk
Path Type: max
Corner: Typical

Fanout     Cap    Slew   Delay    Time   Description
-----------------------------------------------------------------------------
                          0.00    0.00   clock clk (rise edge)
                          0.50    0.50   clock source latency
     1    0.02    0.06    0.04    0.54 ^ clk (in)
                                         clk (net)
                  0.06    0.00    0.54 ^ clkbuf_0_clk/A (sky130_fd_sc_hd__clkbuf_16)
     2    0.02    0.04    0.13    0.67 ^ clkbuf_0_clk/X (sky130_fd_sc_hd__clkbuf_16)
                                         clknet_0_clk (net)
                  0.04    0.00    0.67 ^ clkbuf_1_0__f_clk/A (sky130_fd_sc_hd__clkbuf_16)
    16    0.05    0.07    0.15    0.81 ^ clkbuf_1_0__f_clk/X (sky130_fd_sc_hd__clkbuf_16)
                                         clknet_1_0__leaf_clk (net)
                  0.07    0.00    0.82 ^ _252_/CLK (sky130_fd_sc_hd__dfrtp_1)
     1    0.00    0.03    0.35    1.17 v _252_/Q (sky130_fd_sc_hd__dfrtp_1)
                                         net16 (net)
                  0.03    0.00    1.17 v output16/A (sky130_fd_sc_hd__buf_2)
     1    0.03    0.08    0.17    1.34 v output16/X (sky130_fd_sc_hd__buf_2)
                                         retention_restore (net)
                  0.08    0.00    1.34 v retention_restore (out)
                                  1.34   data arrival time

                         10.00   10.00   clock clk (rise edge)
                          0.50   10.50   clock network delay (propagated)
                         -0.30   10.20   clock uncertainty
                          0.00   10.20   clock reconvergence pessimism
                         -2.50    7.70   output external delay
                                  7.70   data required time
-----------------------------------------------------------------------------
                                  7.70   data required time
                                 -1.34   data arrival time
-----------------------------------------------------------------------------
                                  6.36   slack (MET)


Startpoint: _253_ (rising edge-triggered flip-flop clocked by clk)
Endpoint: reset_ctrl (output port clocked by clk)
Path Group: clk
Path Type: max
Corner: Typical

Fanout     Cap    Slew   Delay    Time   Description
-----------------------------------------------------------------------------
                          0.00    0.00   clock clk (rise edge)
                          0.50    0.50   clock source latency
     1    0.02    0.06    0.04    0.54 ^ clk (in)
                                         clk (net)
                  0.06    0.00    0.54 ^ clkbuf_0_clk/A (sky130_fd_sc_hd__clkbuf_16)
     2    0.02    0.04    0.13    0.67 ^ clkbuf_0_clk/X (sky130_fd_sc_hd__clkbuf_16)
                                         clknet_0_clk (net)
                  0.04    0.00    0.67 ^ clkbuf_1_1__f_clk/A (sky130_fd_sc_hd__clkbuf_16)
    13    0.05    0.07    0.15    0.81 ^ clkbuf_1_1__f_clk/X (sky130_fd_sc_hd__clkbuf_16)
                                         clknet_1_1__leaf_clk (net)
                  0.07    0.00    0.82 ^ _253_/CLK (sky130_fd_sc_hd__dfrtp_1)
     1    0.00    0.03    0.35    1.17 v _253_/Q (sky130_fd_sc_hd__dfrtp_1)
                                         net14 (net)
                  0.03    0.00    1.17 v output14/A (sky130_fd_sc_hd__buf_2)
     1    0.03    0.08    0.17    1.34 v output14/X (sky130_fd_sc_hd__buf_2)
                                         reset_ctrl (net)
                  0.08    0.00    1.34 v reset_ctrl (out)
                                  1.34   data arrival time

                         10.00   10.00   clock clk (rise edge)
                          0.50   10.50   clock network delay (propagated)
                         -0.30   10.20   clock uncertainty
                          0.00   10.20   clock reconvergence pessimism
                         -2.50    7.70   output external delay
                                  7.70   data required time
-----------------------------------------------------------------------------
                                  7.70   data required time
                                 -1.34   data arrival time
-----------------------------------------------------------------------------
                                  6.36   slack (MET)


Startpoint: _239_ (rising edge-triggered flip-flop clocked by clk)
Endpoint: dvfs_ctrl[1] (output port clocked by clk)
Path Group: clk
Path Type: max
Corner: Typical

Fanout     Cap    Slew   Delay    Time   Description
-----------------------------------------------------------------------------
                          0.00    0.00   clock clk (rise edge)
                          0.50    0.50   clock source latency
     1    0.02    0.06    0.04    0.54 ^ clk (in)
                                         clk (net)
                  0.06    0.00    0.54 ^ clkbuf_0_clk/A (sky130_fd_sc_hd__clkbuf_16)
     2    0.02    0.04    0.13    0.67 ^ clkbuf_0_clk/X (sky130_fd_sc_hd__clkbuf_16)
                                         clknet_0_clk (net)
                  0.04    0.00    0.67 ^ clkbuf_1_1__f_clk/A (sky130_fd_sc_hd__clkbuf_16)
    13    0.05    0.07    0.15    0.81 ^ clkbuf_1_1__f_clk/X (sky130_fd_sc_hd__clkbuf_16)
                                         clknet_1_1__leaf_clk (net)
                  0.07    0.00    0.82 ^ _239_/CLK (sky130_fd_sc_hd__dfstp_1)
     1    0.00    0.05    0.50    1.32 ^ _239_/Q (sky130_fd_sc_hd__dfstp_1)
                                         net9 (net)
                  0.05    0.00    1.32 ^ output9/A (sky130_fd_sc_hd__clkbuf_2)
     1    0.02    0.12    0.16    1.47 ^ output9/X (sky130_fd_sc_hd__clkbuf_2)
                                         dvfs_ctrl[1] (net)
                  0.12    0.00    1.47 ^ dvfs_ctrl[1] (out)
                                  1.47   data arrival time

                         10.00   10.00   clock clk (rise edge)
                          0.50   10.50   clock network delay (propagated)
                         -0.30   10.20   clock uncertainty
                          0.00   10.20   clock reconvergence pessimism
                         -2.00    8.20   output external delay
                                  8.20   data required time
-----------------------------------------------------------------------------
                                  8.20   data required time
                                 -1.47   data arrival time
-----------------------------------------------------------------------------
                                  6.73   slack (MET)


Startpoint: _248_ (rising edge-triggered flip-flop clocked by clk)
Endpoint: clk_gate_en (output port clocked by clk)
Path Group: clk
Path Type: max
Corner: Typical

Fanout     Cap    Slew   Delay    Time   Description
-----------------------------------------------------------------------------
                          0.00    0.00   clock clk (rise edge)
                          0.50    0.50   clock source latency
     1    0.02    0.06    0.04    0.54 ^ clk (in)
                                         clk (net)
                  0.06    0.00    0.54 ^ clkbuf_0_clk/A (sky130_fd_sc_hd__clkbuf_16)
     2    0.02    0.04    0.13    0.67 ^ clkbuf_0_clk/X (sky130_fd_sc_hd__clkbuf_16)
                                         clknet_0_clk (net)
                  0.04    0.00    0.67 ^ clkbuf_1_0__f_clk/A (sky130_fd_sc_hd__clkbuf_16)
    16    0.05    0.07    0.15    0.81 ^ clkbuf_1_0__f_clk/X (sky130_fd_sc_hd__clkbuf_16)
                                         clknet_1_0__leaf_clk (net)
                  0.07    0.00    0.82 ^ _248_/CLK (sky130_fd_sc_hd__dfrtp_1)
     1    0.00    0.04    0.36    1.18 v _248_/Q (sky130_fd_sc_hd__dfrtp_1)
                                         net8 (net)
                  0.04    0.00    1.18 v output8/A (sky130_fd_sc_hd__buf_4)
     1    0.05    0.08    0.19    1.36 v output8/X (sky130_fd_sc_hd__buf_4)
                                         clk_gate_en (net)
                  0.08    0.00    1.37 v clk_gate_en (out)
                                  1.37   data arrival time

                         10.00   10.00   clock clk (rise edge)
                          0.50   10.50   clock network delay (propagated)
                         -0.30   10.20   clock uncertainty
                          0.00   10.20   clock reconvergence pessimism
                         -2.00    8.20   output external delay
                                  8.20   data required time
-----------------------------------------------------------------------------
                                  8.20   data required time
                                 -1.37   data arrival time
-----------------------------------------------------------------------------
                                  6.83   slack (MET)


Startpoint: _250_ (rising edge-triggered flip-flop clocked by clk)
Endpoint: retention_en (output port clocked by clk)
Path Group: clk
Path Type: max
Corner: Typical

Fanout     Cap    Slew   Delay    Time   Description
-----------------------------------------------------------------------------
                          0.00    0.00   clock clk (rise edge)
                          0.50    0.50   clock source latency
     1    0.02    0.06    0.04    0.54 ^ clk (in)
                                         clk (net)
                  0.06    0.00    0.54 ^ clkbuf_0_clk/A (sky130_fd_sc_hd__clkbuf_16)
     2    0.02    0.04    0.13    0.67 ^ clkbuf_0_clk/X (sky130_fd_sc_hd__clkbuf_16)
                                         clknet_0_clk (net)
                  0.04    0.00    0.67 ^ clkbuf_1_0__f_clk/A (sky130_fd_sc_hd__clkbuf_16)
    16    0.05    0.07    0.15    0.81 ^ clkbuf_1_0__f_clk/X (sky130_fd_sc_hd__clkbuf_16)
                                         clknet_1_0__leaf_clk (net)
                  0.07    0.00    0.82 ^ _250_/CLK (sky130_fd_sc_hd__dfrtp_1)
     1    0.00    0.04    0.36    1.18 v _250_/Q (sky130_fd_sc_hd__dfrtp_1)
                                         net15 (net)
                  0.04    0.00    1.18 v output15/A (sky130_fd_sc_hd__buf_4)
     1    0.05    0.08    0.18    1.36 v output15/X (sky130_fd_sc_hd__buf_4)
                                         retention_en (net)
                  0.08    0.00    1.36 v retention_en (out)
                                  1.36   data arrival time

                         10.00   10.00   clock clk (rise edge)
                          0.50   10.50   clock network delay (propagated)
                         -0.30   10.20   clock uncertainty
                          0.00   10.20   clock reconvergence pessimism
                         -2.00    8.20   output external delay
                                  8.20   data required time
-----------------------------------------------------------------------------
                                  8.20   data required time
                                 -1.36   data arrival time
-----------------------------------------------------------------------------
                                  6.84   slack (MET)


Startpoint: _249_ (rising edge-triggered flip-flop clocked by clk)
Endpoint: pwr_gate_en (output port clocked by clk)
Path Group: clk
Path Type: max
Corner: Typical

Fanout     Cap    Slew   Delay    Time   Description
-----------------------------------------------------------------------------
                          0.00    0.00   clock clk (rise edge)
                          0.50    0.50   clock source latency
     1    0.02    0.06    0.04    0.54 ^ clk (in)
                                         clk (net)
                  0.06    0.00    0.54 ^ clkbuf_0_clk/A (sky130_fd_sc_hd__clkbuf_16)
     2    0.02    0.04    0.13    0.67 ^ clkbuf_0_clk/X (sky130_fd_sc_hd__clkbuf_16)
                                         clknet_0_clk (net)
                  0.04    0.00    0.67 ^ clkbuf_1_0__f_clk/A (sky130_fd_sc_hd__clkbuf_16)
    16    0.05    0.07    0.15    0.81 ^ clkbuf_1_0__f_clk/X (sky130_fd_sc_hd__clkbuf_16)
                                         clknet_1_0__leaf_clk (net)
                  0.07    0.00    0.82 ^ _249_/CLK (sky130_fd_sc_hd__dfrtp_1)
     1    0.00    0.04    0.36    1.17 v _249_/Q (sky130_fd_sc_hd__dfrtp_1)
                                         net11 (net)
                  0.04    0.00    1.17 v output11/A (sky130_fd_sc_hd__buf_4)
     1    0.05    0.08    0.18    1.36 v output11/X (sky130_fd_sc_hd__buf_4)
                                         pwr_gate_en (net)
                  0.08    0.00    1.36 v pwr_gate_en (out)
                                  1.36   data arrival time

                         10.00   10.00   clock clk (rise edge)
                          0.50   10.50   clock network delay (propagated)
                         -0.30   10.20   clock uncertainty
                          0.00   10.20   clock reconvergence pessimism
                         -2.00    8.20   output external delay
                                  8.20   data required time
-----------------------------------------------------------------------------
                                  8.20   data required time
                                 -1.36   data arrival time
-----------------------------------------------------------------------------
                                  6.84   slack (MET)


Startpoint: _254_ (rising edge-triggered flip-flop clocked by clk)
Endpoint: pwr_state[0] (output port clocked by clk)
Path Group: clk
Path Type: max
Corner: Typical

Fanout     Cap    Slew   Delay    Time   Description
-----------------------------------------------------------------------------
                          0.00    0.00   clock clk (rise edge)
                          0.50    0.50   clock source latency
     1    0.02    0.06    0.04    0.54 ^ clk (in)
                                         clk (net)
                  0.06    0.00    0.54 ^ clkbuf_0_clk/A (sky130_fd_sc_hd__clkbuf_16)
     2    0.02    0.04    0.13    0.67 ^ clkbuf_0_clk/X (sky130_fd_sc_hd__clkbuf_16)
                                         clknet_0_clk (net)
                  0.04    0.00    0.67 ^ clkbuf_1_1__f_clk/A (sky130_fd_sc_hd__clkbuf_16)
    13    0.05    0.07    0.15    0.81 ^ clkbuf_1_1__f_clk/X (sky130_fd_sc_hd__clkbuf_16)
                                         clknet_1_1__leaf_clk (net)
                  0.07    0.00    0.82 ^ _254_/CLK (sky130_fd_sc_hd__dfrtp_1)
     1    0.00    0.04    0.36    1.17 v _254_/Q (sky130_fd_sc_hd__dfrtp_1)
                                         net12 (net)
                  0.04    0.00    1.17 v output12/A (sky130_fd_sc_hd__clkbuf_2)
     1    0.02    0.08    0.15    1.32 v output12/X (sky130_fd_sc_hd__clkbuf_2)
                                         pwr_state[0] (net)
                  0.08    0.00    1.32 v pwr_state[0] (out)
                                  1.32   data arrival time

                         10.00   10.00   clock clk (rise edge)
                          0.50   10.50   clock network delay (propagated)
                         -0.30   10.20   clock uncertainty
                          0.00   10.20   clock reconvergence pessimism
                         -2.00    8.20   output external delay
                                  8.20   data required time
-----------------------------------------------------------------------------
                                  8.20   data required time
                                 -1.32   data arrival time
-----------------------------------------------------------------------------
                                  6.88   slack (MET)


Startpoint: _255_ (rising edge-triggered flip-flop clocked by clk)
Endpoint: pwr_state[1] (output port clocked by clk)
Path Group: clk
Path Type: max
Corner: Typical

Fanout     Cap    Slew   Delay    Time   Description
-----------------------------------------------------------------------------
                          0.00    0.00   clock clk (rise edge)
                          0.50    0.50   clock source latency
     1    0.02    0.06    0.04    0.54 ^ clk (in)
                                         clk (net)
                  0.06    0.00    0.54 ^ clkbuf_0_clk/A (sky130_fd_sc_hd__clkbuf_16)
     2    0.02    0.04    0.13    0.67 ^ clkbuf_0_clk/X (sky130_fd_sc_hd__clkbuf_16)
                                         clknet_0_clk (net)
                  0.04    0.00    0.67 ^ clkbuf_1_1__f_clk/A (sky130_fd_sc_hd__clkbuf_16)
    13    0.05    0.07    0.15    0.81 ^ clkbuf_1_1__f_clk/X (sky130_fd_sc_hd__clkbuf_16)
                                         clknet_1_1__leaf_clk (net)
                  0.07    0.00    0.82 ^ _255_/CLK (sky130_fd_sc_hd__dfrtp_1)
     1    0.00    0.04    0.36    1.17 v _255_/Q (sky130_fd_sc_hd__dfrtp_1)
                                         net13 (net)
                  0.04    0.00    1.17 v output13/A (sky130_fd_sc_hd__clkbuf_2)
     1    0.02    0.08    0.15    1.32 v output13/X (sky130_fd_sc_hd__clkbuf_2)
                                         pwr_state[1] (net)
                  0.08    0.00    1.32 v pwr_state[1] (out)
                                  1.32   data arrival time

                         10.00   10.00   clock clk (rise edge)
                          0.50   10.50   clock network delay (propagated)
                         -0.30   10.20   clock uncertainty
                          0.00   10.20   clock reconvergence pessimism
                         -2.00    8.20   output external delay
                                  8.20   data required time
-----------------------------------------------------------------------------
                                  8.20   data required time
                                 -1.32   data arrival time
-----------------------------------------------------------------------------
                                  6.88   slack (MET)


Startpoint: wake_up (input port clocked by clk)
Endpoint: _259_ (rising edge-triggered flip-flop clocked by clk)
Path Group: clk
Path Type: max
Corner: Typical

Fanout     Cap    Slew   Delay    Time   Description
-----------------------------------------------------------------------------
                          0.00    0.00   clock clk (rise edge)
                          0.50    0.50   clock network delay (propagated)
                          2.00    2.50 v input external delay
     1    0.00    0.02    0.01    2.51 v wake_up (in)
                                         wake_up (net)
                  0.02    0.00    2.51 v input7/A (sky130_fd_sc_hd__clkbuf_1)
     1    0.00    0.03    0.08    2.59 v input7/X (sky130_fd_sc_hd__clkbuf_1)
                                         net7 (net)
                  0.03    0.00    2.59 v _259_/D (sky130_fd_sc_hd__dfrtp_1)
                                  2.59   data arrival time

                         10.00   10.00   clock clk (rise edge)
                          0.50   10.50   clock source latency
     1    0.02    0.06    0.04   10.54 ^ clk (in)
                                         clk (net)
                  0.06    0.00   10.54 ^ clkbuf_0_clk/A (sky130_fd_sc_hd__clkbuf_16)
     2    0.02    0.04    0.13   10.67 ^ clkbuf_0_clk/X (sky130_fd_sc_hd__clkbuf_16)
                                         clknet_0_clk (net)
                  0.04    0.00   10.67 ^ clkbuf_1_0__f_clk/A (sky130_fd_sc_hd__clkbuf_16)
    16    0.05    0.07    0.15   10.81 ^ clkbuf_1_0__f_clk/X (sky130_fd_sc_hd__clkbuf_16)
                                         clknet_1_0__leaf_clk (net)
                  0.07    0.00   10.82 ^ _259_/CLK (sky130_fd_sc_hd__dfrtp_1)
                         -0.30   10.52   clock uncertainty
                          0.00   10.52   clock reconvergence pessimism
                         -0.10   10.41   library setup time
                                 10.41   data required time
-----------------------------------------------------------------------------
                                 10.41   data required time
                                 -2.59   data arrival time
-----------------------------------------------------------------------------
                                  7.82   slack (MET)


Startpoint: req_sleep (input port clocked by clk)
Endpoint: _261_ (rising edge-triggered flip-flop clocked by clk)
Path Group: clk
Path Type: max
Corner: Typical

Fanout     Cap    Slew   Delay    Time   Description
-----------------------------------------------------------------------------
                          0.00    0.00   clock clk (rise edge)
                          0.50    0.50   clock network delay (propagated)
                          2.00    2.50 v input external delay
     1    0.00    0.02    0.01    2.51 v req_sleep (in)
                                         req_sleep (net)
                  0.02    0.00    2.51 v input5/A (sky130_fd_sc_hd__clkbuf_1)
     1    0.00    0.03    0.08    2.59 v input5/X (sky130_fd_sc_hd__clkbuf_1)
                                         net5 (net)
                  0.03    0.00    2.59 v _261_/D (sky130_fd_sc_hd__dfrtp_1)
                                  2.59   data arrival time

                         10.00   10.00   clock clk (rise edge)
                          0.50   10.50   clock source latency
     1    0.02    0.06    0.04   10.54 ^ clk (in)
                                         clk (net)
                  0.06    0.00   10.54 ^ clkbuf_0_clk/A (sky130_fd_sc_hd__clkbuf_16)
     2    0.02    0.04    0.13   10.67 ^ clkbuf_0_clk/X (sky130_fd_sc_hd__clkbuf_16)
                                         clknet_0_clk (net)
                  0.04    0.00   10.67 ^ clkbuf_1_0__f_clk/A (sky130_fd_sc_hd__clkbuf_16)
    16    0.05    0.07    0.15   10.81 ^ clkbuf_1_0__f_clk/X (sky130_fd_sc_hd__clkbuf_16)
                                         clknet_1_0__leaf_clk (net)
                  0.07    0.00   10.82 ^ _261_/CLK (sky130_fd_sc_hd__dfrtp_1)
                         -0.30   10.52   clock uncertainty
                          0.00   10.52   clock reconvergence pessimism
                         -0.10   10.41   library setup time
                                 10.41   data required time
-----------------------------------------------------------------------------
                                 10.41   data required time
                                 -2.59   data arrival time
-----------------------------------------------------------------------------
                                  7.83   slack (MET)


Startpoint: req_idle (input port clocked by clk)
Endpoint: _262_ (rising edge-triggered flip-flop clocked by clk)
Path Group: clk
Path Type: max
Corner: Typical

Fanout     Cap    Slew   Delay    Time   Description
-----------------------------------------------------------------------------
                          0.00    0.00   clock clk (rise edge)
                          0.50    0.50   clock network delay (propagated)
                          2.00    2.50 v input external delay
     1    0.00    0.02    0.01    2.51 v req_idle (in)
                                         req_idle (net)
                  0.02    0.00    2.51 v input3/A (sky130_fd_sc_hd__clkbuf_1)
     1    0.00    0.02    0.08    2.58 v input3/X (sky130_fd_sc_hd__clkbuf_1)
                                         net3 (net)
                  0.02    0.00    2.58 v _262_/D (sky130_fd_sc_hd__dfrtp_1)
                                  2.58   data arrival time

                         10.00   10.00   clock clk (rise edge)
                          0.50   10.50   clock source latency
     1    0.02    0.06    0.04   10.54 ^ clk (in)
                                         clk (net)
                  0.06    0.00   10.54 ^ clkbuf_0_clk/A (sky130_fd_sc_hd__clkbuf_16)
     2    0.02    0.04    0.13   10.67 ^ clkbuf_0_clk/X (sky130_fd_sc_hd__clkbuf_16)
                                         clknet_0_clk (net)
                  0.04    0.00   10.67 ^ clkbuf_1_0__f_clk/A (sky130_fd_sc_hd__clkbuf_16)
    16    0.05    0.07    0.15   10.81 ^ clkbuf_1_0__f_clk/X (sky130_fd_sc_hd__clkbuf_16)
                                         clknet_1_0__leaf_clk (net)
                  0.07    0.00   10.82 ^ _262_/CLK (sky130_fd_sc_hd__dfrtp_1)
                         -0.30   10.52   clock uncertainty
                          0.00   10.52   clock reconvergence pessimism
                         -0.10   10.42   library setup time
                                 10.42   data required time
-----------------------------------------------------------------------------
                                 10.42   data required time
                                 -2.58   data arrival time
-----------------------------------------------------------------------------
                                  7.83   slack (MET)


Startpoint: req_off (input port clocked by clk)
Endpoint: _260_ (rising edge-triggered flip-flop clocked by clk)
Path Group: clk
Path Type: max
Corner: Typical

Fanout     Cap    Slew   Delay    Time   Description
-----------------------------------------------------------------------------
                          0.00    0.00   clock clk (rise edge)
                          0.50    0.50   clock network delay (propagated)
                          2.00    2.50 v input external delay
     1    0.00    0.02    0.01    2.51 v req_off (in)
                                         req_off (net)
                  0.02    0.00    2.51 v input4/A (sky130_fd_sc_hd__clkbuf_1)
     1    0.00    0.02    0.08    2.58 v input4/X (sky130_fd_sc_hd__clkbuf_1)
                                         net4 (net)
                  0.02    0.00    2.58 v _260_/D (sky130_fd_sc_hd__dfrtp_1)
                                  2.58   data arrival time

                         10.00   10.00   clock clk (rise edge)
                          0.50   10.50   clock source latency
     1    0.02    0.06    0.04   10.54 ^ clk (in)
                                         clk (net)
                  0.06    0.00   10.54 ^ clkbuf_0_clk/A (sky130_fd_sc_hd__clkbuf_16)
     2    0.02    0.04    0.13   10.67 ^ clkbuf_0_clk/X (sky130_fd_sc_hd__clkbuf_16)
                                         clknet_0_clk (net)
                  0.04    0.00   10.67 ^ clkbuf_1_0__f_clk/A (sky130_fd_sc_hd__clkbuf_16)
    16    0.05    0.07    0.15   10.81 ^ clkbuf_1_0__f_clk/X (sky130_fd_sc_hd__clkbuf_16)
                                         clknet_1_0__leaf_clk (net)
                  0.07    0.00   10.82 ^ _260_/CLK (sky130_fd_sc_hd__dfrtp_1)
                         -0.30   10.52   clock uncertainty
                          0.00   10.52   clock reconvergence pessimism
                         -0.10   10.42   library setup time
                                 10.42   data required time
-----------------------------------------------------------------------------
                                 10.42   data required time
                                 -2.58   data arrival time
-----------------------------------------------------------------------------
                                  7.83   slack (MET)


Startpoint: _258_ (rising edge-triggered flip-flop clocked by clk)
Endpoint: _255_ (rising edge-triggered flip-flop clocked by clk)
Path Group: clk
Path Type: max
Corner: Typical

Fanout     Cap    Slew   Delay    Time   Description
-----------------------------------------------------------------------------
                          0.00    0.00   clock clk (rise edge)
                          0.50    0.50   clock source latency
     1    0.02    0.06    0.04    0.54 ^ clk (in)
                                         clk (net)
                  0.06    0.00    0.54 ^ clkbuf_0_clk/A (sky130_fd_sc_hd__clkbuf_16)
     2    0.02    0.04    0.13    0.67 ^ clkbuf_0_clk/X (sky130_fd_sc_hd__clkbuf_16)
                                         clknet_0_clk (net)
                  0.04    0.00    0.67 ^ clkbuf_1_0__f_clk/A (sky130_fd_sc_hd__clkbuf_16)
    16    0.05    0.07    0.15    0.81 ^ clkbuf_1_0__f_clk/X (sky130_fd_sc_hd__clkbuf_16)
                                         clknet_1_0__leaf_clk (net)
                  0.07    0.00    0.82 ^ _258_/CLK (sky130_fd_sc_hd__dfrtp_4)
     8    0.04    0.11    0.54    1.36 v _258_/Q (sky130_fd_sc_hd__dfrtp_4)
                                         curr_state[2] (net)
                  0.11    0.00    1.36 v _124_/A (sky130_fd_sc_hd__inv_6)
     6    0.02    0.06    0.10    1.45 ^ _124_/Y (sky130_fd_sc_hd__inv_6)
                                         _064_ (net)
                  0.06    0.00    1.45 ^ _125_/B (sky130_fd_sc_hd__nor2_1)
     3    0.01    0.06    0.06    1.52 v _125_/Y (sky130_fd_sc_hd__nor2_1)
                                         _065_ (net)
                  0.06    0.00    1.52 v _170_/A (sky130_fd_sc_hd__and2_1)
     3    0.01    0.07    0.18    1.69 v _170_/X (sky130_fd_sc_hd__and2_1)
                                         _107_ (net)
                  0.07    0.00    1.69 v _193_/B (sky130_fd_sc_hd__nor2_1)
     2    0.00    0.10    0.11    1.81 ^ _193_/Y (sky130_fd_sc_hd__nor2_1)
                                         _024_ (net)
                  0.10    0.00    1.81 ^ _194_/C_N (sky130_fd_sc_hd__or3b_1)
     1    0.01    0.09    0.38    2.19 v _194_/X (sky130_fd_sc_hd__or3b_1)
                                         _025_ (net)
                  0.09    0.00    2.19 v _195_/A (sky130_fd_sc_hd__clkbuf_1)
     1    0.00    0.03    0.11    2.30 v _195_/X (sky130_fd_sc_hd__clkbuf_1)
                                         _113_ (net)
                  0.03    0.00    2.30 v _255_/D (sky130_fd_sc_hd__dfrtp_1)
                                  2.30   data arrival time

                         10.00   10.00   clock clk (rise edge)
                          0.50   10.50   clock source latency
     1    0.02    0.06    0.04   10.54 ^ clk (in)
                                         clk (net)
                  0.06    0.00   10.54 ^ clkbuf_0_clk/A (sky130_fd_sc_hd__clkbuf_16)
     2    0.02    0.04    0.13   10.67 ^ clkbuf_0_clk/X (sky130_fd_sc_hd__clkbuf_16)
                                         clknet_0_clk (net)
                  0.04    0.00   10.67 ^ clkbuf_1_1__f_clk/A (sky130_fd_sc_hd__clkbuf_16)
    13    0.05    0.07    0.15   10.81 ^ clkbuf_1_1__f_clk/X (sky130_fd_sc_hd__clkbuf_16)
                                         clknet_1_1__leaf_clk (net)
                  0.07    0.00   10.82 ^ _255_/CLK (sky130_fd_sc_hd__dfrtp_1)
                         -0.30   10.52   clock uncertainty
                          0.00   10.52   clock reconvergence pessimism
                         -0.10   10.41   library setup time
                                 10.41   data required time
-----------------------------------------------------------------------------
                                 10.41   data required time
                                 -2.30   data arrival time
-----------------------------------------------------------------------------
                                  8.12   slack (MET)


Startpoint: _246_ (rising edge-triggered flip-flop clocked by clk)
Endpoint: _250_ (rising edge-triggered flip-flop clocked by clk)
Path Group: clk
Path Type: max
Corner: Typical

Fanout     Cap    Slew   Delay    Time   Description
-----------------------------------------------------------------------------
                          0.00    0.00   clock clk (rise edge)
                          0.50    0.50   clock source latency
     1    0.02    0.06    0.04    0.54 ^ clk (in)
                                         clk (net)
                  0.06    0.00    0.54 ^ clkbuf_0_clk/A (sky130_fd_sc_hd__clkbuf_16)
     2    0.02    0.04    0.13    0.67 ^ clkbuf_0_clk/X (sky130_fd_sc_hd__clkbuf_16)
                                         clknet_0_clk (net)
                  0.04    0.00    0.67 ^ clkbuf_1_1__f_clk/A (sky130_fd_sc_hd__clkbuf_16)
    13    0.05    0.07    0.15    0.81 ^ clkbuf_1_1__f_clk/X (sky130_fd_sc_hd__clkbuf_16)
                                         clknet_1_1__leaf_clk (net)
                  0.07    0.00    0.82 ^ _246_/CLK (sky130_fd_sc_hd__dfrtp_1)
     3    0.01    0.07    0.39    1.21 v _246_/Q (sky130_fd_sc_hd__dfrtp_1)
                                         seq_timer[6] (net)
                  0.07    0.00    1.21 v _121_/A (sky130_fd_sc_hd__nor2_1)
     2    0.01    0.14    0.15    1.36 ^ _121_/Y (sky130_fd_sc_hd__nor2_1)
                                         _061_ (net)
                  0.14    0.00    1.36 ^ _134_/B (sky130_fd_sc_hd__nand3_1)
     2    0.01    0.08    0.11    1.48 v _134_/Y (sky130_fd_sc_hd__nand3_1)
                                         _074_ (net)
                  0.08    0.00    1.48 v _135_/C (sky130_fd_sc_hd__or3_1)
     1    0.01    0.08    0.34    1.82 v _135_/X (sky130_fd_sc_hd__or3_1)
                                         _075_ (net)
                  0.08    0.00    1.82 v _136_/A (sky130_fd_sc_hd__inv_2)
     3    0.01    0.06    0.08    1.90 ^ _136_/Y (sky130_fd_sc_hd__inv_2)
                                         _076_ (net)
                  0.06    0.00    1.90 ^ _197_/A2 (sky130_fd_sc_hd__o21ai_1)
     1    0.00    0.06    0.06    1.96 v _197_/Y (sky130_fd_sc_hd__o21ai_1)
                                         _116_ (net)
                  0.06    0.00    1.96 v _250_/D (sky130_fd_sc_hd__dfrtp_1)
                                  1.96   data arrival time

                         10.00   10.00   clock clk (rise edge)
                          0.50   10.50   clock source latency
     1    0.02    0.06    0.04   10.54 ^ clk (in)
                                         clk (net)
                  0.06    0.00   10.54 ^ clkbuf_0_clk/A (sky130_fd_sc_hd__clkbuf_16)
     2    0.02    0.04    0.13   10.67 ^ clkbuf_0_clk/X (sky130_fd_sc_hd__clkbuf_16)
                                         clknet_0_clk (net)
                  0.04    0.00   10.67 ^ clkbuf_1_0__f_clk/A (sky130_fd_sc_hd__clkbuf_16)
    16    0.05    0.07    0.15   10.81 ^ clkbuf_1_0__f_clk/X (sky130_fd_sc_hd__clkbuf_16)
                                         clknet_1_0__leaf_clk (net)
                  0.07    0.00   10.82 ^ _250_/CLK (sky130_fd_sc_hd__dfrtp_1)
                         -0.30   10.52   clock uncertainty
                          0.00   10.52   clock reconvergence pessimism
                         -0.11   10.40   library setup time
                                 10.40   data required time
-----------------------------------------------------------------------------
                                 10.40   data required time
                                 -1.96   data arrival time
-----------------------------------------------------------------------------
                                  8.44   slack (MET)


Startpoint: _246_ (rising edge-triggered flip-flop clocked by clk)
Endpoint: _253_ (rising edge-triggered flip-flop clocked by clk)
Path Group: clk
Path Type: max
Corner: Typical

Fanout     Cap    Slew   Delay    Time   Description
-----------------------------------------------------------------------------
                          0.00    0.00   clock clk (rise edge)
                          0.50    0.50   clock source latency
     1    0.02    0.06    0.04    0.54 ^ clk (in)
                                         clk (net)
                  0.06    0.00    0.54 ^ clkbuf_0_clk/A (sky130_fd_sc_hd__clkbuf_16)
     2    0.02    0.04    0.13    0.67 ^ clkbuf_0_clk/X (sky130_fd_sc_hd__clkbuf_16)
                                         clknet_0_clk (net)
                  0.04    0.00    0.67 ^ clkbuf_1_1__f_clk/A (sky130_fd_sc_hd__clkbuf_16)
    13    0.05    0.07    0.15    0.81 ^ clkbuf_1_1__f_clk/X (sky130_fd_sc_hd__clkbuf_16)
                                         clknet_1_1__leaf_clk (net)
                  0.07    0.00    0.82 ^ _246_/CLK (sky130_fd_sc_hd__dfrtp_1)
     3    0.01    0.07    0.39    1.21 v _246_/Q (sky130_fd_sc_hd__dfrtp_1)
                                         seq_timer[6] (net)
                  0.07    0.00    1.21 v _121_/A (sky130_fd_sc_hd__nor2_1)
     2    0.01    0.14    0.15    1.36 ^ _121_/Y (sky130_fd_sc_hd__nor2_1)
                                         _061_ (net)
                  0.14    0.00    1.36 ^ _134_/B (sky130_fd_sc_hd__nand3_1)
     2    0.01    0.08    0.11    1.48 v _134_/Y (sky130_fd_sc_hd__nand3_1)
                                         _074_ (net)
                  0.08    0.00    1.48 v _135_/C (sky130_fd_sc_hd__or3_1)
     1    0.01    0.08    0.34    1.82 v _135_/X (sky130_fd_sc_hd__or3_1)
                                         _075_ (net)
                  0.08    0.00    1.82 v _136_/A (sky130_fd_sc_hd__inv_2)
     3    0.01    0.06    0.08    1.90 ^ _136_/Y (sky130_fd_sc_hd__inv_2)
                                         _076_ (net)
                  0.06    0.00    1.90 ^ _196_/A1 (sky130_fd_sc_hd__a21o_1)
     1    0.00    0.03    0.10    2.00 ^ _196_/X (sky130_fd_sc_hd__a21o_1)
                                         _115_ (net)
                  0.03    0.00    2.00 ^ _253_/D (sky130_fd_sc_hd__dfrtp_1)
                                  2.00   data arrival time

                         10.00   10.00   clock clk (rise edge)
                          0.50   10.50   clock source latency
     1    0.02    0.06    0.04   10.54 ^ clk (in)
                                         clk (net)
                  0.06    0.00   10.54 ^ clkbuf_0_clk/A (sky130_fd_sc_hd__clkbuf_16)
     2    0.02    0.04    0.13   10.67 ^ clkbuf_0_clk/X (sky130_fd_sc_hd__clkbuf_16)
                                         clknet_0_clk (net)
                  0.04    0.00   10.67 ^ clkbuf_1_1__f_clk/A (sky130_fd_sc_hd__clkbuf_16)
    13    0.05    0.07    0.15   10.81 ^ clkbuf_1_1__f_clk/X (sky130_fd_sc_hd__clkbuf_16)
                                         clknet_1_1__leaf_clk (net)
                  0.07    0.00   10.82 ^ _253_/CLK (sky130_fd_sc_hd__dfrtp_1)
                         -0.30   10.52   clock uncertainty
                          0.00   10.52   clock reconvergence pessimism
                         -0.05   10.46   library setup time
                                 10.46   data required time
-----------------------------------------------------------------------------
                                 10.46   data required time
                                 -2.00   data arrival time
-----------------------------------------------------------------------------
                                  8.47   slack (MET)


Startpoint: _246_ (rising edge-triggered flip-flop clocked by clk)
Endpoint: _252_ (rising edge-triggered flip-flop clocked by clk)
Path Group: clk
Path Type: max
Corner: Typical

Fanout     Cap    Slew   Delay    Time   Description
-----------------------------------------------------------------------------
                          0.00    0.00   clock clk (rise edge)
                          0.50    0.50   clock source latency
     1    0.02    0.06    0.04    0.54 ^ clk (in)
                                         clk (net)
                  0.06    0.00    0.54 ^ clkbuf_0_clk/A (sky130_fd_sc_hd__clkbuf_16)
     2    0.02    0.04    0.13    0.67 ^ clkbuf_0_clk/X (sky130_fd_sc_hd__clkbuf_16)
                                         clknet_0_clk (net)
                  0.04    0.00    0.67 ^ clkbuf_1_1__f_clk/A (sky130_fd_sc_hd__clkbuf_16)
    13    0.05    0.07    0.15    0.81 ^ clkbuf_1_1__f_clk/X (sky130_fd_sc_hd__clkbuf_16)
                                         clknet_1_1__leaf_clk (net)
                  0.07    0.00    0.82 ^ _246_/CLK (sky130_fd_sc_hd__dfrtp_1)
     3    0.01    0.07    0.39    1.21 v _246_/Q (sky130_fd_sc_hd__dfrtp_1)
                                         seq_timer[6] (net)
                  0.07    0.00    1.21 v _121_/A (sky130_fd_sc_hd__nor2_1)
     2    0.01    0.14    0.15    1.36 ^ _121_/Y (sky130_fd_sc_hd__nor2_1)
                                         _061_ (net)
                  0.14    0.00    1.36 ^ _134_/B (sky130_fd_sc_hd__nand3_1)
     2    0.01    0.08    0.11    1.48 v _134_/Y (sky130_fd_sc_hd__nand3_1)
                                         _074_ (net)
                  0.08    0.00    1.48 v _135_/C (sky130_fd_sc_hd__or3_1)
     1    0.01    0.08    0.34    1.82 v _135_/X (sky130_fd_sc_hd__or3_1)
                                         _075_ (net)
                  0.08    0.00    1.82 v _136_/A (sky130_fd_sc_hd__inv_2)
     3    0.01    0.06    0.08    1.90 ^ _136_/Y (sky130_fd_sc_hd__inv_2)
                                         _076_ (net)
                  0.06    0.00    1.90 ^ _137_/B (sky130_fd_sc_hd__nor2_1)
     1    0.00    0.03    0.04    1.94 v _137_/Y (sky130_fd_sc_hd__nor2_1)
                                         _114_ (net)
                  0.03    0.00    1.94 v _252_/D (sky130_fd_sc_hd__dfrtp_1)
                                  1.94   data arrival time

                         10.00   10.00   clock clk (rise edge)
                          0.50   10.50   clock source latency
     1    0.02    0.06    0.04   10.54 ^ clk (in)
                                         clk (net)
                  0.06    0.00   10.54 ^ clkbuf_0_clk/A (sky130_fd_sc_hd__clkbuf_16)
     2    0.02    0.04    0.13   10.67 ^ clkbuf_0_clk/X (sky130_fd_sc_hd__clkbuf_16)
                                         clknet_0_clk (net)
                  0.04    0.00   10.67 ^ clkbuf_1_0__f_clk/A (sky130_fd_sc_hd__clkbuf_16)
    16    0.05    0.07    0.15   10.81 ^ clkbuf_1_0__f_clk/X (sky130_fd_sc_hd__clkbuf_16)
                                         clknet_1_0__leaf_clk (net)
                  0.07    0.00   10.82 ^ _252_/CLK (sky130_fd_sc_hd__dfrtp_1)
                         -0.30   10.52   clock uncertainty
                          0.00   10.52   clock reconvergence pessimism
                         -0.10   10.41   library setup time
                                 10.41   data required time
-----------------------------------------------------------------------------
                                 10.41   data required time
                                 -1.94   data arrival time
-----------------------------------------------------------------------------
                                  8.48   slack (MET)


Startpoint: _257_ (rising edge-triggered flip-flop clocked by clk)
Endpoint: _256_ (rising edge-triggered flip-flop clocked by clk)
Path Group: clk
Path Type: max
Corner: Typical

Fanout     Cap    Slew   Delay    Time   Description
-----------------------------------------------------------------------------
                          0.00    0.00   clock clk (rise edge)
                          0.50    0.50   clock source latency
     1    0.02    0.06    0.04    0.54 ^ clk (in)
                                         clk (net)
                  0.06    0.00    0.54 ^ clkbuf_0_clk/A (sky130_fd_sc_hd__clkbuf_16)
     2    0.02    0.04    0.13    0.67 ^ clkbuf_0_clk/X (sky130_fd_sc_hd__clkbuf_16)
                                         clknet_0_clk (net)
                  0.04    0.00    0.67 ^ clkbuf_1_0__f_clk/A (sky130_fd_sc_hd__clkbuf_16)
    16    0.05    0.07    0.15    0.81 ^ clkbuf_1_0__f_clk/X (sky130_fd_sc_hd__clkbuf_16)
                                         clknet_1_0__leaf_clk (net)
                  0.07    0.00    0.82 ^ _257_/CLK (sky130_fd_sc_hd__dfrtp_1)
     3    0.01    0.07    0.40    1.22 v _257_/Q (sky130_fd_sc_hd__dfrtp_1)
                                         curr_state[1] (net)
                  0.07    0.00    1.22 v _126_/A (sky130_fd_sc_hd__clkbuf_2)
     8    0.03    0.12    0.19    1.40 v _126_/X (sky130_fd_sc_hd__clkbuf_2)
                                         _066_ (net)
                  0.12    0.00    1.40 v _146_/B (sky130_fd_sc_hd__nor2_1)
     2    0.01    0.13    0.15    1.55 ^ _146_/Y (sky130_fd_sc_hd__nor2_1)
                                         _084_ (net)
                  0.13    0.00    1.55 ^ _148_/B (sky130_fd_sc_hd__nand3_1)
     1    0.00    0.06    0.09    1.65 v _148_/Y (sky130_fd_sc_hd__nand3_1)
                                         _086_ (net)
                  0.06    0.00    1.65 v _149_/B (sky130_fd_sc_hd__nand2_1)
     1    0.00    0.05    0.07    1.72 ^ _149_/Y (sky130_fd_sc_hd__nand2_1)
                                         _087_ (net)
                  0.05    0.00    1.72 ^ _151_/A (sky130_fd_sc_hd__nand2_1)
     1    0.00    0.04    0.05    1.77 v _151_/Y (sky130_fd_sc_hd__nand2_1)
                                         _089_ (net)
                  0.04    0.00    1.77 v _154_/A (sky130_fd_sc_hd__nand2_1)
     2    0.01    0.07    0.07    1.83 ^ _154_/Y (sky130_fd_sc_hd__nand2_1)
                                         _092_ (net)
                  0.07    0.00    1.83 ^ _156_/A (sky130_fd_sc_hd__nand2_1)
     2    0.01    0.07    0.08    1.91 v _156_/Y (sky130_fd_sc_hd__nand2_1)
                                         _094_ (net)
                  0.07    0.00    1.91 v _157_/A (sky130_fd_sc_hd__inv_2)
     1    0.00    0.03    0.05    1.96 ^ _157_/Y (sky130_fd_sc_hd__inv_2)
                                         next_state[0] (net)
                  0.03    0.00    1.96 ^ _256_/D (sky130_fd_sc_hd__dfrtp_4)
                                  1.96   data arrival time

                         10.00   10.00   clock clk (rise edge)
                          0.50   10.50   clock source latency
     1    0.02    0.06    0.04   10.54 ^ clk (in)
                                         clk (net)
                  0.06    0.00   10.54 ^ clkbuf_0_clk/A (sky130_fd_sc_hd__clkbuf_16)
     2    0.02    0.04    0.13   10.67 ^ clkbuf_0_clk/X (sky130_fd_sc_hd__clkbuf_16)
                                         clknet_0_clk (net)
                  0.04    0.00   10.67 ^ clkbuf_1_0__f_clk/A (sky130_fd_sc_hd__clkbuf_16)
    16    0.05    0.07    0.15   10.81 ^ clkbuf_1_0__f_clk/X (sky130_fd_sc_hd__clkbuf_16)
                                         clknet_1_0__leaf_clk (net)
                  0.07    0.00   10.82 ^ _256_/CLK (sky130_fd_sc_hd__dfrtp_4)
                         -0.30   10.52   clock uncertainty
                          0.00   10.52   clock reconvergence pessimism
                         -0.06   10.46   library setup time
                                 10.46   data required time
-----------------------------------------------------------------------------
                                 10.46   data required time
                                 -1.96   data arrival time
-----------------------------------------------------------------------------
                                  8.50   slack (MET)


Startpoint: _246_ (rising edge-triggered flip-flop clocked by clk)
Endpoint: _251_ (rising edge-triggered flip-flop clocked by clk)
Path Group: clk
Path Type: max
Corner: Typical

Fanout     Cap    Slew   Delay    Time   Description
-----------------------------------------------------------------------------
                          0.00    0.00   clock clk (rise edge)
                          0.50    0.50   clock source latency
     1    0.02    0.06    0.04    0.54 ^ clk (in)
                                         clk (net)
                  0.06    0.00    0.54 ^ clkbuf_0_clk/A (sky130_fd_sc_hd__clkbuf_16)
     2    0.02    0.04    0.13    0.67 ^ clkbuf_0_clk/X (sky130_fd_sc_hd__clkbuf_16)
                                         clknet_0_clk (net)
                  0.04    0.00    0.67 ^ clkbuf_1_1__f_clk/A (sky130_fd_sc_hd__clkbuf_16)
    13    0.05    0.07    0.15    0.81 ^ clkbuf_1_1__f_clk/X (sky130_fd_sc_hd__clkbuf_16)
                                         clknet_1_1__leaf_clk (net)
                  0.07    0.00    0.82 ^ _246_/CLK (sky130_fd_sc_hd__dfrtp_1)
     3    0.01    0.07    0.39    1.21 v _246_/Q (sky130_fd_sc_hd__dfrtp_1)
                                         seq_timer[6] (net)
                  0.07    0.00    1.21 v _121_/A (sky130_fd_sc_hd__nor2_1)
     2    0.01    0.14    0.15    1.36 ^ _121_/Y (sky130_fd_sc_hd__nor2_1)
                                         _061_ (net)
                  0.14    0.00    1.36 ^ _122_/B (sky130_fd_sc_hd__nand2_1)
     3    0.01    0.08    0.11    1.47 v _122_/Y (sky130_fd_sc_hd__nand2_1)
                                         _062_ (net)
                  0.08    0.00    1.47 v _123_/B (sky130_fd_sc_hd__nor2_1)
     3    0.01    0.23    0.21    1.68 ^ _123_/Y (sky130_fd_sc_hd__nor2_1)
                                         _063_ (net)
                  0.23    0.00    1.68 ^ _198_/C1 (sky130_fd_sc_hd__o211a_1)
     1    0.00    0.06    0.19    1.87 ^ _198_/X (sky130_fd_sc_hd__o211a_1)
                                         _003_ (net)
                  0.06    0.00    1.87 ^ _251_/D (sky130_fd_sc_hd__dfrtp_1)
                                  1.87   data arrival time

                         10.00   10.00   clock clk (rise edge)
                          0.50   10.50   clock source latency
     1    0.02    0.06    0.04   10.54 ^ clk (in)
                                         clk (net)
                  0.06    0.00   10.54 ^ clkbuf_0_clk/A (sky130_fd_sc_hd__clkbuf_16)
     2    0.02    0.04    0.13   10.67 ^ clkbuf_0_clk/X (sky130_fd_sc_hd__clkbuf_16)
                                         clknet_0_clk (net)
                  0.04    0.00   10.67 ^ clkbuf_1_0__f_clk/A (sky130_fd_sc_hd__clkbuf_16)
    16    0.05    0.07    0.15   10.81 ^ clkbuf_1_0__f_clk/X (sky130_fd_sc_hd__clkbuf_16)
                                         clknet_1_0__leaf_clk (net)
                  0.07    0.00   10.82 ^ _251_/CLK (sky130_fd_sc_hd__dfrtp_1)
                         -0.30   10.52   clock uncertainty
                          0.00   10.52   clock reconvergence pessimism
                         -0.06   10.46   library setup time
                                 10.46   data required time
-----------------------------------------------------------------------------
                                 10.46   data required time
                                 -1.87   data arrival time
-----------------------------------------------------------------------------
                                  8.58   slack (MET)


Startpoint: _258_ (rising edge-triggered flip-flop clocked by clk)
Endpoint: _239_ (rising edge-triggered flip-flop clocked by clk)
Path Group: clk
Path Type: max
Corner: Typical

Fanout     Cap    Slew   Delay    Time   Description
-----------------------------------------------------------------------------
                          0.00    0.00   clock clk (rise edge)
                          0.50    0.50   clock source latency
     1    0.02    0.06    0.04    0.54 ^ clk (in)
                                         clk (net)
                  0.06    0.00    0.54 ^ clkbuf_0_clk/A (sky130_fd_sc_hd__clkbuf_16)
     2    0.02    0.04    0.13    0.67 ^ clkbuf_0_clk/X (sky130_fd_sc_hd__clkbuf_16)
                                         clknet_0_clk (net)
                  0.04    0.00    0.67 ^ clkbuf_1_0__f_clk/A (sky130_fd_sc_hd__clkbuf_16)
    16    0.05    0.07    0.15    0.81 ^ clkbuf_1_0__f_clk/X (sky130_fd_sc_hd__clkbuf_16)
                                         clknet_1_0__leaf_clk (net)
                  0.07    0.00    0.82 ^ _258_/CLK (sky130_fd_sc_hd__dfrtp_4)
     8    0.04    0.11    0.54    1.36 v _258_/Q (sky130_fd_sc_hd__dfrtp_4)
                                         curr_state[2] (net)
                  0.11    0.00    1.36 v _124_/A (sky130_fd_sc_hd__inv_6)
     6    0.02    0.06    0.10    1.45 ^ _124_/Y (sky130_fd_sc_hd__inv_6)
                                         _064_ (net)
                  0.06    0.00    1.45 ^ _180_/A (sky130_fd_sc_hd__nand2_1)
     2    0.01    0.09    0.09    1.54 v _180_/Y (sky130_fd_sc_hd__nand2_1)
                                         _016_ (net)
                  0.09    0.00    1.54 v _189_/B (sky130_fd_sc_hd__nor2_1)
     2    0.01    0.19    0.18    1.73 ^ _189_/Y (sky130_fd_sc_hd__nor2_1)
                                         _022_ (net)
                  0.19    0.00    1.73 ^ _190_/A (sky130_fd_sc_hd__inv_2)
     1    0.00    0.04    0.04    1.77 v _190_/Y (sky130_fd_sc_hd__inv_2)
                                         _001_ (net)
                  0.04    0.00    1.77 v _239_/D (sky130_fd_sc_hd__dfstp_1)
                                  1.77   data arrival time

                         10.00   10.00   clock clk (rise edge)
                          0.50   10.50   clock source latency
     1    0.02    0.06    0.04   10.54 ^ clk (in)
                                         clk (net)
                  0.06    0.00   10.54 ^ clkbuf_0_clk/A (sky130_fd_sc_hd__clkbuf_16)
     2    0.02    0.04    0.13   10.67 ^ clkbuf_0_clk/X (sky130_fd_sc_hd__clkbuf_16)
                                         clknet_0_clk (net)
                  0.04    0.00   10.67 ^ clkbuf_1_1__f_clk/A (sky130_fd_sc_hd__clkbuf_16)
    13    0.05    0.07    0.15   10.81 ^ clkbuf_1_1__f_clk/X (sky130_fd_sc_hd__clkbuf_16)
                                         clknet_1_1__leaf_clk (net)
                  0.07    0.00   10.82 ^ _239_/CLK (sky130_fd_sc_hd__dfstp_1)
                         -0.30   10.52   clock uncertainty
                          0.00   10.52   clock reconvergence pessimism
                         -0.06   10.45   library setup time
                                 10.45   data required time
-----------------------------------------------------------------------------
                                 10.45   data required time
                                 -1.77   data arrival time
-----------------------------------------------------------------------------
                                  8.69   slack (MET)


Startpoint: _257_ (rising edge-triggered flip-flop clocked by clk)
Endpoint: _254_ (rising edge-triggered flip-flop clocked by clk)
Path Group: clk
Path Type: max
Corner: Typical

Fanout     Cap    Slew   Delay    Time   Description
-----------------------------------------------------------------------------
                          0.00    0.00   clock clk (rise edge)
                          0.50    0.50   clock source latency
     1    0.02    0.06    0.04    0.54 ^ clk (in)
                                         clk (net)
                  0.06    0.00    0.54 ^ clkbuf_0_clk/A (sky130_fd_sc_hd__clkbuf_16)
     2    0.02    0.04    0.13    0.67 ^ clkbuf_0_clk/X (sky130_fd_sc_hd__clkbuf_16)
                                         clknet_0_clk (net)
                  0.04    0.00    0.67 ^ clkbuf_1_0__f_clk/A (sky130_fd_sc_hd__clkbuf_16)
    16    0.05    0.07    0.15    0.81 ^ clkbuf_1_0__f_clk/X (sky130_fd_sc_hd__clkbuf_16)
                                         clknet_1_0__leaf_clk (net)
                  0.07    0.00    0.82 ^ _257_/CLK (sky130_fd_sc_hd__dfrtp_1)
     3    0.01    0.07    0.40    1.22 v _257_/Q (sky130_fd_sc_hd__dfrtp_1)
                                         curr_state[1] (net)
                  0.07    0.00    1.22 v _126_/A (sky130_fd_sc_hd__clkbuf_2)
     8    0.03    0.12    0.19    1.40 v _126_/X (sky130_fd_sc_hd__clkbuf_2)
                                         _066_ (net)
                  0.12    0.00    1.40 v _191_/A2 (sky130_fd_sc_hd__a21oi_1)
     1    0.01    0.23    0.26    1.66 ^ _191_/Y (sky130_fd_sc_hd__a21oi_1)
                                         _112_ (net)
                  0.23    0.00    1.66 ^ _254_/D (sky130_fd_sc_hd__dfrtp_1)
                                  1.66   data arrival time

                         10.00   10.00   clock clk (rise edge)
                          0.50   10.50   clock source latency
     1    0.02    0.06    0.04   10.54 ^ clk (in)
                                         clk (net)
                  0.06    0.00   10.54 ^ clkbuf_0_clk/A (sky130_fd_sc_hd__clkbuf_16)
     2    0.02    0.04    0.13   10.67 ^ clkbuf_0_clk/X (sky130_fd_sc_hd__clkbuf_16)
                                         clknet_0_clk (net)
                  0.04    0.00   10.67 ^ clkbuf_1_1__f_clk/A (sky130_fd_sc_hd__clkbuf_16)
    13    0.05    0.07    0.15   10.81 ^ clkbuf_1_1__f_clk/X (sky130_fd_sc_hd__clkbuf_16)
                                         clknet_1_1__leaf_clk (net)
                  0.07    0.00   10.82 ^ _254_/CLK (sky130_fd_sc_hd__dfrtp_1)
                         -0.30   10.52   clock uncertainty
                          0.00   10.52   clock reconvergence pessimism
                         -0.10   10.42   library setup time
                                 10.42   data required time
-----------------------------------------------------------------------------
                                 10.42   data required time
                                 -1.66   data arrival time
-----------------------------------------------------------------------------
                                  8.75   slack (MET)


Startpoint: _257_ (rising edge-triggered flip-flop clocked by clk)
Endpoint: _248_ (rising edge-triggered flip-flop clocked by clk)
Path Group: clk
Path Type: max
Corner: Typical

Fanout     Cap    Slew   Delay    Time   Description
-----------------------------------------------------------------------------
                          0.00    0.00   clock clk (rise edge)
                          0.50    0.50   clock source latency
     1    0.02    0.06    0.04    0.54 ^ clk (in)
                                         clk (net)
                  0.06    0.00    0.54 ^ clkbuf_0_clk/A (sky130_fd_sc_hd__clkbuf_16)
     2    0.02    0.04    0.13    0.67 ^ clkbuf_0_clk/X (sky130_fd_sc_hd__clkbuf_16)
                                         clknet_0_clk (net)
                  0.04    0.00    0.67 ^ clkbuf_1_0__f_clk/A (sky130_fd_sc_hd__clkbuf_16)
    16    0.05    0.07    0.15    0.81 ^ clkbuf_1_0__f_clk/X (sky130_fd_sc_hd__clkbuf_16)
                                         clknet_1_0__leaf_clk (net)
                  0.07    0.00    0.82 ^ _257_/CLK (sky130_fd_sc_hd__dfrtp_1)
     3    0.01    0.07    0.40    1.22 v _257_/Q (sky130_fd_sc_hd__dfrtp_1)
                                         curr_state[1] (net)
                  0.07    0.00    1.22 v _126_/A (sky130_fd_sc_hd__clkbuf_2)
     8    0.03    0.12    0.19    1.40 v _126_/X (sky130_fd_sc_hd__clkbuf_2)
                                         _066_ (net)
                  0.12    0.00    1.40 v _188_/A2 (sky130_fd_sc_hd__o21a_1)
     1    0.00    0.04    0.19    1.60 v _188_/X (sky130_fd_sc_hd__o21a_1)
                                         _000_ (net)
                  0.04    0.00    1.60 v _248_/D (sky130_fd_sc_hd__dfrtp_1)
                                  1.60   data arrival time

                         10.00   10.00   clock clk (rise edge)
                          0.50   10.50   clock source latency
     1    0.02    0.06    0.04   10.54 ^ clk (in)
                                         clk (net)
                  0.06    0.00   10.54 ^ clkbuf_0_clk/A (sky130_fd_sc_hd__clkbuf_16)
     2    0.02    0.04    0.13   10.67 ^ clkbuf_0_clk/X (sky130_fd_sc_hd__clkbuf_16)
                                         clknet_0_clk (net)
                  0.04    0.00   10.67 ^ clkbuf_1_0__f_clk/A (sky130_fd_sc_hd__clkbuf_16)
    16    0.05    0.07    0.15   10.81 ^ clkbuf_1_0__f_clk/X (sky130_fd_sc_hd__clkbuf_16)
                                         clknet_1_0__leaf_clk (net)
                  0.07    0.00   10.82 ^ _248_/CLK (sky130_fd_sc_hd__dfrtp_1)
                         -0.30   10.52   clock uncertainty
                          0.00   10.52   clock reconvergence pessimism
                         -0.11   10.41   library setup time
                                 10.41   data required time
-----------------------------------------------------------------------------
                                 10.41   data required time
                                 -1.60   data arrival time
-----------------------------------------------------------------------------
                                  8.81   slack (MET)


Startpoint: _258_ (rising edge-triggered flip-flop clocked by clk)
Endpoint: _249_ (rising edge-triggered flip-flop clocked by clk)
Path Group: clk
Path Type: max
Corner: Typical

Fanout     Cap    Slew   Delay    Time   Description
-----------------------------------------------------------------------------
                          0.00    0.00   clock clk (rise edge)
                          0.50    0.50   clock source latency
     1    0.02    0.06    0.04    0.54 ^ clk (in)
                                         clk (net)
                  0.06    0.00    0.54 ^ clkbuf_0_clk/A (sky130_fd_sc_hd__clkbuf_16)
     2    0.02    0.04    0.13    0.67 ^ clkbuf_0_clk/X (sky130_fd_sc_hd__clkbuf_16)
                                         clknet_0_clk (net)
                  0.04    0.00    0.67 ^ clkbuf_1_0__f_clk/A (sky130_fd_sc_hd__clkbuf_16)
    16    0.05    0.07    0.15    0.81 ^ clkbuf_1_0__f_clk/X (sky130_fd_sc_hd__clkbuf_16)
                                         clknet_1_0__leaf_clk (net)
                  0.07    0.00    0.82 ^ _258_/CLK (sky130_fd_sc_hd__dfrtp_4)
     8    0.04    0.11    0.54    1.36 v _258_/Q (sky130_fd_sc_hd__dfrtp_4)
                                         curr_state[2] (net)
                  0.11    0.00    1.36 v _183_/A (sky130_fd_sc_hd__nor2_1)
     2    0.01    0.18    0.19    1.55 ^ _183_/Y (sky130_fd_sc_hd__nor2_1)
                                         _002_ (net)
                  0.18    0.00    1.55 ^ _249_/D (sky130_fd_sc_hd__dfrtp_1)
                                  1.55   data arrival time

                         10.00   10.00   clock clk (rise edge)
                          0.50   10.50   clock source latency
     1    0.02    0.06    0.04   10.54 ^ clk (in)
                                         clk (net)
                  0.06    0.00   10.54 ^ clkbuf_0_clk/A (sky130_fd_sc_hd__clkbuf_16)
     2    0.02    0.04    0.13   10.67 ^ clkbuf_0_clk/X (sky130_fd_sc_hd__clkbuf_16)
                                         clknet_0_clk (net)
                  0.04    0.00   10.67 ^ clkbuf_1_0__f_clk/A (sky130_fd_sc_hd__clkbuf_16)
    16    0.05    0.07    0.15   10.81 ^ clkbuf_1_0__f_clk/X (sky130_fd_sc_hd__clkbuf_16)
                                         clknet_1_0__leaf_clk (net)
                  0.07    0.00   10.82 ^ _249_/CLK (sky130_fd_sc_hd__dfrtp_1)
                         -0.30   10.52   clock uncertainty
                          0.00   10.52   clock reconvergence pessimism
                         -0.09   10.43   library setup time
                                 10.43   data required time
-----------------------------------------------------------------------------
                                 10.43   data required time
                                 -1.55   data arrival time
-----------------------------------------------------------------------------
                                  8.88   slack (MET)


Startpoint: _259_ (rising edge-triggered flip-flop clocked by clk)
Endpoint: _263_ (rising edge-triggered flip-flop clocked by clk)
Path Group: clk
Path Type: max
Corner: Typical

Fanout     Cap    Slew   Delay    Time   Description
-----------------------------------------------------------------------------
                          0.00    0.00   clock clk (rise edge)
                          0.50    0.50   clock source latency
     1    0.02    0.06    0.04    0.54 ^ clk (in)
                                         clk (net)
                  0.06    0.00    0.54 ^ clkbuf_0_clk/A (sky130_fd_sc_hd__clkbuf_16)
     2    0.02    0.04    0.13    0.67 ^ clkbuf_0_clk/X (sky130_fd_sc_hd__clkbuf_16)
                                         clknet_0_clk (net)
                  0.04    0.00    0.67 ^ clkbuf_1_0__f_clk/A (sky130_fd_sc_hd__clkbuf_16)
    16    0.05    0.07    0.15    0.81 ^ clkbuf_1_0__f_clk/X (sky130_fd_sc_hd__clkbuf_16)
                                         clknet_1_0__leaf_clk (net)
                  0.07    0.00    0.82 ^ _259_/CLK (sky130_fd_sc_hd__dfrtp_1)
     1    0.00    0.04    0.37    1.18 v _259_/Q (sky130_fd_sc_hd__dfrtp_1)
                                         sync_stage1[0] (net)
                  0.04    0.00    1.18 v _263_/D (sky130_fd_sc_hd__dfrtp_1)
                                  1.18   data arrival time

                         10.00   10.00   clock clk (rise edge)
                          0.50   10.50   clock source latency
     1    0.02    0.06    0.04   10.54 ^ clk (in)
                                         clk (net)
                  0.06    0.00   10.54 ^ clkbuf_0_clk/A (sky130_fd_sc_hd__clkbuf_16)
     2    0.02    0.04    0.13   10.67 ^ clkbuf_0_clk/X (sky130_fd_sc_hd__clkbuf_16)
                                         clknet_0_clk (net)
                  0.04    0.00   10.67 ^ clkbuf_1_0__f_clk/A (sky130_fd_sc_hd__clkbuf_16)
    16    0.05    0.07    0.15   10.81 ^ clkbuf_1_0__f_clk/X (sky130_fd_sc_hd__clkbuf_16)
                                         clknet_1_0__leaf_clk (net)
                  0.07    0.00   10.82 ^ _263_/CLK (sky130_fd_sc_hd__dfrtp_1)
                         -0.30   10.52   clock uncertainty
                          0.00   10.52   clock reconvergence pessimism
                         -0.11   10.41   library setup time
                                 10.41   data required time
-----------------------------------------------------------------------------
                                 10.41   data required time
                                 -1.18   data arrival time
-----------------------------------------------------------------------------
                                  9.22   slack (MET)


Startpoint: _260_ (rising edge-triggered flip-flop clocked by clk)
Endpoint: _264_ (rising edge-triggered flip-flop clocked by clk)
Path Group: clk
Path Type: max
Corner: Typical

Fanout     Cap    Slew   Delay    Time   Description
-----------------------------------------------------------------------------
                          0.00    0.00   clock clk (rise edge)
                          0.50    0.50   clock source latency
     1    0.02    0.06    0.04    0.54 ^ clk (in)
                                         clk (net)
                  0.06    0.00    0.54 ^ clkbuf_0_clk/A (sky130_fd_sc_hd__clkbuf_16)
     2    0.02    0.04    0.13    0.67 ^ clkbuf_0_clk/X (sky130_fd_sc_hd__clkbuf_16)
                                         clknet_0_clk (net)
                  0.04    0.00    0.67 ^ clkbuf_1_0__f_clk/A (sky130_fd_sc_hd__clkbuf_16)
    16    0.05    0.07    0.15    0.81 ^ clkbuf_1_0__f_clk/X (sky130_fd_sc_hd__clkbuf_16)
                                         clknet_1_0__leaf_clk (net)
                  0.07    0.00    0.82 ^ _260_/CLK (sky130_fd_sc_hd__dfrtp_1)
     1    0.00    0.04    0.36    1.18 v _260_/Q (sky130_fd_sc_hd__dfrtp_1)
                                         sync_stage1[1] (net)
                  0.04    0.00    1.18 v _264_/D (sky130_fd_sc_hd__dfrtp_1)
                                  1.18   data arrival time

                         10.00   10.00   clock clk (rise edge)
                          0.50   10.50   clock source latency
     1    0.02    0.06    0.04   10.54 ^ clk (in)
                                         clk (net)
                  0.06    0.00   10.54 ^ clkbuf_0_clk/A (sky130_fd_sc_hd__clkbuf_16)
     2    0.02    0.04    0.13   10.67 ^ clkbuf_0_clk/X (sky130_fd_sc_hd__clkbuf_16)
                                         clknet_0_clk (net)
                  0.04    0.00   10.67 ^ clkbuf_1_0__f_clk/A (sky130_fd_sc_hd__clkbuf_16)
    16    0.05    0.07    0.15   10.81 ^ clkbuf_1_0__f_clk/X (sky130_fd_sc_hd__clkbuf_16)
                                         clknet_1_0__leaf_clk (net)
                  0.07    0.00   10.82 ^ _264_/CLK (sky130_fd_sc_hd__dfrtp_1)
                         -0.30   10.52   clock uncertainty
                          0.00   10.52   clock reconvergence pessimism
                         -0.11   10.41   library setup time
                                 10.41   data required time
-----------------------------------------------------------------------------
                                 10.41   data required time
                                 -1.18   data arrival time
-----------------------------------------------------------------------------
                                  9.23   slack (MET)


Startpoint: _261_ (rising edge-triggered flip-flop clocked by clk)
Endpoint: _265_ (rising edge-triggered flip-flop clocked by clk)
Path Group: clk
Path Type: max
Corner: Typical

Fanout     Cap    Slew   Delay    Time   Description
-----------------------------------------------------------------------------
                          0.00    0.00   clock clk (rise edge)
                          0.50    0.50   clock source latency
     1    0.02    0.06    0.04    0.54 ^ clk (in)
                                         clk (net)
                  0.06    0.00    0.54 ^ clkbuf_0_clk/A (sky130_fd_sc_hd__clkbuf_16)
     2    0.02    0.04    0.13    0.67 ^ clkbuf_0_clk/X (sky130_fd_sc_hd__clkbuf_16)
                                         clknet_0_clk (net)
                  0.04    0.00    0.67 ^ clkbuf_1_0__f_clk/A (sky130_fd_sc_hd__clkbuf_16)
    16    0.05    0.07    0.15    0.81 ^ clkbuf_1_0__f_clk/X (sky130_fd_sc_hd__clkbuf_16)
                                         clknet_1_0__leaf_clk (net)
                  0.07    0.00    0.82 ^ _261_/CLK (sky130_fd_sc_hd__dfrtp_1)
     1    0.00    0.04    0.36    1.18 v _261_/Q (sky130_fd_sc_hd__dfrtp_1)
                                         sync_stage1[2] (net)
                  0.04    0.00    1.18 v _265_/D (sky130_fd_sc_hd__dfrtp_1)
                                  1.18   data arrival time

                         10.00   10.00   clock clk (rise edge)
                          0.50   10.50   clock source latency
     1    0.02    0.06    0.04   10.54 ^ clk (in)
                                         clk (net)
                  0.06    0.00   10.54 ^ clkbuf_0_clk/A (sky130_fd_sc_hd__clkbuf_16)
     2    0.02    0.04    0.13   10.67 ^ clkbuf_0_clk/X (sky130_fd_sc_hd__clkbuf_16)
                                         clknet_0_clk (net)
                  0.04    0.00   10.67 ^ clkbuf_1_0__f_clk/A (sky130_fd_sc_hd__clkbuf_16)
    16    0.05    0.07    0.15   10.81 ^ clkbuf_1_0__f_clk/X (sky130_fd_sc_hd__clkbuf_16)
                                         clknet_1_0__leaf_clk (net)
                  0.07    0.00   10.82 ^ _265_/CLK (sky130_fd_sc_hd__dfrtp_1)
                         -0.30   10.52   clock uncertainty
                          0.00   10.52   clock reconvergence pessimism
                         -0.11   10.41   library setup time
                                 10.41   data required time
-----------------------------------------------------------------------------
                                 10.41   data required time
                                 -1.18   data arrival time
-----------------------------------------------------------------------------
                                  9.23   slack (MET)


Startpoint: _262_ (rising edge-triggered flip-flop clocked by clk)
Endpoint: _266_ (rising edge-triggered flip-flop clocked by clk)
Path Group: clk
Path Type: max
Corner: Typical

Fanout     Cap    Slew   Delay    Time   Description
-----------------------------------------------------------------------------
                          0.00    0.00   clock clk (rise edge)
                          0.50    0.50   clock source latency
     1    0.02    0.06    0.04    0.54 ^ clk (in)
                                         clk (net)
                  0.06    0.00    0.54 ^ clkbuf_0_clk/A (sky130_fd_sc_hd__clkbuf_16)
     2    0.02    0.04    0.13    0.67 ^ clkbuf_0_clk/X (sky130_fd_sc_hd__clkbuf_16)
                                         clknet_0_clk (net)
                  0.04    0.00    0.67 ^ clkbuf_1_0__f_clk/A (sky130_fd_sc_hd__clkbuf_16)
    16    0.05    0.07    0.15    0.81 ^ clkbuf_1_0__f_clk/X (sky130_fd_sc_hd__clkbuf_16)
                                         clknet_1_0__leaf_clk (net)
                  0.07    0.00    0.82 ^ _262_/CLK (sky130_fd_sc_hd__dfrtp_1)
     1    0.00    0.04    0.36    1.17 v _262_/Q (sky130_fd_sc_hd__dfrtp_1)
                                         sync_stage1[3] (net)
                  0.04    0.00    1.17 v _266_/D (sky130_fd_sc_hd__dfrtp_1)
                                  1.17   data arrival time

                         10.00   10.00   clock clk (rise edge)
                          0.50   10.50   clock source latency
     1    0.02    0.06    0.04   10.54 ^ clk (in)
                                         clk (net)
                  0.06    0.00   10.54 ^ clkbuf_0_clk/A (sky130_fd_sc_hd__clkbuf_16)
     2    0.02    0.04    0.13   10.67 ^ clkbuf_0_clk/X (sky130_fd_sc_hd__clkbuf_16)
                                         clknet_0_clk (net)
                  0.04    0.00   10.67 ^ clkbuf_1_0__f_clk/A (sky130_fd_sc_hd__clkbuf_16)
    16    0.05    0.07    0.15   10.81 ^ clkbuf_1_0__f_clk/X (sky130_fd_sc_hd__clkbuf_16)
                                         clknet_1_0__leaf_clk (net)
                  0.07    0.00   10.82 ^ _266_/CLK (sky130_fd_sc_hd__dfrtp_1)
                         -0.30   10.52   clock uncertainty
                          0.00   10.52   clock reconvergence pessimism
                         -0.11   10.41   library setup time
                                 10.41   data required time
-----------------------------------------------------------------------------
                                 10.41   data required time
                                 -1.17   data arrival time
-----------------------------------------------------------------------------
                                  9.24   slack (MET)



worst slack corner Typical: 3.8630
