OpenROAD b16bda7e82721d10566ff7e2b68f1ff0be9f9e38 
Features included (+) or not (-): +Charts +GPU +GUI +Python
This program is licensed under the BSD-3 license. See the LICENSE file for details.
Components of this program may be licensed under more restrictive licenses which must be honored.
define_corners Typical
read_liberty -corner Typical /home/djspit/.volare/sky130A/libs.ref/sky130_fd_sc_hd/lib/sky130_fd_sc_hd__tt_025C_1v80.lib
Using 1e-12 for capacitance...
Using 1e+03 for resistance...
Using 1e-09 for time...
Using 1e+00 for voltage...
Using 1e-03 for current...
Using 1e-09 for power...
Using 1e-06 for distance...
[INFO]: Reading ODB at '/openlane/designs/pmu_fsm/runs/run_1_10_13_2025/tmp/placement/9-global.odb'…
Reading design constraints file at '/openlane/designs/pmu_fsm/src/pmu_constraints.sdc'…
[INFO]: Setting RC values...
min_report

===========================================================================
report_checks -path_delay min (Hold)
============================================================================
======================= Typical Corner ===================================

Startpoint: _261_ (rising edge-triggered flip-flop clocked by clk)
Endpoint: _265_ (rising edge-triggered flip-flop clocked by clk)
Path Group: clk
Path Type: min

Fanout     Cap    Slew   Delay    Time   Description
-----------------------------------------------------------------------------
                  0.00    0.00    0.00   clock clk (rise edge)
                          1.30    1.30   clock network delay (ideal)
                  0.00    0.00    1.30 ^ _261_/CLK (sky130_fd_sc_hd__dfrtp_2)
     1    0.00    0.04    0.31    1.61 ^ _261_/Q (sky130_fd_sc_hd__dfrtp_2)
                                         sync_stage1[2] (net)
                  0.04    0.00    1.61 ^ _265_/D (sky130_fd_sc_hd__dfrtp_2)
                                  1.61   data arrival time

                  0.00    0.00    0.00   clock clk (rise edge)
                          1.30    1.30   clock network delay (ideal)
                          0.10    1.40   clock uncertainty
                          0.00    1.40   clock reconvergence pessimism
                                  1.40 ^ _265_/CLK (sky130_fd_sc_hd__dfrtp_2)
                         -0.04    1.36   library hold time
                                  1.36   data required time
-----------------------------------------------------------------------------
                                  1.36   data required time
                                 -1.61   data arrival time
-----------------------------------------------------------------------------
                                  0.25   slack (MET)


Startpoint: _262_ (rising edge-triggered flip-flop clocked by clk)
Endpoint: _266_ (rising edge-triggered flip-flop clocked by clk)
Path Group: clk
Path Type: min

Fanout     Cap    Slew   Delay    Time   Description
-----------------------------------------------------------------------------
                  0.00    0.00    0.00   clock clk (rise edge)
                          1.30    1.30   clock network delay (ideal)
                  0.00    0.00    1.30 ^ _262_/CLK (sky130_fd_sc_hd__dfrtp_2)
     1    0.00    0.04    0.31    1.61 ^ _262_/Q (sky130_fd_sc_hd__dfrtp_2)
                                         sync_stage1[3] (net)
                  0.04    0.00    1.61 ^ _266_/D (sky130_fd_sc_hd__dfrtp_2)
                                  1.61   data arrival time

                  0.00    0.00    0.00   clock clk (rise edge)
                          1.30    1.30   clock network delay (ideal)
                          0.10    1.40   clock uncertainty
                          0.00    1.40   clock reconvergence pessimism
                                  1.40 ^ _266_/CLK (sky130_fd_sc_hd__dfrtp_2)
                         -0.04    1.36   library hold time
                                  1.36   data required time
-----------------------------------------------------------------------------
                                  1.36   data required time
                                 -1.61   data arrival time
-----------------------------------------------------------------------------
                                  0.25   slack (MET)


Startpoint: _260_ (rising edge-triggered flip-flop clocked by clk)
Endpoint: _264_ (rising edge-triggered flip-flop clocked by clk)
Path Group: clk
Path Type: min

Fanout     Cap    Slew   Delay    Time   Description
-----------------------------------------------------------------------------
                  0.00    0.00    0.00   clock clk (rise edge)
                          1.30    1.30   clock network delay (ideal)
                  0.00    0.00    1.30 ^ _260_/CLK (sky130_fd_sc_hd__dfrtp_2)
     1    0.00    0.04    0.31    1.61 ^ _260_/Q (sky130_fd_sc_hd__dfrtp_2)
                                         sync_stage1[1] (net)
                  0.04    0.00    1.61 ^ _264_/D (sky130_fd_sc_hd__dfrtp_2)
                                  1.61   data arrival time

                  0.00    0.00    0.00   clock clk (rise edge)
                          1.30    1.30   clock network delay (ideal)
                          0.10    1.40   clock uncertainty
                          0.00    1.40   clock reconvergence pessimism
                                  1.40 ^ _264_/CLK (sky130_fd_sc_hd__dfrtp_2)
                         -0.04    1.36   library hold time
                                  1.36   data required time
-----------------------------------------------------------------------------
                                  1.36   data required time
                                 -1.61   data arrival time
-----------------------------------------------------------------------------
                                  0.25   slack (MET)


Startpoint: _259_ (rising edge-triggered flip-flop clocked by clk)
Endpoint: _263_ (rising edge-triggered flip-flop clocked by clk)
Path Group: clk
Path Type: min

Fanout     Cap    Slew   Delay    Time   Description
-----------------------------------------------------------------------------
                  0.00    0.00    0.00   clock clk (rise edge)
                          1.30    1.30   clock network delay (ideal)
                  0.00    0.00    1.30 ^ _259_/CLK (sky130_fd_sc_hd__dfrtp_2)
     1    0.00    0.04    0.31    1.61 ^ _259_/Q (sky130_fd_sc_hd__dfrtp_2)
                                         sync_stage1[0] (net)
                  0.04    0.00    1.61 ^ _263_/D (sky130_fd_sc_hd__dfrtp_2)
                                  1.61   data arrival time

                  0.00    0.00    0.00   clock clk (rise edge)
                          1.30    1.30   clock network delay (ideal)
                          0.10    1.40   clock uncertainty
                          0.00    1.40   clock reconvergence pessimism
                                  1.40 ^ _263_/CLK (sky130_fd_sc_hd__dfrtp_2)
                         -0.04    1.36   library hold time
                                  1.36   data required time
-----------------------------------------------------------------------------
                                  1.36   data required time
                                 -1.61   data arrival time
-----------------------------------------------------------------------------
                                  0.25   slack (MET)


Startpoint: _257_ (rising edge-triggered flip-flop clocked by clk)
Endpoint: _249_ (rising edge-triggered flip-flop clocked by clk)
Path Group: clk
Path Type: min

Fanout     Cap    Slew   Delay    Time   Description
-----------------------------------------------------------------------------
                  0.00    0.00    0.00   clock clk (rise edge)
                          1.30    1.30   clock network delay (ideal)
                  0.00    0.00    1.30 ^ _257_/CLK (sky130_fd_sc_hd__dfrtp_2)
     3    0.01    0.06    0.40    1.70 v _257_/Q (sky130_fd_sc_hd__dfrtp_2)
                                         curr_state[1] (net)
                  0.06    0.00    1.70 v _169_/A (sky130_fd_sc_hd__inv_2)
     2    0.01    0.04    0.06    1.76 ^ _169_/Y (sky130_fd_sc_hd__inv_2)
                                         _106_ (net)
                  0.04    0.00    1.76 ^ _183_/B (sky130_fd_sc_hd__nor2_2)
     2    0.01    0.03    0.04    1.80 v _183_/Y (sky130_fd_sc_hd__nor2_2)
                                         _002_ (net)
                  0.03    0.00    1.80 v _249_/D (sky130_fd_sc_hd__dfrtp_2)
                                  1.80   data arrival time

                  0.00    0.00    0.00   clock clk (rise edge)
                          1.30    1.30   clock network delay (ideal)
                          0.10    1.40   clock uncertainty
                          0.00    1.40   clock reconvergence pessimism
                                  1.40 ^ _249_/CLK (sky130_fd_sc_hd__dfrtp_2)
                         -0.04    1.36   library hold time
                                  1.36   data required time
-----------------------------------------------------------------------------
                                  1.36   data required time
                                 -1.80   data arrival time
-----------------------------------------------------------------------------
                                  0.44   slack (MET)


Startpoint: req_sleep (input port clocked by clk)
Endpoint: _261_ (rising edge-triggered flip-flop clocked by clk)
Path Group: clk
Path Type: min

Fanout     Cap    Slew   Delay    Time   Description
-----------------------------------------------------------------------------
                  0.00    0.00    0.00   clock clk (rise edge)
                          1.30    1.30   clock network delay (ideal)
                          0.50    1.80 ^ input external delay
     1    0.00    0.02    0.01    1.81 ^ req_sleep (in)
                                         req_sleep (net)
                  0.02    0.00    1.81 ^ _261_/D (sky130_fd_sc_hd__dfrtp_2)
                                  1.81   data arrival time

                  0.00    0.00    0.00   clock clk (rise edge)
                          1.30    1.30   clock network delay (ideal)
                          0.10    1.40   clock uncertainty
                          0.00    1.40   clock reconvergence pessimism
                                  1.40 ^ _261_/CLK (sky130_fd_sc_hd__dfrtp_2)
                         -0.04    1.36   library hold time
                                  1.36   data required time
-----------------------------------------------------------------------------
                                  1.36   data required time
                                 -1.81   data arrival time
-----------------------------------------------------------------------------
                                  0.45   slack (MET)


Startpoint: req_idle (input port clocked by clk)
Endpoint: _262_ (rising edge-triggered flip-flop clocked by clk)
Path Group: clk
Path Type: min

Fanout     Cap    Slew   Delay    Time   Description
-----------------------------------------------------------------------------
                  0.00    0.00    0.00   clock clk (rise edge)
                          1.30    1.30   clock network delay (ideal)
                          0.50    1.80 ^ input external delay
     1    0.00    0.02    0.01    1.81 ^ req_idle (in)
                                         req_idle (net)
                  0.02    0.00    1.81 ^ _262_/D (sky130_fd_sc_hd__dfrtp_2)
                                  1.81   data arrival time

                  0.00    0.00    0.00   clock clk (rise edge)
                          1.30    1.30   clock network delay (ideal)
                          0.10    1.40   clock uncertainty
                          0.00    1.40   clock reconvergence pessimism
                                  1.40 ^ _262_/CLK (sky130_fd_sc_hd__dfrtp_2)
                         -0.04    1.36   library hold time
                                  1.36   data required time
-----------------------------------------------------------------------------
                                  1.36   data required time
                                 -1.81   data arrival time
-----------------------------------------------------------------------------
                                  0.45   slack (MET)


Startpoint: req_off (input port clocked by clk)
Endpoint: _260_ (rising edge-triggered flip-flop clocked by clk)
Path Group: clk
Path Type: min

Fanout     Cap    Slew   Delay    Time   Description
-----------------------------------------------------------------------------
                  0.00    0.00    0.00   clock clk (rise edge)
                          1.30    1.30   clock network delay (ideal)
                          0.50    1.80 ^ input external delay
     1    0.00    0.02    0.01    1.81 ^ req_off (in)
                                         req_off (net)
                  0.02    0.00    1.81 ^ _260_/D (sky130_fd_sc_hd__dfrtp_2)
                                  1.81   data arrival time

                  0.00    0.00    0.00   clock clk (rise edge)
                          1.30    1.30   clock network delay (ideal)
                          0.10    1.40   clock uncertainty
                          0.00    1.40   clock reconvergence pessimism
                                  1.40 ^ _260_/CLK (sky130_fd_sc_hd__dfrtp_2)
                         -0.04    1.36   library hold time
                                  1.36   data required time
-----------------------------------------------------------------------------
                                  1.36   data required time
                                 -1.81   data arrival time
-----------------------------------------------------------------------------
                                  0.45   slack (MET)


Startpoint: wake_up (input port clocked by clk)
Endpoint: _259_ (rising edge-triggered flip-flop clocked by clk)
Path Group: clk
Path Type: min

Fanout     Cap    Slew   Delay    Time   Description
-----------------------------------------------------------------------------
                  0.00    0.00    0.00   clock clk (rise edge)
                          1.30    1.30   clock network delay (ideal)
                          0.50    1.80 ^ input external delay
     1    0.00    0.03    0.01    1.81 ^ wake_up (in)
                                         wake_up (net)
                  0.03    0.00    1.81 ^ _259_/D (sky130_fd_sc_hd__dfrtp_2)
                                  1.81   data arrival time

                  0.00    0.00    0.00   clock clk (rise edge)
                          1.30    1.30   clock network delay (ideal)
                          0.10    1.40   clock uncertainty
                          0.00    1.40   clock reconvergence pessimism
                                  1.40 ^ _259_/CLK (sky130_fd_sc_hd__dfrtp_2)
                         -0.04    1.36   library hold time
                                  1.36   data required time
-----------------------------------------------------------------------------
                                  1.36   data required time
                                 -1.81   data arrival time
-----------------------------------------------------------------------------
                                  0.45   slack (MET)


Startpoint: _247_ (rising edge-triggered flip-flop clocked by clk)
Endpoint: _247_ (rising edge-triggered flip-flop clocked by clk)
Path Group: clk
Path Type: min

Fanout     Cap    Slew   Delay    Time   Description
-----------------------------------------------------------------------------
                  0.00    0.00    0.00   clock clk (rise edge)
                          1.30    1.30   clock network delay (ideal)
                  0.00    0.00    1.30 ^ _247_/CLK (sky130_fd_sc_hd__dfrtp_2)
     2    0.01    0.09    0.37    1.67 ^ _247_/Q (sky130_fd_sc_hd__dfrtp_2)
                                         seq_timer[7] (net)
                  0.09    0.00    1.67 ^ _237_/A (sky130_fd_sc_hd__xor2_2)
     1    0.01    0.04    0.09    1.75 v _237_/X (sky130_fd_sc_hd__xor2_2)
                                         _056_ (net)
                  0.04    0.00    1.75 v _238_/A (sky130_fd_sc_hd__nor2_4)
     1    0.00    0.05    0.08    1.84 ^ _238_/Y (sky130_fd_sc_hd__nor2_4)
                                         _011_ (net)
                  0.05    0.00    1.84 ^ _247_/D (sky130_fd_sc_hd__dfrtp_2)
                                  1.84   data arrival time

                  0.00    0.00    0.00   clock clk (rise edge)
                          1.30    1.30   clock network delay (ideal)
                          0.10    1.40   clock uncertainty
                          0.00    1.40   clock reconvergence pessimism
                                  1.40 ^ _247_/CLK (sky130_fd_sc_hd__dfrtp_2)
                         -0.04    1.36   library hold time
                                  1.36   data required time
-----------------------------------------------------------------------------
                                  1.36   data required time
                                 -1.84   data arrival time
-----------------------------------------------------------------------------
                                  0.48   slack (MET)


Startpoint: _246_ (rising edge-triggered flip-flop clocked by clk)
Endpoint: _246_ (rising edge-triggered flip-flop clocked by clk)
Path Group: clk
Path Type: min

Fanout     Cap    Slew   Delay    Time   Description
-----------------------------------------------------------------------------
                  0.00    0.00    0.00   clock clk (rise edge)
                          1.30    1.30   clock network delay (ideal)
                  0.00    0.00    1.30 ^ _246_/CLK (sky130_fd_sc_hd__dfrtp_2)
     3    0.01    0.08    0.35    1.65 ^ _246_/Q (sky130_fd_sc_hd__dfrtp_2)
                                         seq_timer[6] (net)
                  0.08    0.00    1.65 ^ _234_/B (sky130_fd_sc_hd__nand2_2)
     2    0.01    0.06    0.08    1.73 v _234_/Y (sky130_fd_sc_hd__nand2_2)
                                         _054_ (net)
                  0.06    0.00    1.73 v _235_/B (sky130_fd_sc_hd__nand2_2)
     1    0.01    0.06    0.09    1.82 ^ _235_/Y (sky130_fd_sc_hd__nand2_2)
                                         _055_ (net)
                  0.06    0.00    1.82 ^ _236_/A (sky130_fd_sc_hd__nor2_4)
     1    0.00    0.02    0.03    1.85 v _236_/Y (sky130_fd_sc_hd__nor2_4)
                                         _010_ (net)
                  0.02    0.00    1.85 v _246_/D (sky130_fd_sc_hd__dfrtp_2)
                                  1.85   data arrival time

                  0.00    0.00    0.00   clock clk (rise edge)
                          1.30    1.30   clock network delay (ideal)
                          0.10    1.40   clock uncertainty
                          0.00    1.40   clock reconvergence pessimism
                                  1.40 ^ _246_/CLK (sky130_fd_sc_hd__dfrtp_2)
                         -0.04    1.36   library hold time
                                  1.36   data required time
-----------------------------------------------------------------------------
                                  1.36   data required time
                                 -1.85   data arrival time
-----------------------------------------------------------------------------
                                  0.50   slack (MET)


Startpoint: _256_ (rising edge-triggered flip-flop clocked by clk)
Endpoint: _239_ (rising edge-triggered flip-flop clocked by clk)
Path Group: clk
Path Type: min

Fanout     Cap    Slew   Delay    Time   Description
-----------------------------------------------------------------------------
                  0.00    0.00    0.00   clock clk (rise edge)
                          1.30    1.30   clock network delay (ideal)
                  0.00    0.00    1.30 ^ _256_/CLK (sky130_fd_sc_hd__dfrtp_2)
     8    0.04    0.20    0.45    1.75 ^ _256_/Q (sky130_fd_sc_hd__dfrtp_2)
                                         curr_state[0] (net)
                  0.20    0.00    1.75 ^ _189_/A (sky130_fd_sc_hd__nor2_2)
     2    0.01    0.03    0.09    1.84 v _189_/Y (sky130_fd_sc_hd__nor2_2)
                                         _022_ (net)
                  0.03    0.00    1.84 v _190_/A (sky130_fd_sc_hd__inv_2)
     1    0.00    0.02    0.04    1.88 ^ _190_/Y (sky130_fd_sc_hd__inv_2)
                                         _001_ (net)
                  0.02    0.00    1.88 ^ _239_/D (sky130_fd_sc_hd__dfstp_2)
                                  1.88   data arrival time

                  0.00    0.00    0.00   clock clk (rise edge)
                          1.30    1.30   clock network delay (ideal)
                          0.10    1.40   clock uncertainty
                          0.00    1.40   clock reconvergence pessimism
                                  1.40 ^ _239_/CLK (sky130_fd_sc_hd__dfstp_2)
                         -0.03    1.37   library hold time
                                  1.37   data required time
-----------------------------------------------------------------------------
                                  1.37   data required time
                                 -1.88   data arrival time
-----------------------------------------------------------------------------
                                  0.51   slack (MET)


Startpoint: _258_ (rising edge-triggered flip-flop clocked by clk)
Endpoint: _254_ (rising edge-triggered flip-flop clocked by clk)
Path Group: clk
Path Type: min

Fanout     Cap    Slew   Delay    Time   Description
-----------------------------------------------------------------------------
                  0.00    0.00    0.00   clock clk (rise edge)
                          1.30    1.30   clock network delay (ideal)
                  0.00    0.00    1.30 ^ _258_/CLK (sky130_fd_sc_hd__dfrtp_2)
     8    0.05    0.23    0.48    1.78 ^ _258_/Q (sky130_fd_sc_hd__dfrtp_2)
                                         curr_state[2] (net)
                  0.23    0.00    1.78 ^ _191_/A1 (sky130_fd_sc_hd__a21oi_2)
     1    0.01    0.04    0.09    1.87 v _191_/Y (sky130_fd_sc_hd__a21oi_2)
                                         _112_ (net)
                  0.04    0.00    1.87 v _254_/D (sky130_fd_sc_hd__dfrtp_2)
                                  1.87   data arrival time

                  0.00    0.00    0.00   clock clk (rise edge)
                          1.30    1.30   clock network delay (ideal)
                          0.10    1.40   clock uncertainty
                          0.00    1.40   clock reconvergence pessimism
                                  1.40 ^ _254_/CLK (sky130_fd_sc_hd__dfrtp_2)
                         -0.05    1.35   library hold time
                                  1.35   data required time
-----------------------------------------------------------------------------
                                  1.35   data required time
                                 -1.87   data arrival time
-----------------------------------------------------------------------------
                                  0.52   slack (MET)


Startpoint: _240_ (rising edge-triggered flip-flop clocked by clk)
Endpoint: _251_ (rising edge-triggered flip-flop clocked by clk)
Path Group: clk
Path Type: min

Fanout     Cap    Slew   Delay    Time   Description
-----------------------------------------------------------------------------
                  0.00    0.00    0.00   clock clk (rise edge)
                          1.30    1.30   clock network delay (ideal)
                  0.00    0.00    1.30 ^ _240_/CLK (sky130_fd_sc_hd__dfrtp_2)
     5    0.02    0.13    0.40    1.70 ^ _240_/Q (sky130_fd_sc_hd__dfrtp_2)
                                         seq_timer[0] (net)
                  0.13    0.00    1.70 ^ _198_/A2 (sky130_fd_sc_hd__o211a_2)
     1    0.00    0.05    0.18    1.88 ^ _198_/X (sky130_fd_sc_hd__o211a_2)
                                         _003_ (net)
                  0.05    0.00    1.88 ^ _251_/D (sky130_fd_sc_hd__dfrtp_2)
                                  1.88   data arrival time

                  0.00    0.00    0.00   clock clk (rise edge)
                          1.30    1.30   clock network delay (ideal)
                          0.10    1.40   clock uncertainty
                          0.00    1.40   clock reconvergence pessimism
                                  1.40 ^ _251_/CLK (sky130_fd_sc_hd__dfrtp_2)
                         -0.04    1.36   library hold time
                                  1.36   data required time
-----------------------------------------------------------------------------
                                  1.36   data required time
                                 -1.88   data arrival time
-----------------------------------------------------------------------------
                                  0.52   slack (MET)


Startpoint: _240_ (rising edge-triggered flip-flop clocked by clk)
Endpoint: _240_ (rising edge-triggered flip-flop clocked by clk)
Path Group: clk
Path Type: min

Fanout     Cap    Slew   Delay    Time   Description
-----------------------------------------------------------------------------
                  0.00    0.00    0.00   clock clk (rise edge)
                          1.30    1.30   clock network delay (ideal)
                  0.00    0.00    1.30 ^ _240_/CLK (sky130_fd_sc_hd__dfrtp_2)
     5    0.02    0.13    0.40    1.70 ^ _240_/Q (sky130_fd_sc_hd__dfrtp_2)
                                         seq_timer[0] (net)
                  0.13    0.00    1.70 ^ _202_/B (sky130_fd_sc_hd__nand2_4)
     3    0.01    0.04    0.07    1.77 v _202_/Y (sky130_fd_sc_hd__nand2_4)
                                         _028_ (net)
                  0.04    0.00    1.77 v _203_/B (sky130_fd_sc_hd__nand2_2)
     1    0.01    0.06    0.08    1.85 ^ _203_/Y (sky130_fd_sc_hd__nand2_2)
                                         _029_ (net)
                  0.06    0.00    1.85 ^ _210_/A (sky130_fd_sc_hd__nor2_4)
     1    0.00    0.02    0.04    1.88 v _210_/Y (sky130_fd_sc_hd__nor2_4)
                                         _004_ (net)
                  0.02    0.00    1.88 v _240_/D (sky130_fd_sc_hd__dfrtp_2)
                                  1.88   data arrival time

                  0.00    0.00    0.00   clock clk (rise edge)
                          1.30    1.30   clock network delay (ideal)
                          0.10    1.40   clock uncertainty
                          0.00    1.40   clock reconvergence pessimism
                                  1.40 ^ _240_/CLK (sky130_fd_sc_hd__dfrtp_2)
                         -0.04    1.36   library hold time
                                  1.36   data required time
-----------------------------------------------------------------------------
                                  1.36   data required time
                                 -1.88   data arrival time
-----------------------------------------------------------------------------
                                  0.52   slack (MET)


Startpoint: _241_ (rising edge-triggered flip-flop clocked by clk)
Endpoint: _241_ (rising edge-triggered flip-flop clocked by clk)
Path Group: clk
Path Type: min

Fanout     Cap    Slew   Delay    Time   Description
-----------------------------------------------------------------------------
                  0.00    0.00    0.00   clock clk (rise edge)
                          1.30    1.30   clock network delay (ideal)
                  0.00    0.00    1.30 ^ _241_/CLK (sky130_fd_sc_hd__dfrtp_2)
     2    0.01    0.07    0.35    1.65 ^ _241_/Q (sky130_fd_sc_hd__dfrtp_2)
                                         seq_timer[1] (net)
                  0.07    0.00    1.65 ^ _130_/A (sky130_fd_sc_hd__inv_2)
     4    0.01    0.04    0.06    1.70 v _130_/Y (sky130_fd_sc_hd__inv_2)
                                         _070_ (net)
                  0.04    0.00    1.70 v _212_/B (sky130_fd_sc_hd__nand2_2)
     1    0.00    0.04    0.06    1.77 ^ _212_/Y (sky130_fd_sc_hd__nand2_2)
                                         _037_ (net)
                  0.04    0.00    1.77 ^ _213_/B (sky130_fd_sc_hd__nand2_2)
     1    0.01    0.04    0.06    1.82 v _213_/Y (sky130_fd_sc_hd__nand2_2)
                                         _038_ (net)
                  0.04    0.00    1.82 v _214_/A (sky130_fd_sc_hd__nor2_4)
     1    0.00    0.05    0.08    1.91 ^ _214_/Y (sky130_fd_sc_hd__nor2_4)
                                         _005_ (net)
                  0.05    0.00    1.91 ^ _241_/D (sky130_fd_sc_hd__dfrtp_2)
                                  1.91   data arrival time

                  0.00    0.00    0.00   clock clk (rise edge)
                          1.30    1.30   clock network delay (ideal)
                          0.10    1.40   clock uncertainty
                          0.00    1.40   clock reconvergence pessimism
                                  1.40 ^ _241_/CLK (sky130_fd_sc_hd__dfrtp_2)
                         -0.04    1.36   library hold time
                                  1.36   data required time
-----------------------------------------------------------------------------
                                  1.36   data required time
                                 -1.91   data arrival time
-----------------------------------------------------------------------------
                                  0.55   slack (MET)


Startpoint: _264_ (rising edge-triggered flip-flop clocked by clk)
Endpoint: _258_ (rising edge-triggered flip-flop clocked by clk)
Path Group: clk
Path Type: min

Fanout     Cap    Slew   Delay    Time   Description
-----------------------------------------------------------------------------
                  0.00    0.00    0.00   clock clk (rise edge)
                          1.30    1.30   clock network delay (ideal)
                  0.00    0.00    1.30 ^ _264_/CLK (sky130_fd_sc_hd__dfrtp_2)
     2    0.01    0.07    0.35    1.65 ^ _264_/Q (sky130_fd_sc_hd__dfrtp_2)
                                         req_off_sync (net)
                  0.07    0.00    1.65 ^ _184_/C (sky130_fd_sc_hd__nand3_2)
     1    0.00    0.05    0.08    1.73 v _184_/Y (sky130_fd_sc_hd__nand3_2)
                                         _019_ (net)
                  0.05    0.00    1.73 v _185_/C1 (sky130_fd_sc_hd__o211ai_2)
     2    0.01    0.08    0.08    1.81 ^ _185_/Y (sky130_fd_sc_hd__o211ai_2)
                                         _020_ (net)
                  0.08    0.00    1.81 ^ _186_/B1 (sky130_fd_sc_hd__a21oi_2)
     2    0.01    0.04    0.05    1.86 v _186_/Y (sky130_fd_sc_hd__a21oi_2)
                                         _021_ (net)
                  0.04    0.00    1.86 v _187_/B (sky130_fd_sc_hd__nand2_2)
     1    0.00    0.02    0.05    1.91 ^ _187_/Y (sky130_fd_sc_hd__nand2_2)
                                         next_state[2] (net)
                  0.02    0.00    1.91 ^ _258_/D (sky130_fd_sc_hd__dfrtp_2)
                                  1.91   data arrival time

                  0.00    0.00    0.00   clock clk (rise edge)
                          1.30    1.30   clock network delay (ideal)
                          0.10    1.40   clock uncertainty
                          0.00    1.40   clock reconvergence pessimism
                                  1.40 ^ _258_/CLK (sky130_fd_sc_hd__dfrtp_2)
                         -0.04    1.36   library hold time
                                  1.36   data required time
-----------------------------------------------------------------------------
                                  1.36   data required time
                                 -1.91   data arrival time
-----------------------------------------------------------------------------
                                  0.55   slack (MET)


Startpoint: _243_ (rising edge-triggered flip-flop clocked by clk)
Endpoint: _243_ (rising edge-triggered flip-flop clocked by clk)
Path Group: clk
Path Type: min

Fanout     Cap    Slew   Delay    Time   Description
-----------------------------------------------------------------------------
                  0.00    0.00    0.00   clock clk (rise edge)
                          1.30    1.30   clock network delay (ideal)
                  0.00    0.00    1.30 ^ _243_/CLK (sky130_fd_sc_hd__dfrtp_2)
     3    0.02    0.09    0.37    1.67 ^ _243_/Q (sky130_fd_sc_hd__dfrtp_2)
                                         seq_timer[3] (net)
                  0.09    0.00    1.67 ^ _133_/A (sky130_fd_sc_hd__inv_2)
     2    0.01    0.03    0.05    1.72 v _133_/Y (sky130_fd_sc_hd__inv_2)
                                         _073_ (net)
                  0.03    0.00    1.72 v _220_/B (sky130_fd_sc_hd__nand2_2)
     1    0.00    0.04    0.06    1.78 ^ _220_/Y (sky130_fd_sc_hd__nand2_2)
                                         _043_ (net)
                  0.04    0.00    1.78 ^ _222_/A (sky130_fd_sc_hd__nand2_2)
     1    0.01    0.04    0.05    1.83 v _222_/Y (sky130_fd_sc_hd__nand2_2)
                                         _045_ (net)
                  0.04    0.00    1.83 v _223_/A (sky130_fd_sc_hd__nor2_4)
     1    0.00    0.05    0.08    1.91 ^ _223_/Y (sky130_fd_sc_hd__nor2_4)
                                         _007_ (net)
                  0.05    0.00    1.91 ^ _243_/D (sky130_fd_sc_hd__dfrtp_2)
                                  1.91   data arrival time

                  0.00    0.00    0.00   clock clk (rise edge)
                          1.30    1.30   clock network delay (ideal)
                          0.10    1.40   clock uncertainty
                          0.00    1.40   clock reconvergence pessimism
                                  1.40 ^ _243_/CLK (sky130_fd_sc_hd__dfrtp_2)
                         -0.04    1.36   library hold time
                                  1.36   data required time
-----------------------------------------------------------------------------
                                  1.36   data required time
                                 -1.91   data arrival time
-----------------------------------------------------------------------------
                                  0.55   slack (MET)


Startpoint: _263_ (rising edge-triggered flip-flop clocked by clk)
Endpoint: _256_ (rising edge-triggered flip-flop clocked by clk)
Path Group: clk
Path Type: min

Fanout     Cap    Slew   Delay    Time   Description
-----------------------------------------------------------------------------
                  0.00    0.00    0.00   clock clk (rise edge)
                          1.30    1.30   clock network delay (ideal)
                  0.00    0.00    1.30 ^ _263_/CLK (sky130_fd_sc_hd__dfrtp_2)
     2    0.01    0.06    0.34    1.64 ^ _263_/Q (sky130_fd_sc_hd__dfrtp_2)
                                         wake_up_sync (net)
                  0.06    0.00    1.64 ^ _150_/A (sky130_fd_sc_hd__inv_2)
     3    0.01    0.04    0.05    1.70 v _150_/Y (sky130_fd_sc_hd__inv_2)
                                         _088_ (net)
                  0.04    0.00    1.70 v _151_/B (sky130_fd_sc_hd__nand2_2)
     1    0.01    0.04    0.06    1.76 ^ _151_/Y (sky130_fd_sc_hd__nand2_2)
                                         _089_ (net)
                  0.04    0.00    1.76 ^ _154_/A (sky130_fd_sc_hd__nand2_2)
     2    0.01    0.04    0.05    1.81 v _154_/Y (sky130_fd_sc_hd__nand2_2)
                                         _092_ (net)
                  0.04    0.00    1.81 v _156_/A (sky130_fd_sc_hd__nand2_2)
     2    0.01    0.06    0.07    1.88 ^ _156_/Y (sky130_fd_sc_hd__nand2_2)
                                         _094_ (net)
                  0.06    0.00    1.88 ^ _157_/A (sky130_fd_sc_hd__inv_2)
     1    0.00    0.02    0.03    1.91 v _157_/Y (sky130_fd_sc_hd__inv_2)
                                         next_state[0] (net)
                  0.02    0.00    1.91 v _256_/D (sky130_fd_sc_hd__dfrtp_2)
                                  1.91   data arrival time

                  0.00    0.00    0.00   clock clk (rise edge)
                          1.30    1.30   clock network delay (ideal)
                          0.10    1.40   clock uncertainty
                          0.00    1.40   clock reconvergence pessimism
                                  1.40 ^ _256_/CLK (sky130_fd_sc_hd__dfrtp_2)
                         -0.04    1.36   library hold time
                                  1.36   data required time
-----------------------------------------------------------------------------
                                  1.36   data required time
                                 -1.91   data arrival time
-----------------------------------------------------------------------------
                                  0.55   slack (MET)


Startpoint: _256_ (rising edge-triggered flip-flop clocked by clk)
Endpoint: _248_ (rising edge-triggered flip-flop clocked by clk)
Path Group: clk
Path Type: min

Fanout     Cap    Slew   Delay    Time   Description
-----------------------------------------------------------------------------
                  0.00    0.00    0.00   clock clk (rise edge)
                          1.30    1.30   clock network delay (ideal)
                  0.00    0.00    1.30 ^ _256_/CLK (sky130_fd_sc_hd__dfrtp_2)
     8    0.04    0.20    0.45    1.75 ^ _256_/Q (sky130_fd_sc_hd__dfrtp_2)
                                         curr_state[0] (net)
                  0.20    0.00    1.75 ^ _188_/A1 (sky130_fd_sc_hd__o21a_2)
     1    0.00    0.03    0.16    1.92 ^ _188_/X (sky130_fd_sc_hd__o21a_2)
                                         _000_ (net)
                  0.03    0.00    1.92 ^ _248_/D (sky130_fd_sc_hd__dfrtp_2)
                                  1.92   data arrival time

                  0.00    0.00    0.00   clock clk (rise edge)
                          1.30    1.30   clock network delay (ideal)
                          0.10    1.40   clock uncertainty
                          0.00    1.40   clock reconvergence pessimism
                                  1.40 ^ _248_/CLK (sky130_fd_sc_hd__dfrtp_2)
                         -0.04    1.36   library hold time
                                  1.36   data required time
-----------------------------------------------------------------------------
                                  1.36   data required time
                                 -1.92   data arrival time
-----------------------------------------------------------------------------
                                  0.56   slack (MET)


Startpoint: _257_ (rising edge-triggered flip-flop clocked by clk)
Endpoint: _253_ (rising edge-triggered flip-flop clocked by clk)
Path Group: clk
Path Type: min

Fanout     Cap    Slew   Delay    Time   Description
-----------------------------------------------------------------------------
                  0.00    0.00    0.00   clock clk (rise edge)
                          1.30    1.30   clock network delay (ideal)
                  0.00    0.00    1.30 ^ _257_/CLK (sky130_fd_sc_hd__dfrtp_2)
     3    0.01    0.08    0.36    1.66 ^ _257_/Q (sky130_fd_sc_hd__dfrtp_2)
                                         curr_state[1] (net)
                  0.08    0.00    1.66 ^ _138_/B (sky130_fd_sc_hd__nand2_2)
     3    0.01    0.06    0.08    1.74 v _138_/Y (sky130_fd_sc_hd__nand2_2)
                                         _077_ (net)
                  0.06    0.00    1.74 v _192_/B (sky130_fd_sc_hd__nor2_2)
     2    0.01    0.08    0.09    1.83 ^ _192_/Y (sky130_fd_sc_hd__nor2_2)
                                         _023_ (net)
                  0.08    0.00    1.83 ^ _196_/B1 (sky130_fd_sc_hd__a21o_2)
     1    0.00    0.03    0.09    1.92 ^ _196_/X (sky130_fd_sc_hd__a21o_2)
                                         _115_ (net)
                  0.03    0.00    1.92 ^ _253_/D (sky130_fd_sc_hd__dfrtp_2)
                                  1.92   data arrival time

                  0.00    0.00    0.00   clock clk (rise edge)
                          1.30    1.30   clock network delay (ideal)
                          0.10    1.40   clock uncertainty
                          0.00    1.40   clock reconvergence pessimism
                                  1.40 ^ _253_/CLK (sky130_fd_sc_hd__dfrtp_2)
                         -0.04    1.36   library hold time
                                  1.36   data required time
-----------------------------------------------------------------------------
                                  1.36   data required time
                                 -1.92   data arrival time
-----------------------------------------------------------------------------
                                  0.56   slack (MET)


Startpoint: _242_ (rising edge-triggered flip-flop clocked by clk)
Endpoint: _252_ (rising edge-triggered flip-flop clocked by clk)
Path Group: clk
Path Type: min

Fanout     Cap    Slew   Delay    Time   Description
-----------------------------------------------------------------------------
                  0.00    0.00    0.00   clock clk (rise edge)
                          1.30    1.30   clock network delay (ideal)
                  0.00    0.00    1.30 ^ _242_/CLK (sky130_fd_sc_hd__dfrtp_2)
     5    0.02    0.12    0.39    1.69 ^ _242_/Q (sky130_fd_sc_hd__dfrtp_2)
                                         seq_timer[2] (net)
                  0.12    0.00    1.69 ^ _135_/A (sky130_fd_sc_hd__or3_2)
     1    0.01    0.04    0.14    1.83 ^ _135_/X (sky130_fd_sc_hd__or3_2)
                                         _075_ (net)
                  0.04    0.00    1.83 ^ _136_/A (sky130_fd_sc_hd__inv_2)
     3    0.01    0.03    0.04    1.87 v _136_/Y (sky130_fd_sc_hd__inv_2)
                                         _076_ (net)
                  0.03    0.00    1.87 v _137_/B (sky130_fd_sc_hd__nor2_2)
     1    0.00    0.06    0.06    1.94 ^ _137_/Y (sky130_fd_sc_hd__nor2_2)
                                         _114_ (net)
                  0.06    0.00    1.94 ^ _252_/D (sky130_fd_sc_hd__dfrtp_2)
                                  1.94   data arrival time

                  0.00    0.00    0.00   clock clk (rise edge)
                          1.30    1.30   clock network delay (ideal)
                          0.10    1.40   clock uncertainty
                          0.00    1.40   clock reconvergence pessimism
                                  1.40 ^ _252_/CLK (sky130_fd_sc_hd__dfrtp_2)
                         -0.04    1.36   library hold time
                                  1.36   data required time
-----------------------------------------------------------------------------
                                  1.36   data required time
                                 -1.94   data arrival time
-----------------------------------------------------------------------------
                                  0.58   slack (MET)


Startpoint: _242_ (rising edge-triggered flip-flop clocked by clk)
Endpoint: _242_ (rising edge-triggered flip-flop clocked by clk)
Path Group: clk
Path Type: min

Fanout     Cap    Slew   Delay    Time   Description
-----------------------------------------------------------------------------
                  0.00    0.00    0.00   clock clk (rise edge)
                          1.30    1.30   clock network delay (ideal)
                  0.00    0.00    1.30 ^ _242_/CLK (sky130_fd_sc_hd__dfrtp_2)
     5    0.02    0.12    0.39    1.69 ^ _242_/Q (sky130_fd_sc_hd__dfrtp_2)
                                         seq_timer[2] (net)
                  0.12    0.00    1.69 ^ _215_/A (sky130_fd_sc_hd__inv_2)
     2    0.01    0.04    0.05    1.74 v _215_/Y (sky130_fd_sc_hd__inv_2)
                                         _039_ (net)
                  0.04    0.00    1.74 v _217_/B (sky130_fd_sc_hd__nand2_2)
     1    0.00    0.04    0.06    1.80 ^ _217_/Y (sky130_fd_sc_hd__nand2_2)
                                         _041_ (net)
                  0.04    0.00    1.80 ^ _218_/B (sky130_fd_sc_hd__nand2_2)
     1    0.01    0.04    0.06    1.86 v _218_/Y (sky130_fd_sc_hd__nand2_2)
                                         _042_ (net)
                  0.04    0.00    1.86 v _219_/A (sky130_fd_sc_hd__nor2_4)
     1    0.00    0.05    0.08    1.94 ^ _219_/Y (sky130_fd_sc_hd__nor2_4)
                                         _006_ (net)
                  0.05    0.00    1.94 ^ _242_/D (sky130_fd_sc_hd__dfrtp_2)
                                  1.94   data arrival time

                  0.00    0.00    0.00   clock clk (rise edge)
                          1.30    1.30   clock network delay (ideal)
                          0.10    1.40   clock uncertainty
                          0.00    1.40   clock reconvergence pessimism
                                  1.40 ^ _242_/CLK (sky130_fd_sc_hd__dfrtp_2)
                         -0.04    1.36   library hold time
                                  1.36   data required time
-----------------------------------------------------------------------------
                                  1.36   data required time
                                 -1.94   data arrival time
-----------------------------------------------------------------------------
                                  0.58   slack (MET)


Startpoint: _244_ (rising edge-triggered flip-flop clocked by clk)
Endpoint: _244_ (rising edge-triggered flip-flop clocked by clk)
Path Group: clk
Path Type: min

Fanout     Cap    Slew   Delay    Time   Description
-----------------------------------------------------------------------------
                  0.00    0.00    0.00   clock clk (rise edge)
                          1.30    1.30   clock network delay (ideal)
                  0.00    0.00    1.30 ^ _244_/CLK (sky130_fd_sc_hd__dfrtp_2)
     3    0.01    0.08    0.35    1.65 ^ _244_/Q (sky130_fd_sc_hd__dfrtp_2)
                                         seq_timer[4] (net)
                  0.08    0.00    1.65 ^ _225_/B (sky130_fd_sc_hd__nand3_2)
     3    0.01    0.09    0.11    1.77 v _225_/Y (sky130_fd_sc_hd__nand3_2)
                                         _047_ (net)
                  0.09    0.00    1.77 v _226_/B (sky130_fd_sc_hd__nand2_2)
     1    0.02    0.10    0.13    1.90 ^ _226_/Y (sky130_fd_sc_hd__nand2_2)
                                         _048_ (net)
                  0.10    0.00    1.90 ^ _227_/A (sky130_fd_sc_hd__nor2_8)
     1    0.00    0.03    0.04    1.95 v _227_/Y (sky130_fd_sc_hd__nor2_8)
                                         _008_ (net)
                  0.03    0.00    1.95 v _244_/D (sky130_fd_sc_hd__dfrtp_2)
                                  1.95   data arrival time

                  0.00    0.00    0.00   clock clk (rise edge)
                          1.30    1.30   clock network delay (ideal)
                          0.10    1.40   clock uncertainty
                          0.00    1.40   clock reconvergence pessimism
                                  1.40 ^ _244_/CLK (sky130_fd_sc_hd__dfrtp_2)
                         -0.05    1.35   library hold time
                                  1.35   data required time
-----------------------------------------------------------------------------
                                  1.35   data required time
                                 -1.95   data arrival time
-----------------------------------------------------------------------------
                                  0.59   slack (MET)


Startpoint: _263_ (rising edge-triggered flip-flop clocked by clk)
Endpoint: _257_ (rising edge-triggered flip-flop clocked by clk)
Path Group: clk
Path Type: min

Fanout     Cap    Slew   Delay    Time   Description
-----------------------------------------------------------------------------
                  0.00    0.00    0.00   clock clk (rise edge)
                          1.30    1.30   clock network delay (ideal)
                  0.00    0.00    1.30 ^ _263_/CLK (sky130_fd_sc_hd__dfrtp_2)
     2    0.01    0.06    0.34    1.64 ^ _263_/Q (sky130_fd_sc_hd__dfrtp_2)
                                         wake_up_sync (net)
                  0.06    0.00    1.64 ^ _173_/A2 (sky130_fd_sc_hd__o311a_2)
     1    0.00    0.03    0.16    1.81 ^ _173_/X (sky130_fd_sc_hd__o311a_2)
                                         _110_ (net)
                  0.03    0.00    1.81 ^ _174_/C (sky130_fd_sc_hd__or3_2)
     1    0.00    0.03    0.09    1.90 ^ _174_/X (sky130_fd_sc_hd__or3_2)
                                         _111_ (net)
                  0.03    0.00    1.90 ^ _175_/A (sky130_fd_sc_hd__buf_1)
     1    0.00    0.04    0.07    1.97 ^ _175_/X (sky130_fd_sc_hd__buf_1)
                                         next_state[1] (net)
                  0.04    0.00    1.97 ^ _257_/D (sky130_fd_sc_hd__dfrtp_2)
                                  1.97   data arrival time

                  0.00    0.00    0.00   clock clk (rise edge)
                          1.30    1.30   clock network delay (ideal)
                          0.10    1.40   clock uncertainty
                          0.00    1.40   clock reconvergence pessimism
                                  1.40 ^ _257_/CLK (sky130_fd_sc_hd__dfrtp_2)
                         -0.04    1.36   library hold time
                                  1.36   data required time
-----------------------------------------------------------------------------
                                  1.36   data required time
                                 -1.97   data arrival time
-----------------------------------------------------------------------------
                                  0.61   slack (MET)


Startpoint: _242_ (rising edge-triggered flip-flop clocked by clk)
Endpoint: _250_ (rising edge-triggered flip-flop clocked by clk)
Path Group: clk
Path Type: min

Fanout     Cap    Slew   Delay    Time   Description
-----------------------------------------------------------------------------
                  0.00    0.00    0.00   clock clk (rise edge)
                          1.30    1.30   clock network delay (ideal)
                  0.00    0.00    1.30 ^ _242_/CLK (sky130_fd_sc_hd__dfrtp_2)
     5    0.02    0.12    0.39    1.69 ^ _242_/Q (sky130_fd_sc_hd__dfrtp_2)
                                         seq_timer[2] (net)
                  0.12    0.00    1.69 ^ _135_/A (sky130_fd_sc_hd__or3_2)
     1    0.01    0.04    0.14    1.83 ^ _135_/X (sky130_fd_sc_hd__or3_2)
                                         _075_ (net)
                  0.04    0.00    1.83 ^ _136_/A (sky130_fd_sc_hd__inv_2)
     3    0.01    0.03    0.04    1.87 v _136_/Y (sky130_fd_sc_hd__inv_2)
                                         _076_ (net)
                  0.03    0.00    1.87 v _197_/A2 (sky130_fd_sc_hd__o21ai_2)
     1    0.00    0.04    0.10    1.97 ^ _197_/Y (sky130_fd_sc_hd__o21ai_2)
                                         _116_ (net)
                  0.04    0.00    1.97 ^ _250_/D (sky130_fd_sc_hd__dfrtp_2)
                                  1.97   data arrival time

                  0.00    0.00    0.00   clock clk (rise edge)
                          1.30    1.30   clock network delay (ideal)
                          0.10    1.40   clock uncertainty
                          0.00    1.40   clock reconvergence pessimism
                                  1.40 ^ _250_/CLK (sky130_fd_sc_hd__dfrtp_2)
                         -0.04    1.36   library hold time
                                  1.36   data required time
-----------------------------------------------------------------------------
                                  1.36   data required time
                                 -1.97   data arrival time
-----------------------------------------------------------------------------
                                  0.61   slack (MET)


Startpoint: _245_ (rising edge-triggered flip-flop clocked by clk)
Endpoint: _245_ (rising edge-triggered flip-flop clocked by clk)
Path Group: clk
Path Type: min

Fanout     Cap    Slew   Delay    Time   Description
-----------------------------------------------------------------------------
                  0.00    0.00    0.00   clock clk (rise edge)
                          1.30    1.30   clock network delay (ideal)
                  0.00    0.00    1.30 ^ _245_/CLK (sky130_fd_sc_hd__dfrtp_2)
     2    0.01    0.06    0.39    1.69 v _245_/Q (sky130_fd_sc_hd__dfrtp_2)
                                         seq_timer[5] (net)
                  0.06    0.00    1.69 v _228_/A (sky130_fd_sc_hd__inv_2)
     2    0.01    0.05    0.07    1.75 ^ _228_/Y (sky130_fd_sc_hd__inv_2)
                                         _049_ (net)
                  0.05    0.00    1.75 ^ _230_/B (sky130_fd_sc_hd__nand2_2)
     1    0.00    0.02    0.04    1.79 v _230_/Y (sky130_fd_sc_hd__nand2_2)
                                         _051_ (net)
                  0.02    0.00    1.79 v _231_/B_N (sky130_fd_sc_hd__or2b_2)
     1    0.01    0.06    0.17    1.96 ^ _231_/X (sky130_fd_sc_hd__or2b_2)
                                         _052_ (net)
                  0.06    0.00    1.96 ^ _232_/A (sky130_fd_sc_hd__nor2_4)
     1    0.00    0.02    0.03    1.99 v _232_/Y (sky130_fd_sc_hd__nor2_4)
                                         _009_ (net)
                  0.02    0.00    1.99 v _245_/D (sky130_fd_sc_hd__dfrtp_2)
                                  1.99   data arrival time

                  0.00    0.00    0.00   clock clk (rise edge)
                          1.30    1.30   clock network delay (ideal)
                          0.10    1.40   clock uncertainty
                          0.00    1.40   clock reconvergence pessimism
                                  1.40 ^ _245_/CLK (sky130_fd_sc_hd__dfrtp_2)
                         -0.04    1.36   library hold time
                                  1.36   data required time
-----------------------------------------------------------------------------
                                  1.36   data required time
                                 -1.99   data arrival time
-----------------------------------------------------------------------------
                                  0.64   slack (MET)


Startpoint: _257_ (rising edge-triggered flip-flop clocked by clk)
Endpoint: _255_ (rising edge-triggered flip-flop clocked by clk)
Path Group: clk
Path Type: min

Fanout     Cap    Slew   Delay    Time   Description
-----------------------------------------------------------------------------
                  0.00    0.00    0.00   clock clk (rise edge)
                          1.30    1.30   clock network delay (ideal)
                  0.00    0.00    1.30 ^ _257_/CLK (sky130_fd_sc_hd__dfrtp_2)
     3    0.01    0.08    0.36    1.66 ^ _257_/Q (sky130_fd_sc_hd__dfrtp_2)
                                         curr_state[1] (net)
                  0.08    0.00    1.66 ^ _138_/B (sky130_fd_sc_hd__nand2_2)
     3    0.01    0.06    0.08    1.74 v _138_/Y (sky130_fd_sc_hd__nand2_2)
                                         _077_ (net)
                  0.06    0.00    1.74 v _192_/B (sky130_fd_sc_hd__nor2_2)
     2    0.01    0.08    0.09    1.83 ^ _192_/Y (sky130_fd_sc_hd__nor2_2)
                                         _023_ (net)
                  0.08    0.00    1.83 ^ _194_/B (sky130_fd_sc_hd__or3b_2)
     1    0.00    0.04    0.12    1.95 ^ _194_/X (sky130_fd_sc_hd__or3b_2)
                                         _025_ (net)
                  0.04    0.00    1.95 ^ _195_/A (sky130_fd_sc_hd__buf_1)
     1    0.00    0.04    0.08    2.03 ^ _195_/X (sky130_fd_sc_hd__buf_1)
                                         _113_ (net)
                  0.04    0.00    2.03 ^ _255_/D (sky130_fd_sc_hd__dfrtp_2)
                                  2.03   data arrival time

                  0.00    0.00    0.00   clock clk (rise edge)
                          1.30    1.30   clock network delay (ideal)
                          0.10    1.40   clock uncertainty
                          0.00    1.40   clock reconvergence pessimism
                                  1.40 ^ _255_/CLK (sky130_fd_sc_hd__dfrtp_2)
                         -0.04    1.36   library hold time
                                  1.36   data required time
-----------------------------------------------------------------------------
                                  1.36   data required time
                                 -2.03   data arrival time
-----------------------------------------------------------------------------
                                  0.67   slack (MET)


Startpoint: _239_ (rising edge-triggered flip-flop clocked by clk)
Endpoint: dvfs_ctrl[1] (output port clocked by clk)
Path Group: clk
Path Type: min

Fanout     Cap    Slew   Delay    Time   Description
-----------------------------------------------------------------------------
                  0.00    0.00    0.00   clock clk (rise edge)
                          1.30    1.30   clock network delay (ideal)
                  0.00    0.00    1.30 ^ _239_/CLK (sky130_fd_sc_hd__dfstp_2)
     1    0.02    0.06    0.38    1.68 v _239_/Q (sky130_fd_sc_hd__dfstp_2)
                                         dvfs_ctrl[1] (net)
                  0.06    0.00    1.68 v dvfs_ctrl[1] (out)
                                  1.68   data arrival time

                  0.00    0.00    0.00   clock clk (rise edge)
                          1.30    1.30   clock network delay (ideal)
                          0.10    1.40   clock uncertainty
                          0.00    1.40   clock reconvergence pessimism
                         -0.50    0.90   output external delay
                                  0.90   data required time
-----------------------------------------------------------------------------
                                  0.90   data required time
                                 -1.68   data arrival time
-----------------------------------------------------------------------------
                                  0.78   slack (MET)


Startpoint: _255_ (rising edge-triggered flip-flop clocked by clk)
Endpoint: pwr_state[1] (output port clocked by clk)
Path Group: clk
Path Type: min

Fanout     Cap    Slew   Delay    Time   Description
-----------------------------------------------------------------------------
                  0.00    0.00    0.00   clock clk (rise edge)
                          1.30    1.30   clock network delay (ideal)
                  0.00    0.00    1.30 ^ _255_/CLK (sky130_fd_sc_hd__dfrtp_2)
     1    0.02    0.12    0.39    1.69 ^ _255_/Q (sky130_fd_sc_hd__dfrtp_2)
                                         pwr_state[1] (net)
                  0.12    0.00    1.69 ^ pwr_state[1] (out)
                                  1.69   data arrival time

                  0.00    0.00    0.00   clock clk (rise edge)
                          1.30    1.30   clock network delay (ideal)
                          0.10    1.40   clock uncertainty
                          0.00    1.40   clock reconvergence pessimism
                         -0.50    0.90   output external delay
                                  0.90   data required time
-----------------------------------------------------------------------------
                                  0.90   data required time
                                 -1.69   data arrival time
-----------------------------------------------------------------------------
                                  0.79   slack (MET)


Startpoint: _254_ (rising edge-triggered flip-flop clocked by clk)
Endpoint: pwr_state[0] (output port clocked by clk)
Path Group: clk
Path Type: min

Fanout     Cap    Slew   Delay    Time   Description
-----------------------------------------------------------------------------
                  0.00    0.00    0.00   clock clk (rise edge)
                          1.30    1.30   clock network delay (ideal)
                  0.00    0.00    1.30 ^ _254_/CLK (sky130_fd_sc_hd__dfrtp_2)
     1    0.02    0.12    0.39    1.69 ^ _254_/Q (sky130_fd_sc_hd__dfrtp_2)
                                         pwr_state[0] (net)
                  0.12    0.00    1.69 ^ pwr_state[0] (out)
                                  1.69   data arrival time

                  0.00    0.00    0.00   clock clk (rise edge)
                          1.30    1.30   clock network delay (ideal)
                          0.10    1.40   clock uncertainty
                          0.00    1.40   clock reconvergence pessimism
                         -0.50    0.90   output external delay
                                  0.90   data required time
-----------------------------------------------------------------------------
                                  0.90   data required time
                                 -1.69   data arrival time
-----------------------------------------------------------------------------
                                  0.79   slack (MET)


Startpoint: _253_ (rising edge-triggered flip-flop clocked by clk)
Endpoint: reset_ctrl (output port clocked by clk)
Path Group: clk
Path Type: min

Fanout     Cap    Slew   Delay    Time   Description
-----------------------------------------------------------------------------
                  0.00    0.00    0.00   clock clk (rise edge)
                          1.30    1.30   clock network delay (ideal)
                  0.00    0.00    1.30 ^ _253_/CLK (sky130_fd_sc_hd__dfrtp_2)
     1    0.03    0.16    0.42    1.72 ^ _253_/Q (sky130_fd_sc_hd__dfrtp_2)
                                         reset_ctrl (net)
                  0.16    0.00    1.72 ^ reset_ctrl (out)
                                  1.72   data arrival time

                  0.00    0.00    0.00   clock clk (rise edge)
                          1.30    1.30   clock network delay (ideal)
                          0.10    1.40   clock uncertainty
                          0.00    1.40   clock reconvergence pessimism
                         -0.50    0.90   output external delay
                                  0.90   data required time
-----------------------------------------------------------------------------
                                  0.90   data required time
                                 -1.72   data arrival time
-----------------------------------------------------------------------------
                                  0.82   slack (MET)


Startpoint: _252_ (rising edge-triggered flip-flop clocked by clk)
Endpoint: retention_restore (output port clocked by clk)
Path Group: clk
Path Type: min

Fanout     Cap    Slew   Delay    Time   Description
-----------------------------------------------------------------------------
                  0.00    0.00    0.00   clock clk (rise edge)
                          1.30    1.30   clock network delay (ideal)
                  0.00    0.00    1.30 ^ _252_/CLK (sky130_fd_sc_hd__dfrtp_2)
     1    0.03    0.16    0.42    1.72 ^ _252_/Q (sky130_fd_sc_hd__dfrtp_2)
                                         retention_restore (net)
                  0.16    0.00    1.72 ^ retention_restore (out)
                                  1.72   data arrival time

                  0.00    0.00    0.00   clock clk (rise edge)
                          1.30    1.30   clock network delay (ideal)
                          0.10    1.40   clock uncertainty
                          0.00    1.40   clock reconvergence pessimism
                         -0.50    0.90   output external delay
                                  0.90   data required time
-----------------------------------------------------------------------------
                                  0.90   data required time
                                 -1.72   data arrival time
-----------------------------------------------------------------------------
                                  0.82   slack (MET)


Startpoint: _251_ (rising edge-triggered flip-flop clocked by clk)
Endpoint: retention_save (output port clocked by clk)
Path Group: clk
Path Type: min

Fanout     Cap    Slew   Delay    Time   Description
-----------------------------------------------------------------------------
                  0.00    0.00    0.00   clock clk (rise edge)
                          1.30    1.30   clock network delay (ideal)
                  0.00    0.00    1.30 ^ _251_/CLK (sky130_fd_sc_hd__dfrtp_2)
     1    0.03    0.16    0.42    1.72 ^ _251_/Q (sky130_fd_sc_hd__dfrtp_2)
                                         retention_save (net)
                  0.16    0.00    1.72 ^ retention_save (out)
                                  1.72   data arrival time

                  0.00    0.00    0.00   clock clk (rise edge)
                          1.30    1.30   clock network delay (ideal)
                          0.10    1.40   clock uncertainty
                          0.00    1.40   clock reconvergence pessimism
                         -0.50    0.90   output external delay
                                  0.90   data required time
-----------------------------------------------------------------------------
                                  0.90   data required time
                                 -1.72   data arrival time
-----------------------------------------------------------------------------
                                  0.82   slack (MET)


Startpoint: _250_ (rising edge-triggered flip-flop clocked by clk)
Endpoint: retention_en (output port clocked by clk)
Path Group: clk
Path Type: min

Fanout     Cap    Slew   Delay    Time   Description
-----------------------------------------------------------------------------
                  0.00    0.00    0.00   clock clk (rise edge)
                          1.30    1.30   clock network delay (ideal)
                  0.00    0.00    1.30 ^ _250_/CLK (sky130_fd_sc_hd__dfrtp_2)
     1    0.05    0.14    0.49    1.79 v _250_/Q (sky130_fd_sc_hd__dfrtp_2)
                                         retention_en (net)
                  0.14    0.00    1.79 v retention_en (out)
                                  1.79   data arrival time

                  0.00    0.00    0.00   clock clk (rise edge)
                          1.30    1.30   clock network delay (ideal)
                          0.10    1.40   clock uncertainty
                          0.00    1.40   clock reconvergence pessimism
                         -0.50    0.90   output external delay
                                  0.90   data required time
-----------------------------------------------------------------------------
                                  0.90   data required time
                                 -1.79   data arrival time
-----------------------------------------------------------------------------
                                  0.89   slack (MET)


Startpoint: _248_ (rising edge-triggered flip-flop clocked by clk)
Endpoint: clk_gate_en (output port clocked by clk)
Path Group: clk
Path Type: min

Fanout     Cap    Slew   Delay    Time   Description
-----------------------------------------------------------------------------
                  0.00    0.00    0.00   clock clk (rise edge)
                          1.30    1.30   clock network delay (ideal)
                  0.00    0.00    1.30 ^ _248_/CLK (sky130_fd_sc_hd__dfrtp_2)
     1    0.05    0.15    0.49    1.79 v _248_/Q (sky130_fd_sc_hd__dfrtp_2)
                                         clk_gate_en (net)
                  0.15    0.00    1.79 v clk_gate_en (out)
                                  1.79   data arrival time

                  0.00    0.00    0.00   clock clk (rise edge)
                          1.30    1.30   clock network delay (ideal)
                          0.10    1.40   clock uncertainty
                          0.00    1.40   clock reconvergence pessimism
                         -0.50    0.90   output external delay
                                  0.90   data required time
-----------------------------------------------------------------------------
                                  0.90   data required time
                                 -1.79   data arrival time
-----------------------------------------------------------------------------
                                  0.89   slack (MET)


Startpoint: _249_ (rising edge-triggered flip-flop clocked by clk)
Endpoint: pwr_gate_en (output port clocked by clk)
Path Group: clk
Path Type: min

Fanout     Cap    Slew   Delay    Time   Description
-----------------------------------------------------------------------------
                  0.00    0.00    0.00   clock clk (rise edge)
                          1.30    1.30   clock network delay (ideal)
                  0.00    0.00    1.30 ^ _249_/CLK (sky130_fd_sc_hd__dfrtp_2)
     1    0.05    0.15    0.49    1.79 v _249_/Q (sky130_fd_sc_hd__dfrtp_2)
                                         pwr_gate_en (net)
                  0.15    0.00    1.79 v pwr_gate_en (out)
                                  1.79   data arrival time

                  0.00    0.00    0.00   clock clk (rise edge)
                          1.30    1.30   clock network delay (ideal)
                          0.10    1.40   clock uncertainty
                          0.00    1.40   clock reconvergence pessimism
                         -0.50    0.90   output external delay
                                  0.90   data required time
-----------------------------------------------------------------------------
                                  0.90   data required time
                                 -1.79   data arrival time
-----------------------------------------------------------------------------
                                  0.89   slack (MET)


Startpoint: _257_ (rising edge-triggered flip-flop clocked by clk)
Endpoint: seq_busy (output port clocked by clk)
Path Group: clk
Path Type: min

Fanout     Cap    Slew   Delay    Time   Description
-----------------------------------------------------------------------------
                  0.00    0.00    0.00   clock clk (rise edge)
                          1.30    1.30   clock network delay (ideal)
                  0.00    0.00    1.30 ^ _257_/CLK (sky130_fd_sc_hd__dfrtp_2)
     3    0.01    0.08    0.36    1.66 ^ _257_/Q (sky130_fd_sc_hd__dfrtp_2)
                                         curr_state[1] (net)
                  0.08    0.00    1.66 ^ _138_/B (sky130_fd_sc_hd__nand2_2)
     3    0.01    0.06    0.08    1.74 v _138_/Y (sky130_fd_sc_hd__nand2_2)
                                         _077_ (net)
                  0.06    0.00    1.74 v _139_/A (sky130_fd_sc_hd__inv_2)
     2    0.02    0.11    0.11    1.85 ^ _139_/Y (sky130_fd_sc_hd__inv_2)
                                         _078_ (net)
                  0.11    0.00    1.85 ^ _140_/B (sky130_fd_sc_hd__nor2_8)
     4    0.04    0.05    0.06    1.91 v _140_/Y (sky130_fd_sc_hd__nor2_8)
                                         seq_busy (net)
                  0.05    0.00    1.92 v seq_busy (out)
                                  1.92   data arrival time

                  0.00    0.00    0.00   clock clk (rise edge)
                          1.30    1.30   clock network delay (ideal)
                          0.10    1.40   clock uncertainty
                          0.00    1.40   clock reconvergence pessimism
                         -0.50    0.90   output external delay
                                  0.90   data required time
-----------------------------------------------------------------------------
                                  0.90   data required time
                                 -1.92   data arrival time
-----------------------------------------------------------------------------
                                  1.02   slack (MET)


Startpoint: _256_ (rising edge-triggered flip-flop clocked by clk)
Endpoint: error (output port clocked by clk)
Path Group: clk
Path Type: min

Fanout     Cap    Slew   Delay    Time   Description
-----------------------------------------------------------------------------
                  0.00    0.00    0.00   clock clk (rise edge)
                          1.30    1.30   clock network delay (ideal)
                  0.00    0.00    1.30 ^ _256_/CLK (sky130_fd_sc_hd__dfrtp_2)
     8    0.04    0.20    0.45    1.75 ^ _256_/Q (sky130_fd_sc_hd__dfrtp_2)
                                         curr_state[0] (net)
                  0.20    0.00    1.75 ^ _125_/A (sky130_fd_sc_hd__nor2_4)
     3    0.01    0.03    0.07    1.83 v _125_/Y (sky130_fd_sc_hd__nor2_4)
                                         _065_ (net)
                  0.03    0.00    1.83 v _199_/A (sky130_fd_sc_hd__nand2_2)
     1    0.00    0.04    0.05    1.87 ^ _199_/Y (sky130_fd_sc_hd__nand2_2)
                                         _026_ (net)
                  0.04    0.00    1.87 ^ _200_/B1 (sky130_fd_sc_hd__a211oi_2)
     1    0.03    0.07    0.07    1.95 v _200_/Y (sky130_fd_sc_hd__a211oi_2)
                                         error (net)
                  0.07    0.00    1.95 v error (out)
                                  1.95   data arrival time

                  0.00    0.00    0.00   clock clk (rise edge)
                          1.30    1.30   clock network delay (ideal)
                          0.10    1.40   clock uncertainty
                          0.00    1.40   clock reconvergence pessimism
                         -0.50    0.90   output external delay
                                  0.90   data required time
-----------------------------------------------------------------------------
                                  0.90   data required time
                                 -1.95   data arrival time
-----------------------------------------------------------------------------
                                  1.05   slack (MET)



worst slack corner Typical: 0.2491
min_report_end
max_report

===========================================================================
report_checks -path_delay max (Setup)
============================================================================
======================= Typical Corner ===================================

Startpoint: retention_ready (input port clocked by clk)
Endpoint: error (output port clocked by clk)
Path Group: clk
Path Type: max

Fanout     Cap    Slew   Delay    Time   Description
-----------------------------------------------------------------------------
                  0.00    0.00    0.00   clock clk (rise edge)
                          1.30    1.30   clock network delay (ideal)
                          3.00    4.30 v input external delay
     1    0.01    0.03    0.02    4.32 v retention_ready (in)
                                         retention_ready (net)
                  0.03    0.00    4.32 v _164_/A (sky130_fd_sc_hd__inv_2)
     3    0.01    0.07    0.07    4.39 ^ _164_/Y (sky130_fd_sc_hd__inv_2)
                                         _101_ (net)
                  0.07    0.00    4.39 ^ _199_/B (sky130_fd_sc_hd__nand2_2)
     1    0.00    0.04    0.05    4.44 v _199_/Y (sky130_fd_sc_hd__nand2_2)
                                         _026_ (net)
                  0.04    0.00    4.44 v _200_/B1 (sky130_fd_sc_hd__a211oi_2)
     1    0.03    0.48    0.44    4.89 ^ _200_/Y (sky130_fd_sc_hd__a211oi_2)
                                         error (net)
                  0.48    0.00    4.89 ^ error (out)
                                  4.89   data arrival time

                  0.00   10.00   10.00   clock clk (rise edge)
                          1.30   11.30   clock network delay (ideal)
                         -0.30   11.00   clock uncertainty
                          0.00   11.00   clock reconvergence pessimism
                         -2.00    9.00   output external delay
                                  9.00   data required time
-----------------------------------------------------------------------------
                                  9.00   data required time
                                 -4.89   data arrival time
-----------------------------------------------------------------------------
                                  4.11   slack (MET)


Startpoint: clk_stable (input port clocked by clk)
Endpoint: _257_ (rising edge-triggered flip-flop clocked by clk)
Path Group: clk
Path Type: max

Fanout     Cap    Slew   Delay    Time   Description
-----------------------------------------------------------------------------
                  0.00    0.00    0.00   clock clk (rise edge)
                          1.30    1.30   clock network delay (ideal)
                          3.00    4.30 ^ input external delay
     1    0.01    0.03    0.02    4.32 ^ clk_stable (in)
                                         clk_stable (net)
                  0.03    0.00    4.32 ^ _158_/B (sky130_fd_sc_hd__nand2_2)
     2    0.01    0.04    0.05    4.37 v _158_/Y (sky130_fd_sc_hd__nand2_2)
                                         _095_ (net)
                  0.04    0.00    4.37 v _159_/B1_N (sky130_fd_sc_hd__o21bai_2)
     1    0.00    0.05    0.18    4.55 v _159_/Y (sky130_fd_sc_hd__o21bai_2)
                                         _096_ (net)
                  0.05    0.00    4.55 v _160_/A (sky130_fd_sc_hd__nand2_2)
     1    0.00    0.05    0.06    4.61 ^ _160_/Y (sky130_fd_sc_hd__nand2_2)
                                         _097_ (net)
                  0.05    0.00    4.61 ^ _166_/A (sky130_fd_sc_hd__nand2_2)
     2    0.01    0.04    0.05    4.65 v _166_/Y (sky130_fd_sc_hd__nand2_2)
                                         _103_ (net)
                  0.04    0.00    4.65 v _174_/A (sky130_fd_sc_hd__or3_2)
     1    0.00    0.07    0.46    5.11 v _174_/X (sky130_fd_sc_hd__or3_2)
                                         _111_ (net)
                  0.07    0.00    5.11 v _175_/A (sky130_fd_sc_hd__buf_1)
     1    0.00    0.02    0.10    5.21 v _175_/X (sky130_fd_sc_hd__buf_1)
                                         next_state[1] (net)
                  0.02    0.00    5.21 v _257_/D (sky130_fd_sc_hd__dfrtp_2)
                                  5.21   data arrival time

                  0.00   10.00   10.00   clock clk (rise edge)
                          1.30   11.30   clock network delay (ideal)
                         -0.30   11.00   clock uncertainty
                          0.00   11.00   clock reconvergence pessimism
                                 11.00 ^ _257_/CLK (sky130_fd_sc_hd__dfrtp_2)
                         -0.12   10.88   library setup time
                                 10.88   data required time
-----------------------------------------------------------------------------
                                 10.88   data required time
                                 -5.21   data arrival time
-----------------------------------------------------------------------------
                                  5.67   slack (MET)


Startpoint: clk_stable (input port clocked by clk)
Endpoint: _241_ (rising edge-triggered flip-flop clocked by clk)
Path Group: clk
Path Type: max

Fanout     Cap    Slew   Delay    Time   Description
-----------------------------------------------------------------------------
                  0.00    0.00    0.00   clock clk (rise edge)
                          1.30    1.30   clock network delay (ideal)
                          3.00    4.30 ^ input external delay
     1    0.01    0.03    0.02    4.32 ^ clk_stable (in)
                                         clk_stable (net)
                  0.03    0.00    4.32 ^ _158_/B (sky130_fd_sc_hd__nand2_2)
     2    0.01    0.04    0.05    4.37 v _158_/Y (sky130_fd_sc_hd__nand2_2)
                                         _095_ (net)
                  0.04    0.00    4.37 v _159_/B1_N (sky130_fd_sc_hd__o21bai_2)
     1    0.00    0.05    0.18    4.55 v _159_/Y (sky130_fd_sc_hd__o21bai_2)
                                         _096_ (net)
                  0.05    0.00    4.55 v _160_/A (sky130_fd_sc_hd__nand2_2)
     1    0.00    0.05    0.06    4.61 ^ _160_/Y (sky130_fd_sc_hd__nand2_2)
                                         _097_ (net)
                  0.05    0.00    4.61 ^ _166_/A (sky130_fd_sc_hd__nand2_2)
     2    0.01    0.04    0.05    4.65 v _166_/Y (sky130_fd_sc_hd__nand2_2)
                                         _103_ (net)
                  0.04    0.00    4.65 v _178_/B (sky130_fd_sc_hd__nor2_2)
     2    0.01    0.13    0.12    4.77 ^ _178_/Y (sky130_fd_sc_hd__nor2_2)
                                         _014_ (net)
                  0.13    0.00    4.77 ^ _204_/A (sky130_fd_sc_hd__nand3_2)
     1    0.01    0.09    0.10    4.87 v _204_/Y (sky130_fd_sc_hd__nand3_2)
                                         _030_ (net)
                  0.09    0.00    4.87 v _209_/A (sky130_fd_sc_hd__nand3_4)
     8    0.09    0.29    0.23    5.10 ^ _209_/Y (sky130_fd_sc_hd__nand3_4)
                                         _035_ (net)
                  0.29    0.00    5.10 ^ _214_/B (sky130_fd_sc_hd__nor2_4)
     1    0.00    0.05    0.04    5.14 v _214_/Y (sky130_fd_sc_hd__nor2_4)
                                         _005_ (net)
                  0.05    0.00    5.14 v _241_/D (sky130_fd_sc_hd__dfrtp_2)
                                  5.14   data arrival time

                  0.00   10.00   10.00   clock clk (rise edge)
                          1.30   11.30   clock network delay (ideal)
                         -0.30   11.00   clock uncertainty
                          0.00   11.00   clock reconvergence pessimism
                                 11.00 ^ _241_/CLK (sky130_fd_sc_hd__dfrtp_2)
                         -0.13   10.87   library setup time
                                 10.87   data required time
-----------------------------------------------------------------------------
                                 10.87   data required time
                                 -5.14   data arrival time
-----------------------------------------------------------------------------
                                  5.73   slack (MET)


Startpoint: clk_stable (input port clocked by clk)
Endpoint: _245_ (rising edge-triggered flip-flop clocked by clk)
Path Group: clk
Path Type: max

Fanout     Cap    Slew   Delay    Time   Description
-----------------------------------------------------------------------------
                  0.00    0.00    0.00   clock clk (rise edge)
                          1.30    1.30   clock network delay (ideal)
                          3.00    4.30 ^ input external delay
     1    0.01    0.03    0.02    4.32 ^ clk_stable (in)
                                         clk_stable (net)
                  0.03    0.00    4.32 ^ _158_/B (sky130_fd_sc_hd__nand2_2)
     2    0.01    0.04    0.05    4.37 v _158_/Y (sky130_fd_sc_hd__nand2_2)
                                         _095_ (net)
                  0.04    0.00    4.37 v _159_/B1_N (sky130_fd_sc_hd__o21bai_2)
     1    0.00    0.05    0.18    4.55 v _159_/Y (sky130_fd_sc_hd__o21bai_2)
                                         _096_ (net)
                  0.05    0.00    4.55 v _160_/A (sky130_fd_sc_hd__nand2_2)
     1    0.00    0.05    0.06    4.61 ^ _160_/Y (sky130_fd_sc_hd__nand2_2)
                                         _097_ (net)
                  0.05    0.00    4.61 ^ _166_/A (sky130_fd_sc_hd__nand2_2)
     2    0.01    0.04    0.05    4.65 v _166_/Y (sky130_fd_sc_hd__nand2_2)
                                         _103_ (net)
                  0.04    0.00    4.65 v _178_/B (sky130_fd_sc_hd__nor2_2)
     2    0.01    0.13    0.12    4.77 ^ _178_/Y (sky130_fd_sc_hd__nor2_2)
                                         _014_ (net)
                  0.13    0.00    4.77 ^ _204_/A (sky130_fd_sc_hd__nand3_2)
     1    0.01    0.09    0.10    4.87 v _204_/Y (sky130_fd_sc_hd__nand3_2)
                                         _030_ (net)
                  0.09    0.00    4.87 v _209_/A (sky130_fd_sc_hd__nand3_4)
     8    0.09    0.29    0.23    5.10 ^ _209_/Y (sky130_fd_sc_hd__nand3_4)
                                         _035_ (net)
                  0.29    0.00    5.10 ^ _232_/B (sky130_fd_sc_hd__nor2_4)
     1    0.00    0.05    0.04    5.14 v _232_/Y (sky130_fd_sc_hd__nor2_4)
                                         _009_ (net)
                  0.05    0.00    5.14 v _245_/D (sky130_fd_sc_hd__dfrtp_2)
                                  5.14   data arrival time

                  0.00   10.00   10.00   clock clk (rise edge)
                          1.30   11.30   clock network delay (ideal)
                         -0.30   11.00   clock uncertainty
                          0.00   11.00   clock reconvergence pessimism
                                 11.00 ^ _245_/CLK (sky130_fd_sc_hd__dfrtp_2)
                         -0.13   10.87   library setup time
                                 10.87   data required time
-----------------------------------------------------------------------------
                                 10.87   data required time
                                 -5.14   data arrival time
-----------------------------------------------------------------------------
                                  5.73   slack (MET)


Startpoint: clk_stable (input port clocked by clk)
Endpoint: _240_ (rising edge-triggered flip-flop clocked by clk)
Path Group: clk
Path Type: max

Fanout     Cap    Slew   Delay    Time   Description
-----------------------------------------------------------------------------
                  0.00    0.00    0.00   clock clk (rise edge)
                          1.30    1.30   clock network delay (ideal)
                          3.00    4.30 ^ input external delay
     1    0.01    0.03    0.02    4.32 ^ clk_stable (in)
                                         clk_stable (net)
                  0.03    0.00    4.32 ^ _158_/B (sky130_fd_sc_hd__nand2_2)
     2    0.01    0.04    0.05    4.37 v _158_/Y (sky130_fd_sc_hd__nand2_2)
                                         _095_ (net)
                  0.04    0.00    4.37 v _159_/B1_N (sky130_fd_sc_hd__o21bai_2)
     1    0.00    0.05    0.18    4.55 v _159_/Y (sky130_fd_sc_hd__o21bai_2)
                                         _096_ (net)
                  0.05    0.00    4.55 v _160_/A (sky130_fd_sc_hd__nand2_2)
     1    0.00    0.05    0.06    4.61 ^ _160_/Y (sky130_fd_sc_hd__nand2_2)
                                         _097_ (net)
                  0.05    0.00    4.61 ^ _166_/A (sky130_fd_sc_hd__nand2_2)
     2    0.01    0.04    0.05    4.65 v _166_/Y (sky130_fd_sc_hd__nand2_2)
                                         _103_ (net)
                  0.04    0.00    4.65 v _178_/B (sky130_fd_sc_hd__nor2_2)
     2    0.01    0.13    0.12    4.77 ^ _178_/Y (sky130_fd_sc_hd__nor2_2)
                                         _014_ (net)
                  0.13    0.00    4.77 ^ _204_/A (sky130_fd_sc_hd__nand3_2)
     1    0.01    0.09    0.10    4.87 v _204_/Y (sky130_fd_sc_hd__nand3_2)
                                         _030_ (net)
                  0.09    0.00    4.87 v _209_/A (sky130_fd_sc_hd__nand3_4)
     8    0.09    0.29    0.23    5.10 ^ _209_/Y (sky130_fd_sc_hd__nand3_4)
                                         _035_ (net)
                  0.29    0.00    5.10 ^ _210_/B (sky130_fd_sc_hd__nor2_4)
     1    0.00    0.05    0.04    5.14 v _210_/Y (sky130_fd_sc_hd__nor2_4)
                                         _004_ (net)
                  0.05    0.00    5.14 v _240_/D (sky130_fd_sc_hd__dfrtp_2)
                                  5.14   data arrival time

                  0.00   10.00   10.00   clock clk (rise edge)
                          1.30   11.30   clock network delay (ideal)
                         -0.30   11.00   clock uncertainty
                          0.00   11.00   clock reconvergence pessimism
                                 11.00 ^ _240_/CLK (sky130_fd_sc_hd__dfrtp_2)
                         -0.13   10.87   library setup time
                                 10.87   data required time
-----------------------------------------------------------------------------
                                 10.87   data required time
                                 -5.14   data arrival time
-----------------------------------------------------------------------------
                                  5.73   slack (MET)


Startpoint: clk_stable (input port clocked by clk)
Endpoint: _246_ (rising edge-triggered flip-flop clocked by clk)
Path Group: clk
Path Type: max

Fanout     Cap    Slew   Delay    Time   Description
-----------------------------------------------------------------------------
                  0.00    0.00    0.00   clock clk (rise edge)
                          1.30    1.30   clock network delay (ideal)
                          3.00    4.30 ^ input external delay
     1    0.01    0.03    0.02    4.32 ^ clk_stable (in)
                                         clk_stable (net)
                  0.03    0.00    4.32 ^ _158_/B (sky130_fd_sc_hd__nand2_2)
     2    0.01    0.04    0.05    4.37 v _158_/Y (sky130_fd_sc_hd__nand2_2)
                                         _095_ (net)
                  0.04    0.00    4.37 v _159_/B1_N (sky130_fd_sc_hd__o21bai_2)
     1    0.00    0.05    0.18    4.55 v _159_/Y (sky130_fd_sc_hd__o21bai_2)
                                         _096_ (net)
                  0.05    0.00    4.55 v _160_/A (sky130_fd_sc_hd__nand2_2)
     1    0.00    0.05    0.06    4.61 ^ _160_/Y (sky130_fd_sc_hd__nand2_2)
                                         _097_ (net)
                  0.05    0.00    4.61 ^ _166_/A (sky130_fd_sc_hd__nand2_2)
     2    0.01    0.04    0.05    4.65 v _166_/Y (sky130_fd_sc_hd__nand2_2)
                                         _103_ (net)
                  0.04    0.00    4.65 v _178_/B (sky130_fd_sc_hd__nor2_2)
     2    0.01    0.13    0.12    4.77 ^ _178_/Y (sky130_fd_sc_hd__nor2_2)
                                         _014_ (net)
                  0.13    0.00    4.77 ^ _204_/A (sky130_fd_sc_hd__nand3_2)
     1    0.01    0.09    0.10    4.87 v _204_/Y (sky130_fd_sc_hd__nand3_2)
                                         _030_ (net)
                  0.09    0.00    4.87 v _209_/A (sky130_fd_sc_hd__nand3_4)
     8    0.09    0.29    0.23    5.10 ^ _209_/Y (sky130_fd_sc_hd__nand3_4)
                                         _035_ (net)
                  0.29    0.00    5.10 ^ _236_/B (sky130_fd_sc_hd__nor2_4)
     1    0.00    0.05    0.03    5.14 v _236_/Y (sky130_fd_sc_hd__nor2_4)
                                         _010_ (net)
                  0.05    0.00    5.14 v _246_/D (sky130_fd_sc_hd__dfrtp_2)
                                  5.14   data arrival time

                  0.00   10.00   10.00   clock clk (rise edge)
                          1.30   11.30   clock network delay (ideal)
                         -0.30   11.00   clock uncertainty
                          0.00   11.00   clock reconvergence pessimism
                                 11.00 ^ _246_/CLK (sky130_fd_sc_hd__dfrtp_2)
                         -0.13   10.87   library setup time
                                 10.87   data required time
-----------------------------------------------------------------------------
                                 10.87   data required time
                                 -5.14   data arrival time
-----------------------------------------------------------------------------
                                  5.73   slack (MET)


Startpoint: clk_stable (input port clocked by clk)
Endpoint: _247_ (rising edge-triggered flip-flop clocked by clk)
Path Group: clk
Path Type: max

Fanout     Cap    Slew   Delay    Time   Description
-----------------------------------------------------------------------------
                  0.00    0.00    0.00   clock clk (rise edge)
                          1.30    1.30   clock network delay (ideal)
                          3.00    4.30 ^ input external delay
     1    0.01    0.03    0.02    4.32 ^ clk_stable (in)
                                         clk_stable (net)
                  0.03    0.00    4.32 ^ _158_/B (sky130_fd_sc_hd__nand2_2)
     2    0.01    0.04    0.05    4.37 v _158_/Y (sky130_fd_sc_hd__nand2_2)
                                         _095_ (net)
                  0.04    0.00    4.37 v _159_/B1_N (sky130_fd_sc_hd__o21bai_2)
     1    0.00    0.05    0.18    4.55 v _159_/Y (sky130_fd_sc_hd__o21bai_2)
                                         _096_ (net)
                  0.05    0.00    4.55 v _160_/A (sky130_fd_sc_hd__nand2_2)
     1    0.00    0.05    0.06    4.61 ^ _160_/Y (sky130_fd_sc_hd__nand2_2)
                                         _097_ (net)
                  0.05    0.00    4.61 ^ _166_/A (sky130_fd_sc_hd__nand2_2)
     2    0.01    0.04    0.05    4.65 v _166_/Y (sky130_fd_sc_hd__nand2_2)
                                         _103_ (net)
                  0.04    0.00    4.65 v _178_/B (sky130_fd_sc_hd__nor2_2)
     2    0.01    0.13    0.12    4.77 ^ _178_/Y (sky130_fd_sc_hd__nor2_2)
                                         _014_ (net)
                  0.13    0.00    4.77 ^ _204_/A (sky130_fd_sc_hd__nand3_2)
     1    0.01    0.09    0.10    4.87 v _204_/Y (sky130_fd_sc_hd__nand3_2)
                                         _030_ (net)
                  0.09    0.00    4.87 v _209_/A (sky130_fd_sc_hd__nand3_4)
     8    0.09    0.29    0.23    5.10 ^ _209_/Y (sky130_fd_sc_hd__nand3_4)
                                         _035_ (net)
                  0.29    0.00    5.10 ^ _238_/B (sky130_fd_sc_hd__nor2_4)
     1    0.00    0.05    0.03    5.14 v _238_/Y (sky130_fd_sc_hd__nor2_4)
                                         _011_ (net)
                  0.05    0.00    5.14 v _247_/D (sky130_fd_sc_hd__dfrtp_2)
                                  5.14   data arrival time

                  0.00   10.00   10.00   clock clk (rise edge)
                          1.30   11.30   clock network delay (ideal)
                         -0.30   11.00   clock uncertainty
                          0.00   11.00   clock reconvergence pessimism
                                 11.00 ^ _247_/CLK (sky130_fd_sc_hd__dfrtp_2)
                         -0.13   10.87   library setup time
                                 10.87   data required time
-----------------------------------------------------------------------------
                                 10.87   data required time
                                 -5.14   data arrival time
-----------------------------------------------------------------------------
                                  5.73   slack (MET)


Startpoint: clk_stable (input port clocked by clk)
Endpoint: _242_ (rising edge-triggered flip-flop clocked by clk)
Path Group: clk
Path Type: max

Fanout     Cap    Slew   Delay    Time   Description
-----------------------------------------------------------------------------
                  0.00    0.00    0.00   clock clk (rise edge)
                          1.30    1.30   clock network delay (ideal)
                          3.00    4.30 ^ input external delay
     1    0.01    0.03    0.02    4.32 ^ clk_stable (in)
                                         clk_stable (net)
                  0.03    0.00    4.32 ^ _158_/B (sky130_fd_sc_hd__nand2_2)
     2    0.01    0.04    0.05    4.37 v _158_/Y (sky130_fd_sc_hd__nand2_2)
                                         _095_ (net)
                  0.04    0.00    4.37 v _159_/B1_N (sky130_fd_sc_hd__o21bai_2)
     1    0.00    0.05    0.18    4.55 v _159_/Y (sky130_fd_sc_hd__o21bai_2)
                                         _096_ (net)
                  0.05    0.00    4.55 v _160_/A (sky130_fd_sc_hd__nand2_2)
     1    0.00    0.05    0.06    4.61 ^ _160_/Y (sky130_fd_sc_hd__nand2_2)
                                         _097_ (net)
                  0.05    0.00    4.61 ^ _166_/A (sky130_fd_sc_hd__nand2_2)
     2    0.01    0.04    0.05    4.65 v _166_/Y (sky130_fd_sc_hd__nand2_2)
                                         _103_ (net)
                  0.04    0.00    4.65 v _178_/B (sky130_fd_sc_hd__nor2_2)
     2    0.01    0.13    0.12    4.77 ^ _178_/Y (sky130_fd_sc_hd__nor2_2)
                                         _014_ (net)
                  0.13    0.00    4.77 ^ _204_/A (sky130_fd_sc_hd__nand3_2)
     1    0.01    0.09    0.10    4.87 v _204_/Y (sky130_fd_sc_hd__nand3_2)
                                         _030_ (net)
                  0.09    0.00    4.87 v _209_/A (sky130_fd_sc_hd__nand3_4)
     8    0.09    0.29    0.23    5.10 ^ _209_/Y (sky130_fd_sc_hd__nand3_4)
                                         _035_ (net)
                  0.29    0.00    5.10 ^ _219_/B (sky130_fd_sc_hd__nor2_4)
     1    0.00    0.05    0.04    5.14 v _219_/Y (sky130_fd_sc_hd__nor2_4)
                                         _006_ (net)
                  0.05    0.00    5.14 v _242_/D (sky130_fd_sc_hd__dfrtp_2)
                                  5.14   data arrival time

                  0.00   10.00   10.00   clock clk (rise edge)
                          1.30   11.30   clock network delay (ideal)
                         -0.30   11.00   clock uncertainty
                          0.00   11.00   clock reconvergence pessimism
                                 11.00 ^ _242_/CLK (sky130_fd_sc_hd__dfrtp_2)
                         -0.13   10.87   library setup time
                                 10.87   data required time
-----------------------------------------------------------------------------
                                 10.87   data required time
                                 -5.14   data arrival time
-----------------------------------------------------------------------------
                                  5.74   slack (MET)


Startpoint: clk_stable (input port clocked by clk)
Endpoint: _243_ (rising edge-triggered flip-flop clocked by clk)
Path Group: clk
Path Type: max

Fanout     Cap    Slew   Delay    Time   Description
-----------------------------------------------------------------------------
                  0.00    0.00    0.00   clock clk (rise edge)
                          1.30    1.30   clock network delay (ideal)
                          3.00    4.30 ^ input external delay
     1    0.01    0.03    0.02    4.32 ^ clk_stable (in)
                                         clk_stable (net)
                  0.03    0.00    4.32 ^ _158_/B (sky130_fd_sc_hd__nand2_2)
     2    0.01    0.04    0.05    4.37 v _158_/Y (sky130_fd_sc_hd__nand2_2)
                                         _095_ (net)
                  0.04    0.00    4.37 v _159_/B1_N (sky130_fd_sc_hd__o21bai_2)
     1    0.00    0.05    0.18    4.55 v _159_/Y (sky130_fd_sc_hd__o21bai_2)
                                         _096_ (net)
                  0.05    0.00    4.55 v _160_/A (sky130_fd_sc_hd__nand2_2)
     1    0.00    0.05    0.06    4.61 ^ _160_/Y (sky130_fd_sc_hd__nand2_2)
                                         _097_ (net)
                  0.05    0.00    4.61 ^ _166_/A (sky130_fd_sc_hd__nand2_2)
     2    0.01    0.04    0.05    4.65 v _166_/Y (sky130_fd_sc_hd__nand2_2)
                                         _103_ (net)
                  0.04    0.00    4.65 v _178_/B (sky130_fd_sc_hd__nor2_2)
     2    0.01    0.13    0.12    4.77 ^ _178_/Y (sky130_fd_sc_hd__nor2_2)
                                         _014_ (net)
                  0.13    0.00    4.77 ^ _204_/A (sky130_fd_sc_hd__nand3_2)
     1    0.01    0.09    0.10    4.87 v _204_/Y (sky130_fd_sc_hd__nand3_2)
                                         _030_ (net)
                  0.09    0.00    4.87 v _209_/A (sky130_fd_sc_hd__nand3_4)
     8    0.09    0.29    0.23    5.10 ^ _209_/Y (sky130_fd_sc_hd__nand3_4)
                                         _035_ (net)
                  0.29    0.00    5.10 ^ _223_/B (sky130_fd_sc_hd__nor2_4)
     1    0.00    0.05    0.03    5.14 v _223_/Y (sky130_fd_sc_hd__nor2_4)
                                         _007_ (net)
                  0.05    0.00    5.14 v _243_/D (sky130_fd_sc_hd__dfrtp_2)
                                  5.14   data arrival time

                  0.00   10.00   10.00   clock clk (rise edge)
                          1.30   11.30   clock network delay (ideal)
                         -0.30   11.00   clock uncertainty
                          0.00   11.00   clock reconvergence pessimism
                                 11.00 ^ _243_/CLK (sky130_fd_sc_hd__dfrtp_2)
                         -0.13   10.87   library setup time
                                 10.87   data required time
-----------------------------------------------------------------------------
                                 10.87   data required time
                                 -5.14   data arrival time
-----------------------------------------------------------------------------
                                  5.74   slack (MET)


Startpoint: clk_stable (input port clocked by clk)
Endpoint: _244_ (rising edge-triggered flip-flop clocked by clk)
Path Group: clk
Path Type: max

Fanout     Cap    Slew   Delay    Time   Description
-----------------------------------------------------------------------------
                  0.00    0.00    0.00   clock clk (rise edge)
                          1.30    1.30   clock network delay (ideal)
                          3.00    4.30 ^ input external delay
     1    0.01    0.03    0.02    4.32 ^ clk_stable (in)
                                         clk_stable (net)
                  0.03    0.00    4.32 ^ _158_/B (sky130_fd_sc_hd__nand2_2)
     2    0.01    0.04    0.05    4.37 v _158_/Y (sky130_fd_sc_hd__nand2_2)
                                         _095_ (net)
                  0.04    0.00    4.37 v _159_/B1_N (sky130_fd_sc_hd__o21bai_2)
     1    0.00    0.05    0.18    4.55 v _159_/Y (sky130_fd_sc_hd__o21bai_2)
                                         _096_ (net)
                  0.05    0.00    4.55 v _160_/A (sky130_fd_sc_hd__nand2_2)
     1    0.00    0.05    0.06    4.61 ^ _160_/Y (sky130_fd_sc_hd__nand2_2)
                                         _097_ (net)
                  0.05    0.00    4.61 ^ _166_/A (sky130_fd_sc_hd__nand2_2)
     2    0.01    0.04    0.05    4.65 v _166_/Y (sky130_fd_sc_hd__nand2_2)
                                         _103_ (net)
                  0.04    0.00    4.65 v _178_/B (sky130_fd_sc_hd__nor2_2)
     2    0.01    0.13    0.12    4.77 ^ _178_/Y (sky130_fd_sc_hd__nor2_2)
                                         _014_ (net)
                  0.13    0.00    4.77 ^ _204_/A (sky130_fd_sc_hd__nand3_2)
     1    0.01    0.09    0.10    4.87 v _204_/Y (sky130_fd_sc_hd__nand3_2)
                                         _030_ (net)
                  0.09    0.00    4.87 v _209_/A (sky130_fd_sc_hd__nand3_4)
     8    0.09    0.29    0.23    5.10 ^ _209_/Y (sky130_fd_sc_hd__nand3_4)
                                         _035_ (net)
                  0.29    0.00    5.10 ^ _227_/B (sky130_fd_sc_hd__nor2_8)
     1    0.00    0.04    0.03    5.14 v _227_/Y (sky130_fd_sc_hd__nor2_8)
                                         _008_ (net)
                  0.04    0.00    5.14 v _244_/D (sky130_fd_sc_hd__dfrtp_2)
                                  5.14   data arrival time

                  0.00   10.00   10.00   clock clk (rise edge)
                          1.30   11.30   clock network delay (ideal)
                         -0.30   11.00   clock uncertainty
                          0.00   11.00   clock reconvergence pessimism
                                 11.00 ^ _244_/CLK (sky130_fd_sc_hd__dfrtp_2)
                         -0.13   10.87   library setup time
                                 10.87   data required time
-----------------------------------------------------------------------------
                                 10.87   data required time
                                 -5.14   data arrival time
-----------------------------------------------------------------------------
                                  5.74   slack (MET)


Startpoint: clk_stable (input port clocked by clk)
Endpoint: _258_ (rising edge-triggered flip-flop clocked by clk)
Path Group: clk
Path Type: max

Fanout     Cap    Slew   Delay    Time   Description
-----------------------------------------------------------------------------
                  0.00    0.00    0.00   clock clk (rise edge)
                          1.30    1.30   clock network delay (ideal)
                          3.00    4.30 ^ input external delay
     1    0.01    0.03    0.02    4.32 ^ clk_stable (in)
                                         clk_stable (net)
                  0.03    0.00    4.32 ^ _158_/B (sky130_fd_sc_hd__nand2_2)
     2    0.01    0.04    0.05    4.37 v _158_/Y (sky130_fd_sc_hd__nand2_2)
                                         _095_ (net)
                  0.04    0.00    4.37 v _159_/B1_N (sky130_fd_sc_hd__o21bai_2)
     1    0.00    0.05    0.18    4.55 v _159_/Y (sky130_fd_sc_hd__o21bai_2)
                                         _096_ (net)
                  0.05    0.00    4.55 v _160_/A (sky130_fd_sc_hd__nand2_2)
     1    0.00    0.05    0.06    4.61 ^ _160_/Y (sky130_fd_sc_hd__nand2_2)
                                         _097_ (net)
                  0.05    0.00    4.61 ^ _166_/A (sky130_fd_sc_hd__nand2_2)
     2    0.01    0.04    0.05    4.65 v _166_/Y (sky130_fd_sc_hd__nand2_2)
                                         _103_ (net)
                  0.04    0.00    4.65 v _178_/B (sky130_fd_sc_hd__nor2_2)
     2    0.01    0.13    0.12    4.77 ^ _178_/Y (sky130_fd_sc_hd__nor2_2)
                                         _014_ (net)
                  0.13    0.00    4.77 ^ _187_/A (sky130_fd_sc_hd__nand2_2)
     1    0.00    0.04    0.05    4.82 v _187_/Y (sky130_fd_sc_hd__nand2_2)
                                         next_state[2] (net)
                  0.04    0.00    4.82 v _258_/D (sky130_fd_sc_hd__dfrtp_2)
                                  4.82   data arrival time

                  0.00   10.00   10.00   clock clk (rise edge)
                          1.30   11.30   clock network delay (ideal)
                         -0.30   11.00   clock uncertainty
                          0.00   11.00   clock reconvergence pessimism
                                 11.00 ^ _258_/CLK (sky130_fd_sc_hd__dfrtp_2)
                         -0.12   10.88   library setup time
                                 10.88   data required time
-----------------------------------------------------------------------------
                                 10.88   data required time
                                 -4.82   data arrival time
-----------------------------------------------------------------------------
                                  6.06   slack (MET)


Startpoint: _251_ (rising edge-triggered flip-flop clocked by clk)
Endpoint: retention_save (output port clocked by clk)
Path Group: clk
Path Type: max

Fanout     Cap    Slew   Delay    Time   Description
-----------------------------------------------------------------------------
                  0.00    0.00    0.00   clock clk (rise edge)
                          1.30    1.30   clock network delay (ideal)
                  0.00    0.00    1.30 ^ _251_/CLK (sky130_fd_sc_hd__dfrtp_2)
     1    0.03    0.11    0.45    1.75 v _251_/Q (sky130_fd_sc_hd__dfrtp_2)
                                         retention_save (net)
                  0.11    0.00    1.75 v retention_save (out)
                                  1.75   data arrival time

                  0.00   10.00   10.00   clock clk (rise edge)
                          1.30   11.30   clock network delay (ideal)
                         -0.30   11.00   clock uncertainty
                          0.00   11.00   clock reconvergence pessimism
                         -2.50    8.50   output external delay
                                  8.50   data required time
-----------------------------------------------------------------------------
                                  8.50   data required time
                                 -1.75   data arrival time
-----------------------------------------------------------------------------
                                  6.75   slack (MET)


Startpoint: _252_ (rising edge-triggered flip-flop clocked by clk)
Endpoint: retention_restore (output port clocked by clk)
Path Group: clk
Path Type: max

Fanout     Cap    Slew   Delay    Time   Description
-----------------------------------------------------------------------------
                  0.00    0.00    0.00   clock clk (rise edge)
                          1.30    1.30   clock network delay (ideal)
                  0.00    0.00    1.30 ^ _252_/CLK (sky130_fd_sc_hd__dfrtp_2)
     1    0.03    0.11    0.45    1.75 v _252_/Q (sky130_fd_sc_hd__dfrtp_2)
                                         retention_restore (net)
                  0.11    0.00    1.75 v retention_restore (out)
                                  1.75   data arrival time

                  0.00   10.00   10.00   clock clk (rise edge)
                          1.30   11.30   clock network delay (ideal)
                         -0.30   11.00   clock uncertainty
                          0.00   11.00   clock reconvergence pessimism
                         -2.50    8.50   output external delay
                                  8.50   data required time
-----------------------------------------------------------------------------
                                  8.50   data required time
                                 -1.75   data arrival time
-----------------------------------------------------------------------------
                                  6.75   slack (MET)


Startpoint: _253_ (rising edge-triggered flip-flop clocked by clk)
Endpoint: reset_ctrl (output port clocked by clk)
Path Group: clk
Path Type: max

Fanout     Cap    Slew   Delay    Time   Description
-----------------------------------------------------------------------------
                  0.00    0.00    0.00   clock clk (rise edge)
                          1.30    1.30   clock network delay (ideal)
                  0.00    0.00    1.30 ^ _253_/CLK (sky130_fd_sc_hd__dfrtp_2)
     1    0.03    0.11    0.45    1.75 v _253_/Q (sky130_fd_sc_hd__dfrtp_2)
                                         reset_ctrl (net)
                  0.11    0.00    1.75 v reset_ctrl (out)
                                  1.75   data arrival time

                  0.00   10.00   10.00   clock clk (rise edge)
                          1.30   11.30   clock network delay (ideal)
                         -0.30   11.00   clock uncertainty
                          0.00   11.00   clock reconvergence pessimism
                         -2.50    8.50   output external delay
                                  8.50   data required time
-----------------------------------------------------------------------------
                                  8.50   data required time
                                 -1.75   data arrival time
-----------------------------------------------------------------------------
                                  6.75   slack (MET)


Startpoint: _256_ (rising edge-triggered flip-flop clocked by clk)
Endpoint: seq_busy (output port clocked by clk)
Path Group: clk
Path Type: max

Fanout     Cap    Slew   Delay    Time   Description
-----------------------------------------------------------------------------
                  0.00    0.00    0.00   clock clk (rise edge)
                          1.30    1.30   clock network delay (ideal)
                  0.00    0.00    1.30 ^ _256_/CLK (sky130_fd_sc_hd__dfrtp_2)
     8    0.04    0.12    0.46    1.76 v _256_/Q (sky130_fd_sc_hd__dfrtp_2)
                                         curr_state[0] (net)
                  0.12    0.00    1.76 v _138_/A (sky130_fd_sc_hd__nand2_2)
     3    0.01    0.09    0.12    1.88 ^ _138_/Y (sky130_fd_sc_hd__nand2_2)
                                         _077_ (net)
                  0.09    0.00    1.88 ^ _139_/A (sky130_fd_sc_hd__inv_2)
     2    0.02    0.05    0.07    1.95 v _139_/Y (sky130_fd_sc_hd__inv_2)
                                         _078_ (net)
                  0.05    0.00    1.95 v _140_/B (sky130_fd_sc_hd__nor2_8)
     4    0.04    0.17    0.16    2.11 ^ _140_/Y (sky130_fd_sc_hd__nor2_8)
                                         seq_busy (net)
                  0.17    0.00    2.11 ^ seq_busy (out)
                                  2.11   data arrival time

                  0.00   10.00   10.00   clock clk (rise edge)
                          1.30   11.30   clock network delay (ideal)
                         -0.30   11.00   clock uncertainty
                          0.00   11.00   clock reconvergence pessimism
                         -2.00    9.00   output external delay
                                  9.00   data required time
-----------------------------------------------------------------------------
                                  9.00   data required time
                                 -2.11   data arrival time
-----------------------------------------------------------------------------
                                  6.89   slack (MET)


Startpoint: _239_ (rising edge-triggered flip-flop clocked by clk)
Endpoint: dvfs_ctrl[1] (output port clocked by clk)
Path Group: clk
Path Type: max

Fanout     Cap    Slew   Delay    Time   Description
-----------------------------------------------------------------------------
                  0.00    0.00    0.00   clock clk (rise edge)
                          1.30    1.30   clock network delay (ideal)
                  0.00    0.00    1.30 ^ _239_/CLK (sky130_fd_sc_hd__dfstp_2)
     1    0.02    0.11    0.56    1.86 ^ _239_/Q (sky130_fd_sc_hd__dfstp_2)
                                         dvfs_ctrl[1] (net)
                  0.11    0.00    1.86 ^ dvfs_ctrl[1] (out)
                                  1.86   data arrival time

                  0.00   10.00   10.00   clock clk (rise edge)
                          1.30   11.30   clock network delay (ideal)
                         -0.30   11.00   clock uncertainty
                          0.00   11.00   clock reconvergence pessimism
                         -2.00    9.00   output external delay
                                  9.00   data required time
-----------------------------------------------------------------------------
                                  9.00   data required time
                                 -1.86   data arrival time
-----------------------------------------------------------------------------
                                  7.14   slack (MET)


Startpoint: _249_ (rising edge-triggered flip-flop clocked by clk)
Endpoint: pwr_gate_en (output port clocked by clk)
Path Group: clk
Path Type: max

Fanout     Cap    Slew   Delay    Time   Description
-----------------------------------------------------------------------------
                  0.00    0.00    0.00   clock clk (rise edge)
                          1.30    1.30   clock network delay (ideal)
                  0.00    0.00    1.30 ^ _249_/CLK (sky130_fd_sc_hd__dfrtp_2)
     1    0.05    0.25    0.49    1.79 ^ _249_/Q (sky130_fd_sc_hd__dfrtp_2)
                                         pwr_gate_en (net)
                  0.25    0.00    1.79 ^ pwr_gate_en (out)
                                  1.79   data arrival time

                  0.00   10.00   10.00   clock clk (rise edge)
                          1.30   11.30   clock network delay (ideal)
                         -0.30   11.00   clock uncertainty
                          0.00   11.00   clock reconvergence pessimism
                         -2.00    9.00   output external delay
                                  9.00   data required time
-----------------------------------------------------------------------------
                                  9.00   data required time
                                 -1.79   data arrival time
-----------------------------------------------------------------------------
                                  7.21   slack (MET)


Startpoint: _248_ (rising edge-triggered flip-flop clocked by clk)
Endpoint: clk_gate_en (output port clocked by clk)
Path Group: clk
Path Type: max

Fanout     Cap    Slew   Delay    Time   Description
-----------------------------------------------------------------------------
                  0.00    0.00    0.00   clock clk (rise edge)
                          1.30    1.30   clock network delay (ideal)
                  0.00    0.00    1.30 ^ _248_/CLK (sky130_fd_sc_hd__dfrtp_2)
     1    0.05    0.25    0.49    1.79 ^ _248_/Q (sky130_fd_sc_hd__dfrtp_2)
                                         clk_gate_en (net)
                  0.25    0.00    1.79 ^ clk_gate_en (out)
                                  1.79   data arrival time

                  0.00   10.00   10.00   clock clk (rise edge)
                          1.30   11.30   clock network delay (ideal)
                         -0.30   11.00   clock uncertainty
                          0.00   11.00   clock reconvergence pessimism
                         -2.00    9.00   output external delay
                                  9.00   data required time
-----------------------------------------------------------------------------
                                  9.00   data required time
                                 -1.79   data arrival time
-----------------------------------------------------------------------------
                                  7.21   slack (MET)


Startpoint: _250_ (rising edge-triggered flip-flop clocked by clk)
Endpoint: retention_en (output port clocked by clk)
Path Group: clk
Path Type: max

Fanout     Cap    Slew   Delay    Time   Description
-----------------------------------------------------------------------------
                  0.00    0.00    0.00   clock clk (rise edge)
                          1.30    1.30   clock network delay (ideal)
                  0.00    0.00    1.30 ^ _250_/CLK (sky130_fd_sc_hd__dfrtp_2)
     1    0.05    0.25    0.49    1.79 ^ _250_/Q (sky130_fd_sc_hd__dfrtp_2)
                                         retention_en (net)
                  0.25    0.00    1.79 ^ retention_en (out)
                                  1.79   data arrival time

                  0.00   10.00   10.00   clock clk (rise edge)
                          1.30   11.30   clock network delay (ideal)
                         -0.30   11.00   clock uncertainty
                          0.00   11.00   clock reconvergence pessimism
                         -2.00    9.00   output external delay
                                  9.00   data required time
-----------------------------------------------------------------------------
                                  9.00   data required time
                                 -1.79   data arrival time
-----------------------------------------------------------------------------
                                  7.21   slack (MET)


Startpoint: _254_ (rising edge-triggered flip-flop clocked by clk)
Endpoint: pwr_state[0] (output port clocked by clk)
Path Group: clk
Path Type: max

Fanout     Cap    Slew   Delay    Time   Description
-----------------------------------------------------------------------------
                  0.00    0.00    0.00   clock clk (rise edge)
                          1.30    1.30   clock network delay (ideal)
                  0.00    0.00    1.30 ^ _254_/CLK (sky130_fd_sc_hd__dfrtp_2)
     1    0.02    0.08    0.42    1.72 v _254_/Q (sky130_fd_sc_hd__dfrtp_2)
                                         pwr_state[0] (net)
                  0.08    0.00    1.72 v pwr_state[0] (out)
                                  1.72   data arrival time

                  0.00   10.00   10.00   clock clk (rise edge)
                          1.30   11.30   clock network delay (ideal)
                         -0.30   11.00   clock uncertainty
                          0.00   11.00   clock reconvergence pessimism
                         -2.00    9.00   output external delay
                                  9.00   data required time
-----------------------------------------------------------------------------
                                  9.00   data required time
                                 -1.72   data arrival time
-----------------------------------------------------------------------------
                                  7.28   slack (MET)


Startpoint: _255_ (rising edge-triggered flip-flop clocked by clk)
Endpoint: pwr_state[1] (output port clocked by clk)
Path Group: clk
Path Type: max

Fanout     Cap    Slew   Delay    Time   Description
-----------------------------------------------------------------------------
                  0.00    0.00    0.00   clock clk (rise edge)
                          1.30    1.30   clock network delay (ideal)
                  0.00    0.00    1.30 ^ _255_/CLK (sky130_fd_sc_hd__dfrtp_2)
     1    0.02    0.08    0.42    1.72 v _255_/Q (sky130_fd_sc_hd__dfrtp_2)
                                         pwr_state[1] (net)
                  0.08    0.00    1.72 v pwr_state[1] (out)
                                  1.72   data arrival time

                  0.00   10.00   10.00   clock clk (rise edge)
                          1.30   11.30   clock network delay (ideal)
                         -0.30   11.00   clock uncertainty
                          0.00   11.00   clock reconvergence pessimism
                         -2.00    9.00   output external delay
                                  9.00   data required time
-----------------------------------------------------------------------------
                                  9.00   data required time
                                 -1.72   data arrival time
-----------------------------------------------------------------------------
                                  7.28   slack (MET)


Startpoint: wake_up (input port clocked by clk)
Endpoint: _259_ (rising edge-triggered flip-flop clocked by clk)
Path Group: clk
Path Type: max

Fanout     Cap    Slew   Delay    Time   Description
-----------------------------------------------------------------------------
                  0.00    0.00    0.00   clock clk (rise edge)
                          1.30    1.30   clock network delay (ideal)
                          2.00    3.30 v input external delay
     1    0.00    0.03    0.01    3.31 v wake_up (in)
                                         wake_up (net)
                  0.03    0.00    3.31 v _259_/D (sky130_fd_sc_hd__dfrtp_2)
                                  3.31   data arrival time

                  0.00   10.00   10.00   clock clk (rise edge)
                          1.30   11.30   clock network delay (ideal)
                         -0.30   11.00   clock uncertainty
                          0.00   11.00   clock reconvergence pessimism
                                 11.00 ^ _259_/CLK (sky130_fd_sc_hd__dfrtp_2)
                         -0.12   10.88   library setup time
                                 10.88   data required time
-----------------------------------------------------------------------------
                                 10.88   data required time
                                 -3.31   data arrival time
-----------------------------------------------------------------------------
                                  7.57   slack (MET)


Startpoint: req_off (input port clocked by clk)
Endpoint: _260_ (rising edge-triggered flip-flop clocked by clk)
Path Group: clk
Path Type: max

Fanout     Cap    Slew   Delay    Time   Description
-----------------------------------------------------------------------------
                  0.00    0.00    0.00   clock clk (rise edge)
                          1.30    1.30   clock network delay (ideal)
                          2.00    3.30 v input external delay
     1    0.00    0.02    0.01    3.31 v req_off (in)
                                         req_off (net)
                  0.02    0.00    3.31 v _260_/D (sky130_fd_sc_hd__dfrtp_2)
                                  3.31   data arrival time

                  0.00   10.00   10.00   clock clk (rise edge)
                          1.30   11.30   clock network delay (ideal)
                         -0.30   11.00   clock uncertainty
                          0.00   11.00   clock reconvergence pessimism
                                 11.00 ^ _260_/CLK (sky130_fd_sc_hd__dfrtp_2)
                         -0.12   10.88   library setup time
                                 10.88   data required time
-----------------------------------------------------------------------------
                                 10.88   data required time
                                 -3.31   data arrival time
-----------------------------------------------------------------------------
                                  7.57   slack (MET)


Startpoint: req_idle (input port clocked by clk)
Endpoint: _262_ (rising edge-triggered flip-flop clocked by clk)
Path Group: clk
Path Type: max

Fanout     Cap    Slew   Delay    Time   Description
-----------------------------------------------------------------------------
                  0.00    0.00    0.00   clock clk (rise edge)
                          1.30    1.30   clock network delay (ideal)
                          2.00    3.30 v input external delay
     1    0.00    0.02    0.01    3.31 v req_idle (in)
                                         req_idle (net)
                  0.02    0.00    3.31 v _262_/D (sky130_fd_sc_hd__dfrtp_2)
                                  3.31   data arrival time

                  0.00   10.00   10.00   clock clk (rise edge)
                          1.30   11.30   clock network delay (ideal)
                         -0.30   11.00   clock uncertainty
                          0.00   11.00   clock reconvergence pessimism
                                 11.00 ^ _262_/CLK (sky130_fd_sc_hd__dfrtp_2)
                         -0.12   10.88   library setup time
                                 10.88   data required time
-----------------------------------------------------------------------------
                                 10.88   data required time
                                 -3.31   data arrival time
-----------------------------------------------------------------------------
                                  7.57   slack (MET)


Startpoint: req_sleep (input port clocked by clk)
Endpoint: _261_ (rising edge-triggered flip-flop clocked by clk)
Path Group: clk
Path Type: max

Fanout     Cap    Slew   Delay    Time   Description
-----------------------------------------------------------------------------
                  0.00    0.00    0.00   clock clk (rise edge)
                          1.30    1.30   clock network delay (ideal)
                          2.00    3.30 v input external delay
     1    0.00    0.02    0.01    3.31 v req_sleep (in)
                                         req_sleep (net)
                  0.02    0.00    3.31 v _261_/D (sky130_fd_sc_hd__dfrtp_2)
                                  3.31   data arrival time

                  0.00   10.00   10.00   clock clk (rise edge)
                          1.30   11.30   clock network delay (ideal)
                         -0.30   11.00   clock uncertainty
                          0.00   11.00   clock reconvergence pessimism
                                 11.00 ^ _261_/CLK (sky130_fd_sc_hd__dfrtp_2)
                         -0.12   10.88   library setup time
                                 10.88   data required time
-----------------------------------------------------------------------------
                                 10.88   data required time
                                 -3.31   data arrival time
-----------------------------------------------------------------------------
                                  7.57   slack (MET)


Startpoint: _258_ (rising edge-triggered flip-flop clocked by clk)
Endpoint: _255_ (rising edge-triggered flip-flop clocked by clk)
Path Group: clk
Path Type: max

Fanout     Cap    Slew   Delay    Time   Description
-----------------------------------------------------------------------------
                  0.00    0.00    0.00   clock clk (rise edge)
                          1.30    1.30   clock network delay (ideal)
                  0.00    0.00    1.30 ^ _258_/CLK (sky130_fd_sc_hd__dfrtp_2)
     8    0.04    0.13    0.47    1.77 v _258_/Q (sky130_fd_sc_hd__dfrtp_2)
                                         curr_state[2] (net)
                  0.13    0.00    1.77 v _124_/A (sky130_fd_sc_hd__inv_6)
     6    0.04    0.10    0.13    1.91 ^ _124_/Y (sky130_fd_sc_hd__inv_6)
                                         _064_ (net)
                  0.10    0.00    1.91 ^ _125_/B (sky130_fd_sc_hd__nor2_4)
     3    0.01    0.05    0.05    1.96 v _125_/Y (sky130_fd_sc_hd__nor2_4)
                                         _065_ (net)
                  0.05    0.00    1.96 v _170_/A (sky130_fd_sc_hd__and2_2)
     3    0.01    0.06    0.20    2.16 v _170_/X (sky130_fd_sc_hd__and2_2)
                                         _107_ (net)
                  0.06    0.00    2.16 v _193_/B (sky130_fd_sc_hd__nor2_2)
     2    0.01    0.10    0.10    2.26 ^ _193_/Y (sky130_fd_sc_hd__nor2_2)
                                         _024_ (net)
                  0.10    0.00    2.26 ^ _194_/C_N (sky130_fd_sc_hd__or3b_2)
     1    0.00    0.08    0.46    2.72 v _194_/X (sky130_fd_sc_hd__or3b_2)
                                         _025_ (net)
                  0.08    0.00    2.72 v _195_/A (sky130_fd_sc_hd__buf_1)
     1    0.00    0.03    0.10    2.82 v _195_/X (sky130_fd_sc_hd__buf_1)
                                         _113_ (net)
                  0.03    0.00    2.82 v _255_/D (sky130_fd_sc_hd__dfrtp_2)
                                  2.82   data arrival time

                  0.00   10.00   10.00   clock clk (rise edge)
                          1.30   11.30   clock network delay (ideal)
                         -0.30   11.00   clock uncertainty
                          0.00   11.00   clock reconvergence pessimism
                                 11.00 ^ _255_/CLK (sky130_fd_sc_hd__dfrtp_2)
                         -0.12   10.88   library setup time
                                 10.88   data required time
-----------------------------------------------------------------------------
                                 10.88   data required time
                                 -2.82   data arrival time
-----------------------------------------------------------------------------
                                  8.06   slack (MET)


Startpoint: _246_ (rising edge-triggered flip-flop clocked by clk)
Endpoint: _253_ (rising edge-triggered flip-flop clocked by clk)
Path Group: clk
Path Type: max

Fanout     Cap    Slew   Delay    Time   Description
-----------------------------------------------------------------------------
                  0.00    0.00    0.00   clock clk (rise edge)
                          1.30    1.30   clock network delay (ideal)
                  0.00    0.00    1.30 ^ _246_/CLK (sky130_fd_sc_hd__dfrtp_2)
     3    0.01    0.06    0.39    1.69 v _246_/Q (sky130_fd_sc_hd__dfrtp_2)
                                         seq_timer[6] (net)
                  0.06    0.00    1.69 v _121_/A (sky130_fd_sc_hd__nor2_2)
     2    0.01    0.14    0.16    1.85 ^ _121_/Y (sky130_fd_sc_hd__nor2_2)
                                         _061_ (net)
                  0.14    0.00    1.85 ^ _134_/B (sky130_fd_sc_hd__nand3_2)
     2    0.01    0.07    0.10    1.95 v _134_/Y (sky130_fd_sc_hd__nand3_2)
                                         _074_ (net)
                  0.07    0.00    1.95 v _135_/C (sky130_fd_sc_hd__or3_2)
     1    0.01    0.09    0.43    2.38 v _135_/X (sky130_fd_sc_hd__or3_2)
                                         _075_ (net)
                  0.09    0.00    2.38 v _136_/A (sky130_fd_sc_hd__inv_2)
     3    0.01    0.07    0.09    2.47 ^ _136_/Y (sky130_fd_sc_hd__inv_2)
                                         _076_ (net)
                  0.07    0.00    2.47 ^ _196_/A1 (sky130_fd_sc_hd__a21o_2)
     1    0.00    0.03    0.11    2.58 ^ _196_/X (sky130_fd_sc_hd__a21o_2)
                                         _115_ (net)
                  0.03    0.00    2.58 ^ _253_/D (sky130_fd_sc_hd__dfrtp_2)
                                  2.58   data arrival time

                  0.00   10.00   10.00   clock clk (rise edge)
                          1.30   11.30   clock network delay (ideal)
                         -0.30   11.00   clock uncertainty
                          0.00   11.00   clock reconvergence pessimism
                                 11.00 ^ _253_/CLK (sky130_fd_sc_hd__dfrtp_2)
                         -0.07   10.93   library setup time
                                 10.93   data required time
-----------------------------------------------------------------------------
                                 10.93   data required time
                                 -2.58   data arrival time
-----------------------------------------------------------------------------
                                  8.35   slack (MET)


Startpoint: _246_ (rising edge-triggered flip-flop clocked by clk)
Endpoint: _250_ (rising edge-triggered flip-flop clocked by clk)
Path Group: clk
Path Type: max

Fanout     Cap    Slew   Delay    Time   Description
-----------------------------------------------------------------------------
                  0.00    0.00    0.00   clock clk (rise edge)
                          1.30    1.30   clock network delay (ideal)
                  0.00    0.00    1.30 ^ _246_/CLK (sky130_fd_sc_hd__dfrtp_2)
     3    0.01    0.06    0.39    1.69 v _246_/Q (sky130_fd_sc_hd__dfrtp_2)
                                         seq_timer[6] (net)
                  0.06    0.00    1.69 v _121_/A (sky130_fd_sc_hd__nor2_2)
     2    0.01    0.14    0.16    1.85 ^ _121_/Y (sky130_fd_sc_hd__nor2_2)
                                         _061_ (net)
                  0.14    0.00    1.85 ^ _134_/B (sky130_fd_sc_hd__nand3_2)
     2    0.01    0.07    0.10    1.95 v _134_/Y (sky130_fd_sc_hd__nand3_2)
                                         _074_ (net)
                  0.07    0.00    1.95 v _135_/C (sky130_fd_sc_hd__or3_2)
     1    0.01    0.09    0.43    2.38 v _135_/X (sky130_fd_sc_hd__or3_2)
                                         _075_ (net)
                  0.09    0.00    2.38 v _136_/A (sky130_fd_sc_hd__inv_2)
     3    0.01    0.07    0.09    2.47 ^ _136_/Y (sky130_fd_sc_hd__inv_2)
                                         _076_ (net)
                  0.07    0.00    2.47 ^ _197_/A2 (sky130_fd_sc_hd__o21ai_2)
     1    0.00    0.04    0.05    2.52 v _197_/Y (sky130_fd_sc_hd__o21ai_2)
                                         _116_ (net)
                  0.04    0.00    2.52 v _250_/D (sky130_fd_sc_hd__dfrtp_2)
                                  2.52   data arrival time

                  0.00   10.00   10.00   clock clk (rise edge)
                          1.30   11.30   clock network delay (ideal)
                         -0.30   11.00   clock uncertainty
                          0.00   11.00   clock reconvergence pessimism
                                 11.00 ^ _250_/CLK (sky130_fd_sc_hd__dfrtp_2)
                         -0.12   10.88   library setup time
                                 10.88   data required time
-----------------------------------------------------------------------------
                                 10.88   data required time
                                 -2.52   data arrival time
-----------------------------------------------------------------------------
                                  8.36   slack (MET)


Startpoint: _246_ (rising edge-triggered flip-flop clocked by clk)
Endpoint: _252_ (rising edge-triggered flip-flop clocked by clk)
Path Group: clk
Path Type: max

Fanout     Cap    Slew   Delay    Time   Description
-----------------------------------------------------------------------------
                  0.00    0.00    0.00   clock clk (rise edge)
                          1.30    1.30   clock network delay (ideal)
                  0.00    0.00    1.30 ^ _246_/CLK (sky130_fd_sc_hd__dfrtp_2)
     3    0.01    0.06    0.39    1.69 v _246_/Q (sky130_fd_sc_hd__dfrtp_2)
                                         seq_timer[6] (net)
                  0.06    0.00    1.69 v _121_/A (sky130_fd_sc_hd__nor2_2)
     2    0.01    0.14    0.16    1.85 ^ _121_/Y (sky130_fd_sc_hd__nor2_2)
                                         _061_ (net)
                  0.14    0.00    1.85 ^ _134_/B (sky130_fd_sc_hd__nand3_2)
     2    0.01    0.07    0.10    1.95 v _134_/Y (sky130_fd_sc_hd__nand3_2)
                                         _074_ (net)
                  0.07    0.00    1.95 v _135_/C (sky130_fd_sc_hd__or3_2)
     1    0.01    0.09    0.43    2.38 v _135_/X (sky130_fd_sc_hd__or3_2)
                                         _075_ (net)
                  0.09    0.00    2.38 v _136_/A (sky130_fd_sc_hd__inv_2)
     3    0.01    0.07    0.09    2.47 ^ _136_/Y (sky130_fd_sc_hd__inv_2)
                                         _076_ (net)
                  0.07    0.00    2.47 ^ _137_/B (sky130_fd_sc_hd__nor2_2)
     1    0.00    0.02    0.03    2.50 v _137_/Y (sky130_fd_sc_hd__nor2_2)
                                         _114_ (net)
                  0.02    0.00    2.50 v _252_/D (sky130_fd_sc_hd__dfrtp_2)
                                  2.50   data arrival time

                  0.00   10.00   10.00   clock clk (rise edge)
                          1.30   11.30   clock network delay (ideal)
                         -0.30   11.00   clock uncertainty
                          0.00   11.00   clock reconvergence pessimism
                                 11.00 ^ _252_/CLK (sky130_fd_sc_hd__dfrtp_2)
                         -0.12   10.88   library setup time
                                 10.88   data required time
-----------------------------------------------------------------------------
                                 10.88   data required time
                                 -2.50   data arrival time
-----------------------------------------------------------------------------
                                  8.38   slack (MET)


Startpoint: _257_ (rising edge-triggered flip-flop clocked by clk)
Endpoint: _256_ (rising edge-triggered flip-flop clocked by clk)
Path Group: clk
Path Type: max

Fanout     Cap    Slew   Delay    Time   Description
-----------------------------------------------------------------------------
                  0.00    0.00    0.00   clock clk (rise edge)
                          1.30    1.30   clock network delay (ideal)
                  0.00    0.00    1.30 ^ _257_/CLK (sky130_fd_sc_hd__dfrtp_2)
     3    0.01    0.06    0.40    1.70 v _257_/Q (sky130_fd_sc_hd__dfrtp_2)
                                         curr_state[1] (net)
                  0.06    0.00    1.70 v _126_/A (sky130_fd_sc_hd__buf_2)
     8    0.03    0.09    0.19    1.89 v _126_/X (sky130_fd_sc_hd__buf_2)
                                         _066_ (net)
                  0.09    0.00    1.89 v _146_/B (sky130_fd_sc_hd__nor2_2)
     2    0.01    0.13    0.14    2.02 ^ _146_/Y (sky130_fd_sc_hd__nor2_2)
                                         _084_ (net)
                  0.13    0.00    2.02 ^ _148_/B (sky130_fd_sc_hd__nand3_2)
     1    0.00    0.06    0.09    2.11 v _148_/Y (sky130_fd_sc_hd__nand3_2)
                                         _086_ (net)
                  0.06    0.00    2.11 v _149_/B (sky130_fd_sc_hd__nand2_2)
     1    0.00    0.05    0.07    2.18 ^ _149_/Y (sky130_fd_sc_hd__nand2_2)
                                         _087_ (net)
                  0.05    0.00    2.18 ^ _151_/A (sky130_fd_sc_hd__nand2_2)
     1    0.01    0.03    0.04    2.23 v _151_/Y (sky130_fd_sc_hd__nand2_2)
                                         _089_ (net)
                  0.03    0.00    2.23 v _154_/A (sky130_fd_sc_hd__nand2_2)
     2    0.01    0.07    0.07    2.29 ^ _154_/Y (sky130_fd_sc_hd__nand2_2)
                                         _092_ (net)
                  0.07    0.00    2.29 ^ _156_/A (sky130_fd_sc_hd__nand2_2)
     2    0.01    0.05    0.06    2.35 v _156_/Y (sky130_fd_sc_hd__nand2_2)
                                         _094_ (net)
                  0.05    0.00    2.35 v _157_/A (sky130_fd_sc_hd__inv_2)
     1    0.00    0.02    0.04    2.39 ^ _157_/Y (sky130_fd_sc_hd__inv_2)
                                         next_state[0] (net)
                  0.02    0.00    2.39 ^ _256_/D (sky130_fd_sc_hd__dfrtp_2)
                                  2.39   data arrival time

                  0.00   10.00   10.00   clock clk (rise edge)
                          1.30   11.30   clock network delay (ideal)
                         -0.30   11.00   clock uncertainty
                          0.00   11.00   clock reconvergence pessimism
                                 11.00 ^ _256_/CLK (sky130_fd_sc_hd__dfrtp_2)
                         -0.07   10.93   library setup time
                                 10.93   data required time
-----------------------------------------------------------------------------
                                 10.93   data required time
                                 -2.39   data arrival time
-----------------------------------------------------------------------------
                                  8.54   slack (MET)


Startpoint: _246_ (rising edge-triggered flip-flop clocked by clk)
Endpoint: _251_ (rising edge-triggered flip-flop clocked by clk)
Path Group: clk
Path Type: max

Fanout     Cap    Slew   Delay    Time   Description
-----------------------------------------------------------------------------
                  0.00    0.00    0.00   clock clk (rise edge)
                          1.30    1.30   clock network delay (ideal)
                  0.00    0.00    1.30 ^ _246_/CLK (sky130_fd_sc_hd__dfrtp_2)
     3    0.01    0.06    0.39    1.69 v _246_/Q (sky130_fd_sc_hd__dfrtp_2)
                                         seq_timer[6] (net)
                  0.06    0.00    1.69 v _121_/A (sky130_fd_sc_hd__nor2_2)
     2    0.01    0.14    0.16    1.85 ^ _121_/Y (sky130_fd_sc_hd__nor2_2)
                                         _061_ (net)
                  0.14    0.00    1.85 ^ _122_/B (sky130_fd_sc_hd__nand2_2)
     3    0.01    0.07    0.10    1.95 v _122_/Y (sky130_fd_sc_hd__nand2_2)
                                         _062_ (net)
                  0.07    0.00    1.95 v _123_/B (sky130_fd_sc_hd__nor2_2)
     3    0.01    0.17    0.16    2.11 ^ _123_/Y (sky130_fd_sc_hd__nor2_2)
                                         _063_ (net)
                  0.17    0.00    2.11 ^ _198_/C1 (sky130_fd_sc_hd__o211a_2)
     1    0.00    0.05    0.20    2.32 ^ _198_/X (sky130_fd_sc_hd__o211a_2)
                                         _003_ (net)
                  0.05    0.00    2.32 ^ _251_/D (sky130_fd_sc_hd__dfrtp_2)
                                  2.32   data arrival time

                  0.00   10.00   10.00   clock clk (rise edge)
                          1.30   11.30   clock network delay (ideal)
                         -0.30   11.00   clock uncertainty
                          0.00   11.00   clock reconvergence pessimism
                                 11.00 ^ _251_/CLK (sky130_fd_sc_hd__dfrtp_2)
                         -0.07   10.93   library setup time
                                 10.93   data required time
-----------------------------------------------------------------------------
                                 10.93   data required time
                                 -2.32   data arrival time
-----------------------------------------------------------------------------
                                  8.61   slack (MET)


Startpoint: _258_ (rising edge-triggered flip-flop clocked by clk)
Endpoint: _239_ (rising edge-triggered flip-flop clocked by clk)
Path Group: clk
Path Type: max

Fanout     Cap    Slew   Delay    Time   Description
-----------------------------------------------------------------------------
                  0.00    0.00    0.00   clock clk (rise edge)
                          1.30    1.30   clock network delay (ideal)
                  0.00    0.00    1.30 ^ _258_/CLK (sky130_fd_sc_hd__dfrtp_2)
     8    0.04    0.13    0.47    1.77 v _258_/Q (sky130_fd_sc_hd__dfrtp_2)
                                         curr_state[2] (net)
                  0.13    0.00    1.77 v _124_/A (sky130_fd_sc_hd__inv_6)
     6    0.04    0.10    0.13    1.91 ^ _124_/Y (sky130_fd_sc_hd__inv_6)
                                         _064_ (net)
                  0.10    0.00    1.91 ^ _180_/A (sky130_fd_sc_hd__nand2_2)
     2    0.01    0.06    0.07    1.98 v _180_/Y (sky130_fd_sc_hd__nand2_2)
                                         _016_ (net)
                  0.06    0.00    1.98 v _189_/B (sky130_fd_sc_hd__nor2_2)
     2    0.01    0.14    0.14    2.12 ^ _189_/Y (sky130_fd_sc_hd__nor2_2)
                                         _022_ (net)
                  0.14    0.00    2.12 ^ _190_/A (sky130_fd_sc_hd__inv_2)
     1    0.00    0.03    0.04    2.16 v _190_/Y (sky130_fd_sc_hd__inv_2)
                                         _001_ (net)
                  0.03    0.00    2.16 v _239_/D (sky130_fd_sc_hd__dfstp_2)
                                  2.16   data arrival time

                  0.00   10.00   10.00   clock clk (rise edge)
                          1.30   11.30   clock network delay (ideal)
                         -0.30   11.00   clock uncertainty
                          0.00   11.00   clock reconvergence pessimism
                                 11.00 ^ _239_/CLK (sky130_fd_sc_hd__dfstp_2)
                         -0.08   10.92   library setup time
                                 10.92   data required time
-----------------------------------------------------------------------------
                                 10.92   data required time
                                 -2.16   data arrival time
-----------------------------------------------------------------------------
                                  8.77   slack (MET)


Startpoint: _257_ (rising edge-triggered flip-flop clocked by clk)
Endpoint: _248_ (rising edge-triggered flip-flop clocked by clk)
Path Group: clk
Path Type: max

Fanout     Cap    Slew   Delay    Time   Description
-----------------------------------------------------------------------------
                  0.00    0.00    0.00   clock clk (rise edge)
                          1.30    1.30   clock network delay (ideal)
                  0.00    0.00    1.30 ^ _257_/CLK (sky130_fd_sc_hd__dfrtp_2)
     3    0.01    0.06    0.40    1.70 v _257_/Q (sky130_fd_sc_hd__dfrtp_2)
                                         curr_state[1] (net)
                  0.06    0.00    1.70 v _126_/A (sky130_fd_sc_hd__buf_2)
     8    0.03    0.09    0.19    1.89 v _126_/X (sky130_fd_sc_hd__buf_2)
                                         _066_ (net)
                  0.09    0.00    1.89 v _188_/A2 (sky130_fd_sc_hd__o21a_2)
     1    0.00    0.04    0.21    2.09 v _188_/X (sky130_fd_sc_hd__o21a_2)
                                         _000_ (net)
                  0.04    0.00    2.09 v _248_/D (sky130_fd_sc_hd__dfrtp_2)
                                  2.09   data arrival time

                  0.00   10.00   10.00   clock clk (rise edge)
                          1.30   11.30   clock network delay (ideal)
                         -0.30   11.00   clock uncertainty
                          0.00   11.00   clock reconvergence pessimism
                                 11.00 ^ _248_/CLK (sky130_fd_sc_hd__dfrtp_2)
                         -0.12   10.88   library setup time
                                 10.88   data required time
-----------------------------------------------------------------------------
                                 10.88   data required time
                                 -2.09   data arrival time
-----------------------------------------------------------------------------
                                  8.78   slack (MET)


Startpoint: _257_ (rising edge-triggered flip-flop clocked by clk)
Endpoint: _254_ (rising edge-triggered flip-flop clocked by clk)
Path Group: clk
Path Type: max

Fanout     Cap    Slew   Delay    Time   Description
-----------------------------------------------------------------------------
                  0.00    0.00    0.00   clock clk (rise edge)
                          1.30    1.30   clock network delay (ideal)
                  0.00    0.00    1.30 ^ _257_/CLK (sky130_fd_sc_hd__dfrtp_2)
     3    0.01    0.06    0.40    1.70 v _257_/Q (sky130_fd_sc_hd__dfrtp_2)
                                         curr_state[1] (net)
                  0.06    0.00    1.70 v _126_/A (sky130_fd_sc_hd__buf_2)
     8    0.03    0.09    0.19    1.89 v _126_/X (sky130_fd_sc_hd__buf_2)
                                         _066_ (net)
                  0.09    0.00    1.89 v _191_/A2 (sky130_fd_sc_hd__a21oi_2)
     1    0.01    0.11    0.16    2.05 ^ _191_/Y (sky130_fd_sc_hd__a21oi_2)
                                         _112_ (net)
                  0.11    0.00    2.05 ^ _254_/D (sky130_fd_sc_hd__dfrtp_2)
                                  2.05   data arrival time

                  0.00   10.00   10.00   clock clk (rise edge)
                          1.30   11.30   clock network delay (ideal)
                         -0.30   11.00   clock uncertainty
                          0.00   11.00   clock reconvergence pessimism
                                 11.00 ^ _254_/CLK (sky130_fd_sc_hd__dfrtp_2)
                         -0.08   10.92   library setup time
                                 10.92   data required time
-----------------------------------------------------------------------------
                                 10.92   data required time
                                 -2.05   data arrival time
-----------------------------------------------------------------------------
                                  8.87   slack (MET)


Startpoint: _258_ (rising edge-triggered flip-flop clocked by clk)
Endpoint: _249_ (rising edge-triggered flip-flop clocked by clk)
Path Group: clk
Path Type: max

Fanout     Cap    Slew   Delay    Time   Description
-----------------------------------------------------------------------------
                  0.00    0.00    0.00   clock clk (rise edge)
                          1.30    1.30   clock network delay (ideal)
                  0.00    0.00    1.30 ^ _258_/CLK (sky130_fd_sc_hd__dfrtp_2)
     8    0.04    0.13    0.47    1.77 v _258_/Q (sky130_fd_sc_hd__dfrtp_2)
                                         curr_state[2] (net)
                  0.13    0.00    1.77 v _183_/A (sky130_fd_sc_hd__nor2_2)
     2    0.01    0.12    0.17    1.94 ^ _183_/Y (sky130_fd_sc_hd__nor2_2)
                                         _002_ (net)
                  0.12    0.00    1.94 ^ _249_/D (sky130_fd_sc_hd__dfrtp_2)
                                  1.94   data arrival time

                  0.00   10.00   10.00   clock clk (rise edge)
                          1.30   11.30   clock network delay (ideal)
                         -0.30   11.00   clock uncertainty
                          0.00   11.00   clock reconvergence pessimism
                                 11.00 ^ _249_/CLK (sky130_fd_sc_hd__dfrtp_2)
                         -0.09   10.91   library setup time
                                 10.91   data required time
-----------------------------------------------------------------------------
                                 10.91   data required time
                                 -1.94   data arrival time
-----------------------------------------------------------------------------
                                  8.97   slack (MET)


Startpoint: _259_ (rising edge-triggered flip-flop clocked by clk)
Endpoint: _263_ (rising edge-triggered flip-flop clocked by clk)
Path Group: clk
Path Type: max

Fanout     Cap    Slew   Delay    Time   Description
-----------------------------------------------------------------------------
                  0.00    0.00    0.00   clock clk (rise edge)
                          1.30    1.30   clock network delay (ideal)
                  0.00    0.00    1.30 ^ _259_/CLK (sky130_fd_sc_hd__dfrtp_2)
     1    0.00    0.04    0.36    1.66 v _259_/Q (sky130_fd_sc_hd__dfrtp_2)
                                         sync_stage1[0] (net)
                  0.04    0.00    1.66 v _263_/D (sky130_fd_sc_hd__dfrtp_2)
                                  1.66   data arrival time

                  0.00   10.00   10.00   clock clk (rise edge)
                          1.30   11.30   clock network delay (ideal)
                         -0.30   11.00   clock uncertainty
                          0.00   11.00   clock reconvergence pessimism
                                 11.00 ^ _263_/CLK (sky130_fd_sc_hd__dfrtp_2)
                         -0.12   10.88   library setup time
                                 10.88   data required time
-----------------------------------------------------------------------------
                                 10.88   data required time
                                 -1.66   data arrival time
-----------------------------------------------------------------------------
                                  9.22   slack (MET)


Startpoint: _260_ (rising edge-triggered flip-flop clocked by clk)
Endpoint: _264_ (rising edge-triggered flip-flop clocked by clk)
Path Group: clk
Path Type: max

Fanout     Cap    Slew   Delay    Time   Description
-----------------------------------------------------------------------------
                  0.00    0.00    0.00   clock clk (rise edge)
                          1.30    1.30   clock network delay (ideal)
                  0.00    0.00    1.30 ^ _260_/CLK (sky130_fd_sc_hd__dfrtp_2)
     1    0.00    0.04    0.36    1.66 v _260_/Q (sky130_fd_sc_hd__dfrtp_2)
                                         sync_stage1[1] (net)
                  0.04    0.00    1.66 v _264_/D (sky130_fd_sc_hd__dfrtp_2)
                                  1.66   data arrival time

                  0.00   10.00   10.00   clock clk (rise edge)
                          1.30   11.30   clock network delay (ideal)
                         -0.30   11.00   clock uncertainty
                          0.00   11.00   clock reconvergence pessimism
                                 11.00 ^ _264_/CLK (sky130_fd_sc_hd__dfrtp_2)
                         -0.12   10.88   library setup time
                                 10.88   data required time
-----------------------------------------------------------------------------
                                 10.88   data required time
                                 -1.66   data arrival time
-----------------------------------------------------------------------------
                                  9.22   slack (MET)


Startpoint: _262_ (rising edge-triggered flip-flop clocked by clk)
Endpoint: _266_ (rising edge-triggered flip-flop clocked by clk)
Path Group: clk
Path Type: max

Fanout     Cap    Slew   Delay    Time   Description
-----------------------------------------------------------------------------
                  0.00    0.00    0.00   clock clk (rise edge)
                          1.30    1.30   clock network delay (ideal)
                  0.00    0.00    1.30 ^ _262_/CLK (sky130_fd_sc_hd__dfrtp_2)
     1    0.00    0.04    0.36    1.66 v _262_/Q (sky130_fd_sc_hd__dfrtp_2)
                                         sync_stage1[3] (net)
                  0.04    0.00    1.66 v _266_/D (sky130_fd_sc_hd__dfrtp_2)
                                  1.66   data arrival time

                  0.00   10.00   10.00   clock clk (rise edge)
                          1.30   11.30   clock network delay (ideal)
                         -0.30   11.00   clock uncertainty
                          0.00   11.00   clock reconvergence pessimism
                                 11.00 ^ _266_/CLK (sky130_fd_sc_hd__dfrtp_2)
                         -0.12   10.88   library setup time
                                 10.88   data required time
-----------------------------------------------------------------------------
                                 10.88   data required time
                                 -1.66   data arrival time
-----------------------------------------------------------------------------
                                  9.22   slack (MET)


Startpoint: _261_ (rising edge-triggered flip-flop clocked by clk)
Endpoint: _265_ (rising edge-triggered flip-flop clocked by clk)
Path Group: clk
Path Type: max

Fanout     Cap    Slew   Delay    Time   Description
-----------------------------------------------------------------------------
                  0.00    0.00    0.00   clock clk (rise edge)
                          1.30    1.30   clock network delay (ideal)
                  0.00    0.00    1.30 ^ _261_/CLK (sky130_fd_sc_hd__dfrtp_2)
     1    0.00    0.04    0.36    1.66 v _261_/Q (sky130_fd_sc_hd__dfrtp_2)
                                         sync_stage1[2] (net)
                  0.04    0.00    1.66 v _265_/D (sky130_fd_sc_hd__dfrtp_2)
                                  1.66   data arrival time

                  0.00   10.00   10.00   clock clk (rise edge)
                          1.30   11.30   clock network delay (ideal)
                         -0.30   11.00   clock uncertainty
                          0.00   11.00   clock reconvergence pessimism
                                 11.00 ^ _265_/CLK (sky130_fd_sc_hd__dfrtp_2)
                         -0.12   10.88   library setup time
                                 10.88   data required time
-----------------------------------------------------------------------------
                                 10.88   data required time
                                 -1.66   data arrival time
-----------------------------------------------------------------------------
                                  9.22   slack (MET)



worst slack corner Typical: 4.1127
max_report_end
checks_report

===========================================================================
report_checks -unconstrained
===========================================================================
======================= Typical Corner ===================================

Startpoint: retention_ready (input port clocked by clk)
Endpoint: error (output port clocked by clk)
Path Group: clk
Path Type: max

Fanout     Cap    Slew   Delay    Time   Description
-----------------------------------------------------------------------------
                  0.00    0.00    0.00   clock clk (rise edge)
                          1.30    1.30   clock network delay (ideal)
                          3.00    4.30 v input external delay
     1    0.01    0.03    0.02    4.32 v retention_ready (in)
                                         retention_ready (net)
                  0.03    0.00    4.32 v _164_/A (sky130_fd_sc_hd__inv_2)
     3    0.01    0.07    0.07    4.39 ^ _164_/Y (sky130_fd_sc_hd__inv_2)
                                         _101_ (net)
                  0.07    0.00    4.39 ^ _199_/B (sky130_fd_sc_hd__nand2_2)
     1    0.00    0.04    0.05    4.44 v _199_/Y (sky130_fd_sc_hd__nand2_2)
                                         _026_ (net)
                  0.04    0.00    4.44 v _200_/B1 (sky130_fd_sc_hd__a211oi_2)
     1    0.03    0.48    0.44    4.89 ^ _200_/Y (sky130_fd_sc_hd__a211oi_2)
                                         error (net)
                  0.48    0.00    4.89 ^ error (out)
                                  4.89   data arrival time

                  0.00   10.00   10.00   clock clk (rise edge)
                          1.30   11.30   clock network delay (ideal)
                         -0.30   11.00   clock uncertainty
                          0.00   11.00   clock reconvergence pessimism
                         -2.00    9.00   output external delay
                                  9.00   data required time
-----------------------------------------------------------------------------
                                  9.00   data required time
                                 -4.89   data arrival time
-----------------------------------------------------------------------------
                                  4.11   slack (MET)




===========================================================================
report_checks --slack_max -0.01
============================================================================
======================= Typical Corner ===================================

No paths found.


===========================================================================
 report_check_types -max_slew -max_cap -max_fanout -violators
============================================================================
======================= Typical Corner ===================================


max slew violations count Typical: 0
max fanout violations count Typical: 0
max cap violations count Typical: 0

===========================================================================
report_parasitic_annotation -report_unannotated
============================================================================
Found 2 unannotated drivers.
 clk
 _267_/LO
Found 0 partially unannotated drivers.

===========================================================================
max slew violation count 0
max fanout violation count 0
max cap violation count 0
============================================================================

===========================================================================
check_setup -verbose -unconstrained_endpoints -multiple_clock -no_clock -no_input_delay -loops -generated_clocks
===========================================================================
Warning: There is 1 unconstrained endpoint.
  dvfs_ctrl[0]
checks_report_end
power_report

===========================================================================
 report_power
============================================================================
======================= Typical Corner ===================================

Group                  Internal  Switching    Leakage      Total
                          Power      Power      Power      Power (Watts)
----------------------------------------------------------------
Sequential             1.57e-04   7.15e-05   3.27e-10   2.29e-04  46.3%
Combinational          1.03e-04   1.63e-04   3.93e-10   2.66e-04  53.7%
Clock                  0.00e+00   0.00e+00   1.43e-10   1.43e-10   0.0%
Macro                  0.00e+00   0.00e+00   0.00e+00   0.00e+00   0.0%
Pad                    0.00e+00   0.00e+00   0.00e+00   0.00e+00   0.0%
----------------------------------------------------------------
Total                  2.60e-04   2.34e-04   8.63e-10   4.94e-04 100.0%
                          52.6%      47.4%       0.0%

power_report_end
skew_report

===========================================================================
report_clock_skew
============================================================================
Clock clk
   0.61 source latency _240_/CLK ^
  -0.61 target latency _240_/CLK ^
   0.30 clock uncertainty
   0.00 CRPR
--------------
   0.30 setup skew

skew_report_end
summary_report

===========================================================================
report_tns
============================================================================
tns 0.00

===========================================================================
report_wns
============================================================================
wns 0.00

===========================================================================
report_worst_slack -max (Setup)
============================================================================
worst slack 4.11

===========================================================================
report_worst_slack -min (Hold)
============================================================================
worst slack 0.25
summary_report_end
area_report

===========================================================================
report_design_area
============================================================================
Design area 1700 u^2 47% utilization.
area_report_end
check_nonpropagated_clocks
clk
check_nonpropagated_clocks_end
[WARNING] Did not save OpenROAD database!
Writing SDF to '/openlane/designs/pmu_fsm/runs/run_1_10_13_2025/results/signoff/pmu_fsm.sdf'…
