OpenROAD b16bda7e82721d10566ff7e2b68f1ff0be9f9e38 
Features included (+) or not (-): +Charts +GPU +GUI +Python
This program is licensed under the BSD-3 license. See the LICENSE file for details.
Components of this program may be licensed under more restrictive licenses which must be honored.
define_corners Typical
read_liberty -corner Typical /home/djspit/.volare/sky130A/libs.ref/sky130_fd_sc_hd/lib/sky130_fd_sc_hd__tt_025C_1v80.lib
Using 1e-12 for capacitance...
Using 1e+03 for resistance...
Using 1e-09 for time...
Using 1e+00 for voltage...
Using 1e-03 for current...
Using 1e-09 for power...
Using 1e-06 for distance...
[INFO]: Reading ODB at '/openlane/designs/pmu_fsm/runs/run_1_10_13_2025/results/placement/pmu_fsm.odb'…
Reading design constraints file at '/openlane/designs/pmu_fsm/src/pmu_constraints.sdc'…
[INFO]: Setting RC values...
min_report

===========================================================================
report_checks -path_delay min (Hold)
============================================================================
======================= Typical Corner ===================================

Startpoint: _262_ (rising edge-triggered flip-flop clocked by clk)
Endpoint: _266_ (rising edge-triggered flip-flop clocked by clk)
Path Group: clk
Path Type: min

Fanout     Cap    Slew   Delay    Time   Description
-----------------------------------------------------------------------------
                  0.00    0.00    0.00   clock clk (rise edge)
                          1.30    1.30   clock network delay (ideal)
                  0.00    0.00    1.30 ^ _262_/CLK (sky130_fd_sc_hd__dfrtp_1)
     1    0.00    0.04    0.29    1.59 ^ _262_/Q (sky130_fd_sc_hd__dfrtp_1)
                                         sync_stage1[3] (net)
                  0.04    0.00    1.59 ^ _266_/D (sky130_fd_sc_hd__dfrtp_1)
                                  1.59   data arrival time

                  0.00    0.00    0.00   clock clk (rise edge)
                          1.30    1.30   clock network delay (ideal)
                          0.10    1.40   clock uncertainty
                          0.00    1.40   clock reconvergence pessimism
                                  1.40 ^ _266_/CLK (sky130_fd_sc_hd__dfrtp_1)
                         -0.04    1.36   library hold time
                                  1.36   data required time
-----------------------------------------------------------------------------
                                  1.36   data required time
                                 -1.59   data arrival time
-----------------------------------------------------------------------------
                                  0.23   slack (MET)


Startpoint: _261_ (rising edge-triggered flip-flop clocked by clk)
Endpoint: _265_ (rising edge-triggered flip-flop clocked by clk)
Path Group: clk
Path Type: min

Fanout     Cap    Slew   Delay    Time   Description
-----------------------------------------------------------------------------
                  0.00    0.00    0.00   clock clk (rise edge)
                          1.30    1.30   clock network delay (ideal)
                  0.00    0.00    1.30 ^ _261_/CLK (sky130_fd_sc_hd__dfrtp_1)
     1    0.00    0.04    0.29    1.59 ^ _261_/Q (sky130_fd_sc_hd__dfrtp_1)
                                         sync_stage1[2] (net)
                  0.04    0.00    1.59 ^ _265_/D (sky130_fd_sc_hd__dfrtp_1)
                                  1.59   data arrival time

                  0.00    0.00    0.00   clock clk (rise edge)
                          1.30    1.30   clock network delay (ideal)
                          0.10    1.40   clock uncertainty
                          0.00    1.40   clock reconvergence pessimism
                                  1.40 ^ _265_/CLK (sky130_fd_sc_hd__dfrtp_1)
                         -0.04    1.36   library hold time
                                  1.36   data required time
-----------------------------------------------------------------------------
                                  1.36   data required time
                                 -1.59   data arrival time
-----------------------------------------------------------------------------
                                  0.23   slack (MET)


Startpoint: _260_ (rising edge-triggered flip-flop clocked by clk)
Endpoint: _264_ (rising edge-triggered flip-flop clocked by clk)
Path Group: clk
Path Type: min

Fanout     Cap    Slew   Delay    Time   Description
-----------------------------------------------------------------------------
                  0.00    0.00    0.00   clock clk (rise edge)
                          1.30    1.30   clock network delay (ideal)
                  0.00    0.00    1.30 ^ _260_/CLK (sky130_fd_sc_hd__dfrtp_1)
     1    0.00    0.04    0.30    1.60 ^ _260_/Q (sky130_fd_sc_hd__dfrtp_1)
                                         sync_stage1[1] (net)
                  0.04    0.00    1.60 ^ _264_/D (sky130_fd_sc_hd__dfrtp_1)
                                  1.60   data arrival time

                  0.00    0.00    0.00   clock clk (rise edge)
                          1.30    1.30   clock network delay (ideal)
                          0.10    1.40   clock uncertainty
                          0.00    1.40   clock reconvergence pessimism
                                  1.40 ^ _264_/CLK (sky130_fd_sc_hd__dfrtp_1)
                         -0.04    1.36   library hold time
                                  1.36   data required time
-----------------------------------------------------------------------------
                                  1.36   data required time
                                 -1.60   data arrival time
-----------------------------------------------------------------------------
                                  0.24   slack (MET)


Startpoint: _259_ (rising edge-triggered flip-flop clocked by clk)
Endpoint: _263_ (rising edge-triggered flip-flop clocked by clk)
Path Group: clk
Path Type: min

Fanout     Cap    Slew   Delay    Time   Description
-----------------------------------------------------------------------------
                  0.00    0.00    0.00   clock clk (rise edge)
                          1.30    1.30   clock network delay (ideal)
                  0.00    0.00    1.30 ^ _259_/CLK (sky130_fd_sc_hd__dfrtp_1)
     1    0.00    0.05    0.30    1.60 ^ _259_/Q (sky130_fd_sc_hd__dfrtp_1)
                                         sync_stage1[0] (net)
                  0.05    0.00    1.60 ^ _263_/D (sky130_fd_sc_hd__dfrtp_1)
                                  1.60   data arrival time

                  0.00    0.00    0.00   clock clk (rise edge)
                          1.30    1.30   clock network delay (ideal)
                          0.10    1.40   clock uncertainty
                          0.00    1.40   clock reconvergence pessimism
                                  1.40 ^ _263_/CLK (sky130_fd_sc_hd__dfrtp_1)
                         -0.04    1.36   library hold time
                                  1.36   data required time
-----------------------------------------------------------------------------
                                  1.36   data required time
                                 -1.60   data arrival time
-----------------------------------------------------------------------------
                                  0.24   slack (MET)


Startpoint: _257_ (rising edge-triggered flip-flop clocked by clk)
Endpoint: _249_ (rising edge-triggered flip-flop clocked by clk)
Path Group: clk
Path Type: min

Fanout     Cap    Slew   Delay    Time   Description
-----------------------------------------------------------------------------
                  0.00    0.00    0.00   clock clk (rise edge)
                          1.30    1.30   clock network delay (ideal)
                  0.00    0.00    1.30 ^ _257_/CLK (sky130_fd_sc_hd__dfrtp_1)
     3    0.01    0.07    0.37    1.67 v _257_/Q (sky130_fd_sc_hd__dfrtp_1)
                                         curr_state[1] (net)
                  0.07    0.00    1.67 v _169_/A (sky130_fd_sc_hd__inv_2)
     2    0.01    0.04    0.06    1.73 ^ _169_/Y (sky130_fd_sc_hd__inv_2)
                                         _106_ (net)
                  0.04    0.00    1.73 ^ _183_/B (sky130_fd_sc_hd__nor2_1)
     2    0.01    0.03    0.04    1.77 v _183_/Y (sky130_fd_sc_hd__nor2_1)
                                         _002_ (net)
                  0.03    0.00    1.77 v _249_/D (sky130_fd_sc_hd__dfrtp_1)
                                  1.77   data arrival time

                  0.00    0.00    0.00   clock clk (rise edge)
                          1.30    1.30   clock network delay (ideal)
                          0.10    1.40   clock uncertainty
                          0.00    1.40   clock reconvergence pessimism
                                  1.40 ^ _249_/CLK (sky130_fd_sc_hd__dfrtp_1)
                         -0.05    1.35   library hold time
                                  1.35   data required time
-----------------------------------------------------------------------------
                                  1.35   data required time
                                 -1.77   data arrival time
-----------------------------------------------------------------------------
                                  0.43   slack (MET)


Startpoint: _247_ (rising edge-triggered flip-flop clocked by clk)
Endpoint: _247_ (rising edge-triggered flip-flop clocked by clk)
Path Group: clk
Path Type: min

Fanout     Cap    Slew   Delay    Time   Description
-----------------------------------------------------------------------------
                  0.00    0.00    0.00   clock clk (rise edge)
                          1.30    1.30   clock network delay (ideal)
                  0.00    0.00    1.30 ^ _247_/CLK (sky130_fd_sc_hd__dfrtp_1)
     2    0.01    0.08    0.33    1.63 ^ _247_/Q (sky130_fd_sc_hd__dfrtp_1)
                                         seq_timer[7] (net)
                  0.08    0.00    1.63 ^ _237_/A (sky130_fd_sc_hd__xor2_1)
     1    0.00    0.04    0.07    1.70 v _237_/X (sky130_fd_sc_hd__xor2_1)
                                         _056_ (net)
                  0.04    0.00    1.70 v _238_/A (sky130_fd_sc_hd__nor2_1)
     1    0.00    0.08    0.09    1.79 ^ _238_/Y (sky130_fd_sc_hd__nor2_1)
                                         _011_ (net)
                  0.08    0.00    1.79 ^ _247_/D (sky130_fd_sc_hd__dfrtp_1)
                                  1.79   data arrival time

                  0.00    0.00    0.00   clock clk (rise edge)
                          1.30    1.30   clock network delay (ideal)
                          0.10    1.40   clock uncertainty
                          0.00    1.40   clock reconvergence pessimism
                                  1.40 ^ _247_/CLK (sky130_fd_sc_hd__dfrtp_1)
                         -0.05    1.35   library hold time
                                  1.35   data required time
-----------------------------------------------------------------------------
                                  1.35   data required time
                                 -1.79   data arrival time
-----------------------------------------------------------------------------
                                  0.44   slack (MET)


Startpoint: _246_ (rising edge-triggered flip-flop clocked by clk)
Endpoint: _246_ (rising edge-triggered flip-flop clocked by clk)
Path Group: clk
Path Type: min

Fanout     Cap    Slew   Delay    Time   Description
-----------------------------------------------------------------------------
                  0.00    0.00    0.00   clock clk (rise edge)
                          1.30    1.30   clock network delay (ideal)
                  0.00    0.00    1.30 ^ _246_/CLK (sky130_fd_sc_hd__dfrtp_1)
     3    0.01    0.08    0.33    1.63 ^ _246_/Q (sky130_fd_sc_hd__dfrtp_1)
                                         seq_timer[6] (net)
                  0.08    0.00    1.63 ^ _234_/B (sky130_fd_sc_hd__nand2_1)
     2    0.01    0.06    0.08    1.72 v _234_/Y (sky130_fd_sc_hd__nand2_1)
                                         _054_ (net)
                  0.06    0.00    1.72 v _235_/B (sky130_fd_sc_hd__nand2_1)
     1    0.00    0.04    0.07    1.79 ^ _235_/Y (sky130_fd_sc_hd__nand2_1)
                                         _055_ (net)
                  0.04    0.00    1.79 ^ _236_/A (sky130_fd_sc_hd__nor2_1)
     1    0.00    0.02    0.04    1.82 v _236_/Y (sky130_fd_sc_hd__nor2_1)
                                         _010_ (net)
                  0.02    0.00    1.82 v _246_/D (sky130_fd_sc_hd__dfrtp_1)
                                  1.82   data arrival time

                  0.00    0.00    0.00   clock clk (rise edge)
                          1.30    1.30   clock network delay (ideal)
                          0.10    1.40   clock uncertainty
                          0.00    1.40   clock reconvergence pessimism
                                  1.40 ^ _246_/CLK (sky130_fd_sc_hd__dfrtp_1)
                         -0.05    1.35   library hold time
                                  1.35   data required time
-----------------------------------------------------------------------------
                                  1.35   data required time
                                 -1.82   data arrival time
-----------------------------------------------------------------------------
                                  0.47   slack (MET)


Startpoint: _240_ (rising edge-triggered flip-flop clocked by clk)
Endpoint: _251_ (rising edge-triggered flip-flop clocked by clk)
Path Group: clk
Path Type: min

Fanout     Cap    Slew   Delay    Time   Description
-----------------------------------------------------------------------------
                  0.00    0.00    0.00   clock clk (rise edge)
                          1.30    1.30   clock network delay (ideal)
                  0.00    0.00    1.30 ^ _240_/CLK (sky130_fd_sc_hd__dfrtp_1)
     5    0.01    0.14    0.38    1.68 ^ _240_/Q (sky130_fd_sc_hd__dfrtp_1)
                                         seq_timer[0] (net)
                  0.14    0.00    1.68 ^ _198_/A2 (sky130_fd_sc_hd__o211a_1)
     1    0.00    0.05    0.16    1.83 ^ _198_/X (sky130_fd_sc_hd__o211a_1)
                                         _003_ (net)
                  0.05    0.00    1.83 ^ _251_/D (sky130_fd_sc_hd__dfrtp_1)
                                  1.83   data arrival time

                  0.00    0.00    0.00   clock clk (rise edge)
                          1.30    1.30   clock network delay (ideal)
                          0.10    1.40   clock uncertainty
                          0.00    1.40   clock reconvergence pessimism
                                  1.40 ^ _251_/CLK (sky130_fd_sc_hd__dfrtp_1)
                         -0.04    1.36   library hold time
                                  1.36   data required time
-----------------------------------------------------------------------------
                                  1.36   data required time
                                 -1.83   data arrival time
-----------------------------------------------------------------------------
                                  0.48   slack (MET)


Startpoint: _256_ (rising edge-triggered flip-flop clocked by clk)
Endpoint: _239_ (rising edge-triggered flip-flop clocked by clk)
Path Group: clk
Path Type: min

Fanout     Cap    Slew   Delay    Time   Description
-----------------------------------------------------------------------------
                  0.00    0.00    0.00   clock clk (rise edge)
                          1.30    1.30   clock network delay (ideal)
                  0.00    0.00    1.30 ^ _256_/CLK (sky130_fd_sc_hd__dfrtp_4)
     8    0.03    0.10    0.43    1.73 ^ _256_/Q (sky130_fd_sc_hd__dfrtp_4)
                                         curr_state[0] (net)
                  0.10    0.00    1.73 ^ _189_/A (sky130_fd_sc_hd__nor2_1)
     2    0.01    0.05    0.08    1.81 v _189_/Y (sky130_fd_sc_hd__nor2_1)
                                         _022_ (net)
                  0.05    0.00    1.81 v _190_/A (sky130_fd_sc_hd__inv_2)
     1    0.00    0.02    0.04    1.85 ^ _190_/Y (sky130_fd_sc_hd__inv_2)
                                         _001_ (net)
                  0.02    0.00    1.85 ^ _239_/D (sky130_fd_sc_hd__dfstp_1)
                                  1.85   data arrival time

                  0.00    0.00    0.00   clock clk (rise edge)
                          1.30    1.30   clock network delay (ideal)
                          0.10    1.40   clock uncertainty
                          0.00    1.40   clock reconvergence pessimism
                                  1.40 ^ _239_/CLK (sky130_fd_sc_hd__dfstp_1)
                         -0.04    1.36   library hold time
                                  1.36   data required time
-----------------------------------------------------------------------------
                                  1.36   data required time
                                 -1.85   data arrival time
-----------------------------------------------------------------------------
                                  0.49   slack (MET)


Startpoint: _258_ (rising edge-triggered flip-flop clocked by clk)
Endpoint: _254_ (rising edge-triggered flip-flop clocked by clk)
Path Group: clk
Path Type: min

Fanout     Cap    Slew   Delay    Time   Description
-----------------------------------------------------------------------------
                  0.00    0.00    0.00   clock clk (rise edge)
                          1.30    1.30   clock network delay (ideal)
                  0.00    0.00    1.30 ^ _258_/CLK (sky130_fd_sc_hd__dfrtp_4)
     8    0.03    0.13    0.45    1.75 ^ _258_/Q (sky130_fd_sc_hd__dfrtp_4)
                                         curr_state[2] (net)
                  0.13    0.00    1.75 ^ _191_/A1 (sky130_fd_sc_hd__a21oi_1)
     1    0.00    0.04    0.09    1.84 v _191_/Y (sky130_fd_sc_hd__a21oi_1)
                                         _112_ (net)
                  0.04    0.00    1.84 v _254_/D (sky130_fd_sc_hd__dfrtp_1)
                                  1.84   data arrival time

                  0.00    0.00    0.00   clock clk (rise edge)
                          1.30    1.30   clock network delay (ideal)
                          0.10    1.40   clock uncertainty
                          0.00    1.40   clock reconvergence pessimism
                                  1.40 ^ _254_/CLK (sky130_fd_sc_hd__dfrtp_1)
                         -0.05    1.35   library hold time
                                  1.35   data required time
-----------------------------------------------------------------------------
                                  1.35   data required time
                                 -1.84   data arrival time
-----------------------------------------------------------------------------
                                  0.50   slack (MET)


Startpoint: _256_ (rising edge-triggered flip-flop clocked by clk)
Endpoint: _248_ (rising edge-triggered flip-flop clocked by clk)
Path Group: clk
Path Type: min

Fanout     Cap    Slew   Delay    Time   Description
-----------------------------------------------------------------------------
                  0.00    0.00    0.00   clock clk (rise edge)
                          1.30    1.30   clock network delay (ideal)
                  0.00    0.00    1.30 ^ _256_/CLK (sky130_fd_sc_hd__dfrtp_4)
     8    0.03    0.10    0.43    1.73 ^ _256_/Q (sky130_fd_sc_hd__dfrtp_4)
                                         curr_state[0] (net)
                  0.10    0.00    1.73 ^ _188_/A1 (sky130_fd_sc_hd__o21a_1)
     1    0.00    0.04    0.13    1.86 ^ _188_/X (sky130_fd_sc_hd__o21a_1)
                                         _000_ (net)
                  0.04    0.00    1.86 ^ _248_/D (sky130_fd_sc_hd__dfrtp_1)
                                  1.86   data arrival time

                  0.00    0.00    0.00   clock clk (rise edge)
                          1.30    1.30   clock network delay (ideal)
                          0.10    1.40   clock uncertainty
                          0.00    1.40   clock reconvergence pessimism
                                  1.40 ^ _248_/CLK (sky130_fd_sc_hd__dfrtp_1)
                         -0.04    1.36   library hold time
                                  1.36   data required time
-----------------------------------------------------------------------------
                                  1.36   data required time
                                 -1.86   data arrival time
-----------------------------------------------------------------------------
                                  0.50   slack (MET)


Startpoint: _243_ (rising edge-triggered flip-flop clocked by clk)
Endpoint: _243_ (rising edge-triggered flip-flop clocked by clk)
Path Group: clk
Path Type: min

Fanout     Cap    Slew   Delay    Time   Description
-----------------------------------------------------------------------------
                  0.00    0.00    0.00   clock clk (rise edge)
                          1.30    1.30   clock network delay (ideal)
                  0.00    0.00    1.30 ^ _243_/CLK (sky130_fd_sc_hd__dfrtp_1)
     3    0.01    0.07    0.37    1.67 v _243_/Q (sky130_fd_sc_hd__dfrtp_1)
                                         seq_timer[3] (net)
                  0.07    0.00    1.67 v _133_/A (sky130_fd_sc_hd__inv_2)
     2    0.01    0.04    0.06    1.73 ^ _133_/Y (sky130_fd_sc_hd__inv_2)
                                         _073_ (net)
                  0.04    0.00    1.73 ^ _220_/B (sky130_fd_sc_hd__nand2_1)
     1    0.00    0.03    0.04    1.78 v _220_/Y (sky130_fd_sc_hd__nand2_1)
                                         _043_ (net)
                  0.03    0.00    1.78 v _222_/A (sky130_fd_sc_hd__nand2_1)
     1    0.00    0.04    0.05    1.82 ^ _222_/Y (sky130_fd_sc_hd__nand2_1)
                                         _045_ (net)
                  0.04    0.00    1.82 ^ _223_/A (sky130_fd_sc_hd__nor2_1)
     1    0.00    0.02    0.04    1.86 v _223_/Y (sky130_fd_sc_hd__nor2_1)
                                         _007_ (net)
                  0.02    0.00    1.86 v _243_/D (sky130_fd_sc_hd__dfrtp_1)
                                  1.86   data arrival time

                  0.00    0.00    0.00   clock clk (rise edge)
                          1.30    1.30   clock network delay (ideal)
                          0.10    1.40   clock uncertainty
                          0.00    1.40   clock reconvergence pessimism
                                  1.40 ^ _243_/CLK (sky130_fd_sc_hd__dfrtp_1)
                         -0.05    1.35   library hold time
                                  1.35   data required time
-----------------------------------------------------------------------------
                                  1.35   data required time
                                 -1.86   data arrival time
-----------------------------------------------------------------------------
                                  0.51   slack (MET)


Startpoint: _244_ (rising edge-triggered flip-flop clocked by clk)
Endpoint: _244_ (rising edge-triggered flip-flop clocked by clk)
Path Group: clk
Path Type: min

Fanout     Cap    Slew   Delay    Time   Description
-----------------------------------------------------------------------------
                  0.00    0.00    0.00   clock clk (rise edge)
                          1.30    1.30   clock network delay (ideal)
                  0.00    0.00    1.30 ^ _244_/CLK (sky130_fd_sc_hd__dfrtp_1)
     3    0.01    0.08    0.33    1.63 ^ _244_/Q (sky130_fd_sc_hd__dfrtp_1)
                                         seq_timer[4] (net)
                  0.08    0.00    1.63 ^ _224_/A_N (sky130_fd_sc_hd__nand2b_1)
     1    0.00    0.04    0.10    1.73 ^ _224_/Y (sky130_fd_sc_hd__nand2b_1)
                                         _046_ (net)
                  0.04    0.00    1.73 ^ _226_/A (sky130_fd_sc_hd__nand2_1)
     1    0.00    0.03    0.05    1.78 v _226_/Y (sky130_fd_sc_hd__nand2_1)
                                         _048_ (net)
                  0.03    0.00    1.78 v _227_/A (sky130_fd_sc_hd__nor2_1)
     1    0.00    0.07    0.08    1.86 ^ _227_/Y (sky130_fd_sc_hd__nor2_1)
                                         _008_ (net)
                  0.07    0.00    1.86 ^ _244_/D (sky130_fd_sc_hd__dfrtp_1)
                                  1.86   data arrival time

                  0.00    0.00    0.00   clock clk (rise edge)
                          1.30    1.30   clock network delay (ideal)
                          0.10    1.40   clock uncertainty
                          0.00    1.40   clock reconvergence pessimism
                                  1.40 ^ _244_/CLK (sky130_fd_sc_hd__dfrtp_1)
                         -0.05    1.35   library hold time
                                  1.35   data required time
-----------------------------------------------------------------------------
                                  1.35   data required time
                                 -1.86   data arrival time
-----------------------------------------------------------------------------
                                  0.51   slack (MET)


Startpoint: _241_ (rising edge-triggered flip-flop clocked by clk)
Endpoint: _241_ (rising edge-triggered flip-flop clocked by clk)
Path Group: clk
Path Type: min

Fanout     Cap    Slew   Delay    Time   Description
-----------------------------------------------------------------------------
                  0.00    0.00    0.00   clock clk (rise edge)
                          1.30    1.30   clock network delay (ideal)
                  0.00    0.00    1.30 ^ _241_/CLK (sky130_fd_sc_hd__dfrtp_1)
     2    0.01    0.09    0.33    1.63 ^ _241_/Q (sky130_fd_sc_hd__dfrtp_1)
                                         seq_timer[1] (net)
                  0.09    0.00    1.63 ^ _130_/A (sky130_fd_sc_hd__inv_2)
     4    0.01    0.03    0.05    1.68 v _130_/Y (sky130_fd_sc_hd__inv_2)
                                         _070_ (net)
                  0.03    0.00    1.68 v _212_/B (sky130_fd_sc_hd__nand2_1)
     1    0.00    0.04    0.06    1.74 ^ _212_/Y (sky130_fd_sc_hd__nand2_1)
                                         _037_ (net)
                  0.04    0.00    1.74 ^ _213_/B (sky130_fd_sc_hd__nand2_1)
     1    0.00    0.03    0.05    1.79 v _213_/Y (sky130_fd_sc_hd__nand2_1)
                                         _038_ (net)
                  0.03    0.00    1.79 v _214_/A (sky130_fd_sc_hd__nor2_1)
     1    0.00    0.07    0.08    1.87 ^ _214_/Y (sky130_fd_sc_hd__nor2_1)
                                         _005_ (net)
                  0.07    0.00    1.87 ^ _241_/D (sky130_fd_sc_hd__dfrtp_1)
                                  1.87   data arrival time

                  0.00    0.00    0.00   clock clk (rise edge)
                          1.30    1.30   clock network delay (ideal)
                          0.10    1.40   clock uncertainty
                          0.00    1.40   clock reconvergence pessimism
                                  1.40 ^ _241_/CLK (sky130_fd_sc_hd__dfrtp_1)
                         -0.05    1.35   library hold time
                                  1.35   data required time
-----------------------------------------------------------------------------
                                  1.35   data required time
                                 -1.87   data arrival time
-----------------------------------------------------------------------------
                                  0.52   slack (MET)


Startpoint: req_idle (input port clocked by clk)
Endpoint: _262_ (rising edge-triggered flip-flop clocked by clk)
Path Group: clk
Path Type: min

Fanout     Cap    Slew   Delay    Time   Description
-----------------------------------------------------------------------------
                  0.00    0.00    0.00   clock clk (rise edge)
                          1.30    1.30   clock network delay (ideal)
                          0.50    1.80 ^ input external delay
     1    0.00    0.02    0.01    1.81 ^ req_idle (in)
                                         req_idle (net)
                  0.02    0.00    1.81 ^ input3/A (sky130_fd_sc_hd__clkbuf_1)
     1    0.00    0.04    0.07    1.88 ^ input3/X (sky130_fd_sc_hd__clkbuf_1)
                                         net3 (net)
                  0.04    0.00    1.88 ^ _262_/D (sky130_fd_sc_hd__dfrtp_1)
                                  1.88   data arrival time

                  0.00    0.00    0.00   clock clk (rise edge)
                          1.30    1.30   clock network delay (ideal)
                          0.10    1.40   clock uncertainty
                          0.00    1.40   clock reconvergence pessimism
                                  1.40 ^ _262_/CLK (sky130_fd_sc_hd__dfrtp_1)
                         -0.04    1.36   library hold time
                                  1.36   data required time
-----------------------------------------------------------------------------
                                  1.36   data required time
                                 -1.88   data arrival time
-----------------------------------------------------------------------------
                                  0.52   slack (MET)


Startpoint: req_off (input port clocked by clk)
Endpoint: _260_ (rising edge-triggered flip-flop clocked by clk)
Path Group: clk
Path Type: min

Fanout     Cap    Slew   Delay    Time   Description
-----------------------------------------------------------------------------
                  0.00    0.00    0.00   clock clk (rise edge)
                          1.30    1.30   clock network delay (ideal)
                          0.50    1.80 ^ input external delay
     1    0.00    0.02    0.01    1.81 ^ req_off (in)
                                         req_off (net)
                  0.02    0.00    1.81 ^ input4/A (sky130_fd_sc_hd__clkbuf_1)
     1    0.00    0.04    0.07    1.88 ^ input4/X (sky130_fd_sc_hd__clkbuf_1)
                                         net4 (net)
                  0.04    0.00    1.88 ^ _260_/D (sky130_fd_sc_hd__dfrtp_1)
                                  1.88   data arrival time

                  0.00    0.00    0.00   clock clk (rise edge)
                          1.30    1.30   clock network delay (ideal)
                          0.10    1.40   clock uncertainty
                          0.00    1.40   clock reconvergence pessimism
                                  1.40 ^ _260_/CLK (sky130_fd_sc_hd__dfrtp_1)
                         -0.04    1.36   library hold time
                                  1.36   data required time
-----------------------------------------------------------------------------
                                  1.36   data required time
                                 -1.88   data arrival time
-----------------------------------------------------------------------------
                                  0.52   slack (MET)


Startpoint: _240_ (rising edge-triggered flip-flop clocked by clk)
Endpoint: _240_ (rising edge-triggered flip-flop clocked by clk)
Path Group: clk
Path Type: min

Fanout     Cap    Slew   Delay    Time   Description
-----------------------------------------------------------------------------
                  0.00    0.00    0.00   clock clk (rise edge)
                          1.30    1.30   clock network delay (ideal)
                  0.00    0.00    1.30 ^ _240_/CLK (sky130_fd_sc_hd__dfrtp_1)
     5    0.01    0.14    0.38    1.68 ^ _240_/Q (sky130_fd_sc_hd__dfrtp_1)
                                         seq_timer[0] (net)
                  0.14    0.00    1.68 ^ _202_/B (sky130_fd_sc_hd__nand2_1)
     3    0.01    0.06    0.09    1.77 v _202_/Y (sky130_fd_sc_hd__nand2_1)
                                         _028_ (net)
                  0.06    0.00    1.77 v _203_/B (sky130_fd_sc_hd__nand2_1)
     1    0.00    0.04    0.07    1.84 ^ _203_/Y (sky130_fd_sc_hd__nand2_1)
                                         _029_ (net)
                  0.04    0.00    1.84 ^ _210_/A (sky130_fd_sc_hd__nor2_1)
     1    0.00    0.02    0.04    1.87 v _210_/Y (sky130_fd_sc_hd__nor2_1)
                                         _004_ (net)
                  0.02    0.00    1.87 v _240_/D (sky130_fd_sc_hd__dfrtp_1)
                                  1.87   data arrival time

                  0.00    0.00    0.00   clock clk (rise edge)
                          1.30    1.30   clock network delay (ideal)
                          0.10    1.40   clock uncertainty
                          0.00    1.40   clock reconvergence pessimism
                                  1.40 ^ _240_/CLK (sky130_fd_sc_hd__dfrtp_1)
                         -0.05    1.35   library hold time
                                  1.35   data required time
-----------------------------------------------------------------------------
                                  1.35   data required time
                                 -1.87   data arrival time
-----------------------------------------------------------------------------
                                  0.52   slack (MET)


Startpoint: req_sleep (input port clocked by clk)
Endpoint: _261_ (rising edge-triggered flip-flop clocked by clk)
Path Group: clk
Path Type: min

Fanout     Cap    Slew   Delay    Time   Description
-----------------------------------------------------------------------------
                  0.00    0.00    0.00   clock clk (rise edge)
                          1.30    1.30   clock network delay (ideal)
                          0.50    1.80 ^ input external delay
     1    0.00    0.02    0.01    1.81 ^ req_sleep (in)
                                         req_sleep (net)
                  0.02    0.00    1.81 ^ input5/A (sky130_fd_sc_hd__clkbuf_1)
     1    0.00    0.04    0.07    1.88 ^ input5/X (sky130_fd_sc_hd__clkbuf_1)
                                         net5 (net)
                  0.04    0.00    1.88 ^ _261_/D (sky130_fd_sc_hd__dfrtp_1)
                                  1.88   data arrival time

                  0.00    0.00    0.00   clock clk (rise edge)
                          1.30    1.30   clock network delay (ideal)
                          0.10    1.40   clock uncertainty
                          0.00    1.40   clock reconvergence pessimism
                                  1.40 ^ _261_/CLK (sky130_fd_sc_hd__dfrtp_1)
                         -0.04    1.36   library hold time
                                  1.36   data required time
-----------------------------------------------------------------------------
                                  1.36   data required time
                                 -1.88   data arrival time
-----------------------------------------------------------------------------
                                  0.52   slack (MET)


Startpoint: wake_up (input port clocked by clk)
Endpoint: _259_ (rising edge-triggered flip-flop clocked by clk)
Path Group: clk
Path Type: min

Fanout     Cap    Slew   Delay    Time   Description
-----------------------------------------------------------------------------
                  0.00    0.00    0.00   clock clk (rise edge)
                          1.30    1.30   clock network delay (ideal)
                          0.50    1.80 ^ input external delay
     1    0.00    0.02    0.01    1.81 ^ wake_up (in)
                                         wake_up (net)
                  0.02    0.00    1.81 ^ input7/A (sky130_fd_sc_hd__clkbuf_1)
     1    0.00    0.04    0.07    1.88 ^ input7/X (sky130_fd_sc_hd__clkbuf_1)
                                         net7 (net)
                  0.04    0.00    1.88 ^ _259_/D (sky130_fd_sc_hd__dfrtp_1)
                                  1.88   data arrival time

                  0.00    0.00    0.00   clock clk (rise edge)
                          1.30    1.30   clock network delay (ideal)
                          0.10    1.40   clock uncertainty
                          0.00    1.40   clock reconvergence pessimism
                                  1.40 ^ _259_/CLK (sky130_fd_sc_hd__dfrtp_1)
                         -0.04    1.36   library hold time
                                  1.36   data required time
-----------------------------------------------------------------------------
                                  1.36   data required time
                                 -1.88   data arrival time
-----------------------------------------------------------------------------
                                  0.52   slack (MET)


Startpoint: _242_ (rising edge-triggered flip-flop clocked by clk)
Endpoint: _242_ (rising edge-triggered flip-flop clocked by clk)
Path Group: clk
Path Type: min

Fanout     Cap    Slew   Delay    Time   Description
-----------------------------------------------------------------------------
                  0.00    0.00    0.00   clock clk (rise edge)
                          1.30    1.30   clock network delay (ideal)
                  0.00    0.00    1.30 ^ _242_/CLK (sky130_fd_sc_hd__dfrtp_1)
     5    0.01    0.09    0.39    1.69 v _242_/Q (sky130_fd_sc_hd__dfrtp_1)
                                         seq_timer[2] (net)
                  0.09    0.00    1.69 v _215_/A (sky130_fd_sc_hd__inv_2)
     2    0.00    0.04    0.06    1.75 ^ _215_/Y (sky130_fd_sc_hd__inv_2)
                                         _039_ (net)
                  0.04    0.00    1.75 ^ _217_/B (sky130_fd_sc_hd__nand2_1)
     1    0.00    0.03    0.04    1.80 v _217_/Y (sky130_fd_sc_hd__nand2_1)
                                         _041_ (net)
                  0.03    0.00    1.80 v _218_/B (sky130_fd_sc_hd__nand2_1)
     1    0.00    0.04    0.05    1.85 ^ _218_/Y (sky130_fd_sc_hd__nand2_1)
                                         _042_ (net)
                  0.04    0.00    1.85 ^ _219_/A (sky130_fd_sc_hd__nor2_1)
     1    0.00    0.02    0.04    1.88 v _219_/Y (sky130_fd_sc_hd__nor2_1)
                                         _006_ (net)
                  0.02    0.00    1.88 v _242_/D (sky130_fd_sc_hd__dfrtp_1)
                                  1.88   data arrival time

                  0.00    0.00    0.00   clock clk (rise edge)
                          1.30    1.30   clock network delay (ideal)
                          0.10    1.40   clock uncertainty
                          0.00    1.40   clock reconvergence pessimism
                                  1.40 ^ _242_/CLK (sky130_fd_sc_hd__dfrtp_1)
                         -0.05    1.35   library hold time
                                  1.35   data required time
-----------------------------------------------------------------------------
                                  1.35   data required time
                                 -1.88   data arrival time
-----------------------------------------------------------------------------
                                  0.53   slack (MET)


Startpoint: _263_ (rising edge-triggered flip-flop clocked by clk)
Endpoint: _256_ (rising edge-triggered flip-flop clocked by clk)
Path Group: clk
Path Type: min

Fanout     Cap    Slew   Delay    Time   Description
-----------------------------------------------------------------------------
                  0.00    0.00    0.00   clock clk (rise edge)
                          1.30    1.30   clock network delay (ideal)
                  0.00    0.00    1.30 ^ _263_/CLK (sky130_fd_sc_hd__dfrtp_1)
     2    0.01    0.09    0.34    1.64 ^ _263_/Q (sky130_fd_sc_hd__dfrtp_1)
                                         wake_up_sync (net)
                  0.09    0.00    1.64 ^ _150_/A (sky130_fd_sc_hd__inv_2)
     3    0.01    0.03    0.05    1.69 v _150_/Y (sky130_fd_sc_hd__inv_2)
                                         _088_ (net)
                  0.03    0.00    1.69 v _151_/B (sky130_fd_sc_hd__nand2_1)
     1    0.00    0.04    0.06    1.74 ^ _151_/Y (sky130_fd_sc_hd__nand2_1)
                                         _089_ (net)
                  0.04    0.00    1.74 ^ _154_/A (sky130_fd_sc_hd__nand2_1)
     2    0.00    0.04    0.05    1.80 v _154_/Y (sky130_fd_sc_hd__nand2_1)
                                         _092_ (net)
                  0.04    0.00    1.80 v _156_/A (sky130_fd_sc_hd__nand2_1)
     2    0.01    0.08    0.08    1.88 ^ _156_/Y (sky130_fd_sc_hd__nand2_1)
                                         _094_ (net)
                  0.08    0.00    1.88 ^ _157_/A (sky130_fd_sc_hd__inv_2)
     1    0.00    0.02    0.03    1.91 v _157_/Y (sky130_fd_sc_hd__inv_2)
                                         next_state[0] (net)
                  0.02    0.00    1.91 v _256_/D (sky130_fd_sc_hd__dfrtp_4)
                                  1.91   data arrival time

                  0.00    0.00    0.00   clock clk (rise edge)
                          1.30    1.30   clock network delay (ideal)
                          0.10    1.40   clock uncertainty
                          0.00    1.40   clock reconvergence pessimism
                                  1.40 ^ _256_/CLK (sky130_fd_sc_hd__dfrtp_4)
                         -0.04    1.36   library hold time
                                  1.36   data required time
-----------------------------------------------------------------------------
                                  1.36   data required time
                                 -1.91   data arrival time
-----------------------------------------------------------------------------
                                  0.55   slack (MET)


Startpoint: _245_ (rising edge-triggered flip-flop clocked by clk)
Endpoint: _245_ (rising edge-triggered flip-flop clocked by clk)
Path Group: clk
Path Type: min

Fanout     Cap    Slew   Delay    Time   Description
-----------------------------------------------------------------------------
                  0.00    0.00    0.00   clock clk (rise edge)
                          1.30    1.30   clock network delay (ideal)
                  0.00    0.00    1.30 ^ _245_/CLK (sky130_fd_sc_hd__dfrtp_1)
     2    0.01    0.06    0.36    1.66 v _245_/Q (sky130_fd_sc_hd__dfrtp_1)
                                         seq_timer[5] (net)
                  0.06    0.00    1.66 v _228_/A (sky130_fd_sc_hd__inv_2)
     2    0.01    0.03    0.06    1.71 ^ _228_/Y (sky130_fd_sc_hd__inv_2)
                                         _049_ (net)
                  0.03    0.00    1.71 ^ _230_/B (sky130_fd_sc_hd__nand2_1)
     1    0.00    0.02    0.04    1.75 v _230_/Y (sky130_fd_sc_hd__nand2_1)
                                         _051_ (net)
                  0.02    0.00    1.75 v _231_/B_N (sky130_fd_sc_hd__or2b_1)
     1    0.00    0.04    0.14    1.89 ^ _231_/X (sky130_fd_sc_hd__or2b_1)
                                         _052_ (net)
                  0.04    0.00    1.89 ^ _232_/A (sky130_fd_sc_hd__nor2_1)
     1    0.00    0.02    0.04    1.92 v _232_/Y (sky130_fd_sc_hd__nor2_1)
                                         _009_ (net)
                  0.02    0.00    1.92 v _245_/D (sky130_fd_sc_hd__dfrtp_1)
                                  1.92   data arrival time

                  0.00    0.00    0.00   clock clk (rise edge)
                          1.30    1.30   clock network delay (ideal)
                          0.10    1.40   clock uncertainty
                          0.00    1.40   clock reconvergence pessimism
                                  1.40 ^ _245_/CLK (sky130_fd_sc_hd__dfrtp_1)
                         -0.05    1.35   library hold time
                                  1.35   data required time
-----------------------------------------------------------------------------
                                  1.35   data required time
                                 -1.92   data arrival time
-----------------------------------------------------------------------------
                                  0.57   slack (MET)


Startpoint: _264_ (rising edge-triggered flip-flop clocked by clk)
Endpoint: _258_ (rising edge-triggered flip-flop clocked by clk)
Path Group: clk
Path Type: min

Fanout     Cap    Slew   Delay    Time   Description
-----------------------------------------------------------------------------
                  0.00    0.00    0.00   clock clk (rise edge)
                          1.30    1.30   clock network delay (ideal)
                  0.00    0.00    1.30 ^ _264_/CLK (sky130_fd_sc_hd__dfrtp_1)
     2    0.01    0.09    0.34    1.64 ^ _264_/Q (sky130_fd_sc_hd__dfrtp_1)
                                         req_off_sync (net)
                  0.09    0.00    1.64 ^ _184_/C (sky130_fd_sc_hd__nand3_1)
     1    0.00    0.07    0.09    1.73 v _184_/Y (sky130_fd_sc_hd__nand3_1)
                                         _019_ (net)
                  0.07    0.00    1.73 v _185_/C1 (sky130_fd_sc_hd__o211ai_2)
     2    0.01    0.08    0.08    1.81 ^ _185_/Y (sky130_fd_sc_hd__o211ai_2)
                                         _020_ (net)
                  0.08    0.00    1.81 ^ _186_/B1 (sky130_fd_sc_hd__a21oi_1)
     2    0.01    0.04    0.06    1.87 v _186_/Y (sky130_fd_sc_hd__a21oi_1)
                                         _021_ (net)
                  0.04    0.00    1.87 v _187_/B (sky130_fd_sc_hd__nand2_1)
     1    0.00    0.04    0.06    1.93 ^ _187_/Y (sky130_fd_sc_hd__nand2_1)
                                         next_state[2] (net)
                  0.04    0.00    1.93 ^ _258_/D (sky130_fd_sc_hd__dfrtp_4)
                                  1.93   data arrival time

                  0.00    0.00    0.00   clock clk (rise edge)
                          1.30    1.30   clock network delay (ideal)
                          0.10    1.40   clock uncertainty
                          0.00    1.40   clock reconvergence pessimism
                                  1.40 ^ _258_/CLK (sky130_fd_sc_hd__dfrtp_4)
                         -0.04    1.36   library hold time
                                  1.36   data required time
-----------------------------------------------------------------------------
                                  1.36   data required time
                                 -1.93   data arrival time
-----------------------------------------------------------------------------
                                  0.57   slack (MET)


Startpoint: _242_ (rising edge-triggered flip-flop clocked by clk)
Endpoint: _252_ (rising edge-triggered flip-flop clocked by clk)
Path Group: clk
Path Type: min

Fanout     Cap    Slew   Delay    Time   Description
-----------------------------------------------------------------------------
                  0.00    0.00    0.00   clock clk (rise edge)
                          1.30    1.30   clock network delay (ideal)
                  0.00    0.00    1.30 ^ _242_/CLK (sky130_fd_sc_hd__dfrtp_1)
     5    0.01    0.14    0.38    1.68 ^ _242_/Q (sky130_fd_sc_hd__dfrtp_1)
                                         seq_timer[2] (net)
                  0.14    0.00    1.68 ^ _135_/A (sky130_fd_sc_hd__or3_1)
     1    0.01    0.06    0.15    1.82 ^ _135_/X (sky130_fd_sc_hd__or3_1)
                                         _075_ (net)
                  0.06    0.00    1.82 ^ _136_/A (sky130_fd_sc_hd__inv_2)
     3    0.01    0.03    0.04    1.86 v _136_/Y (sky130_fd_sc_hd__inv_2)
                                         _076_ (net)
                  0.03    0.00    1.86 v _137_/B (sky130_fd_sc_hd__nor2_1)
     1    0.00    0.07    0.07    1.93 ^ _137_/Y (sky130_fd_sc_hd__nor2_1)
                                         _114_ (net)
                  0.07    0.00    1.93 ^ _252_/D (sky130_fd_sc_hd__dfrtp_1)
                                  1.93   data arrival time

                  0.00    0.00    0.00   clock clk (rise edge)
                          1.30    1.30   clock network delay (ideal)
                          0.10    1.40   clock uncertainty
                          0.00    1.40   clock reconvergence pessimism
                                  1.40 ^ _252_/CLK (sky130_fd_sc_hd__dfrtp_1)
                         -0.05    1.35   library hold time
                                  1.35   data required time
-----------------------------------------------------------------------------
                                  1.35   data required time
                                 -1.93   data arrival time
-----------------------------------------------------------------------------
                                  0.58   slack (MET)


Startpoint: _263_ (rising edge-triggered flip-flop clocked by clk)
Endpoint: _257_ (rising edge-triggered flip-flop clocked by clk)
Path Group: clk
Path Type: min

Fanout     Cap    Slew   Delay    Time   Description
-----------------------------------------------------------------------------
                  0.00    0.00    0.00   clock clk (rise edge)
                          1.30    1.30   clock network delay (ideal)
                  0.00    0.00    1.30 ^ _263_/CLK (sky130_fd_sc_hd__dfrtp_1)
     2    0.01    0.09    0.34    1.64 ^ _263_/Q (sky130_fd_sc_hd__dfrtp_1)
                                         wake_up_sync (net)
                  0.09    0.00    1.64 ^ _173_/A2 (sky130_fd_sc_hd__o311a_1)
     1    0.00    0.04    0.16    1.79 ^ _173_/X (sky130_fd_sc_hd__o311a_1)
                                         _110_ (net)
                  0.04    0.00    1.79 ^ _174_/C (sky130_fd_sc_hd__or3_1)
     1    0.00    0.04    0.09    1.88 ^ _174_/X (sky130_fd_sc_hd__or3_1)
                                         _111_ (net)
                  0.04    0.00    1.88 ^ _175_/A (sky130_fd_sc_hd__clkbuf_1)
     1    0.00    0.05    0.08    1.96 ^ _175_/X (sky130_fd_sc_hd__clkbuf_1)
                                         next_state[1] (net)
                  0.05    0.00    1.96 ^ _257_/D (sky130_fd_sc_hd__dfrtp_1)
                                  1.96   data arrival time

                  0.00    0.00    0.00   clock clk (rise edge)
                          1.30    1.30   clock network delay (ideal)
                          0.10    1.40   clock uncertainty
                          0.00    1.40   clock reconvergence pessimism
                                  1.40 ^ _257_/CLK (sky130_fd_sc_hd__dfrtp_1)
                         -0.04    1.36   library hold time
                                  1.36   data required time
-----------------------------------------------------------------------------
                                  1.36   data required time
                                 -1.96   data arrival time
-----------------------------------------------------------------------------
                                  0.60   slack (MET)


Startpoint: _257_ (rising edge-triggered flip-flop clocked by clk)
Endpoint: _253_ (rising edge-triggered flip-flop clocked by clk)
Path Group: clk
Path Type: min

Fanout     Cap    Slew   Delay    Time   Description
-----------------------------------------------------------------------------
                  0.00    0.00    0.00   clock clk (rise edge)
                          1.30    1.30   clock network delay (ideal)
                  0.00    0.00    1.30 ^ _257_/CLK (sky130_fd_sc_hd__dfrtp_1)
     3    0.01    0.10    0.35    1.65 ^ _257_/Q (sky130_fd_sc_hd__dfrtp_1)
                                         curr_state[1] (net)
                  0.10    0.00    1.65 ^ _138_/B (sky130_fd_sc_hd__nand2_1)
     3    0.01    0.08    0.11    1.75 v _138_/Y (sky130_fd_sc_hd__nand2_1)
                                         _077_ (net)
                  0.08    0.00    1.75 v _192_/B (sky130_fd_sc_hd__nor2_1)
     2    0.01    0.12    0.13    1.88 ^ _192_/Y (sky130_fd_sc_hd__nor2_1)
                                         _023_ (net)
                  0.12    0.00    1.88 ^ _196_/B1 (sky130_fd_sc_hd__a21o_1)
     1    0.00    0.03    0.09    1.98 ^ _196_/X (sky130_fd_sc_hd__a21o_1)
                                         _115_ (net)
                  0.03    0.00    1.98 ^ _253_/D (sky130_fd_sc_hd__dfrtp_1)
                                  1.98   data arrival time

                  0.00    0.00    0.00   clock clk (rise edge)
                          1.30    1.30   clock network delay (ideal)
                          0.10    1.40   clock uncertainty
                          0.00    1.40   clock reconvergence pessimism
                                  1.40 ^ _253_/CLK (sky130_fd_sc_hd__dfrtp_1)
                         -0.04    1.36   library hold time
                                  1.36   data required time
-----------------------------------------------------------------------------
                                  1.36   data required time
                                 -1.98   data arrival time
-----------------------------------------------------------------------------
                                  0.61   slack (MET)


Startpoint: _242_ (rising edge-triggered flip-flop clocked by clk)
Endpoint: _250_ (rising edge-triggered flip-flop clocked by clk)
Path Group: clk
Path Type: min

Fanout     Cap    Slew   Delay    Time   Description
-----------------------------------------------------------------------------
                  0.00    0.00    0.00   clock clk (rise edge)
                          1.30    1.30   clock network delay (ideal)
                  0.00    0.00    1.30 ^ _242_/CLK (sky130_fd_sc_hd__dfrtp_1)
     5    0.01    0.14    0.38    1.68 ^ _242_/Q (sky130_fd_sc_hd__dfrtp_1)
                                         seq_timer[2] (net)
                  0.14    0.00    1.68 ^ _135_/A (sky130_fd_sc_hd__or3_1)
     1    0.01    0.06    0.15    1.82 ^ _135_/X (sky130_fd_sc_hd__or3_1)
                                         _075_ (net)
                  0.06    0.00    1.82 ^ _136_/A (sky130_fd_sc_hd__inv_2)
     3    0.01    0.03    0.04    1.86 v _136_/Y (sky130_fd_sc_hd__inv_2)
                                         _076_ (net)
                  0.03    0.00    1.86 v _197_/A2 (sky130_fd_sc_hd__o21ai_1)
     1    0.00    0.08    0.11    1.97 ^ _197_/Y (sky130_fd_sc_hd__o21ai_1)
                                         _116_ (net)
                  0.08    0.00    1.97 ^ _250_/D (sky130_fd_sc_hd__dfrtp_1)
                                  1.97   data arrival time

                  0.00    0.00    0.00   clock clk (rise edge)
                          1.30    1.30   clock network delay (ideal)
                          0.10    1.40   clock uncertainty
                          0.00    1.40   clock reconvergence pessimism
                                  1.40 ^ _250_/CLK (sky130_fd_sc_hd__dfrtp_1)
                         -0.05    1.35   library hold time
                                  1.35   data required time
-----------------------------------------------------------------------------
                                  1.35   data required time
                                 -1.97   data arrival time
-----------------------------------------------------------------------------
                                  0.62   slack (MET)


Startpoint: _256_ (rising edge-triggered flip-flop clocked by clk)
Endpoint: _255_ (rising edge-triggered flip-flop clocked by clk)
Path Group: clk
Path Type: min

Fanout     Cap    Slew   Delay    Time   Description
-----------------------------------------------------------------------------
                  0.00    0.00    0.00   clock clk (rise edge)
                          1.30    1.30   clock network delay (ideal)
                  0.00    0.00    1.30 ^ _256_/CLK (sky130_fd_sc_hd__dfrtp_4)
     8    0.03    0.10    0.43    1.73 ^ _256_/Q (sky130_fd_sc_hd__dfrtp_4)
                                         curr_state[0] (net)
                  0.10    0.00    1.73 ^ _153_/B (sky130_fd_sc_hd__nand2_1)
     3    0.01    0.08    0.10    1.83 v _153_/Y (sky130_fd_sc_hd__nand2_1)
                                         _091_ (net)
                  0.08    0.00    1.83 v _179_/A (sky130_fd_sc_hd__inv_2)
     2    0.01    0.04    0.06    1.89 ^ _179_/Y (sky130_fd_sc_hd__inv_2)
                                         _015_ (net)
                  0.04    0.00    1.89 ^ _194_/A (sky130_fd_sc_hd__or3b_1)
     1    0.00    0.05    0.10    2.00 ^ _194_/X (sky130_fd_sc_hd__or3b_1)
                                         _025_ (net)
                  0.05    0.00    2.00 ^ _195_/A (sky130_fd_sc_hd__clkbuf_1)
     1    0.00    0.04    0.08    2.08 ^ _195_/X (sky130_fd_sc_hd__clkbuf_1)
                                         _113_ (net)
                  0.04    0.00    2.08 ^ _255_/D (sky130_fd_sc_hd__dfrtp_1)
                                  2.08   data arrival time

                  0.00    0.00    0.00   clock clk (rise edge)
                          1.30    1.30   clock network delay (ideal)
                          0.10    1.40   clock uncertainty
                          0.00    1.40   clock reconvergence pessimism
                                  1.40 ^ _255_/CLK (sky130_fd_sc_hd__dfrtp_1)
                         -0.04    1.36   library hold time
                                  1.36   data required time
-----------------------------------------------------------------------------
                                  1.36   data required time
                                 -2.08   data arrival time
-----------------------------------------------------------------------------
                                  0.72   slack (MET)


Startpoint: _255_ (rising edge-triggered flip-flop clocked by clk)
Endpoint: pwr_state[1] (output port clocked by clk)
Path Group: clk
Path Type: min

Fanout     Cap    Slew   Delay    Time   Description
-----------------------------------------------------------------------------
                  0.00    0.00    0.00   clock clk (rise edge)
                          1.30    1.30   clock network delay (ideal)
                  0.00    0.00    1.30 ^ _255_/CLK (sky130_fd_sc_hd__dfrtp_1)
     1    0.00    0.04    0.30    1.60 ^ _255_/Q (sky130_fd_sc_hd__dfrtp_1)
                                         net13 (net)
                  0.04    0.00    1.60 ^ output13/A (sky130_fd_sc_hd__clkbuf_2)
     1    0.02    0.12    0.16    1.75 ^ output13/X (sky130_fd_sc_hd__clkbuf_2)
                                         pwr_state[1] (net)
                  0.12    0.00    1.75 ^ pwr_state[1] (out)
                                  1.75   data arrival time

                  0.00    0.00    0.00   clock clk (rise edge)
                          1.30    1.30   clock network delay (ideal)
                          0.10    1.40   clock uncertainty
                          0.00    1.40   clock reconvergence pessimism
                         -0.50    0.90   output external delay
                                  0.90   data required time
-----------------------------------------------------------------------------
                                  0.90   data required time
                                 -1.75   data arrival time
-----------------------------------------------------------------------------
                                  0.85   slack (MET)


Startpoint: _254_ (rising edge-triggered flip-flop clocked by clk)
Endpoint: pwr_state[0] (output port clocked by clk)
Path Group: clk
Path Type: min

Fanout     Cap    Slew   Delay    Time   Description
-----------------------------------------------------------------------------
                  0.00    0.00    0.00   clock clk (rise edge)
                          1.30    1.30   clock network delay (ideal)
                  0.00    0.00    1.30 ^ _254_/CLK (sky130_fd_sc_hd__dfrtp_1)
     1    0.00    0.05    0.30    1.60 ^ _254_/Q (sky130_fd_sc_hd__dfrtp_1)
                                         net12 (net)
                  0.05    0.00    1.60 ^ output12/A (sky130_fd_sc_hd__clkbuf_2)
     1    0.02    0.12    0.16    1.75 ^ output12/X (sky130_fd_sc_hd__clkbuf_2)
                                         pwr_state[0] (net)
                  0.12    0.00    1.75 ^ pwr_state[0] (out)
                                  1.75   data arrival time

                  0.00    0.00    0.00   clock clk (rise edge)
                          1.30    1.30   clock network delay (ideal)
                          0.10    1.40   clock uncertainty
                          0.00    1.40   clock reconvergence pessimism
                         -0.50    0.90   output external delay
                                  0.90   data required time
-----------------------------------------------------------------------------
                                  0.90   data required time
                                 -1.75   data arrival time
-----------------------------------------------------------------------------
                                  0.85   slack (MET)


Startpoint: _239_ (rising edge-triggered flip-flop clocked by clk)
Endpoint: dvfs_ctrl[1] (output port clocked by clk)
Path Group: clk
Path Type: min

Fanout     Cap    Slew   Delay    Time   Description
-----------------------------------------------------------------------------
                  0.00    0.00    0.00   clock clk (rise edge)
                          1.30    1.30   clock network delay (ideal)
                  0.00    0.00    1.30 ^ _239_/CLK (sky130_fd_sc_hd__dfstp_1)
     1    0.00    0.03    0.33    1.63 v _239_/Q (sky130_fd_sc_hd__dfstp_1)
                                         net9 (net)
                  0.03    0.00    1.63 v output9/A (sky130_fd_sc_hd__clkbuf_2)
     1    0.02    0.08    0.14    1.77 v output9/X (sky130_fd_sc_hd__clkbuf_2)
                                         dvfs_ctrl[1] (net)
                  0.08    0.00    1.77 v dvfs_ctrl[1] (out)
                                  1.77   data arrival time

                  0.00    0.00    0.00   clock clk (rise edge)
                          1.30    1.30   clock network delay (ideal)
                          0.10    1.40   clock uncertainty
                          0.00    1.40   clock reconvergence pessimism
                         -0.50    0.90   output external delay
                                  0.90   data required time
-----------------------------------------------------------------------------
                                  0.90   data required time
                                 -1.77   data arrival time
-----------------------------------------------------------------------------
                                  0.87   slack (MET)


Startpoint: _252_ (rising edge-triggered flip-flop clocked by clk)
Endpoint: retention_restore (output port clocked by clk)
Path Group: clk
Path Type: min

Fanout     Cap    Slew   Delay    Time   Description
-----------------------------------------------------------------------------
                  0.00    0.00    0.00   clock clk (rise edge)
                          1.30    1.30   clock network delay (ideal)
                  0.00    0.00    1.30 ^ _252_/CLK (sky130_fd_sc_hd__dfrtp_1)
     1    0.00    0.04    0.29    1.59 ^ _252_/Q (sky130_fd_sc_hd__dfrtp_1)
                                         net16 (net)
                  0.04    0.00    1.59 ^ output16/A (sky130_fd_sc_hd__buf_2)
     1    0.03    0.15    0.18    1.78 ^ output16/X (sky130_fd_sc_hd__buf_2)
                                         retention_restore (net)
                  0.15    0.00    1.78 ^ retention_restore (out)
                                  1.78   data arrival time

                  0.00    0.00    0.00   clock clk (rise edge)
                          1.30    1.30   clock network delay (ideal)
                          0.10    1.40   clock uncertainty
                          0.00    1.40   clock reconvergence pessimism
                         -0.50    0.90   output external delay
                                  0.90   data required time
-----------------------------------------------------------------------------
                                  0.90   data required time
                                 -1.78   data arrival time
-----------------------------------------------------------------------------
                                  0.88   slack (MET)


Startpoint: _253_ (rising edge-triggered flip-flop clocked by clk)
Endpoint: reset_ctrl (output port clocked by clk)
Path Group: clk
Path Type: min

Fanout     Cap    Slew   Delay    Time   Description
-----------------------------------------------------------------------------
                  0.00    0.00    0.00   clock clk (rise edge)
                          1.30    1.30   clock network delay (ideal)
                  0.00    0.00    1.30 ^ _253_/CLK (sky130_fd_sc_hd__dfrtp_1)
     1    0.00    0.04    0.29    1.59 ^ _253_/Q (sky130_fd_sc_hd__dfrtp_1)
                                         net14 (net)
                  0.04    0.00    1.59 ^ output14/A (sky130_fd_sc_hd__buf_2)
     1    0.03    0.15    0.18    1.78 ^ output14/X (sky130_fd_sc_hd__buf_2)
                                         reset_ctrl (net)
                  0.15    0.00    1.78 ^ reset_ctrl (out)
                                  1.78   data arrival time

                  0.00    0.00    0.00   clock clk (rise edge)
                          1.30    1.30   clock network delay (ideal)
                          0.10    1.40   clock uncertainty
                          0.00    1.40   clock reconvergence pessimism
                         -0.50    0.90   output external delay
                                  0.90   data required time
-----------------------------------------------------------------------------
                                  0.90   data required time
                                 -1.78   data arrival time
-----------------------------------------------------------------------------
                                  0.88   slack (MET)


Startpoint: _251_ (rising edge-triggered flip-flop clocked by clk)
Endpoint: retention_save (output port clocked by clk)
Path Group: clk
Path Type: min

Fanout     Cap    Slew   Delay    Time   Description
-----------------------------------------------------------------------------
                  0.00    0.00    0.00   clock clk (rise edge)
                          1.30    1.30   clock network delay (ideal)
                  0.00    0.00    1.30 ^ _251_/CLK (sky130_fd_sc_hd__dfrtp_1)
     1    0.00    0.04    0.29    1.59 ^ _251_/Q (sky130_fd_sc_hd__dfrtp_1)
                                         net17 (net)
                  0.04    0.00    1.59 ^ output17/A (sky130_fd_sc_hd__buf_2)
     1    0.03    0.15    0.19    1.78 ^ output17/X (sky130_fd_sc_hd__buf_2)
                                         retention_save (net)
                  0.15    0.00    1.78 ^ retention_save (out)
                                  1.78   data arrival time

                  0.00    0.00    0.00   clock clk (rise edge)
                          1.30    1.30   clock network delay (ideal)
                          0.10    1.40   clock uncertainty
                          0.00    1.40   clock reconvergence pessimism
                         -0.50    0.90   output external delay
                                  0.90   data required time
-----------------------------------------------------------------------------
                                  0.90   data required time
                                 -1.78   data arrival time
-----------------------------------------------------------------------------
                                  0.88   slack (MET)


Startpoint: _249_ (rising edge-triggered flip-flop clocked by clk)
Endpoint: pwr_gate_en (output port clocked by clk)
Path Group: clk
Path Type: min

Fanout     Cap    Slew   Delay    Time   Description
-----------------------------------------------------------------------------
                  0.00    0.00    0.00   clock clk (rise edge)
                          1.30    1.30   clock network delay (ideal)
                  0.00    0.00    1.30 ^ _249_/CLK (sky130_fd_sc_hd__dfrtp_1)
     1    0.00    0.05    0.30    1.60 ^ _249_/Q (sky130_fd_sc_hd__dfrtp_1)
                                         net11 (net)
                  0.05    0.00    1.60 ^ output11/A (sky130_fd_sc_hd__buf_4)
     1    0.05    0.15    0.19    1.78 ^ output11/X (sky130_fd_sc_hd__buf_4)
                                         pwr_gate_en (net)
                  0.15    0.00    1.78 ^ pwr_gate_en (out)
                                  1.78   data arrival time

                  0.00    0.00    0.00   clock clk (rise edge)
                          1.30    1.30   clock network delay (ideal)
                          0.10    1.40   clock uncertainty
                          0.00    1.40   clock reconvergence pessimism
                         -0.50    0.90   output external delay
                                  0.90   data required time
-----------------------------------------------------------------------------
                                  0.90   data required time
                                 -1.78   data arrival time
-----------------------------------------------------------------------------
                                  0.88   slack (MET)


Startpoint: _250_ (rising edge-triggered flip-flop clocked by clk)
Endpoint: retention_en (output port clocked by clk)
Path Group: clk
Path Type: min

Fanout     Cap    Slew   Delay    Time   Description
-----------------------------------------------------------------------------
                  0.00    0.00    0.00   clock clk (rise edge)
                          1.30    1.30   clock network delay (ideal)
                  0.00    0.00    1.30 ^ _250_/CLK (sky130_fd_sc_hd__dfrtp_1)
     1    0.00    0.05    0.30    1.60 ^ _250_/Q (sky130_fd_sc_hd__dfrtp_1)
                                         net15 (net)
                  0.05    0.00    1.60 ^ output15/A (sky130_fd_sc_hd__buf_4)
     1    0.05    0.15    0.19    1.79 ^ output15/X (sky130_fd_sc_hd__buf_4)
                                         retention_en (net)
                  0.15    0.00    1.79 ^ retention_en (out)
                                  1.79   data arrival time

                  0.00    0.00    0.00   clock clk (rise edge)
                          1.30    1.30   clock network delay (ideal)
                          0.10    1.40   clock uncertainty
                          0.00    1.40   clock reconvergence pessimism
                         -0.50    0.90   output external delay
                                  0.90   data required time
-----------------------------------------------------------------------------
                                  0.90   data required time
                                 -1.79   data arrival time
-----------------------------------------------------------------------------
                                  0.89   slack (MET)


Startpoint: _248_ (rising edge-triggered flip-flop clocked by clk)
Endpoint: clk_gate_en (output port clocked by clk)
Path Group: clk
Path Type: min

Fanout     Cap    Slew   Delay    Time   Description
-----------------------------------------------------------------------------
                  0.00    0.00    0.00   clock clk (rise edge)
                          1.30    1.30   clock network delay (ideal)
                  0.00    0.00    1.30 ^ _248_/CLK (sky130_fd_sc_hd__dfrtp_1)
     1    0.00    0.05    0.30    1.60 ^ _248_/Q (sky130_fd_sc_hd__dfrtp_1)
                                         net8 (net)
                  0.05    0.00    1.60 ^ output8/A (sky130_fd_sc_hd__buf_4)
     1    0.05    0.15    0.19    1.79 ^ output8/X (sky130_fd_sc_hd__buf_4)
                                         clk_gate_en (net)
                  0.15    0.00    1.79 ^ clk_gate_en (out)
                                  1.79   data arrival time

                  0.00    0.00    0.00   clock clk (rise edge)
                          1.30    1.30   clock network delay (ideal)
                          0.10    1.40   clock uncertainty
                          0.00    1.40   clock reconvergence pessimism
                         -0.50    0.90   output external delay
                                  0.90   data required time
-----------------------------------------------------------------------------
                                  0.90   data required time
                                 -1.79   data arrival time
-----------------------------------------------------------------------------
                                  0.89   slack (MET)


Startpoint: _256_ (rising edge-triggered flip-flop clocked by clk)
Endpoint: error (output port clocked by clk)
Path Group: clk
Path Type: min

Fanout     Cap    Slew   Delay    Time   Description
-----------------------------------------------------------------------------
                  0.00    0.00    0.00   clock clk (rise edge)
                          1.30    1.30   clock network delay (ideal)
                  0.00    0.00    1.30 ^ _256_/CLK (sky130_fd_sc_hd__dfrtp_4)
     8    0.03    0.10    0.43    1.73 ^ _256_/Q (sky130_fd_sc_hd__dfrtp_4)
                                         curr_state[0] (net)
                  0.10    0.00    1.73 ^ _125_/A (sky130_fd_sc_hd__nor2_1)
     3    0.01    0.04    0.08    1.81 v _125_/Y (sky130_fd_sc_hd__nor2_1)
                                         _065_ (net)
                  0.04    0.00    1.81 v _199_/A (sky130_fd_sc_hd__nand2_1)
     1    0.00    0.04    0.05    1.86 ^ _199_/Y (sky130_fd_sc_hd__nand2_1)
                                         _026_ (net)
                  0.04    0.00    1.86 ^ _200_/B1 (sky130_fd_sc_hd__a211oi_1)
     1    0.00    0.04    0.05    1.90 v _200_/Y (sky130_fd_sc_hd__a211oi_1)
                                         net10 (net)
                  0.04    0.00    1.90 v wire19/A (sky130_fd_sc_hd__clkbuf_1)
     1    0.00    0.03    0.09    1.99 v wire19/X (sky130_fd_sc_hd__clkbuf_1)
                                         net19 (net)
                  0.03    0.00    1.99 v output10/A (sky130_fd_sc_hd__clkbuf_2)
     1    0.02    0.09    0.15    2.14 v output10/X (sky130_fd_sc_hd__clkbuf_2)
                                         error (net)
                  0.09    0.00    2.14 v error (out)
                                  2.14   data arrival time

                  0.00    0.00    0.00   clock clk (rise edge)
                          1.30    1.30   clock network delay (ideal)
                          0.10    1.40   clock uncertainty
                          0.00    1.40   clock reconvergence pessimism
                         -0.50    0.90   output external delay
                                  0.90   data required time
-----------------------------------------------------------------------------
                                  0.90   data required time
                                 -2.14   data arrival time
-----------------------------------------------------------------------------
                                  1.24   slack (MET)


Startpoint: _257_ (rising edge-triggered flip-flop clocked by clk)
Endpoint: seq_busy (output port clocked by clk)
Path Group: clk
Path Type: min

Fanout     Cap    Slew   Delay    Time   Description
-----------------------------------------------------------------------------
                  0.00    0.00    0.00   clock clk (rise edge)
                          1.30    1.30   clock network delay (ideal)
                  0.00    0.00    1.30 ^ _257_/CLK (sky130_fd_sc_hd__dfrtp_1)
     3    0.01    0.10    0.35    1.65 ^ _257_/Q (sky130_fd_sc_hd__dfrtp_1)
                                         curr_state[1] (net)
                  0.10    0.00    1.65 ^ _138_/B (sky130_fd_sc_hd__nand2_1)
     3    0.01    0.08    0.11    1.75 v _138_/Y (sky130_fd_sc_hd__nand2_1)
                                         _077_ (net)
                  0.08    0.00    1.75 v _139_/A (sky130_fd_sc_hd__inv_2)
     2    0.01    0.04    0.07    1.82 ^ _139_/Y (sky130_fd_sc_hd__inv_2)
                                         _078_ (net)
                  0.04    0.00    1.82 ^ _140_/B (sky130_fd_sc_hd__nor2_1)
     1    0.00    0.02    0.03    1.86 v _140_/Y (sky130_fd_sc_hd__nor2_1)
                                         net18 (net)
                  0.02    0.00    1.86 v wire20/A (sky130_fd_sc_hd__buf_1)
     4    0.01    0.08    0.12    1.97 v wire20/X (sky130_fd_sc_hd__buf_1)
                                         net20 (net)
                  0.08    0.00    1.97 v output18/A (sky130_fd_sc_hd__clkbuf_2)
     1    0.02    0.08    0.17    2.14 v output18/X (sky130_fd_sc_hd__clkbuf_2)
                                         seq_busy (net)
                  0.08    0.00    2.14 v seq_busy (out)
                                  2.14   data arrival time

                  0.00    0.00    0.00   clock clk (rise edge)
                          1.30    1.30   clock network delay (ideal)
                          0.10    1.40   clock uncertainty
                          0.00    1.40   clock reconvergence pessimism
                         -0.50    0.90   output external delay
                                  0.90   data required time
-----------------------------------------------------------------------------
                                  0.90   data required time
                                 -2.14   data arrival time
-----------------------------------------------------------------------------
                                  1.24   slack (MET)



worst slack corner Typical: 0.2336
min_report_end
max_report

===========================================================================
report_checks -path_delay max (Setup)
============================================================================
======================= Typical Corner ===================================

Startpoint: retention_ready (input port clocked by clk)
Endpoint: error (output port clocked by clk)
Path Group: clk
Path Type: max

Fanout     Cap    Slew   Delay    Time   Description
-----------------------------------------------------------------------------
                  0.00    0.00    0.00   clock clk (rise edge)
                          1.30    1.30   clock network delay (ideal)
                          3.00    4.30 v input external delay
     1    0.00    0.02    0.01    4.31 v retention_ready (in)
                                         retention_ready (net)
                  0.02    0.00    4.31 v input6/A (sky130_fd_sc_hd__buf_1)
     1    0.01    0.05    0.10    4.41 v input6/X (sky130_fd_sc_hd__buf_1)
                                         net6 (net)
                  0.05    0.00    4.41 v _164_/A (sky130_fd_sc_hd__inv_2)
     3    0.01    0.05    0.06    4.47 ^ _164_/Y (sky130_fd_sc_hd__inv_2)
                                         _101_ (net)
                  0.05    0.00    4.47 ^ _199_/B (sky130_fd_sc_hd__nand2_1)
     1    0.00    0.05    0.05    4.51 v _199_/Y (sky130_fd_sc_hd__nand2_1)
                                         _026_ (net)
                  0.05    0.00    4.51 v _200_/B1 (sky130_fd_sc_hd__a211oi_1)
     1    0.00    0.23    0.24    4.75 ^ _200_/Y (sky130_fd_sc_hd__a211oi_1)
                                         net10 (net)
                  0.23    0.00    4.75 ^ wire19/A (sky130_fd_sc_hd__clkbuf_1)
     1    0.00    0.06    0.13    4.88 ^ wire19/X (sky130_fd_sc_hd__clkbuf_1)
                                         net19 (net)
                  0.06    0.00    4.88 ^ output10/A (sky130_fd_sc_hd__clkbuf_2)
     1    0.02    0.12    0.17    5.05 ^ output10/X (sky130_fd_sc_hd__clkbuf_2)
                                         error (net)
                  0.12    0.00    5.05 ^ error (out)
                                  5.05   data arrival time

                  0.00   10.00   10.00   clock clk (rise edge)
                          1.30   11.30   clock network delay (ideal)
                         -0.30   11.00   clock uncertainty
                          0.00   11.00   clock reconvergence pessimism
                         -2.00    9.00   output external delay
                                  9.00   data required time
-----------------------------------------------------------------------------
                                  9.00   data required time
                                 -5.05   data arrival time
-----------------------------------------------------------------------------
                                  3.95   slack (MET)


Startpoint: pwr_stable (input port clocked by clk)
Endpoint: _257_ (rising edge-triggered flip-flop clocked by clk)
Path Group: clk
Path Type: max

Fanout     Cap    Slew   Delay    Time   Description
-----------------------------------------------------------------------------
                  0.00    0.00    0.00   clock clk (rise edge)
                          1.30    1.30   clock network delay (ideal)
                          3.00    4.30 ^ input external delay
     1    0.00    0.02    0.01    4.31 ^ pwr_stable (in)
                                         pwr_stable (net)
                  0.02    0.00    4.31 ^ input2/A (sky130_fd_sc_hd__clkbuf_1)
     1    0.00    0.07    0.09    4.40 ^ input2/X (sky130_fd_sc_hd__clkbuf_1)
                                         net2 (net)
                  0.07    0.00    4.40 ^ _158_/A (sky130_fd_sc_hd__nand2_1)
     2    0.01    0.05    0.07    4.46 v _158_/Y (sky130_fd_sc_hd__nand2_1)
                                         _095_ (net)
                  0.05    0.00    4.46 v _159_/B1_N (sky130_fd_sc_hd__o21bai_1)
     1    0.00    0.05    0.15    4.61 v _159_/Y (sky130_fd_sc_hd__o21bai_1)
                                         _096_ (net)
                  0.05    0.00    4.61 v _160_/A (sky130_fd_sc_hd__nand2_1)
     1    0.00    0.04    0.05    4.66 ^ _160_/Y (sky130_fd_sc_hd__nand2_1)
                                         _097_ (net)
                  0.04    0.00    4.66 ^ _166_/A (sky130_fd_sc_hd__nand2_1)
     2    0.00    0.04    0.05    4.72 v _166_/Y (sky130_fd_sc_hd__nand2_1)
                                         _103_ (net)
                  0.04    0.00    4.72 v _174_/A (sky130_fd_sc_hd__or3_1)
     1    0.00    0.06    0.36    5.07 v _174_/X (sky130_fd_sc_hd__or3_1)
                                         _111_ (net)
                  0.06    0.00    5.07 v _175_/A (sky130_fd_sc_hd__clkbuf_1)
     1    0.00    0.03    0.10    5.17 v _175_/X (sky130_fd_sc_hd__clkbuf_1)
                                         next_state[1] (net)
                  0.03    0.00    5.17 v _257_/D (sky130_fd_sc_hd__dfrtp_1)
                                  5.17   data arrival time

                  0.00   10.00   10.00   clock clk (rise edge)
                          1.30   11.30   clock network delay (ideal)
                         -0.30   11.00   clock uncertainty
                          0.00   11.00   clock reconvergence pessimism
                                 11.00 ^ _257_/CLK (sky130_fd_sc_hd__dfrtp_1)
                         -0.12   10.88   library setup time
                                 10.88   data required time
-----------------------------------------------------------------------------
                                 10.88   data required time
                                 -5.17   data arrival time
-----------------------------------------------------------------------------
                                  5.71   slack (MET)


Startpoint: pwr_stable (input port clocked by clk)
Endpoint: _247_ (rising edge-triggered flip-flop clocked by clk)
Path Group: clk
Path Type: max

Fanout     Cap    Slew   Delay    Time   Description
-----------------------------------------------------------------------------
                  0.00    0.00    0.00   clock clk (rise edge)
                          1.30    1.30   clock network delay (ideal)
                          3.00    4.30 ^ input external delay
     1    0.00    0.02    0.01    4.31 ^ pwr_stable (in)
                                         pwr_stable (net)
                  0.02    0.00    4.31 ^ input2/A (sky130_fd_sc_hd__clkbuf_1)
     1    0.00    0.07    0.09    4.40 ^ input2/X (sky130_fd_sc_hd__clkbuf_1)
                                         net2 (net)
                  0.07    0.00    4.40 ^ _158_/A (sky130_fd_sc_hd__nand2_1)
     2    0.01    0.05    0.07    4.46 v _158_/Y (sky130_fd_sc_hd__nand2_1)
                                         _095_ (net)
                  0.05    0.00    4.46 v _159_/B1_N (sky130_fd_sc_hd__o21bai_1)
     1    0.00    0.05    0.15    4.61 v _159_/Y (sky130_fd_sc_hd__o21bai_1)
                                         _096_ (net)
                  0.05    0.00    4.61 v _160_/A (sky130_fd_sc_hd__nand2_1)
     1    0.00    0.04    0.05    4.66 ^ _160_/Y (sky130_fd_sc_hd__nand2_1)
                                         _097_ (net)
                  0.04    0.00    4.66 ^ _166_/A (sky130_fd_sc_hd__nand2_1)
     2    0.00    0.04    0.05    4.72 v _166_/Y (sky130_fd_sc_hd__nand2_1)
                                         _103_ (net)
                  0.04    0.00    4.72 v _178_/B (sky130_fd_sc_hd__nor2_1)
     2    0.01    0.12    0.11    4.83 ^ _178_/Y (sky130_fd_sc_hd__nor2_1)
                                         _014_ (net)
                  0.12    0.00    4.83 ^ _204_/A (sky130_fd_sc_hd__nand3_1)
     1    0.01    0.11    0.13    4.96 v _204_/Y (sky130_fd_sc_hd__nand3_1)
                                         _030_ (net)
                  0.11    0.00    4.96 v _209_/A (sky130_fd_sc_hd__nand3_4)
     8    0.03    0.11    0.12    5.08 ^ _209_/Y (sky130_fd_sc_hd__nand3_4)
                                         _035_ (net)
                  0.11    0.00    5.08 ^ _238_/B (sky130_fd_sc_hd__nor2_1)
     1    0.00    0.04    0.05    5.13 v _238_/Y (sky130_fd_sc_hd__nor2_1)
                                         _011_ (net)
                  0.04    0.00    5.13 v _247_/D (sky130_fd_sc_hd__dfrtp_1)
                                  5.13   data arrival time

                  0.00   10.00   10.00   clock clk (rise edge)
                          1.30   11.30   clock network delay (ideal)
                         -0.30   11.00   clock uncertainty
                          0.00   11.00   clock reconvergence pessimism
                                 11.00 ^ _247_/CLK (sky130_fd_sc_hd__dfrtp_1)
                         -0.12   10.88   library setup time
                                 10.88   data required time
-----------------------------------------------------------------------------
                                 10.88   data required time
                                 -5.13   data arrival time
-----------------------------------------------------------------------------
                                  5.75   slack (MET)


Startpoint: pwr_stable (input port clocked by clk)
Endpoint: _243_ (rising edge-triggered flip-flop clocked by clk)
Path Group: clk
Path Type: max

Fanout     Cap    Slew   Delay    Time   Description
-----------------------------------------------------------------------------
                  0.00    0.00    0.00   clock clk (rise edge)
                          1.30    1.30   clock network delay (ideal)
                          3.00    4.30 ^ input external delay
     1    0.00    0.02    0.01    4.31 ^ pwr_stable (in)
                                         pwr_stable (net)
                  0.02    0.00    4.31 ^ input2/A (sky130_fd_sc_hd__clkbuf_1)
     1    0.00    0.07    0.09    4.40 ^ input2/X (sky130_fd_sc_hd__clkbuf_1)
                                         net2 (net)
                  0.07    0.00    4.40 ^ _158_/A (sky130_fd_sc_hd__nand2_1)
     2    0.01    0.05    0.07    4.46 v _158_/Y (sky130_fd_sc_hd__nand2_1)
                                         _095_ (net)
                  0.05    0.00    4.46 v _159_/B1_N (sky130_fd_sc_hd__o21bai_1)
     1    0.00    0.05    0.15    4.61 v _159_/Y (sky130_fd_sc_hd__o21bai_1)
                                         _096_ (net)
                  0.05    0.00    4.61 v _160_/A (sky130_fd_sc_hd__nand2_1)
     1    0.00    0.04    0.05    4.66 ^ _160_/Y (sky130_fd_sc_hd__nand2_1)
                                         _097_ (net)
                  0.04    0.00    4.66 ^ _166_/A (sky130_fd_sc_hd__nand2_1)
     2    0.00    0.04    0.05    4.72 v _166_/Y (sky130_fd_sc_hd__nand2_1)
                                         _103_ (net)
                  0.04    0.00    4.72 v _178_/B (sky130_fd_sc_hd__nor2_1)
     2    0.01    0.12    0.11    4.83 ^ _178_/Y (sky130_fd_sc_hd__nor2_1)
                                         _014_ (net)
                  0.12    0.00    4.83 ^ _204_/A (sky130_fd_sc_hd__nand3_1)
     1    0.01    0.11    0.13    4.96 v _204_/Y (sky130_fd_sc_hd__nand3_1)
                                         _030_ (net)
                  0.11    0.00    4.96 v _209_/A (sky130_fd_sc_hd__nand3_4)
     8    0.03    0.11    0.12    5.08 ^ _209_/Y (sky130_fd_sc_hd__nand3_4)
                                         _035_ (net)
                  0.11    0.00    5.08 ^ _223_/B (sky130_fd_sc_hd__nor2_1)
     1    0.00    0.04    0.05    5.13 v _223_/Y (sky130_fd_sc_hd__nor2_1)
                                         _007_ (net)
                  0.04    0.00    5.13 v _243_/D (sky130_fd_sc_hd__dfrtp_1)
                                  5.13   data arrival time

                  0.00   10.00   10.00   clock clk (rise edge)
                          1.30   11.30   clock network delay (ideal)
                         -0.30   11.00   clock uncertainty
                          0.00   11.00   clock reconvergence pessimism
                                 11.00 ^ _243_/CLK (sky130_fd_sc_hd__dfrtp_1)
                         -0.12   10.88   library setup time
                                 10.88   data required time
-----------------------------------------------------------------------------
                                 10.88   data required time
                                 -5.13   data arrival time
-----------------------------------------------------------------------------
                                  5.75   slack (MET)


Startpoint: pwr_stable (input port clocked by clk)
Endpoint: _240_ (rising edge-triggered flip-flop clocked by clk)
Path Group: clk
Path Type: max

Fanout     Cap    Slew   Delay    Time   Description
-----------------------------------------------------------------------------
                  0.00    0.00    0.00   clock clk (rise edge)
                          1.30    1.30   clock network delay (ideal)
                          3.00    4.30 ^ input external delay
     1    0.00    0.02    0.01    4.31 ^ pwr_stable (in)
                                         pwr_stable (net)
                  0.02    0.00    4.31 ^ input2/A (sky130_fd_sc_hd__clkbuf_1)
     1    0.00    0.07    0.09    4.40 ^ input2/X (sky130_fd_sc_hd__clkbuf_1)
                                         net2 (net)
                  0.07    0.00    4.40 ^ _158_/A (sky130_fd_sc_hd__nand2_1)
     2    0.01    0.05    0.07    4.46 v _158_/Y (sky130_fd_sc_hd__nand2_1)
                                         _095_ (net)
                  0.05    0.00    4.46 v _159_/B1_N (sky130_fd_sc_hd__o21bai_1)
     1    0.00    0.05    0.15    4.61 v _159_/Y (sky130_fd_sc_hd__o21bai_1)
                                         _096_ (net)
                  0.05    0.00    4.61 v _160_/A (sky130_fd_sc_hd__nand2_1)
     1    0.00    0.04    0.05    4.66 ^ _160_/Y (sky130_fd_sc_hd__nand2_1)
                                         _097_ (net)
                  0.04    0.00    4.66 ^ _166_/A (sky130_fd_sc_hd__nand2_1)
     2    0.00    0.04    0.05    4.72 v _166_/Y (sky130_fd_sc_hd__nand2_1)
                                         _103_ (net)
                  0.04    0.00    4.72 v _178_/B (sky130_fd_sc_hd__nor2_1)
     2    0.01    0.12    0.11    4.83 ^ _178_/Y (sky130_fd_sc_hd__nor2_1)
                                         _014_ (net)
                  0.12    0.00    4.83 ^ _204_/A (sky130_fd_sc_hd__nand3_1)
     1    0.01    0.11    0.13    4.96 v _204_/Y (sky130_fd_sc_hd__nand3_1)
                                         _030_ (net)
                  0.11    0.00    4.96 v _209_/A (sky130_fd_sc_hd__nand3_4)
     8    0.03    0.11    0.12    5.08 ^ _209_/Y (sky130_fd_sc_hd__nand3_4)
                                         _035_ (net)
                  0.11    0.00    5.08 ^ _210_/B (sky130_fd_sc_hd__nor2_1)
     1    0.00    0.03    0.05    5.13 v _210_/Y (sky130_fd_sc_hd__nor2_1)
                                         _004_ (net)
                  0.03    0.00    5.13 v _240_/D (sky130_fd_sc_hd__dfrtp_1)
                                  5.13   data arrival time

                  0.00   10.00   10.00   clock clk (rise edge)
                          1.30   11.30   clock network delay (ideal)
                         -0.30   11.00   clock uncertainty
                          0.00   11.00   clock reconvergence pessimism
                                 11.00 ^ _240_/CLK (sky130_fd_sc_hd__dfrtp_1)
                         -0.12   10.88   library setup time
                                 10.88   data required time
-----------------------------------------------------------------------------
                                 10.88   data required time
                                 -5.13   data arrival time
-----------------------------------------------------------------------------
                                  5.75   slack (MET)


Startpoint: pwr_stable (input port clocked by clk)
Endpoint: _241_ (rising edge-triggered flip-flop clocked by clk)
Path Group: clk
Path Type: max

Fanout     Cap    Slew   Delay    Time   Description
-----------------------------------------------------------------------------
                  0.00    0.00    0.00   clock clk (rise edge)
                          1.30    1.30   clock network delay (ideal)
                          3.00    4.30 ^ input external delay
     1    0.00    0.02    0.01    4.31 ^ pwr_stable (in)
                                         pwr_stable (net)
                  0.02    0.00    4.31 ^ input2/A (sky130_fd_sc_hd__clkbuf_1)
     1    0.00    0.07    0.09    4.40 ^ input2/X (sky130_fd_sc_hd__clkbuf_1)
                                         net2 (net)
                  0.07    0.00    4.40 ^ _158_/A (sky130_fd_sc_hd__nand2_1)
     2    0.01    0.05    0.07    4.46 v _158_/Y (sky130_fd_sc_hd__nand2_1)
                                         _095_ (net)
                  0.05    0.00    4.46 v _159_/B1_N (sky130_fd_sc_hd__o21bai_1)
     1    0.00    0.05    0.15    4.61 v _159_/Y (sky130_fd_sc_hd__o21bai_1)
                                         _096_ (net)
                  0.05    0.00    4.61 v _160_/A (sky130_fd_sc_hd__nand2_1)
     1    0.00    0.04    0.05    4.66 ^ _160_/Y (sky130_fd_sc_hd__nand2_1)
                                         _097_ (net)
                  0.04    0.00    4.66 ^ _166_/A (sky130_fd_sc_hd__nand2_1)
     2    0.00    0.04    0.05    4.72 v _166_/Y (sky130_fd_sc_hd__nand2_1)
                                         _103_ (net)
                  0.04    0.00    4.72 v _178_/B (sky130_fd_sc_hd__nor2_1)
     2    0.01    0.12    0.11    4.83 ^ _178_/Y (sky130_fd_sc_hd__nor2_1)
                                         _014_ (net)
                  0.12    0.00    4.83 ^ _204_/A (sky130_fd_sc_hd__nand3_1)
     1    0.01    0.11    0.13    4.96 v _204_/Y (sky130_fd_sc_hd__nand3_1)
                                         _030_ (net)
                  0.11    0.00    4.96 v _209_/A (sky130_fd_sc_hd__nand3_4)
     8    0.03    0.11    0.12    5.08 ^ _209_/Y (sky130_fd_sc_hd__nand3_4)
                                         _035_ (net)
                  0.11    0.00    5.08 ^ _214_/B (sky130_fd_sc_hd__nor2_1)
     1    0.00    0.03    0.05    5.13 v _214_/Y (sky130_fd_sc_hd__nor2_1)
                                         _005_ (net)
                  0.03    0.00    5.13 v _241_/D (sky130_fd_sc_hd__dfrtp_1)
                                  5.13   data arrival time

                  0.00   10.00   10.00   clock clk (rise edge)
                          1.30   11.30   clock network delay (ideal)
                         -0.30   11.00   clock uncertainty
                          0.00   11.00   clock reconvergence pessimism
                                 11.00 ^ _241_/CLK (sky130_fd_sc_hd__dfrtp_1)
                         -0.12   10.88   library setup time
                                 10.88   data required time
-----------------------------------------------------------------------------
                                 10.88   data required time
                                 -5.13   data arrival time
-----------------------------------------------------------------------------
                                  5.75   slack (MET)


Startpoint: pwr_stable (input port clocked by clk)
Endpoint: _244_ (rising edge-triggered flip-flop clocked by clk)
Path Group: clk
Path Type: max

Fanout     Cap    Slew   Delay    Time   Description
-----------------------------------------------------------------------------
                  0.00    0.00    0.00   clock clk (rise edge)
                          1.30    1.30   clock network delay (ideal)
                          3.00    4.30 ^ input external delay
     1    0.00    0.02    0.01    4.31 ^ pwr_stable (in)
                                         pwr_stable (net)
                  0.02    0.00    4.31 ^ input2/A (sky130_fd_sc_hd__clkbuf_1)
     1    0.00    0.07    0.09    4.40 ^ input2/X (sky130_fd_sc_hd__clkbuf_1)
                                         net2 (net)
                  0.07    0.00    4.40 ^ _158_/A (sky130_fd_sc_hd__nand2_1)
     2    0.01    0.05    0.07    4.46 v _158_/Y (sky130_fd_sc_hd__nand2_1)
                                         _095_ (net)
                  0.05    0.00    4.46 v _159_/B1_N (sky130_fd_sc_hd__o21bai_1)
     1    0.00    0.05    0.15    4.61 v _159_/Y (sky130_fd_sc_hd__o21bai_1)
                                         _096_ (net)
                  0.05    0.00    4.61 v _160_/A (sky130_fd_sc_hd__nand2_1)
     1    0.00    0.04    0.05    4.66 ^ _160_/Y (sky130_fd_sc_hd__nand2_1)
                                         _097_ (net)
                  0.04    0.00    4.66 ^ _166_/A (sky130_fd_sc_hd__nand2_1)
     2    0.00    0.04    0.05    4.72 v _166_/Y (sky130_fd_sc_hd__nand2_1)
                                         _103_ (net)
                  0.04    0.00    4.72 v _178_/B (sky130_fd_sc_hd__nor2_1)
     2    0.01    0.12    0.11    4.83 ^ _178_/Y (sky130_fd_sc_hd__nor2_1)
                                         _014_ (net)
                  0.12    0.00    4.83 ^ _204_/A (sky130_fd_sc_hd__nand3_1)
     1    0.01    0.11    0.13    4.96 v _204_/Y (sky130_fd_sc_hd__nand3_1)
                                         _030_ (net)
                  0.11    0.00    4.96 v _209_/A (sky130_fd_sc_hd__nand3_4)
     8    0.03    0.11    0.12    5.08 ^ _209_/Y (sky130_fd_sc_hd__nand3_4)
                                         _035_ (net)
                  0.11    0.00    5.08 ^ _227_/B (sky130_fd_sc_hd__nor2_1)
     1    0.00    0.03    0.05    5.13 v _227_/Y (sky130_fd_sc_hd__nor2_1)
                                         _008_ (net)
                  0.03    0.00    5.13 v _244_/D (sky130_fd_sc_hd__dfrtp_1)
                                  5.13   data arrival time

                  0.00   10.00   10.00   clock clk (rise edge)
                          1.30   11.30   clock network delay (ideal)
                         -0.30   11.00   clock uncertainty
                          0.00   11.00   clock reconvergence pessimism
                                 11.00 ^ _244_/CLK (sky130_fd_sc_hd__dfrtp_1)
                         -0.12   10.88   library setup time
                                 10.88   data required time
-----------------------------------------------------------------------------
                                 10.88   data required time
                                 -5.13   data arrival time
-----------------------------------------------------------------------------
                                  5.75   slack (MET)


Startpoint: pwr_stable (input port clocked by clk)
Endpoint: _245_ (rising edge-triggered flip-flop clocked by clk)
Path Group: clk
Path Type: max

Fanout     Cap    Slew   Delay    Time   Description
-----------------------------------------------------------------------------
                  0.00    0.00    0.00   clock clk (rise edge)
                          1.30    1.30   clock network delay (ideal)
                          3.00    4.30 ^ input external delay
     1    0.00    0.02    0.01    4.31 ^ pwr_stable (in)
                                         pwr_stable (net)
                  0.02    0.00    4.31 ^ input2/A (sky130_fd_sc_hd__clkbuf_1)
     1    0.00    0.07    0.09    4.40 ^ input2/X (sky130_fd_sc_hd__clkbuf_1)
                                         net2 (net)
                  0.07    0.00    4.40 ^ _158_/A (sky130_fd_sc_hd__nand2_1)
     2    0.01    0.05    0.07    4.46 v _158_/Y (sky130_fd_sc_hd__nand2_1)
                                         _095_ (net)
                  0.05    0.00    4.46 v _159_/B1_N (sky130_fd_sc_hd__o21bai_1)
     1    0.00    0.05    0.15    4.61 v _159_/Y (sky130_fd_sc_hd__o21bai_1)
                                         _096_ (net)
                  0.05    0.00    4.61 v _160_/A (sky130_fd_sc_hd__nand2_1)
     1    0.00    0.04    0.05    4.66 ^ _160_/Y (sky130_fd_sc_hd__nand2_1)
                                         _097_ (net)
                  0.04    0.00    4.66 ^ _166_/A (sky130_fd_sc_hd__nand2_1)
     2    0.00    0.04    0.05    4.72 v _166_/Y (sky130_fd_sc_hd__nand2_1)
                                         _103_ (net)
                  0.04    0.00    4.72 v _178_/B (sky130_fd_sc_hd__nor2_1)
     2    0.01    0.12    0.11    4.83 ^ _178_/Y (sky130_fd_sc_hd__nor2_1)
                                         _014_ (net)
                  0.12    0.00    4.83 ^ _204_/A (sky130_fd_sc_hd__nand3_1)
     1    0.01    0.11    0.13    4.96 v _204_/Y (sky130_fd_sc_hd__nand3_1)
                                         _030_ (net)
                  0.11    0.00    4.96 v _209_/A (sky130_fd_sc_hd__nand3_4)
     8    0.03    0.11    0.12    5.08 ^ _209_/Y (sky130_fd_sc_hd__nand3_4)
                                         _035_ (net)
                  0.11    0.00    5.08 ^ _232_/B (sky130_fd_sc_hd__nor2_1)
     1    0.00    0.03    0.05    5.13 v _232_/Y (sky130_fd_sc_hd__nor2_1)
                                         _009_ (net)
                  0.03    0.00    5.13 v _245_/D (sky130_fd_sc_hd__dfrtp_1)
                                  5.13   data arrival time

                  0.00   10.00   10.00   clock clk (rise edge)
                          1.30   11.30   clock network delay (ideal)
                         -0.30   11.00   clock uncertainty
                          0.00   11.00   clock reconvergence pessimism
                                 11.00 ^ _245_/CLK (sky130_fd_sc_hd__dfrtp_1)
                         -0.12   10.88   library setup time
                                 10.88   data required time
-----------------------------------------------------------------------------
                                 10.88   data required time
                                 -5.13   data arrival time
-----------------------------------------------------------------------------
                                  5.75   slack (MET)


Startpoint: pwr_stable (input port clocked by clk)
Endpoint: _246_ (rising edge-triggered flip-flop clocked by clk)
Path Group: clk
Path Type: max

Fanout     Cap    Slew   Delay    Time   Description
-----------------------------------------------------------------------------
                  0.00    0.00    0.00   clock clk (rise edge)
                          1.30    1.30   clock network delay (ideal)
                          3.00    4.30 ^ input external delay
     1    0.00    0.02    0.01    4.31 ^ pwr_stable (in)
                                         pwr_stable (net)
                  0.02    0.00    4.31 ^ input2/A (sky130_fd_sc_hd__clkbuf_1)
     1    0.00    0.07    0.09    4.40 ^ input2/X (sky130_fd_sc_hd__clkbuf_1)
                                         net2 (net)
                  0.07    0.00    4.40 ^ _158_/A (sky130_fd_sc_hd__nand2_1)
     2    0.01    0.05    0.07    4.46 v _158_/Y (sky130_fd_sc_hd__nand2_1)
                                         _095_ (net)
                  0.05    0.00    4.46 v _159_/B1_N (sky130_fd_sc_hd__o21bai_1)
     1    0.00    0.05    0.15    4.61 v _159_/Y (sky130_fd_sc_hd__o21bai_1)
                                         _096_ (net)
                  0.05    0.00    4.61 v _160_/A (sky130_fd_sc_hd__nand2_1)
     1    0.00    0.04    0.05    4.66 ^ _160_/Y (sky130_fd_sc_hd__nand2_1)
                                         _097_ (net)
                  0.04    0.00    4.66 ^ _166_/A (sky130_fd_sc_hd__nand2_1)
     2    0.00    0.04    0.05    4.72 v _166_/Y (sky130_fd_sc_hd__nand2_1)
                                         _103_ (net)
                  0.04    0.00    4.72 v _178_/B (sky130_fd_sc_hd__nor2_1)
     2    0.01    0.12    0.11    4.83 ^ _178_/Y (sky130_fd_sc_hd__nor2_1)
                                         _014_ (net)
                  0.12    0.00    4.83 ^ _204_/A (sky130_fd_sc_hd__nand3_1)
     1    0.01    0.11    0.13    4.96 v _204_/Y (sky130_fd_sc_hd__nand3_1)
                                         _030_ (net)
                  0.11    0.00    4.96 v _209_/A (sky130_fd_sc_hd__nand3_4)
     8    0.03    0.11    0.12    5.08 ^ _209_/Y (sky130_fd_sc_hd__nand3_4)
                                         _035_ (net)
                  0.11    0.00    5.08 ^ _236_/B (sky130_fd_sc_hd__nor2_1)
     1    0.00    0.03    0.05    5.13 v _236_/Y (sky130_fd_sc_hd__nor2_1)
                                         _010_ (net)
                  0.03    0.00    5.13 v _246_/D (sky130_fd_sc_hd__dfrtp_1)
                                  5.13   data arrival time

                  0.00   10.00   10.00   clock clk (rise edge)
                          1.30   11.30   clock network delay (ideal)
                         -0.30   11.00   clock uncertainty
                          0.00   11.00   clock reconvergence pessimism
                                 11.00 ^ _246_/CLK (sky130_fd_sc_hd__dfrtp_1)
                         -0.12   10.88   library setup time
                                 10.88   data required time
-----------------------------------------------------------------------------
                                 10.88   data required time
                                 -5.13   data arrival time
-----------------------------------------------------------------------------
                                  5.75   slack (MET)


Startpoint: pwr_stable (input port clocked by clk)
Endpoint: _242_ (rising edge-triggered flip-flop clocked by clk)
Path Group: clk
Path Type: max

Fanout     Cap    Slew   Delay    Time   Description
-----------------------------------------------------------------------------
                  0.00    0.00    0.00   clock clk (rise edge)
                          1.30    1.30   clock network delay (ideal)
                          3.00    4.30 ^ input external delay
     1    0.00    0.02    0.01    4.31 ^ pwr_stable (in)
                                         pwr_stable (net)
                  0.02    0.00    4.31 ^ input2/A (sky130_fd_sc_hd__clkbuf_1)
     1    0.00    0.07    0.09    4.40 ^ input2/X (sky130_fd_sc_hd__clkbuf_1)
                                         net2 (net)
                  0.07    0.00    4.40 ^ _158_/A (sky130_fd_sc_hd__nand2_1)
     2    0.01    0.05    0.07    4.46 v _158_/Y (sky130_fd_sc_hd__nand2_1)
                                         _095_ (net)
                  0.05    0.00    4.46 v _159_/B1_N (sky130_fd_sc_hd__o21bai_1)
     1    0.00    0.05    0.15    4.61 v _159_/Y (sky130_fd_sc_hd__o21bai_1)
                                         _096_ (net)
                  0.05    0.00    4.61 v _160_/A (sky130_fd_sc_hd__nand2_1)
     1    0.00    0.04    0.05    4.66 ^ _160_/Y (sky130_fd_sc_hd__nand2_1)
                                         _097_ (net)
                  0.04    0.00    4.66 ^ _166_/A (sky130_fd_sc_hd__nand2_1)
     2    0.00    0.04    0.05    4.72 v _166_/Y (sky130_fd_sc_hd__nand2_1)
                                         _103_ (net)
                  0.04    0.00    4.72 v _178_/B (sky130_fd_sc_hd__nor2_1)
     2    0.01    0.12    0.11    4.83 ^ _178_/Y (sky130_fd_sc_hd__nor2_1)
                                         _014_ (net)
                  0.12    0.00    4.83 ^ _204_/A (sky130_fd_sc_hd__nand3_1)
     1    0.01    0.11    0.13    4.96 v _204_/Y (sky130_fd_sc_hd__nand3_1)
                                         _030_ (net)
                  0.11    0.00    4.96 v _209_/A (sky130_fd_sc_hd__nand3_4)
     8    0.03    0.11    0.12    5.08 ^ _209_/Y (sky130_fd_sc_hd__nand3_4)
                                         _035_ (net)
                  0.11    0.00    5.08 ^ _219_/B (sky130_fd_sc_hd__nor2_1)
     1    0.00    0.03    0.05    5.13 v _219_/Y (sky130_fd_sc_hd__nor2_1)
                                         _006_ (net)
                  0.03    0.00    5.13 v _242_/D (sky130_fd_sc_hd__dfrtp_1)
                                  5.13   data arrival time

                  0.00   10.00   10.00   clock clk (rise edge)
                          1.30   11.30   clock network delay (ideal)
                         -0.30   11.00   clock uncertainty
                          0.00   11.00   clock reconvergence pessimism
                                 11.00 ^ _242_/CLK (sky130_fd_sc_hd__dfrtp_1)
                         -0.12   10.88   library setup time
                                 10.88   data required time
-----------------------------------------------------------------------------
                                 10.88   data required time
                                 -5.13   data arrival time
-----------------------------------------------------------------------------
                                  5.75   slack (MET)


Startpoint: pwr_stable (input port clocked by clk)
Endpoint: _258_ (rising edge-triggered flip-flop clocked by clk)
Path Group: clk
Path Type: max

Fanout     Cap    Slew   Delay    Time   Description
-----------------------------------------------------------------------------
                  0.00    0.00    0.00   clock clk (rise edge)
                          1.30    1.30   clock network delay (ideal)
                          3.00    4.30 ^ input external delay
     1    0.00    0.02    0.01    4.31 ^ pwr_stable (in)
                                         pwr_stable (net)
                  0.02    0.00    4.31 ^ input2/A (sky130_fd_sc_hd__clkbuf_1)
     1    0.00    0.07    0.09    4.40 ^ input2/X (sky130_fd_sc_hd__clkbuf_1)
                                         net2 (net)
                  0.07    0.00    4.40 ^ _158_/A (sky130_fd_sc_hd__nand2_1)
     2    0.01    0.05    0.07    4.46 v _158_/Y (sky130_fd_sc_hd__nand2_1)
                                         _095_ (net)
                  0.05    0.00    4.46 v _159_/B1_N (sky130_fd_sc_hd__o21bai_1)
     1    0.00    0.05    0.15    4.61 v _159_/Y (sky130_fd_sc_hd__o21bai_1)
                                         _096_ (net)
                  0.05    0.00    4.61 v _160_/A (sky130_fd_sc_hd__nand2_1)
     1    0.00    0.04    0.05    4.66 ^ _160_/Y (sky130_fd_sc_hd__nand2_1)
                                         _097_ (net)
                  0.04    0.00    4.66 ^ _166_/A (sky130_fd_sc_hd__nand2_1)
     2    0.00    0.04    0.05    4.72 v _166_/Y (sky130_fd_sc_hd__nand2_1)
                                         _103_ (net)
                  0.04    0.00    4.72 v _178_/B (sky130_fd_sc_hd__nor2_1)
     2    0.01    0.12    0.11    4.83 ^ _178_/Y (sky130_fd_sc_hd__nor2_1)
                                         _014_ (net)
                  0.12    0.00    4.83 ^ _187_/A (sky130_fd_sc_hd__nand2_1)
     1    0.00    0.05    0.07    4.90 v _187_/Y (sky130_fd_sc_hd__nand2_1)
                                         next_state[2] (net)
                  0.05    0.00    4.90 v _258_/D (sky130_fd_sc_hd__dfrtp_4)
                                  4.90   data arrival time

                  0.00   10.00   10.00   clock clk (rise edge)
                          1.30   11.30   clock network delay (ideal)
                         -0.30   11.00   clock uncertainty
                          0.00   11.00   clock reconvergence pessimism
                                 11.00 ^ _258_/CLK (sky130_fd_sc_hd__dfrtp_4)
                         -0.13   10.87   library setup time
                                 10.87   data required time
-----------------------------------------------------------------------------
                                 10.87   data required time
                                 -4.90   data arrival time
-----------------------------------------------------------------------------
                                  5.98   slack (MET)


Startpoint: _256_ (rising edge-triggered flip-flop clocked by clk)
Endpoint: seq_busy (output port clocked by clk)
Path Group: clk
Path Type: max

Fanout     Cap    Slew   Delay    Time   Description
-----------------------------------------------------------------------------
                  0.00    0.00    0.00   clock clk (rise edge)
                          1.30    1.30   clock network delay (ideal)
                  0.00    0.00    1.30 ^ _256_/CLK (sky130_fd_sc_hd__dfrtp_4)
     8    0.02    0.08    0.49    1.79 v _256_/Q (sky130_fd_sc_hd__dfrtp_4)
                                         curr_state[0] (net)
                  0.08    0.00    1.79 v _138_/A (sky130_fd_sc_hd__nand2_1)
     3    0.01    0.12    0.13    1.91 ^ _138_/Y (sky130_fd_sc_hd__nand2_1)
                                         _077_ (net)
                  0.12    0.00    1.91 ^ _139_/A (sky130_fd_sc_hd__inv_2)
     2    0.01    0.03    0.05    1.96 v _139_/Y (sky130_fd_sc_hd__inv_2)
                                         _078_ (net)
                  0.03    0.00    1.96 v _140_/B (sky130_fd_sc_hd__nor2_1)
     1    0.00    0.08    0.08    2.04 ^ _140_/Y (sky130_fd_sc_hd__nor2_1)
                                         net18 (net)
                  0.08    0.00    2.04 ^ wire20/A (sky130_fd_sc_hd__buf_1)
     4    0.01    0.16    0.17    2.21 ^ wire20/X (sky130_fd_sc_hd__buf_1)
                                         net20 (net)
                  0.16    0.00    2.21 ^ output18/A (sky130_fd_sc_hd__clkbuf_2)
     1    0.02    0.12    0.20    2.41 ^ output18/X (sky130_fd_sc_hd__clkbuf_2)
                                         seq_busy (net)
                  0.12    0.00    2.41 ^ seq_busy (out)
                                  2.41   data arrival time

                  0.00   10.00   10.00   clock clk (rise edge)
                          1.30   11.30   clock network delay (ideal)
                         -0.30   11.00   clock uncertainty
                          0.00   11.00   clock reconvergence pessimism
                         -2.00    9.00   output external delay
                                  9.00   data required time
-----------------------------------------------------------------------------
                                  9.00   data required time
                                 -2.41   data arrival time
-----------------------------------------------------------------------------
                                  6.59   slack (MET)


Startpoint: _251_ (rising edge-triggered flip-flop clocked by clk)
Endpoint: retention_save (output port clocked by clk)
Path Group: clk
Path Type: max

Fanout     Cap    Slew   Delay    Time   Description
-----------------------------------------------------------------------------
                  0.00    0.00    0.00   clock clk (rise edge)
                          1.30    1.30   clock network delay (ideal)
                  0.00    0.00    1.30 ^ _251_/CLK (sky130_fd_sc_hd__dfrtp_1)
     1    0.00    0.04    0.33    1.63 v _251_/Q (sky130_fd_sc_hd__dfrtp_1)
                                         net17 (net)
                  0.04    0.00    1.63 v output17/A (sky130_fd_sc_hd__buf_2)
     1    0.03    0.08    0.17    1.80 v output17/X (sky130_fd_sc_hd__buf_2)
                                         retention_save (net)
                  0.08    0.00    1.80 v retention_save (out)
                                  1.80   data arrival time

                  0.00   10.00   10.00   clock clk (rise edge)
                          1.30   11.30   clock network delay (ideal)
                         -0.30   11.00   clock uncertainty
                          0.00   11.00   clock reconvergence pessimism
                         -2.50    8.50   output external delay
                                  8.50   data required time
-----------------------------------------------------------------------------
                                  8.50   data required time
                                 -1.80   data arrival time
-----------------------------------------------------------------------------
                                  6.70   slack (MET)


Startpoint: _253_ (rising edge-triggered flip-flop clocked by clk)
Endpoint: reset_ctrl (output port clocked by clk)
Path Group: clk
Path Type: max

Fanout     Cap    Slew   Delay    Time   Description
-----------------------------------------------------------------------------
                  0.00    0.00    0.00   clock clk (rise edge)
                          1.30    1.30   clock network delay (ideal)
                  0.00    0.00    1.30 ^ _253_/CLK (sky130_fd_sc_hd__dfrtp_1)
     1    0.00    0.04    0.33    1.63 v _253_/Q (sky130_fd_sc_hd__dfrtp_1)
                                         net14 (net)
                  0.04    0.00    1.63 v output14/A (sky130_fd_sc_hd__buf_2)
     1    0.03    0.08    0.17    1.80 v output14/X (sky130_fd_sc_hd__buf_2)
                                         reset_ctrl (net)
                  0.08    0.00    1.80 v reset_ctrl (out)
                                  1.80   data arrival time

                  0.00   10.00   10.00   clock clk (rise edge)
                          1.30   11.30   clock network delay (ideal)
                         -0.30   11.00   clock uncertainty
                          0.00   11.00   clock reconvergence pessimism
                         -2.50    8.50   output external delay
                                  8.50   data required time
-----------------------------------------------------------------------------
                                  8.50   data required time
                                 -1.80   data arrival time
-----------------------------------------------------------------------------
                                  6.70   slack (MET)


Startpoint: _252_ (rising edge-triggered flip-flop clocked by clk)
Endpoint: retention_restore (output port clocked by clk)
Path Group: clk
Path Type: max

Fanout     Cap    Slew   Delay    Time   Description
-----------------------------------------------------------------------------
                  0.00    0.00    0.00   clock clk (rise edge)
                          1.30    1.30   clock network delay (ideal)
                  0.00    0.00    1.30 ^ _252_/CLK (sky130_fd_sc_hd__dfrtp_1)
     1    0.00    0.04    0.33    1.63 v _252_/Q (sky130_fd_sc_hd__dfrtp_1)
                                         net16 (net)
                  0.04    0.00    1.63 v output16/A (sky130_fd_sc_hd__buf_2)
     1    0.03    0.08    0.17    1.80 v output16/X (sky130_fd_sc_hd__buf_2)
                                         retention_restore (net)
                  0.08    0.00    1.80 v retention_restore (out)
                                  1.80   data arrival time

                  0.00   10.00   10.00   clock clk (rise edge)
                          1.30   11.30   clock network delay (ideal)
                         -0.30   11.00   clock uncertainty
                          0.00   11.00   clock reconvergence pessimism
                         -2.50    8.50   output external delay
                                  8.50   data required time
-----------------------------------------------------------------------------
                                  8.50   data required time
                                 -1.80   data arrival time
-----------------------------------------------------------------------------
                                  6.70   slack (MET)


Startpoint: _239_ (rising edge-triggered flip-flop clocked by clk)
Endpoint: dvfs_ctrl[1] (output port clocked by clk)
Path Group: clk
Path Type: max

Fanout     Cap    Slew   Delay    Time   Description
-----------------------------------------------------------------------------
                  0.00    0.00    0.00   clock clk (rise edge)
                          1.30    1.30   clock network delay (ideal)
                  0.00    0.00    1.30 ^ _239_/CLK (sky130_fd_sc_hd__dfstp_1)
     1    0.00    0.04    0.48    1.78 ^ _239_/Q (sky130_fd_sc_hd__dfstp_1)
                                         net9 (net)
                  0.04    0.00    1.78 ^ output9/A (sky130_fd_sc_hd__clkbuf_2)
     1    0.02    0.12    0.16    1.93 ^ output9/X (sky130_fd_sc_hd__clkbuf_2)
                                         dvfs_ctrl[1] (net)
                  0.12    0.00    1.93 ^ dvfs_ctrl[1] (out)
                                  1.93   data arrival time

                  0.00   10.00   10.00   clock clk (rise edge)
                          1.30   11.30   clock network delay (ideal)
                         -0.30   11.00   clock uncertainty
                          0.00   11.00   clock reconvergence pessimism
                         -2.00    9.00   output external delay
                                  9.00   data required time
-----------------------------------------------------------------------------
                                  9.00   data required time
                                 -1.93   data arrival time
-----------------------------------------------------------------------------
                                  7.07   slack (MET)


Startpoint: _248_ (rising edge-triggered flip-flop clocked by clk)
Endpoint: clk_gate_en (output port clocked by clk)
Path Group: clk
Path Type: max

Fanout     Cap    Slew   Delay    Time   Description
-----------------------------------------------------------------------------
                  0.00    0.00    0.00   clock clk (rise edge)
                          1.30    1.30   clock network delay (ideal)
                  0.00    0.00    1.30 ^ _248_/CLK (sky130_fd_sc_hd__dfrtp_1)
     1    0.00    0.04    0.34    1.64 v _248_/Q (sky130_fd_sc_hd__dfrtp_1)
                                         net8 (net)
                  0.04    0.00    1.64 v output8/A (sky130_fd_sc_hd__buf_4)
     1    0.05    0.08    0.18    1.82 v output8/X (sky130_fd_sc_hd__buf_4)
                                         clk_gate_en (net)
                  0.08    0.00    1.82 v clk_gate_en (out)
                                  1.82   data arrival time

                  0.00   10.00   10.00   clock clk (rise edge)
                          1.30   11.30   clock network delay (ideal)
                         -0.30   11.00   clock uncertainty
                          0.00   11.00   clock reconvergence pessimism
                         -2.00    9.00   output external delay
                                  9.00   data required time
-----------------------------------------------------------------------------
                                  9.00   data required time
                                 -1.82   data arrival time
-----------------------------------------------------------------------------
                                  7.18   slack (MET)


Startpoint: _250_ (rising edge-triggered flip-flop clocked by clk)
Endpoint: retention_en (output port clocked by clk)
Path Group: clk
Path Type: max

Fanout     Cap    Slew   Delay    Time   Description
-----------------------------------------------------------------------------
                  0.00    0.00    0.00   clock clk (rise edge)
                          1.30    1.30   clock network delay (ideal)
                  0.00    0.00    1.30 ^ _250_/CLK (sky130_fd_sc_hd__dfrtp_1)
     1    0.00    0.04    0.34    1.64 v _250_/Q (sky130_fd_sc_hd__dfrtp_1)
                                         net15 (net)
                  0.04    0.00    1.64 v output15/A (sky130_fd_sc_hd__buf_4)
     1    0.05    0.08    0.18    1.82 v output15/X (sky130_fd_sc_hd__buf_4)
                                         retention_en (net)
                  0.08    0.00    1.82 v retention_en (out)
                                  1.82   data arrival time

                  0.00   10.00   10.00   clock clk (rise edge)
                          1.30   11.30   clock network delay (ideal)
                         -0.30   11.00   clock uncertainty
                          0.00   11.00   clock reconvergence pessimism
                         -2.00    9.00   output external delay
                                  9.00   data required time
-----------------------------------------------------------------------------
                                  9.00   data required time
                                 -1.82   data arrival time
-----------------------------------------------------------------------------
                                  7.18   slack (MET)


Startpoint: _249_ (rising edge-triggered flip-flop clocked by clk)
Endpoint: pwr_gate_en (output port clocked by clk)
Path Group: clk
Path Type: max

Fanout     Cap    Slew   Delay    Time   Description
-----------------------------------------------------------------------------
                  0.00    0.00    0.00   clock clk (rise edge)
                          1.30    1.30   clock network delay (ideal)
                  0.00    0.00    1.30 ^ _249_/CLK (sky130_fd_sc_hd__dfrtp_1)
     1    0.00    0.04    0.33    1.63 v _249_/Q (sky130_fd_sc_hd__dfrtp_1)
                                         net11 (net)
                  0.04    0.00    1.63 v output11/A (sky130_fd_sc_hd__buf_4)
     1    0.05    0.08    0.18    1.82 v output11/X (sky130_fd_sc_hd__buf_4)
                                         pwr_gate_en (net)
                  0.08    0.00    1.82 v pwr_gate_en (out)
                                  1.82   data arrival time

                  0.00   10.00   10.00   clock clk (rise edge)
                          1.30   11.30   clock network delay (ideal)
                         -0.30   11.00   clock uncertainty
                          0.00   11.00   clock reconvergence pessimism
                         -2.00    9.00   output external delay
                                  9.00   data required time
-----------------------------------------------------------------------------
                                  9.00   data required time
                                 -1.82   data arrival time
-----------------------------------------------------------------------------
                                  7.18   slack (MET)


Startpoint: _254_ (rising edge-triggered flip-flop clocked by clk)
Endpoint: pwr_state[0] (output port clocked by clk)
Path Group: clk
Path Type: max

Fanout     Cap    Slew   Delay    Time   Description
-----------------------------------------------------------------------------
                  0.00    0.00    0.00   clock clk (rise edge)
                          1.30    1.30   clock network delay (ideal)
                  0.00    0.00    1.30 ^ _254_/CLK (sky130_fd_sc_hd__dfrtp_1)
     1    0.00    0.04    0.33    1.63 v _254_/Q (sky130_fd_sc_hd__dfrtp_1)
                                         net12 (net)
                  0.04    0.00    1.63 v output12/A (sky130_fd_sc_hd__clkbuf_2)
     1    0.02    0.08    0.15    1.78 v output12/X (sky130_fd_sc_hd__clkbuf_2)
                                         pwr_state[0] (net)
                  0.08    0.00    1.78 v pwr_state[0] (out)
                                  1.78   data arrival time

                  0.00   10.00   10.00   clock clk (rise edge)
                          1.30   11.30   clock network delay (ideal)
                         -0.30   11.00   clock uncertainty
                          0.00   11.00   clock reconvergence pessimism
                         -2.00    9.00   output external delay
                                  9.00   data required time
-----------------------------------------------------------------------------
                                  9.00   data required time
                                 -1.78   data arrival time
-----------------------------------------------------------------------------
                                  7.22   slack (MET)


Startpoint: _255_ (rising edge-triggered flip-flop clocked by clk)
Endpoint: pwr_state[1] (output port clocked by clk)
Path Group: clk
Path Type: max

Fanout     Cap    Slew   Delay    Time   Description
-----------------------------------------------------------------------------
                  0.00    0.00    0.00   clock clk (rise edge)
                          1.30    1.30   clock network delay (ideal)
                  0.00    0.00    1.30 ^ _255_/CLK (sky130_fd_sc_hd__dfrtp_1)
     1    0.00    0.04    0.33    1.63 v _255_/Q (sky130_fd_sc_hd__dfrtp_1)
                                         net13 (net)
                  0.04    0.00    1.63 v output13/A (sky130_fd_sc_hd__clkbuf_2)
     1    0.02    0.08    0.15    1.78 v output13/X (sky130_fd_sc_hd__clkbuf_2)
                                         pwr_state[1] (net)
                  0.08    0.00    1.78 v pwr_state[1] (out)
                                  1.78   data arrival time

                  0.00   10.00   10.00   clock clk (rise edge)
                          1.30   11.30   clock network delay (ideal)
                         -0.30   11.00   clock uncertainty
                          0.00   11.00   clock reconvergence pessimism
                         -2.00    9.00   output external delay
                                  9.00   data required time
-----------------------------------------------------------------------------
                                  9.00   data required time
                                 -1.78   data arrival time
-----------------------------------------------------------------------------
                                  7.22   slack (MET)


Startpoint: wake_up (input port clocked by clk)
Endpoint: _259_ (rising edge-triggered flip-flop clocked by clk)
Path Group: clk
Path Type: max

Fanout     Cap    Slew   Delay    Time   Description
-----------------------------------------------------------------------------
                  0.00    0.00    0.00   clock clk (rise edge)
                          1.30    1.30   clock network delay (ideal)
                          2.00    3.30 v input external delay
     1    0.00    0.02    0.01    3.31 v wake_up (in)
                                         wake_up (net)
                  0.02    0.00    3.31 v input7/A (sky130_fd_sc_hd__clkbuf_1)
     1    0.00    0.03    0.08    3.39 v input7/X (sky130_fd_sc_hd__clkbuf_1)
                                         net7 (net)
                  0.03    0.00    3.39 v _259_/D (sky130_fd_sc_hd__dfrtp_1)
                                  3.39   data arrival time

                  0.00   10.00   10.00   clock clk (rise edge)
                          1.30   11.30   clock network delay (ideal)
                         -0.30   11.00   clock uncertainty
                          0.00   11.00   clock reconvergence pessimism
                                 11.00 ^ _259_/CLK (sky130_fd_sc_hd__dfrtp_1)
                         -0.12   10.88   library setup time
                                 10.88   data required time
-----------------------------------------------------------------------------
                                 10.88   data required time
                                 -3.39   data arrival time
-----------------------------------------------------------------------------
                                  7.50   slack (MET)


Startpoint: req_sleep (input port clocked by clk)
Endpoint: _261_ (rising edge-triggered flip-flop clocked by clk)
Path Group: clk
Path Type: max

Fanout     Cap    Slew   Delay    Time   Description
-----------------------------------------------------------------------------
                  0.00    0.00    0.00   clock clk (rise edge)
                          1.30    1.30   clock network delay (ideal)
                          2.00    3.30 v input external delay
     1    0.00    0.02    0.01    3.31 v req_sleep (in)
                                         req_sleep (net)
                  0.02    0.00    3.31 v input5/A (sky130_fd_sc_hd__clkbuf_1)
     1    0.00    0.03    0.08    3.38 v input5/X (sky130_fd_sc_hd__clkbuf_1)
                                         net5 (net)
                  0.03    0.00    3.38 v _261_/D (sky130_fd_sc_hd__dfrtp_1)
                                  3.38   data arrival time

                  0.00   10.00   10.00   clock clk (rise edge)
                          1.30   11.30   clock network delay (ideal)
                         -0.30   11.00   clock uncertainty
                          0.00   11.00   clock reconvergence pessimism
                                 11.00 ^ _261_/CLK (sky130_fd_sc_hd__dfrtp_1)
                         -0.12   10.88   library setup time
                                 10.88   data required time
-----------------------------------------------------------------------------
                                 10.88   data required time
                                 -3.38   data arrival time
-----------------------------------------------------------------------------
                                  7.50   slack (MET)


Startpoint: req_off (input port clocked by clk)
Endpoint: _260_ (rising edge-triggered flip-flop clocked by clk)
Path Group: clk
Path Type: max

Fanout     Cap    Slew   Delay    Time   Description
-----------------------------------------------------------------------------
                  0.00    0.00    0.00   clock clk (rise edge)
                          1.30    1.30   clock network delay (ideal)
                          2.00    3.30 v input external delay
     1    0.00    0.02    0.01    3.31 v req_off (in)
                                         req_off (net)
                  0.02    0.00    3.31 v input4/A (sky130_fd_sc_hd__clkbuf_1)
     1    0.00    0.02    0.07    3.38 v input4/X (sky130_fd_sc_hd__clkbuf_1)
                                         net4 (net)
                  0.02    0.00    3.38 v _260_/D (sky130_fd_sc_hd__dfrtp_1)
                                  3.38   data arrival time

                  0.00   10.00   10.00   clock clk (rise edge)
                          1.30   11.30   clock network delay (ideal)
                         -0.30   11.00   clock uncertainty
                          0.00   11.00   clock reconvergence pessimism
                                 11.00 ^ _260_/CLK (sky130_fd_sc_hd__dfrtp_1)
                         -0.12   10.88   library setup time
                                 10.88   data required time
-----------------------------------------------------------------------------
                                 10.88   data required time
                                 -3.38   data arrival time
-----------------------------------------------------------------------------
                                  7.50   slack (MET)


Startpoint: req_idle (input port clocked by clk)
Endpoint: _262_ (rising edge-triggered flip-flop clocked by clk)
Path Group: clk
Path Type: max

Fanout     Cap    Slew   Delay    Time   Description
-----------------------------------------------------------------------------
                  0.00    0.00    0.00   clock clk (rise edge)
                          1.30    1.30   clock network delay (ideal)
                          2.00    3.30 v input external delay
     1    0.00    0.02    0.01    3.31 v req_idle (in)
                                         req_idle (net)
                  0.02    0.00    3.31 v input3/A (sky130_fd_sc_hd__clkbuf_1)
     1    0.00    0.02    0.07    3.38 v input3/X (sky130_fd_sc_hd__clkbuf_1)
                                         net3 (net)
                  0.02    0.00    3.38 v _262_/D (sky130_fd_sc_hd__dfrtp_1)
                                  3.38   data arrival time

                  0.00   10.00   10.00   clock clk (rise edge)
                          1.30   11.30   clock network delay (ideal)
                         -0.30   11.00   clock uncertainty
                          0.00   11.00   clock reconvergence pessimism
                                 11.00 ^ _262_/CLK (sky130_fd_sc_hd__dfrtp_1)
                         -0.12   10.88   library setup time
                                 10.88   data required time
-----------------------------------------------------------------------------
                                 10.88   data required time
                                 -3.38   data arrival time
-----------------------------------------------------------------------------
                                  7.50   slack (MET)


Startpoint: _258_ (rising edge-triggered flip-flop clocked by clk)
Endpoint: _255_ (rising edge-triggered flip-flop clocked by clk)
Path Group: clk
Path Type: max

Fanout     Cap    Slew   Delay    Time   Description
-----------------------------------------------------------------------------
                  0.00    0.00    0.00   clock clk (rise edge)
                          1.30    1.30   clock network delay (ideal)
                  0.00    0.00    1.30 ^ _258_/CLK (sky130_fd_sc_hd__dfrtp_4)
     8    0.03    0.10    0.50    1.80 v _258_/Q (sky130_fd_sc_hd__dfrtp_4)
                                         curr_state[2] (net)
                  0.10    0.00    1.80 v _124_/A (sky130_fd_sc_hd__inv_6)
     6    0.02    0.05    0.08    1.89 ^ _124_/Y (sky130_fd_sc_hd__inv_6)
                                         _064_ (net)
                  0.05    0.00    1.89 ^ _125_/B (sky130_fd_sc_hd__nor2_1)
     3    0.01    0.05    0.05    1.94 v _125_/Y (sky130_fd_sc_hd__nor2_1)
                                         _065_ (net)
                  0.05    0.00    1.94 v _170_/A (sky130_fd_sc_hd__and2_1)
     3    0.01    0.06    0.16    2.10 v _170_/X (sky130_fd_sc_hd__and2_1)
                                         _107_ (net)
                  0.06    0.00    2.10 v _193_/B (sky130_fd_sc_hd__nor2_1)
     2    0.00    0.10    0.10    2.20 ^ _193_/Y (sky130_fd_sc_hd__nor2_1)
                                         _024_ (net)
                  0.10    0.00    2.20 ^ _194_/C_N (sky130_fd_sc_hd__or3b_1)
     1    0.00    0.08    0.36    2.56 v _194_/X (sky130_fd_sc_hd__or3b_1)
                                         _025_ (net)
                  0.08    0.00    2.56 v _195_/A (sky130_fd_sc_hd__clkbuf_1)
     1    0.00    0.02    0.10    2.66 v _195_/X (sky130_fd_sc_hd__clkbuf_1)
                                         _113_ (net)
                  0.02    0.00    2.66 v _255_/D (sky130_fd_sc_hd__dfrtp_1)
                                  2.66   data arrival time

                  0.00   10.00   10.00   clock clk (rise edge)
                          1.30   11.30   clock network delay (ideal)
                         -0.30   11.00   clock uncertainty
                          0.00   11.00   clock reconvergence pessimism
                                 11.00 ^ _255_/CLK (sky130_fd_sc_hd__dfrtp_1)
                         -0.12   10.88   library setup time
                                 10.88   data required time
-----------------------------------------------------------------------------
                                 10.88   data required time
                                 -2.66   data arrival time
-----------------------------------------------------------------------------
                                  8.22   slack (MET)


Startpoint: _246_ (rising edge-triggered flip-flop clocked by clk)
Endpoint: _250_ (rising edge-triggered flip-flop clocked by clk)
Path Group: clk
Path Type: max

Fanout     Cap    Slew   Delay    Time   Description
-----------------------------------------------------------------------------
                  0.00    0.00    0.00   clock clk (rise edge)
                          1.30    1.30   clock network delay (ideal)
                  0.00    0.00    1.30 ^ _246_/CLK (sky130_fd_sc_hd__dfrtp_1)
     3    0.01    0.06    0.36    1.66 v _246_/Q (sky130_fd_sc_hd__dfrtp_1)
                                         seq_timer[6] (net)
                  0.06    0.00    1.66 v _121_/A (sky130_fd_sc_hd__nor2_1)
     2    0.01    0.13    0.14    1.80 ^ _121_/Y (sky130_fd_sc_hd__nor2_1)
                                         _061_ (net)
                  0.13    0.00    1.80 ^ _134_/B (sky130_fd_sc_hd__nand3_1)
     2    0.00    0.07    0.10    1.90 v _134_/Y (sky130_fd_sc_hd__nand3_1)
                                         _074_ (net)
                  0.07    0.00    1.90 v _135_/C (sky130_fd_sc_hd__or3_1)
     1    0.01    0.08    0.33    2.23 v _135_/X (sky130_fd_sc_hd__or3_1)
                                         _075_ (net)
                  0.08    0.00    2.23 v _136_/A (sky130_fd_sc_hd__inv_2)
     3    0.01    0.05    0.07    2.31 ^ _136_/Y (sky130_fd_sc_hd__inv_2)
                                         _076_ (net)
                  0.05    0.00    2.31 ^ _197_/A2 (sky130_fd_sc_hd__o21ai_1)
     1    0.00    0.05    0.06    2.36 v _197_/Y (sky130_fd_sc_hd__o21ai_1)
                                         _116_ (net)
                  0.05    0.00    2.36 v _250_/D (sky130_fd_sc_hd__dfrtp_1)
                                  2.36   data arrival time

                  0.00   10.00   10.00   clock clk (rise edge)
                          1.30   11.30   clock network delay (ideal)
                         -0.30   11.00   clock uncertainty
                          0.00   11.00   clock reconvergence pessimism
                                 11.00 ^ _250_/CLK (sky130_fd_sc_hd__dfrtp_1)
                         -0.13   10.87   library setup time
                                 10.87   data required time
-----------------------------------------------------------------------------
                                 10.87   data required time
                                 -2.36   data arrival time
-----------------------------------------------------------------------------
                                  8.51   slack (MET)


Startpoint: _246_ (rising edge-triggered flip-flop clocked by clk)
Endpoint: _253_ (rising edge-triggered flip-flop clocked by clk)
Path Group: clk
Path Type: max

Fanout     Cap    Slew   Delay    Time   Description
-----------------------------------------------------------------------------
                  0.00    0.00    0.00   clock clk (rise edge)
                          1.30    1.30   clock network delay (ideal)
                  0.00    0.00    1.30 ^ _246_/CLK (sky130_fd_sc_hd__dfrtp_1)
     3    0.01    0.06    0.36    1.66 v _246_/Q (sky130_fd_sc_hd__dfrtp_1)
                                         seq_timer[6] (net)
                  0.06    0.00    1.66 v _121_/A (sky130_fd_sc_hd__nor2_1)
     2    0.01    0.13    0.14    1.80 ^ _121_/Y (sky130_fd_sc_hd__nor2_1)
                                         _061_ (net)
                  0.13    0.00    1.80 ^ _134_/B (sky130_fd_sc_hd__nand3_1)
     2    0.00    0.07    0.10    1.90 v _134_/Y (sky130_fd_sc_hd__nand3_1)
                                         _074_ (net)
                  0.07    0.00    1.90 v _135_/C (sky130_fd_sc_hd__or3_1)
     1    0.01    0.08    0.33    2.23 v _135_/X (sky130_fd_sc_hd__or3_1)
                                         _075_ (net)
                  0.08    0.00    2.23 v _136_/A (sky130_fd_sc_hd__inv_2)
     3    0.01    0.05    0.07    2.31 ^ _136_/Y (sky130_fd_sc_hd__inv_2)
                                         _076_ (net)
                  0.05    0.00    2.31 ^ _196_/A1 (sky130_fd_sc_hd__a21o_1)
     1    0.00    0.03    0.10    2.40 ^ _196_/X (sky130_fd_sc_hd__a21o_1)
                                         _115_ (net)
                  0.03    0.00    2.40 ^ _253_/D (sky130_fd_sc_hd__dfrtp_1)
                                  2.40   data arrival time

                  0.00   10.00   10.00   clock clk (rise edge)
                          1.30   11.30   clock network delay (ideal)
                         -0.30   11.00   clock uncertainty
                          0.00   11.00   clock reconvergence pessimism
                                 11.00 ^ _253_/CLK (sky130_fd_sc_hd__dfrtp_1)
                         -0.06   10.94   library setup time
                                 10.94   data required time
-----------------------------------------------------------------------------
                                 10.94   data required time
                                 -2.40   data arrival time
-----------------------------------------------------------------------------
                                  8.53   slack (MET)


Startpoint: _246_ (rising edge-triggered flip-flop clocked by clk)
Endpoint: _252_ (rising edge-triggered flip-flop clocked by clk)
Path Group: clk
Path Type: max

Fanout     Cap    Slew   Delay    Time   Description
-----------------------------------------------------------------------------
                  0.00    0.00    0.00   clock clk (rise edge)
                          1.30    1.30   clock network delay (ideal)
                  0.00    0.00    1.30 ^ _246_/CLK (sky130_fd_sc_hd__dfrtp_1)
     3    0.01    0.06    0.36    1.66 v _246_/Q (sky130_fd_sc_hd__dfrtp_1)
                                         seq_timer[6] (net)
                  0.06    0.00    1.66 v _121_/A (sky130_fd_sc_hd__nor2_1)
     2    0.01    0.13    0.14    1.80 ^ _121_/Y (sky130_fd_sc_hd__nor2_1)
                                         _061_ (net)
                  0.13    0.00    1.80 ^ _134_/B (sky130_fd_sc_hd__nand3_1)
     2    0.00    0.07    0.10    1.90 v _134_/Y (sky130_fd_sc_hd__nand3_1)
                                         _074_ (net)
                  0.07    0.00    1.90 v _135_/C (sky130_fd_sc_hd__or3_1)
     1    0.01    0.08    0.33    2.23 v _135_/X (sky130_fd_sc_hd__or3_1)
                                         _075_ (net)
                  0.08    0.00    2.23 v _136_/A (sky130_fd_sc_hd__inv_2)
     3    0.01    0.05    0.07    2.31 ^ _136_/Y (sky130_fd_sc_hd__inv_2)
                                         _076_ (net)
                  0.05    0.00    2.31 ^ _137_/B (sky130_fd_sc_hd__nor2_1)
     1    0.00    0.03    0.04    2.34 v _137_/Y (sky130_fd_sc_hd__nor2_1)
                                         _114_ (net)
                  0.03    0.00    2.34 v _252_/D (sky130_fd_sc_hd__dfrtp_1)
                                  2.34   data arrival time

                  0.00   10.00   10.00   clock clk (rise edge)
                          1.30   11.30   clock network delay (ideal)
                         -0.30   11.00   clock uncertainty
                          0.00   11.00   clock reconvergence pessimism
                                 11.00 ^ _252_/CLK (sky130_fd_sc_hd__dfrtp_1)
                         -0.12   10.88   library setup time
                                 10.88   data required time
-----------------------------------------------------------------------------
                                 10.88   data required time
                                 -2.34   data arrival time
-----------------------------------------------------------------------------
                                  8.54   slack (MET)


Startpoint: _256_ (rising edge-triggered flip-flop clocked by clk)
Endpoint: _256_ (rising edge-triggered flip-flop clocked by clk)
Path Group: clk
Path Type: max

Fanout     Cap    Slew   Delay    Time   Description
-----------------------------------------------------------------------------
                  0.00    0.00    0.00   clock clk (rise edge)
                          1.30    1.30   clock network delay (ideal)
                  0.00    0.00    1.30 ^ _256_/CLK (sky130_fd_sc_hd__dfrtp_4)
     8    0.02    0.08    0.49    1.79 v _256_/Q (sky130_fd_sc_hd__dfrtp_4)
                                         curr_state[0] (net)
                  0.08    0.00    1.79 v _138_/A (sky130_fd_sc_hd__nand2_1)
     3    0.01    0.12    0.13    1.91 ^ _138_/Y (sky130_fd_sc_hd__nand2_1)
                                         _077_ (net)
                  0.12    0.00    1.91 ^ _142_/B1 (sky130_fd_sc_hd__o21a_1)
     1    0.00    0.04    0.13    2.04 ^ _142_/X (sky130_fd_sc_hd__o21a_1)
                                         _080_ (net)
                  0.04    0.00    2.04 ^ _149_/A (sky130_fd_sc_hd__nand2_1)
     1    0.00    0.03    0.04    2.08 v _149_/Y (sky130_fd_sc_hd__nand2_1)
                                         _087_ (net)
                  0.03    0.00    2.08 v _151_/A (sky130_fd_sc_hd__nand2_1)
     1    0.00    0.05    0.05    2.13 ^ _151_/Y (sky130_fd_sc_hd__nand2_1)
                                         _089_ (net)
                  0.05    0.00    2.13 ^ _154_/A (sky130_fd_sc_hd__nand2_1)
     2    0.00    0.05    0.06    2.19 v _154_/Y (sky130_fd_sc_hd__nand2_1)
                                         _092_ (net)
                  0.05    0.00    2.19 v _156_/A (sky130_fd_sc_hd__nand2_1)
     2    0.01    0.08    0.09    2.28 ^ _156_/Y (sky130_fd_sc_hd__nand2_1)
                                         _094_ (net)
                  0.08    0.00    2.28 ^ _157_/A (sky130_fd_sc_hd__inv_2)
     1    0.00    0.02    0.03    2.31 v _157_/Y (sky130_fd_sc_hd__inv_2)
                                         next_state[0] (net)
                  0.02    0.00    2.31 v _256_/D (sky130_fd_sc_hd__dfrtp_4)
                                  2.31   data arrival time

                  0.00   10.00   10.00   clock clk (rise edge)
                          1.30   11.30   clock network delay (ideal)
                         -0.30   11.00   clock uncertainty
                          0.00   11.00   clock reconvergence pessimism
                                 11.00 ^ _256_/CLK (sky130_fd_sc_hd__dfrtp_4)
                         -0.11   10.89   library setup time
                                 10.89   data required time
-----------------------------------------------------------------------------
                                 10.89   data required time
                                 -2.31   data arrival time
-----------------------------------------------------------------------------
                                  8.58   slack (MET)


Startpoint: _246_ (rising edge-triggered flip-flop clocked by clk)
Endpoint: _251_ (rising edge-triggered flip-flop clocked by clk)
Path Group: clk
Path Type: max

Fanout     Cap    Slew   Delay    Time   Description
-----------------------------------------------------------------------------
                  0.00    0.00    0.00   clock clk (rise edge)
                          1.30    1.30   clock network delay (ideal)
                  0.00    0.00    1.30 ^ _246_/CLK (sky130_fd_sc_hd__dfrtp_1)
     3    0.01    0.06    0.36    1.66 v _246_/Q (sky130_fd_sc_hd__dfrtp_1)
                                         seq_timer[6] (net)
                  0.06    0.00    1.66 v _121_/A (sky130_fd_sc_hd__nor2_1)
     2    0.01    0.13    0.14    1.80 ^ _121_/Y (sky130_fd_sc_hd__nor2_1)
                                         _061_ (net)
                  0.13    0.00    1.80 ^ _122_/B (sky130_fd_sc_hd__nand2_1)
     3    0.01    0.07    0.10    1.90 v _122_/Y (sky130_fd_sc_hd__nand2_1)
                                         _062_ (net)
                  0.07    0.00    1.90 v _123_/B (sky130_fd_sc_hd__nor2_1)
     3    0.01    0.19    0.17    2.08 ^ _123_/Y (sky130_fd_sc_hd__nor2_1)
                                         _063_ (net)
                  0.19    0.00    2.08 ^ _198_/C1 (sky130_fd_sc_hd__o211a_1)
     1    0.00    0.05    0.18    2.25 ^ _198_/X (sky130_fd_sc_hd__o211a_1)
                                         _003_ (net)
                  0.05    0.00    2.25 ^ _251_/D (sky130_fd_sc_hd__dfrtp_1)
                                  2.25   data arrival time

                  0.00   10.00   10.00   clock clk (rise edge)
                          1.30   11.30   clock network delay (ideal)
                         -0.30   11.00   clock uncertainty
                          0.00   11.00   clock reconvergence pessimism
                                 11.00 ^ _251_/CLK (sky130_fd_sc_hd__dfrtp_1)
                         -0.07   10.93   library setup time
                                 10.93   data required time
-----------------------------------------------------------------------------
                                 10.93   data required time
                                 -2.25   data arrival time
-----------------------------------------------------------------------------
                                  8.68   slack (MET)


Startpoint: _258_ (rising edge-triggered flip-flop clocked by clk)
Endpoint: _239_ (rising edge-triggered flip-flop clocked by clk)
Path Group: clk
Path Type: max

Fanout     Cap    Slew   Delay    Time   Description
-----------------------------------------------------------------------------
                  0.00    0.00    0.00   clock clk (rise edge)
                          1.30    1.30   clock network delay (ideal)
                  0.00    0.00    1.30 ^ _258_/CLK (sky130_fd_sc_hd__dfrtp_4)
     8    0.03    0.10    0.50    1.80 v _258_/Q (sky130_fd_sc_hd__dfrtp_4)
                                         curr_state[2] (net)
                  0.10    0.00    1.80 v _124_/A (sky130_fd_sc_hd__inv_6)
     6    0.02    0.05    0.08    1.89 ^ _124_/Y (sky130_fd_sc_hd__inv_6)
                                         _064_ (net)
                  0.05    0.00    1.89 ^ _180_/A (sky130_fd_sc_hd__nand2_1)
     2    0.01    0.07    0.07    1.96 v _180_/Y (sky130_fd_sc_hd__nand2_1)
                                         _016_ (net)
                  0.07    0.00    1.96 v _189_/B (sky130_fd_sc_hd__nor2_1)
     2    0.01    0.17    0.16    2.12 ^ _189_/Y (sky130_fd_sc_hd__nor2_1)
                                         _022_ (net)
                  0.17    0.00    2.12 ^ _190_/A (sky130_fd_sc_hd__inv_2)
     1    0.00    0.03    0.04    2.16 v _190_/Y (sky130_fd_sc_hd__inv_2)
                                         _001_ (net)
                  0.03    0.00    2.16 v _239_/D (sky130_fd_sc_hd__dfstp_1)
                                  2.16   data arrival time

                  0.00   10.00   10.00   clock clk (rise edge)
                          1.30   11.30   clock network delay (ideal)
                         -0.30   11.00   clock uncertainty
                          0.00   11.00   clock reconvergence pessimism
                                 11.00 ^ _239_/CLK (sky130_fd_sc_hd__dfstp_1)
                         -0.07   10.93   library setup time
                                 10.93   data required time
-----------------------------------------------------------------------------
                                 10.93   data required time
                                 -2.16   data arrival time
-----------------------------------------------------------------------------
                                  8.76   slack (MET)


Startpoint: _257_ (rising edge-triggered flip-flop clocked by clk)
Endpoint: _248_ (rising edge-triggered flip-flop clocked by clk)
Path Group: clk
Path Type: max

Fanout     Cap    Slew   Delay    Time   Description
-----------------------------------------------------------------------------
                  0.00    0.00    0.00   clock clk (rise edge)
                          1.30    1.30   clock network delay (ideal)
                  0.00    0.00    1.30 ^ _257_/CLK (sky130_fd_sc_hd__dfrtp_1)
     3    0.01    0.07    0.37    1.67 v _257_/Q (sky130_fd_sc_hd__dfrtp_1)
                                         curr_state[1] (net)
                  0.07    0.00    1.67 v _126_/A (sky130_fd_sc_hd__clkbuf_2)
     8    0.02    0.09    0.17    1.84 v _126_/X (sky130_fd_sc_hd__clkbuf_2)
                                         _066_ (net)
                  0.09    0.00    1.84 v _188_/A2 (sky130_fd_sc_hd__o21a_1)
     1    0.00    0.03    0.18    2.02 v _188_/X (sky130_fd_sc_hd__o21a_1)
                                         _000_ (net)
                  0.03    0.00    2.02 v _248_/D (sky130_fd_sc_hd__dfrtp_1)
                                  2.02   data arrival time

                  0.00   10.00   10.00   clock clk (rise edge)
                          1.30   11.30   clock network delay (ideal)
                         -0.30   11.00   clock uncertainty
                          0.00   11.00   clock reconvergence pessimism
                                 11.00 ^ _248_/CLK (sky130_fd_sc_hd__dfrtp_1)
                         -0.12   10.88   library setup time
                                 10.88   data required time
-----------------------------------------------------------------------------
                                 10.88   data required time
                                 -2.02   data arrival time
-----------------------------------------------------------------------------
                                  8.86   slack (MET)


Startpoint: _257_ (rising edge-triggered flip-flop clocked by clk)
Endpoint: _254_ (rising edge-triggered flip-flop clocked by clk)
Path Group: clk
Path Type: max

Fanout     Cap    Slew   Delay    Time   Description
-----------------------------------------------------------------------------
                  0.00    0.00    0.00   clock clk (rise edge)
                          1.30    1.30   clock network delay (ideal)
                  0.00    0.00    1.30 ^ _257_/CLK (sky130_fd_sc_hd__dfrtp_1)
     3    0.01    0.07    0.37    1.67 v _257_/Q (sky130_fd_sc_hd__dfrtp_1)
                                         curr_state[1] (net)
                  0.07    0.00    1.67 v _126_/A (sky130_fd_sc_hd__clkbuf_2)
     8    0.02    0.09    0.17    1.84 v _126_/X (sky130_fd_sc_hd__clkbuf_2)
                                         _066_ (net)
                  0.09    0.00    1.84 v _191_/A2 (sky130_fd_sc_hd__a21oi_1)
     1    0.00    0.14    0.18    2.02 ^ _191_/Y (sky130_fd_sc_hd__a21oi_1)
                                         _112_ (net)
                  0.14    0.00    2.02 ^ _254_/D (sky130_fd_sc_hd__dfrtp_1)
                                  2.02   data arrival time

                  0.00   10.00   10.00   clock clk (rise edge)
                          1.30   11.30   clock network delay (ideal)
                         -0.30   11.00   clock uncertainty
                          0.00   11.00   clock reconvergence pessimism
                                 11.00 ^ _254_/CLK (sky130_fd_sc_hd__dfrtp_1)
                         -0.09   10.91   library setup time
                                 10.91   data required time
-----------------------------------------------------------------------------
                                 10.91   data required time
                                 -2.02   data arrival time
-----------------------------------------------------------------------------
                                  8.89   slack (MET)


Startpoint: _258_ (rising edge-triggered flip-flop clocked by clk)
Endpoint: _249_ (rising edge-triggered flip-flop clocked by clk)
Path Group: clk
Path Type: max

Fanout     Cap    Slew   Delay    Time   Description
-----------------------------------------------------------------------------
                  0.00    0.00    0.00   clock clk (rise edge)
                          1.30    1.30   clock network delay (ideal)
                  0.00    0.00    1.30 ^ _258_/CLK (sky130_fd_sc_hd__dfrtp_4)
     8    0.03    0.10    0.50    1.80 v _258_/Q (sky130_fd_sc_hd__dfrtp_4)
                                         curr_state[2] (net)
                  0.10    0.00    1.80 v _183_/A (sky130_fd_sc_hd__nor2_1)
     2    0.01    0.14    0.16    1.96 ^ _183_/Y (sky130_fd_sc_hd__nor2_1)
                                         _002_ (net)
                  0.14    0.00    1.96 ^ _249_/D (sky130_fd_sc_hd__dfrtp_1)
                                  1.96   data arrival time

                  0.00   10.00   10.00   clock clk (rise edge)
                          1.30   11.30   clock network delay (ideal)
                         -0.30   11.00   clock uncertainty
                          0.00   11.00   clock reconvergence pessimism
                                 11.00 ^ _249_/CLK (sky130_fd_sc_hd__dfrtp_1)
                         -0.09   10.91   library setup time
                                 10.91   data required time
-----------------------------------------------------------------------------
                                 10.91   data required time
                                 -1.96   data arrival time
-----------------------------------------------------------------------------
                                  8.95   slack (MET)


Startpoint: _259_ (rising edge-triggered flip-flop clocked by clk)
Endpoint: _263_ (rising edge-triggered flip-flop clocked by clk)
Path Group: clk
Path Type: max

Fanout     Cap    Slew   Delay    Time   Description
-----------------------------------------------------------------------------
                  0.00    0.00    0.00   clock clk (rise edge)
                          1.30    1.30   clock network delay (ideal)
                  0.00    0.00    1.30 ^ _259_/CLK (sky130_fd_sc_hd__dfrtp_1)
     1    0.00    0.04    0.34    1.64 v _259_/Q (sky130_fd_sc_hd__dfrtp_1)
                                         sync_stage1[0] (net)
                  0.04    0.00    1.64 v _263_/D (sky130_fd_sc_hd__dfrtp_1)
                                  1.64   data arrival time

                  0.00   10.00   10.00   clock clk (rise edge)
                          1.30   11.30   clock network delay (ideal)
                         -0.30   11.00   clock uncertainty
                          0.00   11.00   clock reconvergence pessimism
                                 11.00 ^ _263_/CLK (sky130_fd_sc_hd__dfrtp_1)
                         -0.12   10.88   library setup time
                                 10.88   data required time
-----------------------------------------------------------------------------
                                 10.88   data required time
                                 -1.64   data arrival time
-----------------------------------------------------------------------------
                                  9.24   slack (MET)


Startpoint: _260_ (rising edge-triggered flip-flop clocked by clk)
Endpoint: _264_ (rising edge-triggered flip-flop clocked by clk)
Path Group: clk
Path Type: max

Fanout     Cap    Slew   Delay    Time   Description
-----------------------------------------------------------------------------
                  0.00    0.00    0.00   clock clk (rise edge)
                          1.30    1.30   clock network delay (ideal)
                  0.00    0.00    1.30 ^ _260_/CLK (sky130_fd_sc_hd__dfrtp_1)
     1    0.00    0.04    0.33    1.63 v _260_/Q (sky130_fd_sc_hd__dfrtp_1)
                                         sync_stage1[1] (net)
                  0.04    0.00    1.63 v _264_/D (sky130_fd_sc_hd__dfrtp_1)
                                  1.63   data arrival time

                  0.00   10.00   10.00   clock clk (rise edge)
                          1.30   11.30   clock network delay (ideal)
                         -0.30   11.00   clock uncertainty
                          0.00   11.00   clock reconvergence pessimism
                                 11.00 ^ _264_/CLK (sky130_fd_sc_hd__dfrtp_1)
                         -0.12   10.88   library setup time
                                 10.88   data required time
-----------------------------------------------------------------------------
                                 10.88   data required time
                                 -1.63   data arrival time
-----------------------------------------------------------------------------
                                  9.25   slack (MET)


Startpoint: _261_ (rising edge-triggered flip-flop clocked by clk)
Endpoint: _265_ (rising edge-triggered flip-flop clocked by clk)
Path Group: clk
Path Type: max

Fanout     Cap    Slew   Delay    Time   Description
-----------------------------------------------------------------------------
                  0.00    0.00    0.00   clock clk (rise edge)
                          1.30    1.30   clock network delay (ideal)
                  0.00    0.00    1.30 ^ _261_/CLK (sky130_fd_sc_hd__dfrtp_1)
     1    0.00    0.04    0.33    1.63 v _261_/Q (sky130_fd_sc_hd__dfrtp_1)
                                         sync_stage1[2] (net)
                  0.04    0.00    1.63 v _265_/D (sky130_fd_sc_hd__dfrtp_1)
                                  1.63   data arrival time

                  0.00   10.00   10.00   clock clk (rise edge)
                          1.30   11.30   clock network delay (ideal)
                         -0.30   11.00   clock uncertainty
                          0.00   11.00   clock reconvergence pessimism
                                 11.00 ^ _265_/CLK (sky130_fd_sc_hd__dfrtp_1)
                         -0.12   10.88   library setup time
                                 10.88   data required time
-----------------------------------------------------------------------------
                                 10.88   data required time
                                 -1.63   data arrival time
-----------------------------------------------------------------------------
                                  9.25   slack (MET)


Startpoint: _262_ (rising edge-triggered flip-flop clocked by clk)
Endpoint: _266_ (rising edge-triggered flip-flop clocked by clk)
Path Group: clk
Path Type: max

Fanout     Cap    Slew   Delay    Time   Description
-----------------------------------------------------------------------------
                  0.00    0.00    0.00   clock clk (rise edge)
                          1.30    1.30   clock network delay (ideal)
                  0.00    0.00    1.30 ^ _262_/CLK (sky130_fd_sc_hd__dfrtp_1)
     1    0.00    0.04    0.33    1.63 v _262_/Q (sky130_fd_sc_hd__dfrtp_1)
                                         sync_stage1[3] (net)
                  0.04    0.00    1.63 v _266_/D (sky130_fd_sc_hd__dfrtp_1)
                                  1.63   data arrival time

                  0.00   10.00   10.00   clock clk (rise edge)
                          1.30   11.30   clock network delay (ideal)
                         -0.30   11.00   clock uncertainty
                          0.00   11.00   clock reconvergence pessimism
                                 11.00 ^ _266_/CLK (sky130_fd_sc_hd__dfrtp_1)
                         -0.12   10.88   library setup time
                                 10.88   data required time
-----------------------------------------------------------------------------
                                 10.88   data required time
                                 -1.63   data arrival time
-----------------------------------------------------------------------------
                                  9.25   slack (MET)



worst slack corner Typical: 3.9525
max_report_end
checks_report

===========================================================================
report_checks -unconstrained
===========================================================================
======================= Typical Corner ===================================

Startpoint: retention_ready (input port clocked by clk)
Endpoint: error (output port clocked by clk)
Path Group: clk
Path Type: max

Fanout     Cap    Slew   Delay    Time   Description
-----------------------------------------------------------------------------
                  0.00    0.00    0.00   clock clk (rise edge)
                          1.30    1.30   clock network delay (ideal)
                          3.00    4.30 v input external delay
     1    0.00    0.02    0.01    4.31 v retention_ready (in)
                                         retention_ready (net)
                  0.02    0.00    4.31 v input6/A (sky130_fd_sc_hd__buf_1)
     1    0.01    0.05    0.10    4.41 v input6/X (sky130_fd_sc_hd__buf_1)
                                         net6 (net)
                  0.05    0.00    4.41 v _164_/A (sky130_fd_sc_hd__inv_2)
     3    0.01    0.05    0.06    4.47 ^ _164_/Y (sky130_fd_sc_hd__inv_2)
                                         _101_ (net)
                  0.05    0.00    4.47 ^ _199_/B (sky130_fd_sc_hd__nand2_1)
     1    0.00    0.05    0.05    4.51 v _199_/Y (sky130_fd_sc_hd__nand2_1)
                                         _026_ (net)
                  0.05    0.00    4.51 v _200_/B1 (sky130_fd_sc_hd__a211oi_1)
     1    0.00    0.23    0.24    4.75 ^ _200_/Y (sky130_fd_sc_hd__a211oi_1)
                                         net10 (net)
                  0.23    0.00    4.75 ^ wire19/A (sky130_fd_sc_hd__clkbuf_1)
     1    0.00    0.06    0.13    4.88 ^ wire19/X (sky130_fd_sc_hd__clkbuf_1)
                                         net19 (net)
                  0.06    0.00    4.88 ^ output10/A (sky130_fd_sc_hd__clkbuf_2)
     1    0.02    0.12    0.17    5.05 ^ output10/X (sky130_fd_sc_hd__clkbuf_2)
                                         error (net)
                  0.12    0.00    5.05 ^ error (out)
                                  5.05   data arrival time

                  0.00   10.00   10.00   clock clk (rise edge)
                          1.30   11.30   clock network delay (ideal)
                         -0.30   11.00   clock uncertainty
                          0.00   11.00   clock reconvergence pessimism
                         -2.00    9.00   output external delay
                                  9.00   data required time
-----------------------------------------------------------------------------
                                  9.00   data required time
                                 -5.05   data arrival time
-----------------------------------------------------------------------------
                                  3.95   slack (MET)




===========================================================================
report_checks --slack_max -0.01
============================================================================
======================= Typical Corner ===================================

No paths found.


===========================================================================
 report_check_types -max_slew -max_cap -max_fanout -violators
============================================================================
======================= Typical Corner ===================================


max slew violations count Typical: 0
max fanout violations count Typical: 0
max cap violations count Typical: 0

===========================================================================
report_parasitic_annotation -report_unannotated
============================================================================
Found 2 unannotated drivers.
 clk
 pmu_fsm_21/LO
Found 0 partially unannotated drivers.

===========================================================================
max slew violation count 0
max fanout violation count 0
max cap violation count 0
============================================================================

===========================================================================
check_setup -verbose -unconstrained_endpoints -multiple_clock -no_clock -no_input_delay -loops -generated_clocks
===========================================================================
Warning: There is 1 unconstrained endpoint.
  dvfs_ctrl[0]
checks_report_end
power_report

===========================================================================
 report_power
============================================================================
======================= Typical Corner ===================================

Group                  Internal  Switching    Leakage      Total
                          Power      Power      Power      Power (Watts)
----------------------------------------------------------------
Sequential             1.52e-04   1.99e-05   3.63e-10   1.72e-04  43.2%
Combinational          8.18e-05   1.44e-04   4.02e-10   2.26e-04  56.8%
Clock                  0.00e+00   0.00e+00   1.43e-10   1.43e-10   0.0%
Macro                  0.00e+00   0.00e+00   0.00e+00   0.00e+00   0.0%
Pad                    0.00e+00   0.00e+00   0.00e+00   0.00e+00   0.0%
----------------------------------------------------------------
Total                  2.34e-04   1.64e-04   9.07e-10   3.98e-04 100.0%
                          58.7%      41.3%       0.0%

power_report_end
skew_report

===========================================================================
report_clock_skew
============================================================================
Clock clk
   0.61 source latency _240_/CLK ^
  -0.61 target latency _240_/CLK ^
   0.30 clock uncertainty
   0.00 CRPR
--------------
   0.30 setup skew

skew_report_end
summary_report

===========================================================================
report_tns
============================================================================
tns 0.00

===========================================================================
report_wns
============================================================================
wns 0.00

===========================================================================
report_worst_slack -max (Setup)
============================================================================
worst slack 3.95

===========================================================================
report_worst_slack -min (Hold)
============================================================================
worst slack 0.23
summary_report_end
area_report

===========================================================================
report_design_area
============================================================================
Design area 1440 u^2 40% utilization.
area_report_end
check_nonpropagated_clocks
clk
check_nonpropagated_clocks_end
[WARNING] Did not save OpenROAD database!
Writing SDF to '/openlane/designs/pmu_fsm/runs/run_1_10_13_2025/results/signoff/pmu_fsm.sdf'…
