
===========================================================================
report_checks -path_delay max (Setup)
============================================================================
======================= Fastest Corner ===================================

Startpoint: pwr_stable (input port clocked by clk)
Endpoint: error (output port clocked by clk)
Path Group: clk
Path Type: max
Corner: Fastest

Fanout     Cap    Slew   Delay    Time   Description
-----------------------------------------------------------------------------
                          0.00    0.00   clock clk (rise edge)
                          0.50    0.50   clock network delay (propagated)
                          3.00    3.50 ^ input external delay
     1    0.00    0.02    0.01    3.51 ^ pwr_stable (in)
                                         pwr_stable (net)
                  0.02    0.00    3.51 ^ input2/A (sky130_fd_sc_hd__clkbuf_1)
     1    0.01    0.06    0.07    3.57 ^ input2/X (sky130_fd_sc_hd__clkbuf_1)
                                         net2 (net)
                  0.06    0.00    3.57 ^ _158_/A (sky130_fd_sc_hd__nand2_1)
     2    0.01    0.04    0.04    3.62 v _158_/Y (sky130_fd_sc_hd__nand2_1)
                                         _095_ (net)
                  0.04    0.00    3.62 v _200_/A2 (sky130_fd_sc_hd__a211oi_1)
     1    0.01    0.21    0.21    3.83 ^ _200_/Y (sky130_fd_sc_hd__a211oi_1)
                                         net10 (net)
                  0.21    0.00    3.83 ^ wire19/A (sky130_fd_sc_hd__clkbuf_1)
     1    0.01    0.06    0.08    3.91 ^ wire19/X (sky130_fd_sc_hd__clkbuf_1)
                                         net19 (net)
                  0.06    0.00    3.91 ^ output10/A (sky130_fd_sc_hd__clkbuf_2)
     1    0.02    0.09    0.12    4.03 ^ output10/X (sky130_fd_sc_hd__clkbuf_2)
                                         error (net)
                  0.09    0.00    4.03 ^ error (out)
                                  4.03   data arrival time

                         10.00   10.00   clock clk (rise edge)
                          0.50   10.50   clock network delay (propagated)
                         -0.30   10.20   clock uncertainty
                          0.00   10.20   clock reconvergence pessimism
                         -2.00    8.20   output external delay
                                  8.20   data required time
-----------------------------------------------------------------------------
                                  8.20   data required time
                                 -4.03   data arrival time
-----------------------------------------------------------------------------
                                  4.17   slack (MET)


Startpoint: pwr_stable (input port clocked by clk)
Endpoint: _243_ (rising edge-triggered flip-flop clocked by clk)
Path Group: clk
Path Type: max
Corner: Fastest

Fanout     Cap    Slew   Delay    Time   Description
-----------------------------------------------------------------------------
                          0.00    0.00   clock clk (rise edge)
                          0.50    0.50   clock network delay (propagated)
                          3.00    3.50 ^ input external delay
     1    0.00    0.02    0.01    3.51 ^ pwr_stable (in)
                                         pwr_stable (net)
                  0.02    0.00    3.51 ^ input2/A (sky130_fd_sc_hd__clkbuf_1)
     1    0.01    0.06    0.07    3.57 ^ input2/X (sky130_fd_sc_hd__clkbuf_1)
                                         net2 (net)
                  0.06    0.00    3.57 ^ _158_/A (sky130_fd_sc_hd__nand2_1)
     2    0.01    0.04    0.04    3.62 v _158_/Y (sky130_fd_sc_hd__nand2_1)
                                         _095_ (net)
                  0.04    0.00    3.62 v _159_/B1_N (sky130_fd_sc_hd__o21bai_1)
     1    0.00    0.03    0.08    3.70 v _159_/Y (sky130_fd_sc_hd__o21bai_1)
                                         _096_ (net)
                  0.03    0.00    3.70 v _160_/A (sky130_fd_sc_hd__nand2_1)
     1    0.00    0.03    0.04    3.74 ^ _160_/Y (sky130_fd_sc_hd__nand2_1)
                                         _097_ (net)
                  0.03    0.00    3.74 ^ _166_/A (sky130_fd_sc_hd__nand2_1)
     2    0.01    0.03    0.04    3.77 v _166_/Y (sky130_fd_sc_hd__nand2_1)
                                         _103_ (net)
                  0.03    0.00    3.77 v _178_/B (sky130_fd_sc_hd__nor2_1)
     2    0.01    0.09    0.08    3.86 ^ _178_/Y (sky130_fd_sc_hd__nor2_1)
                                         _014_ (net)
                  0.09    0.00    3.86 ^ _204_/A (sky130_fd_sc_hd__nand3_1)
     1    0.01    0.07    0.08    3.93 v _204_/Y (sky130_fd_sc_hd__nand3_1)
                                         _030_ (net)
                  0.07    0.00    3.93 v _209_/A (sky130_fd_sc_hd__nand3_4)
     8    0.04    0.11    0.10    4.03 ^ _209_/Y (sky130_fd_sc_hd__nand3_4)
                                         _035_ (net)
                  0.11    0.00    4.03 ^ _223_/B (sky130_fd_sc_hd__nor2_1)
     1    0.00    0.03    0.03    4.07 v _223_/Y (sky130_fd_sc_hd__nor2_1)
                                         _007_ (net)
                  0.03    0.00    4.07 v _243_/D (sky130_fd_sc_hd__dfrtp_1)
                                  4.07   data arrival time

                         10.00   10.00   clock clk (rise edge)
                          0.50   10.50   clock source latency
     1    0.02    0.04    0.03   10.53 ^ clk (in)
                                         clk (net)
                  0.04    0.00   10.53 ^ clkbuf_0_clk/A (sky130_fd_sc_hd__clkbuf_16)
     2    0.02    0.03    0.09   10.62 ^ clkbuf_0_clk/X (sky130_fd_sc_hd__clkbuf_16)
                                         clknet_0_clk (net)
                  0.03    0.00   10.62 ^ clkbuf_1_1__f_clk/A (sky130_fd_sc_hd__clkbuf_16)
    13    0.05    0.05    0.10   10.72 ^ clkbuf_1_1__f_clk/X (sky130_fd_sc_hd__clkbuf_16)
                                         clknet_1_1__leaf_clk (net)
                  0.05    0.00   10.72 ^ _243_/CLK (sky130_fd_sc_hd__dfrtp_1)
                         -0.30   10.42   clock uncertainty
                          0.00   10.42   clock reconvergence pessimism
                         -0.07   10.35   library setup time
                                 10.35   data required time
-----------------------------------------------------------------------------
                                 10.35   data required time
                                 -4.07   data arrival time
-----------------------------------------------------------------------------
                                  6.28   slack (MET)


Startpoint: pwr_stable (input port clocked by clk)
Endpoint: _242_ (rising edge-triggered flip-flop clocked by clk)
Path Group: clk
Path Type: max
Corner: Fastest

Fanout     Cap    Slew   Delay    Time   Description
-----------------------------------------------------------------------------
                          0.00    0.00   clock clk (rise edge)
                          0.50    0.50   clock network delay (propagated)
                          3.00    3.50 ^ input external delay
     1    0.00    0.02    0.01    3.51 ^ pwr_stable (in)
                                         pwr_stable (net)
                  0.02    0.00    3.51 ^ input2/A (sky130_fd_sc_hd__clkbuf_1)
     1    0.01    0.06    0.07    3.57 ^ input2/X (sky130_fd_sc_hd__clkbuf_1)
                                         net2 (net)
                  0.06    0.00    3.57 ^ _158_/A (sky130_fd_sc_hd__nand2_1)
     2    0.01    0.04    0.04    3.62 v _158_/Y (sky130_fd_sc_hd__nand2_1)
                                         _095_ (net)
                  0.04    0.00    3.62 v _159_/B1_N (sky130_fd_sc_hd__o21bai_1)
     1    0.00    0.03    0.08    3.70 v _159_/Y (sky130_fd_sc_hd__o21bai_1)
                                         _096_ (net)
                  0.03    0.00    3.70 v _160_/A (sky130_fd_sc_hd__nand2_1)
     1    0.00    0.03    0.04    3.74 ^ _160_/Y (sky130_fd_sc_hd__nand2_1)
                                         _097_ (net)
                  0.03    0.00    3.74 ^ _166_/A (sky130_fd_sc_hd__nand2_1)
     2    0.01    0.03    0.04    3.77 v _166_/Y (sky130_fd_sc_hd__nand2_1)
                                         _103_ (net)
                  0.03    0.00    3.77 v _178_/B (sky130_fd_sc_hd__nor2_1)
     2    0.01    0.09    0.08    3.86 ^ _178_/Y (sky130_fd_sc_hd__nor2_1)
                                         _014_ (net)
                  0.09    0.00    3.86 ^ _204_/A (sky130_fd_sc_hd__nand3_1)
     1    0.01    0.07    0.08    3.93 v _204_/Y (sky130_fd_sc_hd__nand3_1)
                                         _030_ (net)
                  0.07    0.00    3.93 v _209_/A (sky130_fd_sc_hd__nand3_4)
     8    0.04    0.11    0.10    4.03 ^ _209_/Y (sky130_fd_sc_hd__nand3_4)
                                         _035_ (net)
                  0.11    0.00    4.03 ^ _219_/B (sky130_fd_sc_hd__nor2_1)
     1    0.00    0.03    0.03    4.06 v _219_/Y (sky130_fd_sc_hd__nor2_1)
                                         _006_ (net)
                  0.03    0.00    4.06 v _242_/D (sky130_fd_sc_hd__dfrtp_1)
                                  4.06   data arrival time

                         10.00   10.00   clock clk (rise edge)
                          0.50   10.50   clock source latency
     1    0.02    0.04    0.03   10.53 ^ clk (in)
                                         clk (net)
                  0.04    0.00   10.53 ^ clkbuf_0_clk/A (sky130_fd_sc_hd__clkbuf_16)
     2    0.02    0.03    0.09   10.62 ^ clkbuf_0_clk/X (sky130_fd_sc_hd__clkbuf_16)
                                         clknet_0_clk (net)
                  0.03    0.00   10.62 ^ clkbuf_1_1__f_clk/A (sky130_fd_sc_hd__clkbuf_16)
    13    0.05    0.05    0.10   10.72 ^ clkbuf_1_1__f_clk/X (sky130_fd_sc_hd__clkbuf_16)
                                         clknet_1_1__leaf_clk (net)
                  0.05    0.00   10.72 ^ _242_/CLK (sky130_fd_sc_hd__dfrtp_1)
                         -0.30   10.42   clock uncertainty
                          0.00   10.42   clock reconvergence pessimism
                         -0.07   10.35   library setup time
                                 10.35   data required time
-----------------------------------------------------------------------------
                                 10.35   data required time
                                 -4.06   data arrival time
-----------------------------------------------------------------------------
                                  6.29   slack (MET)


Startpoint: pwr_stable (input port clocked by clk)
Endpoint: _247_ (rising edge-triggered flip-flop clocked by clk)
Path Group: clk
Path Type: max
Corner: Fastest

Fanout     Cap    Slew   Delay    Time   Description
-----------------------------------------------------------------------------
                          0.00    0.00   clock clk (rise edge)
                          0.50    0.50   clock network delay (propagated)
                          3.00    3.50 ^ input external delay
     1    0.00    0.02    0.01    3.51 ^ pwr_stable (in)
                                         pwr_stable (net)
                  0.02    0.00    3.51 ^ input2/A (sky130_fd_sc_hd__clkbuf_1)
     1    0.01    0.06    0.07    3.57 ^ input2/X (sky130_fd_sc_hd__clkbuf_1)
                                         net2 (net)
                  0.06    0.00    3.57 ^ _158_/A (sky130_fd_sc_hd__nand2_1)
     2    0.01    0.04    0.04    3.62 v _158_/Y (sky130_fd_sc_hd__nand2_1)
                                         _095_ (net)
                  0.04    0.00    3.62 v _159_/B1_N (sky130_fd_sc_hd__o21bai_1)
     1    0.00    0.03    0.08    3.70 v _159_/Y (sky130_fd_sc_hd__o21bai_1)
                                         _096_ (net)
                  0.03    0.00    3.70 v _160_/A (sky130_fd_sc_hd__nand2_1)
     1    0.00    0.03    0.04    3.74 ^ _160_/Y (sky130_fd_sc_hd__nand2_1)
                                         _097_ (net)
                  0.03    0.00    3.74 ^ _166_/A (sky130_fd_sc_hd__nand2_1)
     2    0.01    0.03    0.04    3.77 v _166_/Y (sky130_fd_sc_hd__nand2_1)
                                         _103_ (net)
                  0.03    0.00    3.77 v _178_/B (sky130_fd_sc_hd__nor2_1)
     2    0.01    0.09    0.08    3.86 ^ _178_/Y (sky130_fd_sc_hd__nor2_1)
                                         _014_ (net)
                  0.09    0.00    3.86 ^ _204_/A (sky130_fd_sc_hd__nand3_1)
     1    0.01    0.07    0.08    3.93 v _204_/Y (sky130_fd_sc_hd__nand3_1)
                                         _030_ (net)
                  0.07    0.00    3.93 v _209_/A (sky130_fd_sc_hd__nand3_4)
     8    0.04    0.11    0.10    4.03 ^ _209_/Y (sky130_fd_sc_hd__nand3_4)
                                         _035_ (net)
                  0.11    0.00    4.03 ^ _238_/B (sky130_fd_sc_hd__nor2_1)
     1    0.00    0.03    0.03    4.06 v _238_/Y (sky130_fd_sc_hd__nor2_1)
                                         _011_ (net)
                  0.03    0.00    4.06 v _247_/D (sky130_fd_sc_hd__dfrtp_1)
                                  4.06   data arrival time

                         10.00   10.00   clock clk (rise edge)
                          0.50   10.50   clock source latency
     1    0.02    0.04    0.03   10.53 ^ clk (in)
                                         clk (net)
                  0.04    0.00   10.53 ^ clkbuf_0_clk/A (sky130_fd_sc_hd__clkbuf_16)
     2    0.02    0.03    0.09   10.62 ^ clkbuf_0_clk/X (sky130_fd_sc_hd__clkbuf_16)
                                         clknet_0_clk (net)
                  0.03    0.00   10.62 ^ clkbuf_1_1__f_clk/A (sky130_fd_sc_hd__clkbuf_16)
    13    0.05    0.05    0.10   10.72 ^ clkbuf_1_1__f_clk/X (sky130_fd_sc_hd__clkbuf_16)
                                         clknet_1_1__leaf_clk (net)
                  0.05    0.00   10.72 ^ _247_/CLK (sky130_fd_sc_hd__dfrtp_1)
                         -0.30   10.42   clock uncertainty
                          0.00   10.42   clock reconvergence pessimism
                         -0.07   10.35   library setup time
                                 10.35   data required time
-----------------------------------------------------------------------------
                                 10.35   data required time
                                 -4.06   data arrival time
-----------------------------------------------------------------------------
                                  6.29   slack (MET)


Startpoint: pwr_stable (input port clocked by clk)
Endpoint: _240_ (rising edge-triggered flip-flop clocked by clk)
Path Group: clk
Path Type: max
Corner: Fastest

Fanout     Cap    Slew   Delay    Time   Description
-----------------------------------------------------------------------------
                          0.00    0.00   clock clk (rise edge)
                          0.50    0.50   clock network delay (propagated)
                          3.00    3.50 ^ input external delay
     1    0.00    0.02    0.01    3.51 ^ pwr_stable (in)
                                         pwr_stable (net)
                  0.02    0.00    3.51 ^ input2/A (sky130_fd_sc_hd__clkbuf_1)
     1    0.01    0.06    0.07    3.57 ^ input2/X (sky130_fd_sc_hd__clkbuf_1)
                                         net2 (net)
                  0.06    0.00    3.57 ^ _158_/A (sky130_fd_sc_hd__nand2_1)
     2    0.01    0.04    0.04    3.62 v _158_/Y (sky130_fd_sc_hd__nand2_1)
                                         _095_ (net)
                  0.04    0.00    3.62 v _159_/B1_N (sky130_fd_sc_hd__o21bai_1)
     1    0.00    0.03    0.08    3.70 v _159_/Y (sky130_fd_sc_hd__o21bai_1)
                                         _096_ (net)
                  0.03    0.00    3.70 v _160_/A (sky130_fd_sc_hd__nand2_1)
     1    0.00    0.03    0.04    3.74 ^ _160_/Y (sky130_fd_sc_hd__nand2_1)
                                         _097_ (net)
                  0.03    0.00    3.74 ^ _166_/A (sky130_fd_sc_hd__nand2_1)
     2    0.01    0.03    0.04    3.77 v _166_/Y (sky130_fd_sc_hd__nand2_1)
                                         _103_ (net)
                  0.03    0.00    3.77 v _178_/B (sky130_fd_sc_hd__nor2_1)
     2    0.01    0.09    0.08    3.86 ^ _178_/Y (sky130_fd_sc_hd__nor2_1)
                                         _014_ (net)
                  0.09    0.00    3.86 ^ _204_/A (sky130_fd_sc_hd__nand3_1)
     1    0.01    0.07    0.08    3.93 v _204_/Y (sky130_fd_sc_hd__nand3_1)
                                         _030_ (net)
                  0.07    0.00    3.93 v _209_/A (sky130_fd_sc_hd__nand3_4)
     8    0.04    0.11    0.10    4.03 ^ _209_/Y (sky130_fd_sc_hd__nand3_4)
                                         _035_ (net)
                  0.11    0.00    4.03 ^ _210_/B (sky130_fd_sc_hd__nor2_1)
     1    0.00    0.03    0.03    4.06 v _210_/Y (sky130_fd_sc_hd__nor2_1)
                                         _004_ (net)
                  0.03    0.00    4.06 v _240_/D (sky130_fd_sc_hd__dfrtp_1)
                                  4.06   data arrival time

                         10.00   10.00   clock clk (rise edge)
                          0.50   10.50   clock source latency
     1    0.02    0.04    0.03   10.53 ^ clk (in)
                                         clk (net)
                  0.04    0.00   10.53 ^ clkbuf_0_clk/A (sky130_fd_sc_hd__clkbuf_16)
     2    0.02    0.03    0.09   10.62 ^ clkbuf_0_clk/X (sky130_fd_sc_hd__clkbuf_16)
                                         clknet_0_clk (net)
                  0.03    0.00   10.62 ^ clkbuf_1_1__f_clk/A (sky130_fd_sc_hd__clkbuf_16)
    13    0.05    0.05    0.10   10.72 ^ clkbuf_1_1__f_clk/X (sky130_fd_sc_hd__clkbuf_16)
                                         clknet_1_1__leaf_clk (net)
                  0.05    0.00   10.72 ^ _240_/CLK (sky130_fd_sc_hd__dfrtp_1)
                         -0.30   10.42   clock uncertainty
                          0.00   10.42   clock reconvergence pessimism
                         -0.07   10.35   library setup time
                                 10.35   data required time
-----------------------------------------------------------------------------
                                 10.35   data required time
                                 -4.06   data arrival time
-----------------------------------------------------------------------------
                                  6.29   slack (MET)


Startpoint: pwr_stable (input port clocked by clk)
Endpoint: _244_ (rising edge-triggered flip-flop clocked by clk)
Path Group: clk
Path Type: max
Corner: Fastest

Fanout     Cap    Slew   Delay    Time   Description
-----------------------------------------------------------------------------
                          0.00    0.00   clock clk (rise edge)
                          0.50    0.50   clock network delay (propagated)
                          3.00    3.50 ^ input external delay
     1    0.00    0.02    0.01    3.51 ^ pwr_stable (in)
                                         pwr_stable (net)
                  0.02    0.00    3.51 ^ input2/A (sky130_fd_sc_hd__clkbuf_1)
     1    0.01    0.06    0.07    3.57 ^ input2/X (sky130_fd_sc_hd__clkbuf_1)
                                         net2 (net)
                  0.06    0.00    3.57 ^ _158_/A (sky130_fd_sc_hd__nand2_1)
     2    0.01    0.04    0.04    3.62 v _158_/Y (sky130_fd_sc_hd__nand2_1)
                                         _095_ (net)
                  0.04    0.00    3.62 v _159_/B1_N (sky130_fd_sc_hd__o21bai_1)
     1    0.00    0.03    0.08    3.70 v _159_/Y (sky130_fd_sc_hd__o21bai_1)
                                         _096_ (net)
                  0.03    0.00    3.70 v _160_/A (sky130_fd_sc_hd__nand2_1)
     1    0.00    0.03    0.04    3.74 ^ _160_/Y (sky130_fd_sc_hd__nand2_1)
                                         _097_ (net)
                  0.03    0.00    3.74 ^ _166_/A (sky130_fd_sc_hd__nand2_1)
     2    0.01    0.03    0.04    3.77 v _166_/Y (sky130_fd_sc_hd__nand2_1)
                                         _103_ (net)
                  0.03    0.00    3.77 v _178_/B (sky130_fd_sc_hd__nor2_1)
     2    0.01    0.09    0.08    3.86 ^ _178_/Y (sky130_fd_sc_hd__nor2_1)
                                         _014_ (net)
                  0.09    0.00    3.86 ^ _204_/A (sky130_fd_sc_hd__nand3_1)
     1    0.01    0.07    0.08    3.93 v _204_/Y (sky130_fd_sc_hd__nand3_1)
                                         _030_ (net)
                  0.07    0.00    3.93 v _209_/A (sky130_fd_sc_hd__nand3_4)
     8    0.04    0.11    0.10    4.03 ^ _209_/Y (sky130_fd_sc_hd__nand3_4)
                                         _035_ (net)
                  0.11    0.00    4.03 ^ _227_/B (sky130_fd_sc_hd__nor2_1)
     1    0.00    0.03    0.02    4.06 v _227_/Y (sky130_fd_sc_hd__nor2_1)
                                         _008_ (net)
                  0.03    0.00    4.06 v _244_/D (sky130_fd_sc_hd__dfrtp_1)
                                  4.06   data arrival time

                         10.00   10.00   clock clk (rise edge)
                          0.50   10.50   clock source latency
     1    0.02    0.04    0.03   10.53 ^ clk (in)
                                         clk (net)
                  0.04    0.00   10.53 ^ clkbuf_0_clk/A (sky130_fd_sc_hd__clkbuf_16)
     2    0.02    0.03    0.09   10.62 ^ clkbuf_0_clk/X (sky130_fd_sc_hd__clkbuf_16)
                                         clknet_0_clk (net)
                  0.03    0.00   10.62 ^ clkbuf_1_1__f_clk/A (sky130_fd_sc_hd__clkbuf_16)
    13    0.05    0.05    0.10   10.72 ^ clkbuf_1_1__f_clk/X (sky130_fd_sc_hd__clkbuf_16)
                                         clknet_1_1__leaf_clk (net)
                  0.05    0.00   10.72 ^ _244_/CLK (sky130_fd_sc_hd__dfrtp_1)
                         -0.30   10.42   clock uncertainty
                          0.00   10.42   clock reconvergence pessimism
                         -0.07   10.35   library setup time
                                 10.35   data required time
-----------------------------------------------------------------------------
                                 10.35   data required time
                                 -4.06   data arrival time
-----------------------------------------------------------------------------
                                  6.29   slack (MET)


Startpoint: pwr_stable (input port clocked by clk)
Endpoint: _245_ (rising edge-triggered flip-flop clocked by clk)
Path Group: clk
Path Type: max
Corner: Fastest

Fanout     Cap    Slew   Delay    Time   Description
-----------------------------------------------------------------------------
                          0.00    0.00   clock clk (rise edge)
                          0.50    0.50   clock network delay (propagated)
                          3.00    3.50 ^ input external delay
     1    0.00    0.02    0.01    3.51 ^ pwr_stable (in)
                                         pwr_stable (net)
                  0.02    0.00    3.51 ^ input2/A (sky130_fd_sc_hd__clkbuf_1)
     1    0.01    0.06    0.07    3.57 ^ input2/X (sky130_fd_sc_hd__clkbuf_1)
                                         net2 (net)
                  0.06    0.00    3.57 ^ _158_/A (sky130_fd_sc_hd__nand2_1)
     2    0.01    0.04    0.04    3.62 v _158_/Y (sky130_fd_sc_hd__nand2_1)
                                         _095_ (net)
                  0.04    0.00    3.62 v _159_/B1_N (sky130_fd_sc_hd__o21bai_1)
     1    0.00    0.03    0.08    3.70 v _159_/Y (sky130_fd_sc_hd__o21bai_1)
                                         _096_ (net)
                  0.03    0.00    3.70 v _160_/A (sky130_fd_sc_hd__nand2_1)
     1    0.00    0.03    0.04    3.74 ^ _160_/Y (sky130_fd_sc_hd__nand2_1)
                                         _097_ (net)
                  0.03    0.00    3.74 ^ _166_/A (sky130_fd_sc_hd__nand2_1)
     2    0.01    0.03    0.04    3.77 v _166_/Y (sky130_fd_sc_hd__nand2_1)
                                         _103_ (net)
                  0.03    0.00    3.77 v _178_/B (sky130_fd_sc_hd__nor2_1)
     2    0.01    0.09    0.08    3.86 ^ _178_/Y (sky130_fd_sc_hd__nor2_1)
                                         _014_ (net)
                  0.09    0.00    3.86 ^ _204_/A (sky130_fd_sc_hd__nand3_1)
     1    0.01    0.07    0.08    3.93 v _204_/Y (sky130_fd_sc_hd__nand3_1)
                                         _030_ (net)
                  0.07    0.00    3.93 v _209_/A (sky130_fd_sc_hd__nand3_4)
     8    0.04    0.11    0.10    4.03 ^ _209_/Y (sky130_fd_sc_hd__nand3_4)
                                         _035_ (net)
                  0.11    0.00    4.03 ^ _232_/B (sky130_fd_sc_hd__nor2_1)
     1    0.00    0.03    0.02    4.06 v _232_/Y (sky130_fd_sc_hd__nor2_1)
                                         _009_ (net)
                  0.03    0.00    4.06 v _245_/D (sky130_fd_sc_hd__dfrtp_1)
                                  4.06   data arrival time

                         10.00   10.00   clock clk (rise edge)
                          0.50   10.50   clock source latency
     1    0.02    0.04    0.03   10.53 ^ clk (in)
                                         clk (net)
                  0.04    0.00   10.53 ^ clkbuf_0_clk/A (sky130_fd_sc_hd__clkbuf_16)
     2    0.02    0.03    0.09   10.62 ^ clkbuf_0_clk/X (sky130_fd_sc_hd__clkbuf_16)
                                         clknet_0_clk (net)
                  0.03    0.00   10.62 ^ clkbuf_1_1__f_clk/A (sky130_fd_sc_hd__clkbuf_16)
    13    0.05    0.05    0.10   10.72 ^ clkbuf_1_1__f_clk/X (sky130_fd_sc_hd__clkbuf_16)
                                         clknet_1_1__leaf_clk (net)
                  0.05    0.00   10.72 ^ _245_/CLK (sky130_fd_sc_hd__dfrtp_1)
                         -0.30   10.42   clock uncertainty
                          0.00   10.42   clock reconvergence pessimism
                         -0.07   10.35   library setup time
                                 10.35   data required time
-----------------------------------------------------------------------------
                                 10.35   data required time
                                 -4.06   data arrival time
-----------------------------------------------------------------------------
                                  6.29   slack (MET)


Startpoint: pwr_stable (input port clocked by clk)
Endpoint: _241_ (rising edge-triggered flip-flop clocked by clk)
Path Group: clk
Path Type: max
Corner: Fastest

Fanout     Cap    Slew   Delay    Time   Description
-----------------------------------------------------------------------------
                          0.00    0.00   clock clk (rise edge)
                          0.50    0.50   clock network delay (propagated)
                          3.00    3.50 ^ input external delay
     1    0.00    0.02    0.01    3.51 ^ pwr_stable (in)
                                         pwr_stable (net)
                  0.02    0.00    3.51 ^ input2/A (sky130_fd_sc_hd__clkbuf_1)
     1    0.01    0.06    0.07    3.57 ^ input2/X (sky130_fd_sc_hd__clkbuf_1)
                                         net2 (net)
                  0.06    0.00    3.57 ^ _158_/A (sky130_fd_sc_hd__nand2_1)
     2    0.01    0.04    0.04    3.62 v _158_/Y (sky130_fd_sc_hd__nand2_1)
                                         _095_ (net)
                  0.04    0.00    3.62 v _159_/B1_N (sky130_fd_sc_hd__o21bai_1)
     1    0.00    0.03    0.08    3.70 v _159_/Y (sky130_fd_sc_hd__o21bai_1)
                                         _096_ (net)
                  0.03    0.00    3.70 v _160_/A (sky130_fd_sc_hd__nand2_1)
     1    0.00    0.03    0.04    3.74 ^ _160_/Y (sky130_fd_sc_hd__nand2_1)
                                         _097_ (net)
                  0.03    0.00    3.74 ^ _166_/A (sky130_fd_sc_hd__nand2_1)
     2    0.01    0.03    0.04    3.77 v _166_/Y (sky130_fd_sc_hd__nand2_1)
                                         _103_ (net)
                  0.03    0.00    3.77 v _178_/B (sky130_fd_sc_hd__nor2_1)
     2    0.01    0.09    0.08    3.86 ^ _178_/Y (sky130_fd_sc_hd__nor2_1)
                                         _014_ (net)
                  0.09    0.00    3.86 ^ _204_/A (sky130_fd_sc_hd__nand3_1)
     1    0.01    0.07    0.08    3.93 v _204_/Y (sky130_fd_sc_hd__nand3_1)
                                         _030_ (net)
                  0.07    0.00    3.93 v _209_/A (sky130_fd_sc_hd__nand3_4)
     8    0.04    0.11    0.10    4.03 ^ _209_/Y (sky130_fd_sc_hd__nand3_4)
                                         _035_ (net)
                  0.11    0.00    4.03 ^ _214_/B (sky130_fd_sc_hd__nor2_1)
     1    0.00    0.03    0.02    4.06 v _214_/Y (sky130_fd_sc_hd__nor2_1)
                                         _005_ (net)
                  0.03    0.00    4.06 v _241_/D (sky130_fd_sc_hd__dfrtp_1)
                                  4.06   data arrival time

                         10.00   10.00   clock clk (rise edge)
                          0.50   10.50   clock source latency
     1    0.02    0.04    0.03   10.53 ^ clk (in)
                                         clk (net)
                  0.04    0.00   10.53 ^ clkbuf_0_clk/A (sky130_fd_sc_hd__clkbuf_16)
     2    0.02    0.03    0.09   10.62 ^ clkbuf_0_clk/X (sky130_fd_sc_hd__clkbuf_16)
                                         clknet_0_clk (net)
                  0.03    0.00   10.62 ^ clkbuf_1_1__f_clk/A (sky130_fd_sc_hd__clkbuf_16)
    13    0.05    0.05    0.10   10.72 ^ clkbuf_1_1__f_clk/X (sky130_fd_sc_hd__clkbuf_16)
                                         clknet_1_1__leaf_clk (net)
                  0.05    0.00   10.72 ^ _241_/CLK (sky130_fd_sc_hd__dfrtp_1)
                         -0.30   10.42   clock uncertainty
                          0.00   10.42   clock reconvergence pessimism
                         -0.07   10.35   library setup time
                                 10.35   data required time
-----------------------------------------------------------------------------
                                 10.35   data required time
                                 -4.06   data arrival time
-----------------------------------------------------------------------------
                                  6.30   slack (MET)


Startpoint: pwr_stable (input port clocked by clk)
Endpoint: _246_ (rising edge-triggered flip-flop clocked by clk)
Path Group: clk
Path Type: max
Corner: Fastest

Fanout     Cap    Slew   Delay    Time   Description
-----------------------------------------------------------------------------
                          0.00    0.00   clock clk (rise edge)
                          0.50    0.50   clock network delay (propagated)
                          3.00    3.50 ^ input external delay
     1    0.00    0.02    0.01    3.51 ^ pwr_stable (in)
                                         pwr_stable (net)
                  0.02    0.00    3.51 ^ input2/A (sky130_fd_sc_hd__clkbuf_1)
     1    0.01    0.06    0.07    3.57 ^ input2/X (sky130_fd_sc_hd__clkbuf_1)
                                         net2 (net)
                  0.06    0.00    3.57 ^ _158_/A (sky130_fd_sc_hd__nand2_1)
     2    0.01    0.04    0.04    3.62 v _158_/Y (sky130_fd_sc_hd__nand2_1)
                                         _095_ (net)
                  0.04    0.00    3.62 v _159_/B1_N (sky130_fd_sc_hd__o21bai_1)
     1    0.00    0.03    0.08    3.70 v _159_/Y (sky130_fd_sc_hd__o21bai_1)
                                         _096_ (net)
                  0.03    0.00    3.70 v _160_/A (sky130_fd_sc_hd__nand2_1)
     1    0.00    0.03    0.04    3.74 ^ _160_/Y (sky130_fd_sc_hd__nand2_1)
                                         _097_ (net)
                  0.03    0.00    3.74 ^ _166_/A (sky130_fd_sc_hd__nand2_1)
     2    0.01    0.03    0.04    3.77 v _166_/Y (sky130_fd_sc_hd__nand2_1)
                                         _103_ (net)
                  0.03    0.00    3.77 v _178_/B (sky130_fd_sc_hd__nor2_1)
     2    0.01    0.09    0.08    3.86 ^ _178_/Y (sky130_fd_sc_hd__nor2_1)
                                         _014_ (net)
                  0.09    0.00    3.86 ^ _204_/A (sky130_fd_sc_hd__nand3_1)
     1    0.01    0.07    0.08    3.93 v _204_/Y (sky130_fd_sc_hd__nand3_1)
                                         _030_ (net)
                  0.07    0.00    3.93 v _209_/A (sky130_fd_sc_hd__nand3_4)
     8    0.04    0.11    0.10    4.03 ^ _209_/Y (sky130_fd_sc_hd__nand3_4)
                                         _035_ (net)
                  0.11    0.00    4.03 ^ _236_/B (sky130_fd_sc_hd__nor2_1)
     1    0.00    0.03    0.02    4.06 v _236_/Y (sky130_fd_sc_hd__nor2_1)
                                         _010_ (net)
                  0.03    0.00    4.06 v _246_/D (sky130_fd_sc_hd__dfrtp_1)
                                  4.06   data arrival time

                         10.00   10.00   clock clk (rise edge)
                          0.50   10.50   clock source latency
     1    0.02    0.04    0.03   10.53 ^ clk (in)
                                         clk (net)
                  0.04    0.00   10.53 ^ clkbuf_0_clk/A (sky130_fd_sc_hd__clkbuf_16)
     2    0.02    0.03    0.09   10.62 ^ clkbuf_0_clk/X (sky130_fd_sc_hd__clkbuf_16)
                                         clknet_0_clk (net)
                  0.03    0.00   10.62 ^ clkbuf_1_1__f_clk/A (sky130_fd_sc_hd__clkbuf_16)
    13    0.05    0.05    0.10   10.72 ^ clkbuf_1_1__f_clk/X (sky130_fd_sc_hd__clkbuf_16)
                                         clknet_1_1__leaf_clk (net)
                  0.05    0.00   10.72 ^ _246_/CLK (sky130_fd_sc_hd__dfrtp_1)
                         -0.30   10.42   clock uncertainty
                          0.00   10.42   clock reconvergence pessimism
                         -0.07   10.35   library setup time
                                 10.35   data required time
-----------------------------------------------------------------------------
                                 10.35   data required time
                                 -4.06   data arrival time
-----------------------------------------------------------------------------
                                  6.30   slack (MET)


Startpoint: pwr_stable (input port clocked by clk)
Endpoint: _257_ (rising edge-triggered flip-flop clocked by clk)
Path Group: clk
Path Type: max
Corner: Fastest

Fanout     Cap    Slew   Delay    Time   Description
-----------------------------------------------------------------------------
                          0.00    0.00   clock clk (rise edge)
                          0.50    0.50   clock network delay (propagated)
                          3.00    3.50 ^ input external delay
     1    0.00    0.02    0.01    3.51 ^ pwr_stable (in)
                                         pwr_stable (net)
                  0.02    0.00    3.51 ^ input2/A (sky130_fd_sc_hd__clkbuf_1)
     1    0.01    0.06    0.07    3.57 ^ input2/X (sky130_fd_sc_hd__clkbuf_1)
                                         net2 (net)
                  0.06    0.00    3.57 ^ _158_/A (sky130_fd_sc_hd__nand2_1)
     2    0.01    0.04    0.04    3.62 v _158_/Y (sky130_fd_sc_hd__nand2_1)
                                         _095_ (net)
                  0.04    0.00    3.62 v _159_/B1_N (sky130_fd_sc_hd__o21bai_1)
     1    0.00    0.03    0.08    3.70 v _159_/Y (sky130_fd_sc_hd__o21bai_1)
                                         _096_ (net)
                  0.03    0.00    3.70 v _160_/A (sky130_fd_sc_hd__nand2_1)
     1    0.00    0.03    0.04    3.74 ^ _160_/Y (sky130_fd_sc_hd__nand2_1)
                                         _097_ (net)
                  0.03    0.00    3.74 ^ _166_/A (sky130_fd_sc_hd__nand2_1)
     2    0.01    0.03    0.04    3.77 v _166_/Y (sky130_fd_sc_hd__nand2_1)
                                         _103_ (net)
                  0.03    0.00    3.77 v _174_/A (sky130_fd_sc_hd__or3_1)
     1    0.00    0.04    0.21    3.98 v _174_/X (sky130_fd_sc_hd__or3_1)
                                         _111_ (net)
                  0.04    0.00    3.98 v _175_/A (sky130_fd_sc_hd__clkbuf_1)
     1    0.00    0.02    0.06    4.05 v _175_/X (sky130_fd_sc_hd__clkbuf_1)
                                         next_state[1] (net)
                  0.02    0.00    4.05 v _257_/D (sky130_fd_sc_hd__dfrtp_1)
                                  4.05   data arrival time

                         10.00   10.00   clock clk (rise edge)
                          0.50   10.50   clock source latency
     1    0.02    0.04    0.03   10.53 ^ clk (in)
                                         clk (net)
                  0.04    0.00   10.53 ^ clkbuf_0_clk/A (sky130_fd_sc_hd__clkbuf_16)
     2    0.02    0.03    0.09   10.62 ^ clkbuf_0_clk/X (sky130_fd_sc_hd__clkbuf_16)
                                         clknet_0_clk (net)
                  0.03    0.00   10.62 ^ clkbuf_1_0__f_clk/A (sky130_fd_sc_hd__clkbuf_16)
    16    0.05    0.05    0.10   10.72 ^ clkbuf_1_0__f_clk/X (sky130_fd_sc_hd__clkbuf_16)
                                         clknet_1_0__leaf_clk (net)
                  0.05    0.00   10.72 ^ _257_/CLK (sky130_fd_sc_hd__dfrtp_1)
                         -0.30   10.42   clock uncertainty
                          0.00   10.42   clock reconvergence pessimism
                         -0.07   10.35   library setup time
                                 10.35   data required time
-----------------------------------------------------------------------------
                                 10.35   data required time
                                 -4.05   data arrival time
-----------------------------------------------------------------------------
                                  6.31   slack (MET)


Startpoint: pwr_stable (input port clocked by clk)
Endpoint: _258_ (rising edge-triggered flip-flop clocked by clk)
Path Group: clk
Path Type: max
Corner: Fastest

Fanout     Cap    Slew   Delay    Time   Description
-----------------------------------------------------------------------------
                          0.00    0.00   clock clk (rise edge)
                          0.50    0.50   clock network delay (propagated)
                          3.00    3.50 ^ input external delay
     1    0.00    0.02    0.01    3.51 ^ pwr_stable (in)
                                         pwr_stable (net)
                  0.02    0.00    3.51 ^ input2/A (sky130_fd_sc_hd__clkbuf_1)
     1    0.01    0.06    0.07    3.57 ^ input2/X (sky130_fd_sc_hd__clkbuf_1)
                                         net2 (net)
                  0.06    0.00    3.57 ^ _158_/A (sky130_fd_sc_hd__nand2_1)
     2    0.01    0.04    0.04    3.62 v _158_/Y (sky130_fd_sc_hd__nand2_1)
                                         _095_ (net)
                  0.04    0.00    3.62 v _159_/B1_N (sky130_fd_sc_hd__o21bai_1)
     1    0.00    0.03    0.08    3.70 v _159_/Y (sky130_fd_sc_hd__o21bai_1)
                                         _096_ (net)
                  0.03    0.00    3.70 v _160_/A (sky130_fd_sc_hd__nand2_1)
     1    0.00    0.03    0.04    3.74 ^ _160_/Y (sky130_fd_sc_hd__nand2_1)
                                         _097_ (net)
                  0.03    0.00    3.74 ^ _166_/A (sky130_fd_sc_hd__nand2_1)
     2    0.01    0.03    0.04    3.77 v _166_/Y (sky130_fd_sc_hd__nand2_1)
                                         _103_ (net)
                  0.03    0.00    3.77 v _178_/B (sky130_fd_sc_hd__nor2_1)
     2    0.01    0.09    0.08    3.86 ^ _178_/Y (sky130_fd_sc_hd__nor2_1)
                                         _014_ (net)
                  0.09    0.00    3.86 ^ _187_/A (sky130_fd_sc_hd__nand2_1)
     1    0.00    0.04    0.03    3.89 v _187_/Y (sky130_fd_sc_hd__nand2_1)
                                         next_state[2] (net)
                  0.04    0.00    3.89 v _258_/D (sky130_fd_sc_hd__dfrtp_4)
                                  3.89   data arrival time

                         10.00   10.00   clock clk (rise edge)
                          0.50   10.50   clock source latency
     1    0.02    0.04    0.03   10.53 ^ clk (in)
                                         clk (net)
                  0.04    0.00   10.53 ^ clkbuf_0_clk/A (sky130_fd_sc_hd__clkbuf_16)
     2    0.02    0.03    0.09   10.62 ^ clkbuf_0_clk/X (sky130_fd_sc_hd__clkbuf_16)
                                         clknet_0_clk (net)
                  0.03    0.00   10.62 ^ clkbuf_1_0__f_clk/A (sky130_fd_sc_hd__clkbuf_16)
    16    0.05    0.05    0.10   10.72 ^ clkbuf_1_0__f_clk/X (sky130_fd_sc_hd__clkbuf_16)
                                         clknet_1_0__leaf_clk (net)
                  0.05    0.00   10.72 ^ _258_/CLK (sky130_fd_sc_hd__dfrtp_4)
                         -0.30   10.42   clock uncertainty
                          0.00   10.42   clock reconvergence pessimism
                         -0.07   10.35   library setup time
                                 10.35   data required time
-----------------------------------------------------------------------------
                                 10.35   data required time
                                 -3.89   data arrival time
-----------------------------------------------------------------------------
                                  6.46   slack (MET)


Startpoint: _251_ (rising edge-triggered flip-flop clocked by clk)
Endpoint: retention_save (output port clocked by clk)
Path Group: clk
Path Type: max
Corner: Fastest

Fanout     Cap    Slew   Delay    Time   Description
-----------------------------------------------------------------------------
                          0.00    0.00   clock clk (rise edge)
                          0.50    0.50   clock source latency
     1    0.02    0.04    0.03    0.53 ^ clk (in)
                                         clk (net)
                  0.04    0.00    0.53 ^ clkbuf_0_clk/A (sky130_fd_sc_hd__clkbuf_16)
     2    0.02    0.03    0.09    0.62 ^ clkbuf_0_clk/X (sky130_fd_sc_hd__clkbuf_16)
                                         clknet_0_clk (net)
                  0.03    0.00    0.62 ^ clkbuf_1_0__f_clk/A (sky130_fd_sc_hd__clkbuf_16)
    16    0.05    0.05    0.10    0.72 ^ clkbuf_1_0__f_clk/X (sky130_fd_sc_hd__clkbuf_16)
                                         clknet_1_0__leaf_clk (net)
                  0.05    0.01    0.72 ^ _251_/CLK (sky130_fd_sc_hd__dfrtp_1)
     1    0.00    0.03    0.22    0.95 v _251_/Q (sky130_fd_sc_hd__dfrtp_1)
                                         net17 (net)
                  0.03    0.00    0.95 v output17/A (sky130_fd_sc_hd__buf_2)
     1    0.03    0.06    0.11    1.06 v output17/X (sky130_fd_sc_hd__buf_2)
                                         retention_save (net)
                  0.06    0.00    1.06 v retention_save (out)
                                  1.06   data arrival time

                         10.00   10.00   clock clk (rise edge)
                          0.50   10.50   clock network delay (propagated)
                         -0.30   10.20   clock uncertainty
                          0.00   10.20   clock reconvergence pessimism
                         -2.50    7.70   output external delay
                                  7.70   data required time
-----------------------------------------------------------------------------
                                  7.70   data required time
                                 -1.06   data arrival time
-----------------------------------------------------------------------------
                                  6.64   slack (MET)


Startpoint: _252_ (rising edge-triggered flip-flop clocked by clk)
Endpoint: retention_restore (output port clocked by clk)
Path Group: clk
Path Type: max
Corner: Fastest

Fanout     Cap    Slew   Delay    Time   Description
-----------------------------------------------------------------------------
                          0.00    0.00   clock clk (rise edge)
                          0.50    0.50   clock source latency
     1    0.02    0.04    0.03    0.53 ^ clk (in)
                                         clk (net)
                  0.04    0.00    0.53 ^ clkbuf_0_clk/A (sky130_fd_sc_hd__clkbuf_16)
     2    0.02    0.03    0.09    0.62 ^ clkbuf_0_clk/X (sky130_fd_sc_hd__clkbuf_16)
                                         clknet_0_clk (net)
                  0.03    0.00    0.62 ^ clkbuf_1_0__f_clk/A (sky130_fd_sc_hd__clkbuf_16)
    16    0.05    0.05    0.10    0.72 ^ clkbuf_1_0__f_clk/X (sky130_fd_sc_hd__clkbuf_16)
                                         clknet_1_0__leaf_clk (net)
                  0.05    0.01    0.72 ^ _252_/CLK (sky130_fd_sc_hd__dfrtp_1)
     1    0.00    0.02    0.22    0.95 v _252_/Q (sky130_fd_sc_hd__dfrtp_1)
                                         net16 (net)
                  0.02    0.00    0.95 v output16/A (sky130_fd_sc_hd__buf_2)
     1    0.03    0.06    0.11    1.06 v output16/X (sky130_fd_sc_hd__buf_2)
                                         retention_restore (net)
                  0.06    0.00    1.06 v retention_restore (out)
                                  1.06   data arrival time

                         10.00   10.00   clock clk (rise edge)
                          0.50   10.50   clock network delay (propagated)
                         -0.30   10.20   clock uncertainty
                          0.00   10.20   clock reconvergence pessimism
                         -2.50    7.70   output external delay
                                  7.70   data required time
-----------------------------------------------------------------------------
                                  7.70   data required time
                                 -1.06   data arrival time
-----------------------------------------------------------------------------
                                  6.64   slack (MET)


Startpoint: _253_ (rising edge-triggered flip-flop clocked by clk)
Endpoint: reset_ctrl (output port clocked by clk)
Path Group: clk
Path Type: max
Corner: Fastest

Fanout     Cap    Slew   Delay    Time   Description
-----------------------------------------------------------------------------
                          0.00    0.00   clock clk (rise edge)
                          0.50    0.50   clock source latency
     1    0.02    0.04    0.03    0.53 ^ clk (in)
                                         clk (net)
                  0.04    0.00    0.53 ^ clkbuf_0_clk/A (sky130_fd_sc_hd__clkbuf_16)
     2    0.02    0.03    0.09    0.62 ^ clkbuf_0_clk/X (sky130_fd_sc_hd__clkbuf_16)
                                         clknet_0_clk (net)
                  0.03    0.00    0.62 ^ clkbuf_1_1__f_clk/A (sky130_fd_sc_hd__clkbuf_16)
    13    0.05    0.05    0.10    0.72 ^ clkbuf_1_1__f_clk/X (sky130_fd_sc_hd__clkbuf_16)
                                         clknet_1_1__leaf_clk (net)
                  0.05    0.00    0.72 ^ _253_/CLK (sky130_fd_sc_hd__dfrtp_1)
     1    0.00    0.03    0.22    0.95 v _253_/Q (sky130_fd_sc_hd__dfrtp_1)
                                         net14 (net)
                  0.03    0.00    0.95 v output14/A (sky130_fd_sc_hd__buf_2)
     1    0.03    0.06    0.11    1.06 v output14/X (sky130_fd_sc_hd__buf_2)
                                         reset_ctrl (net)
                  0.06    0.00    1.06 v reset_ctrl (out)
                                  1.06   data arrival time

                         10.00   10.00   clock clk (rise edge)
                          0.50   10.50   clock network delay (propagated)
                         -0.30   10.20   clock uncertainty
                          0.00   10.20   clock reconvergence pessimism
                         -2.50    7.70   output external delay
                                  7.70   data required time
-----------------------------------------------------------------------------
                                  7.70   data required time
                                 -1.06   data arrival time
-----------------------------------------------------------------------------
                                  6.64   slack (MET)


Startpoint: _256_ (rising edge-triggered flip-flop clocked by clk)
Endpoint: seq_busy (output port clocked by clk)
Path Group: clk
Path Type: max
Corner: Fastest

Fanout     Cap    Slew   Delay    Time   Description
-----------------------------------------------------------------------------
                          0.00    0.00   clock clk (rise edge)
                          0.50    0.50   clock source latency
     1    0.02    0.04    0.03    0.53 ^ clk (in)
                                         clk (net)
                  0.04    0.00    0.53 ^ clkbuf_0_clk/A (sky130_fd_sc_hd__clkbuf_16)
     2    0.02    0.03    0.09    0.62 ^ clkbuf_0_clk/X (sky130_fd_sc_hd__clkbuf_16)
                                         clknet_0_clk (net)
                  0.03    0.00    0.62 ^ clkbuf_1_0__f_clk/A (sky130_fd_sc_hd__clkbuf_16)
    16    0.05    0.05    0.10    0.72 ^ clkbuf_1_0__f_clk/X (sky130_fd_sc_hd__clkbuf_16)
                                         clknet_1_0__leaf_clk (net)
                  0.05    0.01    0.72 ^ _256_/CLK (sky130_fd_sc_hd__dfrtp_4)
     8    0.03    0.07    0.33    1.05 v _256_/Q (sky130_fd_sc_hd__dfrtp_4)
                                         curr_state[0] (net)
                  0.07    0.00    1.06 v _138_/A (sky130_fd_sc_hd__nand2_1)
     3    0.01    0.11    0.11    1.16 ^ _138_/Y (sky130_fd_sc_hd__nand2_1)
                                         _077_ (net)
                  0.11    0.00    1.16 ^ _139_/A (sky130_fd_sc_hd__inv_2)
     2    0.01    0.03    0.02    1.19 v _139_/Y (sky130_fd_sc_hd__inv_2)
                                         _078_ (net)
                  0.03    0.00    1.19 v _140_/B (sky130_fd_sc_hd__nor2_1)
     1    0.00    0.07    0.07    1.25 ^ _140_/Y (sky130_fd_sc_hd__nor2_1)
                                         net18 (net)
                  0.07    0.00    1.25 ^ wire20/A (sky130_fd_sc_hd__buf_1)
     4    0.02    0.16    0.15    1.40 ^ wire20/X (sky130_fd_sc_hd__buf_1)
                                         net20 (net)
                  0.16    0.00    1.40 ^ output18/A (sky130_fd_sc_hd__clkbuf_2)
     1    0.02    0.09    0.14    1.54 ^ output18/X (sky130_fd_sc_hd__clkbuf_2)
                                         seq_busy (net)
                  0.09    0.00    1.54 ^ seq_busy (out)
                                  1.54   data arrival time

                         10.00   10.00   clock clk (rise edge)
                          0.50   10.50   clock network delay (propagated)
                         -0.30   10.20   clock uncertainty
                          0.00   10.20   clock reconvergence pessimism
                         -2.00    8.20   output external delay
                                  8.20   data required time
-----------------------------------------------------------------------------
                                  8.20   data required time
                                 -1.54   data arrival time
-----------------------------------------------------------------------------
                                  6.66   slack (MET)


Startpoint: _239_ (rising edge-triggered flip-flop clocked by clk)
Endpoint: dvfs_ctrl[1] (output port clocked by clk)
Path Group: clk
Path Type: max
Corner: Fastest

Fanout     Cap    Slew   Delay    Time   Description
-----------------------------------------------------------------------------
                          0.00    0.00   clock clk (rise edge)
                          0.50    0.50   clock source latency
     1    0.02    0.04    0.03    0.53 ^ clk (in)
                                         clk (net)
                  0.04    0.00    0.53 ^ clkbuf_0_clk/A (sky130_fd_sc_hd__clkbuf_16)
     2    0.02    0.03    0.09    0.62 ^ clkbuf_0_clk/X (sky130_fd_sc_hd__clkbuf_16)
                                         clknet_0_clk (net)
                  0.03    0.00    0.62 ^ clkbuf_1_1__f_clk/A (sky130_fd_sc_hd__clkbuf_16)
    13    0.05    0.05    0.10    0.72 ^ clkbuf_1_1__f_clk/X (sky130_fd_sc_hd__clkbuf_16)
                                         clknet_1_1__leaf_clk (net)
                  0.05    0.00    0.72 ^ _239_/CLK (sky130_fd_sc_hd__dfstp_1)
     1    0.00    0.03    0.31    1.03 ^ _239_/Q (sky130_fd_sc_hd__dfstp_1)
                                         net9 (net)
                  0.03    0.00    1.03 ^ output9/A (sky130_fd_sc_hd__clkbuf_2)
     1    0.02    0.09    0.11    1.14 ^ output9/X (sky130_fd_sc_hd__clkbuf_2)
                                         dvfs_ctrl[1] (net)
                  0.09    0.00    1.14 ^ dvfs_ctrl[1] (out)
                                  1.14   data arrival time

                         10.00   10.00   clock clk (rise edge)
                          0.50   10.50   clock network delay (propagated)
                         -0.30   10.20   clock uncertainty
                          0.00   10.20   clock reconvergence pessimism
                         -2.00    8.20   output external delay
                                  8.20   data required time
-----------------------------------------------------------------------------
                                  8.20   data required time
                                 -1.14   data arrival time
-----------------------------------------------------------------------------
                                  7.06   slack (MET)


Startpoint: _248_ (rising edge-triggered flip-flop clocked by clk)
Endpoint: clk_gate_en (output port clocked by clk)
Path Group: clk
Path Type: max
Corner: Fastest

Fanout     Cap    Slew   Delay    Time   Description
-----------------------------------------------------------------------------
                          0.00    0.00   clock clk (rise edge)
                          0.50    0.50   clock source latency
     1    0.02    0.04    0.03    0.53 ^ clk (in)
                                         clk (net)
                  0.04    0.00    0.53 ^ clkbuf_0_clk/A (sky130_fd_sc_hd__clkbuf_16)
     2    0.02    0.03    0.09    0.62 ^ clkbuf_0_clk/X (sky130_fd_sc_hd__clkbuf_16)
                                         clknet_0_clk (net)
                  0.03    0.00    0.62 ^ clkbuf_1_0__f_clk/A (sky130_fd_sc_hd__clkbuf_16)
    16    0.05    0.05    0.10    0.72 ^ clkbuf_1_0__f_clk/X (sky130_fd_sc_hd__clkbuf_16)
                                         clknet_1_0__leaf_clk (net)
                  0.05    0.01    0.72 ^ _248_/CLK (sky130_fd_sc_hd__dfrtp_1)
     1    0.00    0.03    0.23    0.95 v _248_/Q (sky130_fd_sc_hd__dfrtp_1)
                                         net8 (net)
                  0.03    0.00    0.95 v output8/A (sky130_fd_sc_hd__buf_4)
     1    0.05    0.06    0.12    1.07 v output8/X (sky130_fd_sc_hd__buf_4)
                                         clk_gate_en (net)
                  0.06    0.00    1.08 v clk_gate_en (out)
                                  1.08   data arrival time

                         10.00   10.00   clock clk (rise edge)
                          0.50   10.50   clock network delay (propagated)
                         -0.30   10.20   clock uncertainty
                          0.00   10.20   clock reconvergence pessimism
                         -2.00    8.20   output external delay
                                  8.20   data required time
-----------------------------------------------------------------------------
                                  8.20   data required time
                                 -1.08   data arrival time
-----------------------------------------------------------------------------
                                  7.12   slack (MET)


Startpoint: _250_ (rising edge-triggered flip-flop clocked by clk)
Endpoint: retention_en (output port clocked by clk)
Path Group: clk
Path Type: max
Corner: Fastest

Fanout     Cap    Slew   Delay    Time   Description
-----------------------------------------------------------------------------
                          0.00    0.00   clock clk (rise edge)
                          0.50    0.50   clock source latency
     1    0.02    0.04    0.03    0.53 ^ clk (in)
                                         clk (net)
                  0.04    0.00    0.53 ^ clkbuf_0_clk/A (sky130_fd_sc_hd__clkbuf_16)
     2    0.02    0.03    0.09    0.62 ^ clkbuf_0_clk/X (sky130_fd_sc_hd__clkbuf_16)
                                         clknet_0_clk (net)
                  0.03    0.00    0.62 ^ clkbuf_1_0__f_clk/A (sky130_fd_sc_hd__clkbuf_16)
    16    0.05    0.05    0.10    0.72 ^ clkbuf_1_0__f_clk/X (sky130_fd_sc_hd__clkbuf_16)
                                         clknet_1_0__leaf_clk (net)
                  0.05    0.01    0.72 ^ _250_/CLK (sky130_fd_sc_hd__dfrtp_1)
     1    0.00    0.03    0.23    0.95 v _250_/Q (sky130_fd_sc_hd__dfrtp_1)
                                         net15 (net)
                  0.03    0.00    0.95 v output15/A (sky130_fd_sc_hd__buf_4)
     1    0.05    0.06    0.12    1.07 v output15/X (sky130_fd_sc_hd__buf_4)
                                         retention_en (net)
                  0.06    0.00    1.08 v retention_en (out)
                                  1.08   data arrival time

                         10.00   10.00   clock clk (rise edge)
                          0.50   10.50   clock network delay (propagated)
                         -0.30   10.20   clock uncertainty
                          0.00   10.20   clock reconvergence pessimism
                         -2.00    8.20   output external delay
                                  8.20   data required time
-----------------------------------------------------------------------------
                                  8.20   data required time
                                 -1.08   data arrival time
-----------------------------------------------------------------------------
                                  7.12   slack (MET)


Startpoint: _249_ (rising edge-triggered flip-flop clocked by clk)
Endpoint: pwr_gate_en (output port clocked by clk)
Path Group: clk
Path Type: max
Corner: Fastest

Fanout     Cap    Slew   Delay    Time   Description
-----------------------------------------------------------------------------
                          0.00    0.00   clock clk (rise edge)
                          0.50    0.50   clock source latency
     1    0.02    0.04    0.03    0.53 ^ clk (in)
                                         clk (net)
                  0.04    0.00    0.53 ^ clkbuf_0_clk/A (sky130_fd_sc_hd__clkbuf_16)
     2    0.02    0.03    0.09    0.62 ^ clkbuf_0_clk/X (sky130_fd_sc_hd__clkbuf_16)
                                         clknet_0_clk (net)
                  0.03    0.00    0.62 ^ clkbuf_1_0__f_clk/A (sky130_fd_sc_hd__clkbuf_16)
    16    0.05    0.05    0.10    0.72 ^ clkbuf_1_0__f_clk/X (sky130_fd_sc_hd__clkbuf_16)
                                         clknet_1_0__leaf_clk (net)
                  0.05    0.00    0.72 ^ _249_/CLK (sky130_fd_sc_hd__dfrtp_1)
     1    0.00    0.03    0.23    0.95 v _249_/Q (sky130_fd_sc_hd__dfrtp_1)
                                         net11 (net)
                  0.03    0.00    0.95 v output11/A (sky130_fd_sc_hd__buf_4)
     1    0.05    0.06    0.12    1.07 v output11/X (sky130_fd_sc_hd__buf_4)
                                         pwr_gate_en (net)
                  0.06    0.00    1.07 v pwr_gate_en (out)
                                  1.07   data arrival time

                         10.00   10.00   clock clk (rise edge)
                          0.50   10.50   clock network delay (propagated)
                         -0.30   10.20   clock uncertainty
                          0.00   10.20   clock reconvergence pessimism
                         -2.00    8.20   output external delay
                                  8.20   data required time
-----------------------------------------------------------------------------
                                  8.20   data required time
                                 -1.07   data arrival time
-----------------------------------------------------------------------------
                                  7.13   slack (MET)


Startpoint: _254_ (rising edge-triggered flip-flop clocked by clk)
Endpoint: pwr_state[0] (output port clocked by clk)
Path Group: clk
Path Type: max
Corner: Fastest

Fanout     Cap    Slew   Delay    Time   Description
-----------------------------------------------------------------------------
                          0.00    0.00   clock clk (rise edge)
                          0.50    0.50   clock source latency
     1    0.02    0.04    0.03    0.53 ^ clk (in)
                                         clk (net)
                  0.04    0.00    0.53 ^ clkbuf_0_clk/A (sky130_fd_sc_hd__clkbuf_16)
     2    0.02    0.03    0.09    0.62 ^ clkbuf_0_clk/X (sky130_fd_sc_hd__clkbuf_16)
                                         clknet_0_clk (net)
                  0.03    0.00    0.62 ^ clkbuf_1_1__f_clk/A (sky130_fd_sc_hd__clkbuf_16)
    13    0.05    0.05    0.10    0.72 ^ clkbuf_1_1__f_clk/X (sky130_fd_sc_hd__clkbuf_16)
                                         clknet_1_1__leaf_clk (net)
                  0.05    0.00    0.72 ^ _254_/CLK (sky130_fd_sc_hd__dfrtp_1)
     1    0.00    0.03    0.23    0.95 v _254_/Q (sky130_fd_sc_hd__dfrtp_1)
                                         net12 (net)
                  0.03    0.00    0.95 v output12/A (sky130_fd_sc_hd__clkbuf_2)
     1    0.02    0.06    0.10    1.05 v output12/X (sky130_fd_sc_hd__clkbuf_2)
                                         pwr_state[0] (net)
                  0.06    0.00    1.05 v pwr_state[0] (out)
                                  1.05   data arrival time

                         10.00   10.00   clock clk (rise edge)
                          0.50   10.50   clock network delay (propagated)
                         -0.30   10.20   clock uncertainty
                          0.00   10.20   clock reconvergence pessimism
                         -2.00    8.20   output external delay
                                  8.20   data required time
-----------------------------------------------------------------------------
                                  8.20   data required time
                                 -1.05   data arrival time
-----------------------------------------------------------------------------
                                  7.15   slack (MET)


Startpoint: _255_ (rising edge-triggered flip-flop clocked by clk)
Endpoint: pwr_state[1] (output port clocked by clk)
Path Group: clk
Path Type: max
Corner: Fastest

Fanout     Cap    Slew   Delay    Time   Description
-----------------------------------------------------------------------------
                          0.00    0.00   clock clk (rise edge)
                          0.50    0.50   clock source latency
     1    0.02    0.04    0.03    0.53 ^ clk (in)
                                         clk (net)
                  0.04    0.00    0.53 ^ clkbuf_0_clk/A (sky130_fd_sc_hd__clkbuf_16)
     2    0.02    0.03    0.09    0.62 ^ clkbuf_0_clk/X (sky130_fd_sc_hd__clkbuf_16)
                                         clknet_0_clk (net)
                  0.03    0.00    0.62 ^ clkbuf_1_1__f_clk/A (sky130_fd_sc_hd__clkbuf_16)
    13    0.05    0.05    0.10    0.72 ^ clkbuf_1_1__f_clk/X (sky130_fd_sc_hd__clkbuf_16)
                                         clknet_1_1__leaf_clk (net)
                  0.05    0.00    0.72 ^ _255_/CLK (sky130_fd_sc_hd__dfrtp_1)
     1    0.00    0.03    0.22    0.95 v _255_/Q (sky130_fd_sc_hd__dfrtp_1)
                                         net13 (net)
                  0.03    0.00    0.95 v output13/A (sky130_fd_sc_hd__clkbuf_2)
     1    0.02    0.06    0.10    1.05 v output13/X (sky130_fd_sc_hd__clkbuf_2)
                                         pwr_state[1] (net)
                  0.06    0.00    1.05 v pwr_state[1] (out)
                                  1.05   data arrival time

                         10.00   10.00   clock clk (rise edge)
                          0.50   10.50   clock network delay (propagated)
                         -0.30   10.20   clock uncertainty
                          0.00   10.20   clock reconvergence pessimism
                         -2.00    8.20   output external delay
                                  8.20   data required time
-----------------------------------------------------------------------------
                                  8.20   data required time
                                 -1.05   data arrival time
-----------------------------------------------------------------------------
                                  7.15   slack (MET)


Startpoint: wake_up (input port clocked by clk)
Endpoint: _259_ (rising edge-triggered flip-flop clocked by clk)
Path Group: clk
Path Type: max
Corner: Fastest

Fanout     Cap    Slew   Delay    Time   Description
-----------------------------------------------------------------------------
                          0.00    0.00   clock clk (rise edge)
                          0.50    0.50   clock network delay (propagated)
                          2.00    2.50 v input external delay
     1    0.00    0.02    0.01    2.51 v wake_up (in)
                                         wake_up (net)
                  0.02    0.00    2.51 v input7/A (sky130_fd_sc_hd__clkbuf_1)
     1    0.00    0.02    0.05    2.56 v input7/X (sky130_fd_sc_hd__clkbuf_1)
                                         net7 (net)
                  0.02    0.00    2.56 v _259_/D (sky130_fd_sc_hd__dfrtp_1)
                                  2.56   data arrival time

                         10.00   10.00   clock clk (rise edge)
                          0.50   10.50   clock source latency
     1    0.02    0.04    0.03   10.53 ^ clk (in)
                                         clk (net)
                  0.04    0.00   10.53 ^ clkbuf_0_clk/A (sky130_fd_sc_hd__clkbuf_16)
     2    0.02    0.03    0.09   10.62 ^ clkbuf_0_clk/X (sky130_fd_sc_hd__clkbuf_16)
                                         clknet_0_clk (net)
                  0.03    0.00   10.62 ^ clkbuf_1_0__f_clk/A (sky130_fd_sc_hd__clkbuf_16)
    16    0.05    0.05    0.10   10.72 ^ clkbuf_1_0__f_clk/X (sky130_fd_sc_hd__clkbuf_16)
                                         clknet_1_0__leaf_clk (net)
                  0.05    0.00   10.72 ^ _259_/CLK (sky130_fd_sc_hd__dfrtp_1)
                         -0.30   10.42   clock uncertainty
                          0.00   10.42   clock reconvergence pessimism
                         -0.07   10.36   library setup time
                                 10.36   data required time
-----------------------------------------------------------------------------
                                 10.36   data required time
                                 -2.56   data arrival time
-----------------------------------------------------------------------------
                                  7.79   slack (MET)


Startpoint: req_sleep (input port clocked by clk)
Endpoint: _261_ (rising edge-triggered flip-flop clocked by clk)
Path Group: clk
Path Type: max
Corner: Fastest

Fanout     Cap    Slew   Delay    Time   Description
-----------------------------------------------------------------------------
                          0.00    0.00   clock clk (rise edge)
                          0.50    0.50   clock network delay (propagated)
                          2.00    2.50 v input external delay
     1    0.00    0.02    0.01    2.51 v req_sleep (in)
                                         req_sleep (net)
                  0.02    0.00    2.51 v input5/A (sky130_fd_sc_hd__clkbuf_1)
     1    0.00    0.02    0.05    2.56 v input5/X (sky130_fd_sc_hd__clkbuf_1)
                                         net5 (net)
                  0.02    0.00    2.56 v _261_/D (sky130_fd_sc_hd__dfrtp_1)
                                  2.56   data arrival time

                         10.00   10.00   clock clk (rise edge)
                          0.50   10.50   clock source latency
     1    0.02    0.04    0.03   10.53 ^ clk (in)
                                         clk (net)
                  0.04    0.00   10.53 ^ clkbuf_0_clk/A (sky130_fd_sc_hd__clkbuf_16)
     2    0.02    0.03    0.09   10.62 ^ clkbuf_0_clk/X (sky130_fd_sc_hd__clkbuf_16)
                                         clknet_0_clk (net)
                  0.03    0.00   10.62 ^ clkbuf_1_0__f_clk/A (sky130_fd_sc_hd__clkbuf_16)
    16    0.05    0.05    0.10   10.72 ^ clkbuf_1_0__f_clk/X (sky130_fd_sc_hd__clkbuf_16)
                                         clknet_1_0__leaf_clk (net)
                  0.05    0.00   10.72 ^ _261_/CLK (sky130_fd_sc_hd__dfrtp_1)
                         -0.30   10.42   clock uncertainty
                          0.00   10.42   clock reconvergence pessimism
                         -0.07   10.36   library setup time
                                 10.36   data required time
-----------------------------------------------------------------------------
                                 10.36   data required time
                                 -2.56   data arrival time
-----------------------------------------------------------------------------
                                  7.80   slack (MET)


Startpoint: req_off (input port clocked by clk)
Endpoint: _260_ (rising edge-triggered flip-flop clocked by clk)
Path Group: clk
Path Type: max
Corner: Fastest

Fanout     Cap    Slew   Delay    Time   Description
-----------------------------------------------------------------------------
                          0.00    0.00   clock clk (rise edge)
                          0.50    0.50   clock network delay (propagated)
                          2.00    2.50 v input external delay
     1    0.00    0.02    0.01    2.51 v req_off (in)
                                         req_off (net)
                  0.02    0.00    2.51 v input4/A (sky130_fd_sc_hd__clkbuf_1)
     1    0.00    0.02    0.05    2.56 v input4/X (sky130_fd_sc_hd__clkbuf_1)
                                         net4 (net)
                  0.02    0.00    2.56 v _260_/D (sky130_fd_sc_hd__dfrtp_1)
                                  2.56   data arrival time

                         10.00   10.00   clock clk (rise edge)
                          0.50   10.50   clock source latency
     1    0.02    0.04    0.03   10.53 ^ clk (in)
                                         clk (net)
                  0.04    0.00   10.53 ^ clkbuf_0_clk/A (sky130_fd_sc_hd__clkbuf_16)
     2    0.02    0.03    0.09   10.62 ^ clkbuf_0_clk/X (sky130_fd_sc_hd__clkbuf_16)
                                         clknet_0_clk (net)
                  0.03    0.00   10.62 ^ clkbuf_1_0__f_clk/A (sky130_fd_sc_hd__clkbuf_16)
    16    0.05    0.05    0.10   10.72 ^ clkbuf_1_0__f_clk/X (sky130_fd_sc_hd__clkbuf_16)
                                         clknet_1_0__leaf_clk (net)
                  0.05    0.00   10.72 ^ _260_/CLK (sky130_fd_sc_hd__dfrtp_1)
                         -0.30   10.42   clock uncertainty
                          0.00   10.42   clock reconvergence pessimism
                         -0.07   10.36   library setup time
                                 10.36   data required time
-----------------------------------------------------------------------------
                                 10.36   data required time
                                 -2.56   data arrival time
-----------------------------------------------------------------------------
                                  7.80   slack (MET)


Startpoint: req_idle (input port clocked by clk)
Endpoint: _262_ (rising edge-triggered flip-flop clocked by clk)
Path Group: clk
Path Type: max
Corner: Fastest

Fanout     Cap    Slew   Delay    Time   Description
-----------------------------------------------------------------------------
                          0.00    0.00   clock clk (rise edge)
                          0.50    0.50   clock network delay (propagated)
                          2.00    2.50 v input external delay
     1    0.00    0.02    0.01    2.51 v req_idle (in)
                                         req_idle (net)
                  0.02    0.00    2.51 v input3/A (sky130_fd_sc_hd__clkbuf_1)
     1    0.00    0.02    0.05    2.56 v input3/X (sky130_fd_sc_hd__clkbuf_1)
                                         net3 (net)
                  0.02    0.00    2.56 v _262_/D (sky130_fd_sc_hd__dfrtp_1)
                                  2.56   data arrival time

                         10.00   10.00   clock clk (rise edge)
                          0.50   10.50   clock source latency
     1    0.02    0.04    0.03   10.53 ^ clk (in)
                                         clk (net)
                  0.04    0.00   10.53 ^ clkbuf_0_clk/A (sky130_fd_sc_hd__clkbuf_16)
     2    0.02    0.03    0.09   10.62 ^ clkbuf_0_clk/X (sky130_fd_sc_hd__clkbuf_16)
                                         clknet_0_clk (net)
                  0.03    0.00   10.62 ^ clkbuf_1_0__f_clk/A (sky130_fd_sc_hd__clkbuf_16)
    16    0.05    0.05    0.10   10.72 ^ clkbuf_1_0__f_clk/X (sky130_fd_sc_hd__clkbuf_16)
                                         clknet_1_0__leaf_clk (net)
                  0.05    0.01   10.72 ^ _262_/CLK (sky130_fd_sc_hd__dfrtp_1)
                         -0.30   10.42   clock uncertainty
                          0.00   10.42   clock reconvergence pessimism
                         -0.07   10.36   library setup time
                                 10.36   data required time
-----------------------------------------------------------------------------
                                 10.36   data required time
                                 -2.56   data arrival time
-----------------------------------------------------------------------------
                                  7.80   slack (MET)


Startpoint: _258_ (rising edge-triggered flip-flop clocked by clk)
Endpoint: _255_ (rising edge-triggered flip-flop clocked by clk)
Path Group: clk
Path Type: max
Corner: Fastest

Fanout     Cap    Slew   Delay    Time   Description
-----------------------------------------------------------------------------
                          0.00    0.00   clock clk (rise edge)
                          0.50    0.50   clock source latency
     1    0.02    0.04    0.03    0.53 ^ clk (in)
                                         clk (net)
                  0.04    0.00    0.53 ^ clkbuf_0_clk/A (sky130_fd_sc_hd__clkbuf_16)
     2    0.02    0.03    0.09    0.62 ^ clkbuf_0_clk/X (sky130_fd_sc_hd__clkbuf_16)
                                         clknet_0_clk (net)
                  0.03    0.00    0.62 ^ clkbuf_1_0__f_clk/A (sky130_fd_sc_hd__clkbuf_16)
    16    0.05    0.05    0.10    0.72 ^ clkbuf_1_0__f_clk/X (sky130_fd_sc_hd__clkbuf_16)
                                         clknet_1_0__leaf_clk (net)
                  0.05    0.00    0.72 ^ _258_/CLK (sky130_fd_sc_hd__dfrtp_4)
     8    0.04    0.08    0.34    1.06 v _258_/Q (sky130_fd_sc_hd__dfrtp_4)
                                         curr_state[2] (net)
                  0.08    0.00    1.07 v _124_/A (sky130_fd_sc_hd__inv_6)
     6    0.03    0.05    0.07    1.14 ^ _124_/Y (sky130_fd_sc_hd__inv_6)
                                         _064_ (net)
                  0.05    0.00    1.14 ^ _125_/B (sky130_fd_sc_hd__nor2_1)
     3    0.01    0.04    0.04    1.18 v _125_/Y (sky130_fd_sc_hd__nor2_1)
                                         _065_ (net)
                  0.04    0.00    1.18 v _170_/A (sky130_fd_sc_hd__and2_1)
     3    0.01    0.05    0.12    1.30 v _170_/X (sky130_fd_sc_hd__and2_1)
                                         _107_ (net)
                  0.05    0.00    1.30 v _193_/B (sky130_fd_sc_hd__nor2_1)
     2    0.00    0.08    0.08    1.38 ^ _193_/Y (sky130_fd_sc_hd__nor2_1)
                                         _024_ (net)
                  0.08    0.00    1.38 ^ _194_/C_N (sky130_fd_sc_hd__or3b_1)
     1    0.01    0.06    0.22    1.59 v _194_/X (sky130_fd_sc_hd__or3b_1)
                                         _025_ (net)
                  0.06    0.00    1.60 v _195_/A (sky130_fd_sc_hd__clkbuf_1)
     1    0.00    0.02    0.07    1.66 v _195_/X (sky130_fd_sc_hd__clkbuf_1)
                                         _113_ (net)
                  0.02    0.00    1.66 v _255_/D (sky130_fd_sc_hd__dfrtp_1)
                                  1.66   data arrival time

                         10.00   10.00   clock clk (rise edge)
                          0.50   10.50   clock source latency
     1    0.02    0.04    0.03   10.53 ^ clk (in)
                                         clk (net)
                  0.04    0.00   10.53 ^ clkbuf_0_clk/A (sky130_fd_sc_hd__clkbuf_16)
     2    0.02    0.03    0.09   10.62 ^ clkbuf_0_clk/X (sky130_fd_sc_hd__clkbuf_16)
                                         clknet_0_clk (net)
                  0.03    0.00   10.62 ^ clkbuf_1_1__f_clk/A (sky130_fd_sc_hd__clkbuf_16)
    13    0.05    0.05    0.10   10.72 ^ clkbuf_1_1__f_clk/X (sky130_fd_sc_hd__clkbuf_16)
                                         clknet_1_1__leaf_clk (net)
                  0.05    0.00   10.72 ^ _255_/CLK (sky130_fd_sc_hd__dfrtp_1)
                         -0.30   10.42   clock uncertainty
                          0.00   10.42   clock reconvergence pessimism
                         -0.07   10.36   library setup time
                                 10.36   data required time
-----------------------------------------------------------------------------
                                 10.36   data required time
                                 -1.66   data arrival time
-----------------------------------------------------------------------------
                                  8.69   slack (MET)


Startpoint: _246_ (rising edge-triggered flip-flop clocked by clk)
Endpoint: _250_ (rising edge-triggered flip-flop clocked by clk)
Path Group: clk
Path Type: max
Corner: Fastest

Fanout     Cap    Slew   Delay    Time   Description
-----------------------------------------------------------------------------
                          0.00    0.00   clock clk (rise edge)
                          0.50    0.50   clock source latency
     1    0.02    0.04    0.03    0.53 ^ clk (in)
                                         clk (net)
                  0.04    0.00    0.53 ^ clkbuf_0_clk/A (sky130_fd_sc_hd__clkbuf_16)
     2    0.02    0.03    0.09    0.62 ^ clkbuf_0_clk/X (sky130_fd_sc_hd__clkbuf_16)
                                         clknet_0_clk (net)
                  0.03    0.00    0.62 ^ clkbuf_1_1__f_clk/A (sky130_fd_sc_hd__clkbuf_16)
    13    0.05    0.05    0.10    0.72 ^ clkbuf_1_1__f_clk/X (sky130_fd_sc_hd__clkbuf_16)
                                         clknet_1_1__leaf_clk (net)
                  0.05    0.00    0.72 ^ _246_/CLK (sky130_fd_sc_hd__dfrtp_1)
     3    0.01    0.05    0.25    0.97 v _246_/Q (sky130_fd_sc_hd__dfrtp_1)
                                         seq_timer[6] (net)
                  0.05    0.00    0.97 v _121_/A (sky130_fd_sc_hd__nor2_1)
     2    0.01    0.10    0.11    1.08 ^ _121_/Y (sky130_fd_sc_hd__nor2_1)
                                         _061_ (net)
                  0.10    0.00    1.08 ^ _134_/B (sky130_fd_sc_hd__nand3_1)
     2    0.01    0.05    0.06    1.15 v _134_/Y (sky130_fd_sc_hd__nand3_1)
                                         _074_ (net)
                  0.05    0.00    1.15 v _135_/C (sky130_fd_sc_hd__or3_1)
     1    0.01    0.06    0.19    1.34 v _135_/X (sky130_fd_sc_hd__or3_1)
                                         _075_ (net)
                  0.06    0.00    1.34 v _136_/A (sky130_fd_sc_hd__inv_2)
     3    0.01    0.04    0.06    1.40 ^ _136_/Y (sky130_fd_sc_hd__inv_2)
                                         _076_ (net)
                  0.04    0.00    1.40 ^ _197_/A2 (sky130_fd_sc_hd__o21ai_1)
     1    0.00    0.03    0.04    1.43 v _197_/Y (sky130_fd_sc_hd__o21ai_1)
                                         _116_ (net)
                  0.03    0.00    1.44 v _250_/D (sky130_fd_sc_hd__dfrtp_1)
                                  1.44   data arrival time

                         10.00   10.00   clock clk (rise edge)
                          0.50   10.50   clock source latency
     1    0.02    0.04    0.03   10.53 ^ clk (in)
                                         clk (net)
                  0.04    0.00   10.53 ^ clkbuf_0_clk/A (sky130_fd_sc_hd__clkbuf_16)
     2    0.02    0.03    0.09   10.62 ^ clkbuf_0_clk/X (sky130_fd_sc_hd__clkbuf_16)
                                         clknet_0_clk (net)
                  0.03    0.00   10.62 ^ clkbuf_1_0__f_clk/A (sky130_fd_sc_hd__clkbuf_16)
    16    0.05    0.05    0.10   10.72 ^ clkbuf_1_0__f_clk/X (sky130_fd_sc_hd__clkbuf_16)
                                         clknet_1_0__leaf_clk (net)
                  0.05    0.01   10.72 ^ _250_/CLK (sky130_fd_sc_hd__dfrtp_1)
                         -0.30   10.42   clock uncertainty
                          0.00   10.42   clock reconvergence pessimism
                         -0.07   10.35   library setup time
                                 10.35   data required time
-----------------------------------------------------------------------------
                                 10.35   data required time
                                 -1.44   data arrival time
-----------------------------------------------------------------------------
                                  8.92   slack (MET)


Startpoint: _257_ (rising edge-triggered flip-flop clocked by clk)
Endpoint: _256_ (rising edge-triggered flip-flop clocked by clk)
Path Group: clk
Path Type: max
Corner: Fastest

Fanout     Cap    Slew   Delay    Time   Description
-----------------------------------------------------------------------------
                          0.00    0.00   clock clk (rise edge)
                          0.50    0.50   clock source latency
     1    0.02    0.04    0.03    0.53 ^ clk (in)
                                         clk (net)
                  0.04    0.00    0.53 ^ clkbuf_0_clk/A (sky130_fd_sc_hd__clkbuf_16)
     2    0.02    0.03    0.09    0.62 ^ clkbuf_0_clk/X (sky130_fd_sc_hd__clkbuf_16)
                                         clknet_0_clk (net)
                  0.03    0.00    0.62 ^ clkbuf_1_0__f_clk/A (sky130_fd_sc_hd__clkbuf_16)
    16    0.05    0.05    0.10    0.72 ^ clkbuf_1_0__f_clk/X (sky130_fd_sc_hd__clkbuf_16)
                                         clknet_1_0__leaf_clk (net)
                  0.05    0.00    0.72 ^ _257_/CLK (sky130_fd_sc_hd__dfrtp_1)
     3    0.01    0.05    0.25    0.98 v _257_/Q (sky130_fd_sc_hd__dfrtp_1)
                                         curr_state[1] (net)
                  0.05    0.00    0.98 v _126_/A (sky130_fd_sc_hd__clkbuf_2)
     8    0.03    0.08    0.13    1.11 v _126_/X (sky130_fd_sc_hd__clkbuf_2)
                                         _066_ (net)
                  0.08    0.00    1.11 v _146_/B (sky130_fd_sc_hd__nor2_1)
     2    0.01    0.10    0.11    1.21 ^ _146_/Y (sky130_fd_sc_hd__nor2_1)
                                         _084_ (net)
                  0.10    0.00    1.21 ^ _148_/B (sky130_fd_sc_hd__nand3_1)
     1    0.00    0.04    0.05    1.26 v _148_/Y (sky130_fd_sc_hd__nand3_1)
                                         _086_ (net)
                  0.04    0.00    1.26 v _149_/B (sky130_fd_sc_hd__nand2_1)
     1    0.00    0.04    0.05    1.31 ^ _149_/Y (sky130_fd_sc_hd__nand2_1)
                                         _087_ (net)
                  0.04    0.00    1.31 ^ _151_/A (sky130_fd_sc_hd__nand2_1)
     1    0.00    0.03    0.03    1.34 v _151_/Y (sky130_fd_sc_hd__nand2_1)
                                         _089_ (net)
                  0.03    0.00    1.34 v _154_/A (sky130_fd_sc_hd__nand2_1)
     2    0.01    0.05    0.05    1.39 ^ _154_/Y (sky130_fd_sc_hd__nand2_1)
                                         _092_ (net)
                  0.05    0.00    1.39 ^ _156_/A (sky130_fd_sc_hd__nand2_1)
     2    0.01    0.04    0.05    1.44 v _156_/Y (sky130_fd_sc_hd__nand2_1)
                                         _094_ (net)
                  0.04    0.00    1.44 v _157_/A (sky130_fd_sc_hd__inv_2)
     1    0.00    0.02    0.03    1.47 ^ _157_/Y (sky130_fd_sc_hd__inv_2)
                                         next_state[0] (net)
                  0.02    0.00    1.47 ^ _256_/D (sky130_fd_sc_hd__dfrtp_4)
                                  1.47   data arrival time

                         10.00   10.00   clock clk (rise edge)
                          0.50   10.50   clock source latency
     1    0.02    0.04    0.03   10.53 ^ clk (in)
                                         clk (net)
                  0.04    0.00   10.53 ^ clkbuf_0_clk/A (sky130_fd_sc_hd__clkbuf_16)
     2    0.02    0.03    0.09   10.62 ^ clkbuf_0_clk/X (sky130_fd_sc_hd__clkbuf_16)
                                         clknet_0_clk (net)
                  0.03    0.00   10.62 ^ clkbuf_1_0__f_clk/A (sky130_fd_sc_hd__clkbuf_16)
    16    0.05    0.05    0.10   10.72 ^ clkbuf_1_0__f_clk/X (sky130_fd_sc_hd__clkbuf_16)
                                         clknet_1_0__leaf_clk (net)
                  0.05    0.01   10.72 ^ _256_/CLK (sky130_fd_sc_hd__dfrtp_4)
                         -0.30   10.42   clock uncertainty
                          0.00   10.42   clock reconvergence pessimism
                         -0.04   10.39   library setup time
                                 10.39   data required time
-----------------------------------------------------------------------------
                                 10.39   data required time
                                 -1.47   data arrival time
-----------------------------------------------------------------------------
                                  8.92   slack (MET)


Startpoint: _246_ (rising edge-triggered flip-flop clocked by clk)
Endpoint: _253_ (rising edge-triggered flip-flop clocked by clk)
Path Group: clk
Path Type: max
Corner: Fastest

Fanout     Cap    Slew   Delay    Time   Description
-----------------------------------------------------------------------------
                          0.00    0.00   clock clk (rise edge)
                          0.50    0.50   clock source latency
     1    0.02    0.04    0.03    0.53 ^ clk (in)
                                         clk (net)
                  0.04    0.00    0.53 ^ clkbuf_0_clk/A (sky130_fd_sc_hd__clkbuf_16)
     2    0.02    0.03    0.09    0.62 ^ clkbuf_0_clk/X (sky130_fd_sc_hd__clkbuf_16)
                                         clknet_0_clk (net)
                  0.03    0.00    0.62 ^ clkbuf_1_1__f_clk/A (sky130_fd_sc_hd__clkbuf_16)
    13    0.05    0.05    0.10    0.72 ^ clkbuf_1_1__f_clk/X (sky130_fd_sc_hd__clkbuf_16)
                                         clknet_1_1__leaf_clk (net)
                  0.05    0.00    0.72 ^ _246_/CLK (sky130_fd_sc_hd__dfrtp_1)
     3    0.01    0.05    0.25    0.97 v _246_/Q (sky130_fd_sc_hd__dfrtp_1)
                                         seq_timer[6] (net)
                  0.05    0.00    0.97 v _121_/A (sky130_fd_sc_hd__nor2_1)
     2    0.01    0.10    0.11    1.08 ^ _121_/Y (sky130_fd_sc_hd__nor2_1)
                                         _061_ (net)
                  0.10    0.00    1.08 ^ _134_/B (sky130_fd_sc_hd__nand3_1)
     2    0.01    0.05    0.06    1.15 v _134_/Y (sky130_fd_sc_hd__nand3_1)
                                         _074_ (net)
                  0.05    0.00    1.15 v _135_/C (sky130_fd_sc_hd__or3_1)
     1    0.01    0.06    0.19    1.34 v _135_/X (sky130_fd_sc_hd__or3_1)
                                         _075_ (net)
                  0.06    0.00    1.34 v _136_/A (sky130_fd_sc_hd__inv_2)
     3    0.01    0.04    0.06    1.40 ^ _136_/Y (sky130_fd_sc_hd__inv_2)
                                         _076_ (net)
                  0.04    0.00    1.40 ^ _196_/A1 (sky130_fd_sc_hd__a21o_1)
     1    0.00    0.02    0.06    1.46 ^ _196_/X (sky130_fd_sc_hd__a21o_1)
                                         _115_ (net)
                  0.02    0.00    1.46 ^ _253_/D (sky130_fd_sc_hd__dfrtp_1)
                                  1.46   data arrival time

                         10.00   10.00   clock clk (rise edge)
                          0.50   10.50   clock source latency
     1    0.02    0.04    0.03   10.53 ^ clk (in)
                                         clk (net)
                  0.04    0.00   10.53 ^ clkbuf_0_clk/A (sky130_fd_sc_hd__clkbuf_16)
     2    0.02    0.03    0.09   10.62 ^ clkbuf_0_clk/X (sky130_fd_sc_hd__clkbuf_16)
                                         clknet_0_clk (net)
                  0.03    0.00   10.62 ^ clkbuf_1_1__f_clk/A (sky130_fd_sc_hd__clkbuf_16)
    13    0.05    0.05    0.10   10.72 ^ clkbuf_1_1__f_clk/X (sky130_fd_sc_hd__clkbuf_16)
                                         clknet_1_1__leaf_clk (net)
                  0.05    0.00   10.72 ^ _253_/CLK (sky130_fd_sc_hd__dfrtp_1)
                         -0.30   10.42   clock uncertainty
                          0.00   10.42   clock reconvergence pessimism
                         -0.03   10.39   library setup time
                                 10.39   data required time
-----------------------------------------------------------------------------
                                 10.39   data required time
                                 -1.46   data arrival time
-----------------------------------------------------------------------------
                                  8.93   slack (MET)


Startpoint: _246_ (rising edge-triggered flip-flop clocked by clk)
Endpoint: _252_ (rising edge-triggered flip-flop clocked by clk)
Path Group: clk
Path Type: max
Corner: Fastest

Fanout     Cap    Slew   Delay    Time   Description
-----------------------------------------------------------------------------
                          0.00    0.00   clock clk (rise edge)
                          0.50    0.50   clock source latency
     1    0.02    0.04    0.03    0.53 ^ clk (in)
                                         clk (net)
                  0.04    0.00    0.53 ^ clkbuf_0_clk/A (sky130_fd_sc_hd__clkbuf_16)
     2    0.02    0.03    0.09    0.62 ^ clkbuf_0_clk/X (sky130_fd_sc_hd__clkbuf_16)
                                         clknet_0_clk (net)
                  0.03    0.00    0.62 ^ clkbuf_1_1__f_clk/A (sky130_fd_sc_hd__clkbuf_16)
    13    0.05    0.05    0.10    0.72 ^ clkbuf_1_1__f_clk/X (sky130_fd_sc_hd__clkbuf_16)
                                         clknet_1_1__leaf_clk (net)
                  0.05    0.00    0.72 ^ _246_/CLK (sky130_fd_sc_hd__dfrtp_1)
     3    0.01    0.05    0.25    0.97 v _246_/Q (sky130_fd_sc_hd__dfrtp_1)
                                         seq_timer[6] (net)
                  0.05    0.00    0.97 v _121_/A (sky130_fd_sc_hd__nor2_1)
     2    0.01    0.10    0.11    1.08 ^ _121_/Y (sky130_fd_sc_hd__nor2_1)
                                         _061_ (net)
                  0.10    0.00    1.08 ^ _134_/B (sky130_fd_sc_hd__nand3_1)
     2    0.01    0.05    0.06    1.15 v _134_/Y (sky130_fd_sc_hd__nand3_1)
                                         _074_ (net)
                  0.05    0.00    1.15 v _135_/C (sky130_fd_sc_hd__or3_1)
     1    0.01    0.06    0.19    1.34 v _135_/X (sky130_fd_sc_hd__or3_1)
                                         _075_ (net)
                  0.06    0.00    1.34 v _136_/A (sky130_fd_sc_hd__inv_2)
     3    0.01    0.04    0.06    1.40 ^ _136_/Y (sky130_fd_sc_hd__inv_2)
                                         _076_ (net)
                  0.04    0.00    1.40 ^ _137_/B (sky130_fd_sc_hd__nor2_1)
     1    0.00    0.02    0.02    1.42 v _137_/Y (sky130_fd_sc_hd__nor2_1)
                                         _114_ (net)
                  0.02    0.00    1.42 v _252_/D (sky130_fd_sc_hd__dfrtp_1)
                                  1.42   data arrival time

                         10.00   10.00   clock clk (rise edge)
                          0.50   10.50   clock source latency
     1    0.02    0.04    0.03   10.53 ^ clk (in)
                                         clk (net)
                  0.04    0.00   10.53 ^ clkbuf_0_clk/A (sky130_fd_sc_hd__clkbuf_16)
     2    0.02    0.03    0.09   10.62 ^ clkbuf_0_clk/X (sky130_fd_sc_hd__clkbuf_16)
                                         clknet_0_clk (net)
                  0.03    0.00   10.62 ^ clkbuf_1_0__f_clk/A (sky130_fd_sc_hd__clkbuf_16)
    16    0.05    0.05    0.10   10.72 ^ clkbuf_1_0__f_clk/X (sky130_fd_sc_hd__clkbuf_16)
                                         clknet_1_0__leaf_clk (net)
                  0.05    0.01   10.72 ^ _252_/CLK (sky130_fd_sc_hd__dfrtp_1)
                         -0.30   10.42   clock uncertainty
                          0.00   10.42   clock reconvergence pessimism
                         -0.07   10.36   library setup time
                                 10.36   data required time
-----------------------------------------------------------------------------
                                 10.36   data required time
                                 -1.42   data arrival time
-----------------------------------------------------------------------------
                                  8.94   slack (MET)


Startpoint: _246_ (rising edge-triggered flip-flop clocked by clk)
Endpoint: _251_ (rising edge-triggered flip-flop clocked by clk)
Path Group: clk
Path Type: max
Corner: Fastest

Fanout     Cap    Slew   Delay    Time   Description
-----------------------------------------------------------------------------
                          0.00    0.00   clock clk (rise edge)
                          0.50    0.50   clock source latency
     1    0.02    0.04    0.03    0.53 ^ clk (in)
                                         clk (net)
                  0.04    0.00    0.53 ^ clkbuf_0_clk/A (sky130_fd_sc_hd__clkbuf_16)
     2    0.02    0.03    0.09    0.62 ^ clkbuf_0_clk/X (sky130_fd_sc_hd__clkbuf_16)
                                         clknet_0_clk (net)
                  0.03    0.00    0.62 ^ clkbuf_1_1__f_clk/A (sky130_fd_sc_hd__clkbuf_16)
    13    0.05    0.05    0.10    0.72 ^ clkbuf_1_1__f_clk/X (sky130_fd_sc_hd__clkbuf_16)
                                         clknet_1_1__leaf_clk (net)
                  0.05    0.00    0.72 ^ _246_/CLK (sky130_fd_sc_hd__dfrtp_1)
     3    0.01    0.05    0.25    0.97 v _246_/Q (sky130_fd_sc_hd__dfrtp_1)
                                         seq_timer[6] (net)
                  0.05    0.00    0.97 v _121_/A (sky130_fd_sc_hd__nor2_1)
     2    0.01    0.10    0.11    1.08 ^ _121_/Y (sky130_fd_sc_hd__nor2_1)
                                         _061_ (net)
                  0.10    0.00    1.08 ^ _122_/B (sky130_fd_sc_hd__nand2_1)
     3    0.01    0.06    0.06    1.15 v _122_/Y (sky130_fd_sc_hd__nand2_1)
                                         _062_ (net)
                  0.06    0.00    1.15 v _123_/B (sky130_fd_sc_hd__nor2_1)
     3    0.01    0.17    0.15    1.30 ^ _123_/Y (sky130_fd_sc_hd__nor2_1)
                                         _063_ (net)
                  0.17    0.00    1.30 ^ _198_/C1 (sky130_fd_sc_hd__o211a_1)
     1    0.01    0.04    0.09    1.38 ^ _198_/X (sky130_fd_sc_hd__o211a_1)
                                         _003_ (net)
                  0.04    0.00    1.39 ^ _251_/D (sky130_fd_sc_hd__dfrtp_1)
                                  1.39   data arrival time

                         10.00   10.00   clock clk (rise edge)
                          0.50   10.50   clock source latency
     1    0.02    0.04    0.03   10.53 ^ clk (in)
                                         clk (net)
                  0.04    0.00   10.53 ^ clkbuf_0_clk/A (sky130_fd_sc_hd__clkbuf_16)
     2    0.02    0.03    0.09   10.62 ^ clkbuf_0_clk/X (sky130_fd_sc_hd__clkbuf_16)
                                         clknet_0_clk (net)
                  0.03    0.00   10.62 ^ clkbuf_1_0__f_clk/A (sky130_fd_sc_hd__clkbuf_16)
    16    0.05    0.05    0.10   10.72 ^ clkbuf_1_0__f_clk/X (sky130_fd_sc_hd__clkbuf_16)
                                         clknet_1_0__leaf_clk (net)
                  0.05    0.01   10.72 ^ _251_/CLK (sky130_fd_sc_hd__dfrtp_1)
                         -0.30   10.42   clock uncertainty
                          0.00   10.42   clock reconvergence pessimism
                         -0.03   10.39   library setup time
                                 10.39   data required time
-----------------------------------------------------------------------------
                                 10.39   data required time
                                 -1.39   data arrival time
-----------------------------------------------------------------------------
                                  9.01   slack (MET)


Startpoint: _257_ (rising edge-triggered flip-flop clocked by clk)
Endpoint: _239_ (rising edge-triggered flip-flop clocked by clk)
Path Group: clk
Path Type: max
Corner: Fastest

Fanout     Cap    Slew   Delay    Time   Description
-----------------------------------------------------------------------------
                          0.00    0.00   clock clk (rise edge)
                          0.50    0.50   clock source latency
     1    0.02    0.04    0.03    0.53 ^ clk (in)
                                         clk (net)
                  0.04    0.00    0.53 ^ clkbuf_0_clk/A (sky130_fd_sc_hd__clkbuf_16)
     2    0.02    0.03    0.09    0.62 ^ clkbuf_0_clk/X (sky130_fd_sc_hd__clkbuf_16)
                                         clknet_0_clk (net)
                  0.03    0.00    0.62 ^ clkbuf_1_0__f_clk/A (sky130_fd_sc_hd__clkbuf_16)
    16    0.05    0.05    0.10    0.72 ^ clkbuf_1_0__f_clk/X (sky130_fd_sc_hd__clkbuf_16)
                                         clknet_1_0__leaf_clk (net)
                  0.05    0.00    0.72 ^ _257_/CLK (sky130_fd_sc_hd__dfrtp_1)
     3    0.01    0.08    0.24    0.97 ^ _257_/Q (sky130_fd_sc_hd__dfrtp_1)
                                         curr_state[1] (net)
                  0.08    0.00    0.97 ^ _126_/A (sky130_fd_sc_hd__clkbuf_2)
     8    0.03    0.14    0.15    1.12 ^ _126_/X (sky130_fd_sc_hd__clkbuf_2)
                                         _066_ (net)
                  0.14    0.00    1.12 ^ _180_/B (sky130_fd_sc_hd__nand2_1)
     2    0.01    0.06    0.07    1.19 v _180_/Y (sky130_fd_sc_hd__nand2_1)
                                         _016_ (net)
                  0.06    0.00    1.19 v _189_/B (sky130_fd_sc_hd__nor2_1)
     2    0.01    0.14    0.13    1.32 ^ _189_/Y (sky130_fd_sc_hd__nor2_1)
                                         _022_ (net)
                  0.14    0.00    1.32 ^ _190_/A (sky130_fd_sc_hd__inv_2)
     1    0.00    0.03    0.01    1.34 v _190_/Y (sky130_fd_sc_hd__inv_2)
                                         _001_ (net)
                  0.03    0.00    1.34 v _239_/D (sky130_fd_sc_hd__dfstp_1)
                                  1.34   data arrival time

                         10.00   10.00   clock clk (rise edge)
                          0.50   10.50   clock source latency
     1    0.02    0.04    0.03   10.53 ^ clk (in)
                                         clk (net)
                  0.04    0.00   10.53 ^ clkbuf_0_clk/A (sky130_fd_sc_hd__clkbuf_16)
     2    0.02    0.03    0.09   10.62 ^ clkbuf_0_clk/X (sky130_fd_sc_hd__clkbuf_16)
                                         clknet_0_clk (net)
                  0.03    0.00   10.62 ^ clkbuf_1_1__f_clk/A (sky130_fd_sc_hd__clkbuf_16)
    13    0.05    0.05    0.10   10.72 ^ clkbuf_1_1__f_clk/X (sky130_fd_sc_hd__clkbuf_16)
                                         clknet_1_1__leaf_clk (net)
                  0.05    0.00   10.72 ^ _239_/CLK (sky130_fd_sc_hd__dfstp_1)
                         -0.30   10.42   clock uncertainty
                          0.00   10.42   clock reconvergence pessimism
                         -0.04   10.38   library setup time
                                 10.38   data required time
-----------------------------------------------------------------------------
                                 10.38   data required time
                                 -1.34   data arrival time
-----------------------------------------------------------------------------
                                  9.04   slack (MET)


Startpoint: _257_ (rising edge-triggered flip-flop clocked by clk)
Endpoint: _254_ (rising edge-triggered flip-flop clocked by clk)
Path Group: clk
Path Type: max
Corner: Fastest

Fanout     Cap    Slew   Delay    Time   Description
-----------------------------------------------------------------------------
                          0.00    0.00   clock clk (rise edge)
                          0.50    0.50   clock source latency
     1    0.02    0.04    0.03    0.53 ^ clk (in)
                                         clk (net)
                  0.04    0.00    0.53 ^ clkbuf_0_clk/A (sky130_fd_sc_hd__clkbuf_16)
     2    0.02    0.03    0.09    0.62 ^ clkbuf_0_clk/X (sky130_fd_sc_hd__clkbuf_16)
                                         clknet_0_clk (net)
                  0.03    0.00    0.62 ^ clkbuf_1_0__f_clk/A (sky130_fd_sc_hd__clkbuf_16)
    16    0.05    0.05    0.10    0.72 ^ clkbuf_1_0__f_clk/X (sky130_fd_sc_hd__clkbuf_16)
                                         clknet_1_0__leaf_clk (net)
                  0.05    0.00    0.72 ^ _257_/CLK (sky130_fd_sc_hd__dfrtp_1)
     3    0.01    0.05    0.25    0.98 v _257_/Q (sky130_fd_sc_hd__dfrtp_1)
                                         curr_state[1] (net)
                  0.05    0.00    0.98 v _126_/A (sky130_fd_sc_hd__clkbuf_2)
     8    0.03    0.08    0.13    1.11 v _126_/X (sky130_fd_sc_hd__clkbuf_2)
                                         _066_ (net)
                  0.08    0.00    1.11 v _191_/A2 (sky130_fd_sc_hd__a21oi_1)
     1    0.01    0.18    0.19    1.30 ^ _191_/Y (sky130_fd_sc_hd__a21oi_1)
                                         _112_ (net)
                  0.18    0.00    1.30 ^ _254_/D (sky130_fd_sc_hd__dfrtp_1)
                                  1.30   data arrival time

                         10.00   10.00   clock clk (rise edge)
                          0.50   10.50   clock source latency
     1    0.02    0.04    0.03   10.53 ^ clk (in)
                                         clk (net)
                  0.04    0.00   10.53 ^ clkbuf_0_clk/A (sky130_fd_sc_hd__clkbuf_16)
     2    0.02    0.03    0.09   10.62 ^ clkbuf_0_clk/X (sky130_fd_sc_hd__clkbuf_16)
                                         clknet_0_clk (net)
                  0.03    0.00   10.62 ^ clkbuf_1_1__f_clk/A (sky130_fd_sc_hd__clkbuf_16)
    13    0.05    0.05    0.10   10.72 ^ clkbuf_1_1__f_clk/X (sky130_fd_sc_hd__clkbuf_16)
                                         clknet_1_1__leaf_clk (net)
                  0.05    0.00   10.72 ^ _254_/CLK (sky130_fd_sc_hd__dfrtp_1)
                         -0.30   10.42   clock uncertainty
                          0.00   10.42   clock reconvergence pessimism
                         -0.05   10.38   library setup time
                                 10.38   data required time
-----------------------------------------------------------------------------
                                 10.38   data required time
                                 -1.30   data arrival time
-----------------------------------------------------------------------------
                                  9.08   slack (MET)


Startpoint: _257_ (rising edge-triggered flip-flop clocked by clk)
Endpoint: _248_ (rising edge-triggered flip-flop clocked by clk)
Path Group: clk
Path Type: max
Corner: Fastest

Fanout     Cap    Slew   Delay    Time   Description
-----------------------------------------------------------------------------
                          0.00    0.00   clock clk (rise edge)
                          0.50    0.50   clock source latency
     1    0.02    0.04    0.03    0.53 ^ clk (in)
                                         clk (net)
                  0.04    0.00    0.53 ^ clkbuf_0_clk/A (sky130_fd_sc_hd__clkbuf_16)
     2    0.02    0.03    0.09    0.62 ^ clkbuf_0_clk/X (sky130_fd_sc_hd__clkbuf_16)
                                         clknet_0_clk (net)
                  0.03    0.00    0.62 ^ clkbuf_1_0__f_clk/A (sky130_fd_sc_hd__clkbuf_16)
    16    0.05    0.05    0.10    0.72 ^ clkbuf_1_0__f_clk/X (sky130_fd_sc_hd__clkbuf_16)
                                         clknet_1_0__leaf_clk (net)
                  0.05    0.00    0.72 ^ _257_/CLK (sky130_fd_sc_hd__dfrtp_1)
     3    0.01    0.05    0.25    0.98 v _257_/Q (sky130_fd_sc_hd__dfrtp_1)
                                         curr_state[1] (net)
                  0.05    0.00    0.98 v _126_/A (sky130_fd_sc_hd__clkbuf_2)
     8    0.03    0.08    0.13    1.11 v _126_/X (sky130_fd_sc_hd__clkbuf_2)
                                         _066_ (net)
                  0.08    0.00    1.11 v _188_/A2 (sky130_fd_sc_hd__o21a_1)
     1    0.00    0.03    0.13    1.23 v _188_/X (sky130_fd_sc_hd__o21a_1)
                                         _000_ (net)
                  0.03    0.00    1.23 v _248_/D (sky130_fd_sc_hd__dfrtp_1)
                                  1.23   data arrival time

                         10.00   10.00   clock clk (rise edge)
                          0.50   10.50   clock source latency
     1    0.02    0.04    0.03   10.53 ^ clk (in)
                                         clk (net)
                  0.04    0.00   10.53 ^ clkbuf_0_clk/A (sky130_fd_sc_hd__clkbuf_16)
     2    0.02    0.03    0.09   10.62 ^ clkbuf_0_clk/X (sky130_fd_sc_hd__clkbuf_16)
                                         clknet_0_clk (net)
                  0.03    0.00   10.62 ^ clkbuf_1_0__f_clk/A (sky130_fd_sc_hd__clkbuf_16)
    16    0.05    0.05    0.10   10.72 ^ clkbuf_1_0__f_clk/X (sky130_fd_sc_hd__clkbuf_16)
                                         clknet_1_0__leaf_clk (net)
                  0.05    0.01   10.72 ^ _248_/CLK (sky130_fd_sc_hd__dfrtp_1)
                         -0.30   10.42   clock uncertainty
                          0.00   10.42   clock reconvergence pessimism
                         -0.07   10.36   library setup time
                                 10.36   data required time
-----------------------------------------------------------------------------
                                 10.36   data required time
                                 -1.23   data arrival time
-----------------------------------------------------------------------------
                                  9.12   slack (MET)


Startpoint: _258_ (rising edge-triggered flip-flop clocked by clk)
Endpoint: _249_ (rising edge-triggered flip-flop clocked by clk)
Path Group: clk
Path Type: max
Corner: Fastest

Fanout     Cap    Slew   Delay    Time   Description
-----------------------------------------------------------------------------
                          0.00    0.00   clock clk (rise edge)
                          0.50    0.50   clock source latency
     1    0.02    0.04    0.03    0.53 ^ clk (in)
                                         clk (net)
                  0.04    0.00    0.53 ^ clkbuf_0_clk/A (sky130_fd_sc_hd__clkbuf_16)
     2    0.02    0.03    0.09    0.62 ^ clkbuf_0_clk/X (sky130_fd_sc_hd__clkbuf_16)
                                         clknet_0_clk (net)
                  0.03    0.00    0.62 ^ clkbuf_1_0__f_clk/A (sky130_fd_sc_hd__clkbuf_16)
    16    0.05    0.05    0.10    0.72 ^ clkbuf_1_0__f_clk/X (sky130_fd_sc_hd__clkbuf_16)
                                         clknet_1_0__leaf_clk (net)
                  0.05    0.00    0.72 ^ _258_/CLK (sky130_fd_sc_hd__dfrtp_4)
     8    0.04    0.08    0.34    1.06 v _258_/Q (sky130_fd_sc_hd__dfrtp_4)
                                         curr_state[2] (net)
                  0.08    0.00    1.07 v _183_/A (sky130_fd_sc_hd__nor2_1)
     2    0.01    0.13    0.14    1.20 ^ _183_/Y (sky130_fd_sc_hd__nor2_1)
                                         _002_ (net)
                  0.13    0.00    1.20 ^ _249_/D (sky130_fd_sc_hd__dfrtp_1)
                                  1.20   data arrival time

                         10.00   10.00   clock clk (rise edge)
                          0.50   10.50   clock source latency
     1    0.02    0.04    0.03   10.53 ^ clk (in)
                                         clk (net)
                  0.04    0.00   10.53 ^ clkbuf_0_clk/A (sky130_fd_sc_hd__clkbuf_16)
     2    0.02    0.03    0.09   10.62 ^ clkbuf_0_clk/X (sky130_fd_sc_hd__clkbuf_16)
                                         clknet_0_clk (net)
                  0.03    0.00   10.62 ^ clkbuf_1_0__f_clk/A (sky130_fd_sc_hd__clkbuf_16)
    16    0.05    0.05    0.10   10.72 ^ clkbuf_1_0__f_clk/X (sky130_fd_sc_hd__clkbuf_16)
                                         clknet_1_0__leaf_clk (net)
                  0.05    0.00   10.72 ^ _249_/CLK (sky130_fd_sc_hd__dfrtp_1)
                         -0.30   10.42   clock uncertainty
                          0.00   10.42   clock reconvergence pessimism
                         -0.04   10.38   library setup time
                                 10.38   data required time
-----------------------------------------------------------------------------
                                 10.38   data required time
                                 -1.20   data arrival time
-----------------------------------------------------------------------------
                                  9.18   slack (MET)


Startpoint: _259_ (rising edge-triggered flip-flop clocked by clk)
Endpoint: _263_ (rising edge-triggered flip-flop clocked by clk)
Path Group: clk
Path Type: max
Corner: Fastest

Fanout     Cap    Slew   Delay    Time   Description
-----------------------------------------------------------------------------
                          0.00    0.00   clock clk (rise edge)
                          0.50    0.50   clock source latency
     1    0.02    0.04    0.03    0.53 ^ clk (in)
                                         clk (net)
                  0.04    0.00    0.53 ^ clkbuf_0_clk/A (sky130_fd_sc_hd__clkbuf_16)
     2    0.02    0.03    0.09    0.62 ^ clkbuf_0_clk/X (sky130_fd_sc_hd__clkbuf_16)
                                         clknet_0_clk (net)
                  0.03    0.00    0.62 ^ clkbuf_1_0__f_clk/A (sky130_fd_sc_hd__clkbuf_16)
    16    0.05    0.05    0.10    0.72 ^ clkbuf_1_0__f_clk/X (sky130_fd_sc_hd__clkbuf_16)
                                         clknet_1_0__leaf_clk (net)
                  0.05    0.00    0.72 ^ _259_/CLK (sky130_fd_sc_hd__dfrtp_1)
     1    0.00    0.03    0.23    0.96 v _259_/Q (sky130_fd_sc_hd__dfrtp_1)
                                         sync_stage1[0] (net)
                  0.03    0.00    0.96 v _263_/D (sky130_fd_sc_hd__dfrtp_1)
                                  0.96   data arrival time

                         10.00   10.00   clock clk (rise edge)
                          0.50   10.50   clock source latency
     1    0.02    0.04    0.03   10.53 ^ clk (in)
                                         clk (net)
                  0.04    0.00   10.53 ^ clkbuf_0_clk/A (sky130_fd_sc_hd__clkbuf_16)
     2    0.02    0.03    0.09   10.62 ^ clkbuf_0_clk/X (sky130_fd_sc_hd__clkbuf_16)
                                         clknet_0_clk (net)
                  0.03    0.00   10.62 ^ clkbuf_1_0__f_clk/A (sky130_fd_sc_hd__clkbuf_16)
    16    0.05    0.05    0.10   10.72 ^ clkbuf_1_0__f_clk/X (sky130_fd_sc_hd__clkbuf_16)
                                         clknet_1_0__leaf_clk (net)
                  0.05    0.00   10.72 ^ _263_/CLK (sky130_fd_sc_hd__dfrtp_1)
                         -0.30   10.42   clock uncertainty
                          0.00   10.42   clock reconvergence pessimism
                         -0.07   10.35   library setup time
                                 10.35   data required time
-----------------------------------------------------------------------------
                                 10.35   data required time
                                 -0.96   data arrival time
-----------------------------------------------------------------------------
                                  9.40   slack (MET)


Startpoint: _260_ (rising edge-triggered flip-flop clocked by clk)
Endpoint: _264_ (rising edge-triggered flip-flop clocked by clk)
Path Group: clk
Path Type: max
Corner: Fastest

Fanout     Cap    Slew   Delay    Time   Description
-----------------------------------------------------------------------------
                          0.00    0.00   clock clk (rise edge)
                          0.50    0.50   clock source latency
     1    0.02    0.04    0.03    0.53 ^ clk (in)
                                         clk (net)
                  0.04    0.00    0.53 ^ clkbuf_0_clk/A (sky130_fd_sc_hd__clkbuf_16)
     2    0.02    0.03    0.09    0.62 ^ clkbuf_0_clk/X (sky130_fd_sc_hd__clkbuf_16)
                                         clknet_0_clk (net)
                  0.03    0.00    0.62 ^ clkbuf_1_0__f_clk/A (sky130_fd_sc_hd__clkbuf_16)
    16    0.05    0.05    0.10    0.72 ^ clkbuf_1_0__f_clk/X (sky130_fd_sc_hd__clkbuf_16)
                                         clknet_1_0__leaf_clk (net)
                  0.05    0.00    0.72 ^ _260_/CLK (sky130_fd_sc_hd__dfrtp_1)
     1    0.00    0.03    0.23    0.95 v _260_/Q (sky130_fd_sc_hd__dfrtp_1)
                                         sync_stage1[1] (net)
                  0.03    0.00    0.95 v _264_/D (sky130_fd_sc_hd__dfrtp_1)
                                  0.95   data arrival time

                         10.00   10.00   clock clk (rise edge)
                          0.50   10.50   clock source latency
     1    0.02    0.04    0.03   10.53 ^ clk (in)
                                         clk (net)
                  0.04    0.00   10.53 ^ clkbuf_0_clk/A (sky130_fd_sc_hd__clkbuf_16)
     2    0.02    0.03    0.09   10.62 ^ clkbuf_0_clk/X (sky130_fd_sc_hd__clkbuf_16)
                                         clknet_0_clk (net)
                  0.03    0.00   10.62 ^ clkbuf_1_0__f_clk/A (sky130_fd_sc_hd__clkbuf_16)
    16    0.05    0.05    0.10   10.72 ^ clkbuf_1_0__f_clk/X (sky130_fd_sc_hd__clkbuf_16)
                                         clknet_1_0__leaf_clk (net)
                  0.05    0.00   10.72 ^ _264_/CLK (sky130_fd_sc_hd__dfrtp_1)
                         -0.30   10.42   clock uncertainty
                          0.00   10.42   clock reconvergence pessimism
                         -0.07   10.35   library setup time
                                 10.35   data required time
-----------------------------------------------------------------------------
                                 10.35   data required time
                                 -0.95   data arrival time
-----------------------------------------------------------------------------
                                  9.40   slack (MET)


Startpoint: _261_ (rising edge-triggered flip-flop clocked by clk)
Endpoint: _265_ (rising edge-triggered flip-flop clocked by clk)
Path Group: clk
Path Type: max
Corner: Fastest

Fanout     Cap    Slew   Delay    Time   Description
-----------------------------------------------------------------------------
                          0.00    0.00   clock clk (rise edge)
                          0.50    0.50   clock source latency
     1    0.02    0.04    0.03    0.53 ^ clk (in)
                                         clk (net)
                  0.04    0.00    0.53 ^ clkbuf_0_clk/A (sky130_fd_sc_hd__clkbuf_16)
     2    0.02    0.03    0.09    0.62 ^ clkbuf_0_clk/X (sky130_fd_sc_hd__clkbuf_16)
                                         clknet_0_clk (net)
                  0.03    0.00    0.62 ^ clkbuf_1_0__f_clk/A (sky130_fd_sc_hd__clkbuf_16)
    16    0.05    0.05    0.10    0.72 ^ clkbuf_1_0__f_clk/X (sky130_fd_sc_hd__clkbuf_16)
                                         clknet_1_0__leaf_clk (net)
                  0.05    0.00    0.72 ^ _261_/CLK (sky130_fd_sc_hd__dfrtp_1)
     1    0.00    0.03    0.23    0.95 v _261_/Q (sky130_fd_sc_hd__dfrtp_1)
                                         sync_stage1[2] (net)
                  0.03    0.00    0.95 v _265_/D (sky130_fd_sc_hd__dfrtp_1)
                                  0.95   data arrival time

                         10.00   10.00   clock clk (rise edge)
                          0.50   10.50   clock source latency
     1    0.02    0.04    0.03   10.53 ^ clk (in)
                                         clk (net)
                  0.04    0.00   10.53 ^ clkbuf_0_clk/A (sky130_fd_sc_hd__clkbuf_16)
     2    0.02    0.03    0.09   10.62 ^ clkbuf_0_clk/X (sky130_fd_sc_hd__clkbuf_16)
                                         clknet_0_clk (net)
                  0.03    0.00   10.62 ^ clkbuf_1_0__f_clk/A (sky130_fd_sc_hd__clkbuf_16)
    16    0.05    0.05    0.10   10.72 ^ clkbuf_1_0__f_clk/X (sky130_fd_sc_hd__clkbuf_16)
                                         clknet_1_0__leaf_clk (net)
                  0.05    0.00   10.72 ^ _265_/CLK (sky130_fd_sc_hd__dfrtp_1)
                         -0.30   10.42   clock uncertainty
                          0.00   10.42   clock reconvergence pessimism
                         -0.07   10.35   library setup time
                                 10.35   data required time
-----------------------------------------------------------------------------
                                 10.35   data required time
                                 -0.95   data arrival time
-----------------------------------------------------------------------------
                                  9.40   slack (MET)


Startpoint: _262_ (rising edge-triggered flip-flop clocked by clk)
Endpoint: _266_ (rising edge-triggered flip-flop clocked by clk)
Path Group: clk
Path Type: max
Corner: Fastest

Fanout     Cap    Slew   Delay    Time   Description
-----------------------------------------------------------------------------
                          0.00    0.00   clock clk (rise edge)
                          0.50    0.50   clock source latency
     1    0.02    0.04    0.03    0.53 ^ clk (in)
                                         clk (net)
                  0.04    0.00    0.53 ^ clkbuf_0_clk/A (sky130_fd_sc_hd__clkbuf_16)
     2    0.02    0.03    0.09    0.62 ^ clkbuf_0_clk/X (sky130_fd_sc_hd__clkbuf_16)
                                         clknet_0_clk (net)
                  0.03    0.00    0.62 ^ clkbuf_1_0__f_clk/A (sky130_fd_sc_hd__clkbuf_16)
    16    0.05    0.05    0.10    0.72 ^ clkbuf_1_0__f_clk/X (sky130_fd_sc_hd__clkbuf_16)
                                         clknet_1_0__leaf_clk (net)
                  0.05    0.01    0.72 ^ _262_/CLK (sky130_fd_sc_hd__dfrtp_1)
     1    0.00    0.03    0.23    0.95 v _262_/Q (sky130_fd_sc_hd__dfrtp_1)
                                         sync_stage1[3] (net)
                  0.03    0.00    0.95 v _266_/D (sky130_fd_sc_hd__dfrtp_1)
                                  0.95   data arrival time

                         10.00   10.00   clock clk (rise edge)
                          0.50   10.50   clock source latency
     1    0.02    0.04    0.03   10.53 ^ clk (in)
                                         clk (net)
                  0.04    0.00   10.53 ^ clkbuf_0_clk/A (sky130_fd_sc_hd__clkbuf_16)
     2    0.02    0.03    0.09   10.62 ^ clkbuf_0_clk/X (sky130_fd_sc_hd__clkbuf_16)
                                         clknet_0_clk (net)
                  0.03    0.00   10.62 ^ clkbuf_1_0__f_clk/A (sky130_fd_sc_hd__clkbuf_16)
    16    0.05    0.05    0.10   10.72 ^ clkbuf_1_0__f_clk/X (sky130_fd_sc_hd__clkbuf_16)
                                         clknet_1_0__leaf_clk (net)
                  0.05    0.01   10.72 ^ _266_/CLK (sky130_fd_sc_hd__dfrtp_1)
                         -0.30   10.42   clock uncertainty
                          0.00   10.42   clock reconvergence pessimism
                         -0.07   10.36   library setup time
                                 10.36   data required time
-----------------------------------------------------------------------------
                                 10.36   data required time
                                 -0.95   data arrival time
-----------------------------------------------------------------------------
                                  9.41   slack (MET)



worst slack corner Fastest: 4.1667
======================= Slowest Corner ===================================

Startpoint: retention_ready (input port clocked by clk)
Endpoint: error (output port clocked by clk)
Path Group: clk
Path Type: max
Corner: Slowest

Fanout     Cap    Slew   Delay    Time   Description
-----------------------------------------------------------------------------
                          0.00    0.00   clock clk (rise edge)
                          0.50    0.50   clock network delay (propagated)
                          3.00    3.50 v input external delay
     1    0.00    0.04    0.01    3.51 v retention_ready (in)
                                         retention_ready (net)
                  0.04    0.00    3.51 v input6/A (sky130_fd_sc_hd__buf_1)
     1    0.01    0.11    0.19    3.71 v input6/X (sky130_fd_sc_hd__buf_1)
                                         net6 (net)
                  0.11    0.00    3.71 v _164_/A (sky130_fd_sc_hd__inv_2)
     3    0.01    0.09    0.12    3.83 ^ _164_/Y (sky130_fd_sc_hd__inv_2)
                                         _101_ (net)
                  0.09    0.00    3.83 ^ _199_/B (sky130_fd_sc_hd__nand2_1)
     1    0.00    0.10    0.11    3.94 v _199_/Y (sky130_fd_sc_hd__nand2_1)
                                         _026_ (net)
                  0.10    0.00    3.94 v _200_/B1 (sky130_fd_sc_hd__a211oi_1)
     1    0.01    0.49    0.51    4.46 ^ _200_/Y (sky130_fd_sc_hd__a211oi_1)
                                         net10 (net)
                  0.49    0.00    4.46 ^ wire19/A (sky130_fd_sc_hd__clkbuf_1)
     1    0.01    0.14    0.33    4.79 ^ wire19/X (sky130_fd_sc_hd__clkbuf_1)
                                         net19 (net)
                  0.14    0.00    4.79 ^ output10/A (sky130_fd_sc_hd__clkbuf_2)
     1    0.02    0.19    0.31    5.10 ^ output10/X (sky130_fd_sc_hd__clkbuf_2)
                                         error (net)
                  0.19    0.00    5.10 ^ error (out)
                                  5.10   data arrival time

                         10.00   10.00   clock clk (rise edge)
                          0.50   10.50   clock network delay (propagated)
                         -0.30   10.20   clock uncertainty
                          0.00   10.20   clock reconvergence pessimism
                         -2.00    8.20   output external delay
                                  8.20   data required time
-----------------------------------------------------------------------------
                                  8.20   data required time
                                 -5.10   data arrival time
-----------------------------------------------------------------------------
                                  3.10   slack (MET)


Startpoint: _256_ (rising edge-triggered flip-flop clocked by clk)
Endpoint: seq_busy (output port clocked by clk)
Path Group: clk
Path Type: max
Corner: Slowest

Fanout     Cap    Slew   Delay    Time   Description
-----------------------------------------------------------------------------
                          0.00    0.00   clock clk (rise edge)
                          0.50    0.50   clock source latency
     1    0.02    0.10    0.07    0.57 ^ clk (in)
                                         clk (net)
                  0.10    0.00    0.57 ^ clkbuf_0_clk/A (sky130_fd_sc_hd__clkbuf_16)
     2    0.02    0.07    0.23    0.80 ^ clkbuf_0_clk/X (sky130_fd_sc_hd__clkbuf_16)
                                         clknet_0_clk (net)
                  0.07    0.00    0.80 ^ clkbuf_1_0__f_clk/A (sky130_fd_sc_hd__clkbuf_16)
    16    0.05    0.10    0.26    1.06 ^ clkbuf_1_0__f_clk/X (sky130_fd_sc_hd__clkbuf_16)
                                         clknet_1_0__leaf_clk (net)
                  0.10    0.00    1.06 ^ _256_/CLK (sky130_fd_sc_hd__dfrtp_4)
     8    0.03    0.18    1.10    2.16 v _256_/Q (sky130_fd_sc_hd__dfrtp_4)
                                         curr_state[0] (net)
                  0.18    0.00    2.16 v _138_/A (sky130_fd_sc_hd__nand2_1)
     3    0.01    0.23    0.25    2.42 ^ _138_/Y (sky130_fd_sc_hd__nand2_1)
                                         _077_ (net)
                  0.23    0.00    2.42 ^ _139_/A (sky130_fd_sc_hd__inv_2)
     2    0.01    0.06    0.12    2.54 v _139_/Y (sky130_fd_sc_hd__inv_2)
                                         _078_ (net)
                  0.06    0.00    2.54 v _140_/B (sky130_fd_sc_hd__nor2_1)
     1    0.00    0.16    0.16    2.71 ^ _140_/Y (sky130_fd_sc_hd__nor2_1)
                                         net18 (net)
                  0.16    0.00    2.71 ^ wire20/A (sky130_fd_sc_hd__buf_1)
     4    0.02    0.34    0.38    3.09 ^ wire20/X (sky130_fd_sc_hd__buf_1)
                                         net20 (net)
                  0.34    0.00    3.09 ^ output18/A (sky130_fd_sc_hd__clkbuf_2)
     1    0.02    0.19    0.39    3.48 ^ output18/X (sky130_fd_sc_hd__clkbuf_2)
                                         seq_busy (net)
                  0.19    0.00    3.48 ^ seq_busy (out)
                                  3.48   data arrival time

                         10.00   10.00   clock clk (rise edge)
                          0.50   10.50   clock network delay (propagated)
                         -0.30   10.20   clock uncertainty
                          0.00   10.20   clock reconvergence pessimism
                         -2.00    8.20   output external delay
                                  8.20   data required time
-----------------------------------------------------------------------------
                                  8.20   data required time
                                 -3.48   data arrival time
-----------------------------------------------------------------------------
                                  4.72   slack (MET)


Startpoint: pwr_stable (input port clocked by clk)
Endpoint: _257_ (rising edge-triggered flip-flop clocked by clk)
Path Group: clk
Path Type: max
Corner: Slowest

Fanout     Cap    Slew   Delay    Time   Description
-----------------------------------------------------------------------------
                          0.00    0.00   clock clk (rise edge)
                          0.50    0.50   clock network delay (propagated)
                          3.00    3.50 ^ input external delay
     1    0.00    0.04    0.01    3.51 ^ pwr_stable (in)
                                         pwr_stable (net)
                  0.04    0.00    3.51 ^ input2/A (sky130_fd_sc_hd__clkbuf_1)
     1    0.01    0.13    0.18    3.69 ^ input2/X (sky130_fd_sc_hd__clkbuf_1)
                                         net2 (net)
                  0.13    0.00    3.69 ^ _158_/A (sky130_fd_sc_hd__nand2_1)
     2    0.01    0.13    0.17    3.86 v _158_/Y (sky130_fd_sc_hd__nand2_1)
                                         _095_ (net)
                  0.13    0.00    3.86 v _159_/B1_N (sky130_fd_sc_hd__o21bai_1)
     1    0.00    0.10    0.34    4.20 v _159_/Y (sky130_fd_sc_hd__o21bai_1)
                                         _096_ (net)
                  0.10    0.00    4.20 v _160_/A (sky130_fd_sc_hd__nand2_1)
     1    0.00    0.07    0.11    4.31 ^ _160_/Y (sky130_fd_sc_hd__nand2_1)
                                         _097_ (net)
                  0.07    0.00    4.31 ^ _166_/A (sky130_fd_sc_hd__nand2_1)
     2    0.01    0.11    0.13    4.44 v _166_/Y (sky130_fd_sc_hd__nand2_1)
                                         _103_ (net)
                  0.11    0.00    4.44 v _174_/A (sky130_fd_sc_hd__or3_1)
     1    0.00    0.14    0.85    5.29 v _174_/X (sky130_fd_sc_hd__or3_1)
                                         _111_ (net)
                  0.14    0.00    5.29 v _175_/A (sky130_fd_sc_hd__clkbuf_1)
     1    0.00    0.06    0.20    5.49 v _175_/X (sky130_fd_sc_hd__clkbuf_1)
                                         next_state[1] (net)
                  0.06    0.00    5.49 v _257_/D (sky130_fd_sc_hd__dfrtp_1)
                                  5.49   data arrival time

                         10.00   10.00   clock clk (rise edge)
                          0.50   10.50   clock source latency
     1    0.02    0.10    0.07   10.57 ^ clk (in)
                                         clk (net)
                  0.10    0.00   10.57 ^ clkbuf_0_clk/A (sky130_fd_sc_hd__clkbuf_16)
     2    0.02    0.07    0.23   10.80 ^ clkbuf_0_clk/X (sky130_fd_sc_hd__clkbuf_16)
                                         clknet_0_clk (net)
                  0.07    0.00   10.80 ^ clkbuf_1_0__f_clk/A (sky130_fd_sc_hd__clkbuf_16)
    16    0.05    0.10    0.26   11.06 ^ clkbuf_1_0__f_clk/X (sky130_fd_sc_hd__clkbuf_16)
                                         clknet_1_0__leaf_clk (net)
                  0.10    0.00   11.06 ^ _257_/CLK (sky130_fd_sc_hd__dfrtp_1)
                         -0.30   10.76   clock uncertainty
                          0.00   10.76   clock reconvergence pessimism
                         -0.26   10.50   library setup time
                                 10.50   data required time
-----------------------------------------------------------------------------
                                 10.50   data required time
                                 -5.49   data arrival time
-----------------------------------------------------------------------------
                                  5.01   slack (MET)


Startpoint: pwr_stable (input port clocked by clk)
Endpoint: _243_ (rising edge-triggered flip-flop clocked by clk)
Path Group: clk
Path Type: max
Corner: Slowest

Fanout     Cap    Slew   Delay    Time   Description
-----------------------------------------------------------------------------
                          0.00    0.00   clock clk (rise edge)
                          0.50    0.50   clock network delay (propagated)
                          3.00    3.50 ^ input external delay
     1    0.00    0.04    0.01    3.51 ^ pwr_stable (in)
                                         pwr_stable (net)
                  0.04    0.00    3.51 ^ input2/A (sky130_fd_sc_hd__clkbuf_1)
     1    0.01    0.13    0.18    3.69 ^ input2/X (sky130_fd_sc_hd__clkbuf_1)
                                         net2 (net)
                  0.13    0.00    3.69 ^ _158_/A (sky130_fd_sc_hd__nand2_1)
     2    0.01    0.13    0.17    3.86 v _158_/Y (sky130_fd_sc_hd__nand2_1)
                                         _095_ (net)
                  0.13    0.00    3.86 v _159_/B1_N (sky130_fd_sc_hd__o21bai_1)
     1    0.00    0.10    0.34    4.20 v _159_/Y (sky130_fd_sc_hd__o21bai_1)
                                         _096_ (net)
                  0.10    0.00    4.20 v _160_/A (sky130_fd_sc_hd__nand2_1)
     1    0.00    0.07    0.11    4.31 ^ _160_/Y (sky130_fd_sc_hd__nand2_1)
                                         _097_ (net)
                  0.07    0.00    4.31 ^ _166_/A (sky130_fd_sc_hd__nand2_1)
     2    0.01    0.11    0.13    4.44 v _166_/Y (sky130_fd_sc_hd__nand2_1)
                                         _103_ (net)
                  0.11    0.00    4.44 v _178_/B (sky130_fd_sc_hd__nor2_1)
     2    0.01    0.22    0.23    4.67 ^ _178_/Y (sky130_fd_sc_hd__nor2_1)
                                         _014_ (net)
                  0.22    0.00    4.67 ^ _204_/A (sky130_fd_sc_hd__nand3_1)
     1    0.01    0.28    0.32    4.98 v _204_/Y (sky130_fd_sc_hd__nand3_1)
                                         _030_ (net)
                  0.28    0.00    4.99 v _209_/A (sky130_fd_sc_hd__nand3_4)
     8    0.04    0.21    0.27    5.26 ^ _209_/Y (sky130_fd_sc_hd__nand3_4)
                                         _035_ (net)
                  0.21    0.00    5.26 ^ _223_/B (sky130_fd_sc_hd__nor2_1)
     1    0.00    0.07    0.14    5.40 v _223_/Y (sky130_fd_sc_hd__nor2_1)
                                         _007_ (net)
                  0.07    0.00    5.40 v _243_/D (sky130_fd_sc_hd__dfrtp_1)
                                  5.40   data arrival time

                         10.00   10.00   clock clk (rise edge)
                          0.50   10.50   clock source latency
     1    0.02    0.10    0.07   10.57 ^ clk (in)
                                         clk (net)
                  0.10    0.00   10.57 ^ clkbuf_0_clk/A (sky130_fd_sc_hd__clkbuf_16)
     2    0.02    0.07    0.23   10.80 ^ clkbuf_0_clk/X (sky130_fd_sc_hd__clkbuf_16)
                                         clknet_0_clk (net)
                  0.07    0.00   10.80 ^ clkbuf_1_1__f_clk/A (sky130_fd_sc_hd__clkbuf_16)
    13    0.05    0.10    0.26   11.06 ^ clkbuf_1_1__f_clk/X (sky130_fd_sc_hd__clkbuf_16)
                                         clknet_1_1__leaf_clk (net)
                  0.10    0.00   11.06 ^ _243_/CLK (sky130_fd_sc_hd__dfrtp_1)
                         -0.30   10.76   clock uncertainty
                          0.00   10.76   clock reconvergence pessimism
                         -0.27   10.49   library setup time
                                 10.49   data required time
-----------------------------------------------------------------------------
                                 10.49   data required time
                                 -5.40   data arrival time
-----------------------------------------------------------------------------
                                  5.10   slack (MET)


Startpoint: pwr_stable (input port clocked by clk)
Endpoint: _242_ (rising edge-triggered flip-flop clocked by clk)
Path Group: clk
Path Type: max
Corner: Slowest

Fanout     Cap    Slew   Delay    Time   Description
-----------------------------------------------------------------------------
                          0.00    0.00   clock clk (rise edge)
                          0.50    0.50   clock network delay (propagated)
                          3.00    3.50 ^ input external delay
     1    0.00    0.04    0.01    3.51 ^ pwr_stable (in)
                                         pwr_stable (net)
                  0.04    0.00    3.51 ^ input2/A (sky130_fd_sc_hd__clkbuf_1)
     1    0.01    0.13    0.18    3.69 ^ input2/X (sky130_fd_sc_hd__clkbuf_1)
                                         net2 (net)
                  0.13    0.00    3.69 ^ _158_/A (sky130_fd_sc_hd__nand2_1)
     2    0.01    0.13    0.17    3.86 v _158_/Y (sky130_fd_sc_hd__nand2_1)
                                         _095_ (net)
                  0.13    0.00    3.86 v _159_/B1_N (sky130_fd_sc_hd__o21bai_1)
     1    0.00    0.10    0.34    4.20 v _159_/Y (sky130_fd_sc_hd__o21bai_1)
                                         _096_ (net)
                  0.10    0.00    4.20 v _160_/A (sky130_fd_sc_hd__nand2_1)
     1    0.00    0.07    0.11    4.31 ^ _160_/Y (sky130_fd_sc_hd__nand2_1)
                                         _097_ (net)
                  0.07    0.00    4.31 ^ _166_/A (sky130_fd_sc_hd__nand2_1)
     2    0.01    0.11    0.13    4.44 v _166_/Y (sky130_fd_sc_hd__nand2_1)
                                         _103_ (net)
                  0.11    0.00    4.44 v _178_/B (sky130_fd_sc_hd__nor2_1)
     2    0.01    0.22    0.23    4.67 ^ _178_/Y (sky130_fd_sc_hd__nor2_1)
                                         _014_ (net)
                  0.22    0.00    4.67 ^ _204_/A (sky130_fd_sc_hd__nand3_1)
     1    0.01    0.28    0.32    4.98 v _204_/Y (sky130_fd_sc_hd__nand3_1)
                                         _030_ (net)
                  0.28    0.00    4.99 v _209_/A (sky130_fd_sc_hd__nand3_4)
     8    0.04    0.21    0.27    5.26 ^ _209_/Y (sky130_fd_sc_hd__nand3_4)
                                         _035_ (net)
                  0.21    0.00    5.26 ^ _219_/B (sky130_fd_sc_hd__nor2_1)
     1    0.00    0.06    0.12    5.39 v _219_/Y (sky130_fd_sc_hd__nor2_1)
                                         _006_ (net)
                  0.06    0.00    5.39 v _242_/D (sky130_fd_sc_hd__dfrtp_1)
                                  5.39   data arrival time

                         10.00   10.00   clock clk (rise edge)
                          0.50   10.50   clock source latency
     1    0.02    0.10    0.07   10.57 ^ clk (in)
                                         clk (net)
                  0.10    0.00   10.57 ^ clkbuf_0_clk/A (sky130_fd_sc_hd__clkbuf_16)
     2    0.02    0.07    0.23   10.80 ^ clkbuf_0_clk/X (sky130_fd_sc_hd__clkbuf_16)
                                         clknet_0_clk (net)
                  0.07    0.00   10.80 ^ clkbuf_1_1__f_clk/A (sky130_fd_sc_hd__clkbuf_16)
    13    0.05    0.10    0.26   11.06 ^ clkbuf_1_1__f_clk/X (sky130_fd_sc_hd__clkbuf_16)
                                         clknet_1_1__leaf_clk (net)
                  0.10    0.00   11.06 ^ _242_/CLK (sky130_fd_sc_hd__dfrtp_1)
                         -0.30   10.76   clock uncertainty
                          0.00   10.76   clock reconvergence pessimism
                         -0.26   10.50   library setup time
                                 10.50   data required time
-----------------------------------------------------------------------------
                                 10.50   data required time
                                 -5.39   data arrival time
-----------------------------------------------------------------------------
                                  5.11   slack (MET)


Startpoint: pwr_stable (input port clocked by clk)
Endpoint: _247_ (rising edge-triggered flip-flop clocked by clk)
Path Group: clk
Path Type: max
Corner: Slowest

Fanout     Cap    Slew   Delay    Time   Description
-----------------------------------------------------------------------------
                          0.00    0.00   clock clk (rise edge)
                          0.50    0.50   clock network delay (propagated)
                          3.00    3.50 ^ input external delay
     1    0.00    0.04    0.01    3.51 ^ pwr_stable (in)
                                         pwr_stable (net)
                  0.04    0.00    3.51 ^ input2/A (sky130_fd_sc_hd__clkbuf_1)
     1    0.01    0.13    0.18    3.69 ^ input2/X (sky130_fd_sc_hd__clkbuf_1)
                                         net2 (net)
                  0.13    0.00    3.69 ^ _158_/A (sky130_fd_sc_hd__nand2_1)
     2    0.01    0.13    0.17    3.86 v _158_/Y (sky130_fd_sc_hd__nand2_1)
                                         _095_ (net)
                  0.13    0.00    3.86 v _159_/B1_N (sky130_fd_sc_hd__o21bai_1)
     1    0.00    0.10    0.34    4.20 v _159_/Y (sky130_fd_sc_hd__o21bai_1)
                                         _096_ (net)
                  0.10    0.00    4.20 v _160_/A (sky130_fd_sc_hd__nand2_1)
     1    0.00    0.07    0.11    4.31 ^ _160_/Y (sky130_fd_sc_hd__nand2_1)
                                         _097_ (net)
                  0.07    0.00    4.31 ^ _166_/A (sky130_fd_sc_hd__nand2_1)
     2    0.01    0.11    0.13    4.44 v _166_/Y (sky130_fd_sc_hd__nand2_1)
                                         _103_ (net)
                  0.11    0.00    4.44 v _178_/B (sky130_fd_sc_hd__nor2_1)
     2    0.01    0.22    0.23    4.67 ^ _178_/Y (sky130_fd_sc_hd__nor2_1)
                                         _014_ (net)
                  0.22    0.00    4.67 ^ _204_/A (sky130_fd_sc_hd__nand3_1)
     1    0.01    0.28    0.32    4.98 v _204_/Y (sky130_fd_sc_hd__nand3_1)
                                         _030_ (net)
                  0.28    0.00    4.99 v _209_/A (sky130_fd_sc_hd__nand3_4)
     8    0.04    0.21    0.27    5.26 ^ _209_/Y (sky130_fd_sc_hd__nand3_4)
                                         _035_ (net)
                  0.21    0.00    5.26 ^ _238_/B (sky130_fd_sc_hd__nor2_1)
     1    0.00    0.06    0.12    5.39 v _238_/Y (sky130_fd_sc_hd__nor2_1)
                                         _011_ (net)
                  0.06    0.00    5.39 v _247_/D (sky130_fd_sc_hd__dfrtp_1)
                                  5.39   data arrival time

                         10.00   10.00   clock clk (rise edge)
                          0.50   10.50   clock source latency
     1    0.02    0.10    0.07   10.57 ^ clk (in)
                                         clk (net)
                  0.10    0.00   10.57 ^ clkbuf_0_clk/A (sky130_fd_sc_hd__clkbuf_16)
     2    0.02    0.07    0.23   10.80 ^ clkbuf_0_clk/X (sky130_fd_sc_hd__clkbuf_16)
                                         clknet_0_clk (net)
                  0.07    0.00   10.80 ^ clkbuf_1_1__f_clk/A (sky130_fd_sc_hd__clkbuf_16)
    13    0.05    0.10    0.26   11.06 ^ clkbuf_1_1__f_clk/X (sky130_fd_sc_hd__clkbuf_16)
                                         clknet_1_1__leaf_clk (net)
                  0.10    0.00   11.06 ^ _247_/CLK (sky130_fd_sc_hd__dfrtp_1)
                         -0.30   10.76   clock uncertainty
                          0.00   10.76   clock reconvergence pessimism
                         -0.26   10.50   library setup time
                                 10.50   data required time
-----------------------------------------------------------------------------
                                 10.50   data required time
                                 -5.39   data arrival time
-----------------------------------------------------------------------------
                                  5.11   slack (MET)


Startpoint: pwr_stable (input port clocked by clk)
Endpoint: _240_ (rising edge-triggered flip-flop clocked by clk)
Path Group: clk
Path Type: max
Corner: Slowest

Fanout     Cap    Slew   Delay    Time   Description
-----------------------------------------------------------------------------
                          0.00    0.00   clock clk (rise edge)
                          0.50    0.50   clock network delay (propagated)
                          3.00    3.50 ^ input external delay
     1    0.00    0.04    0.01    3.51 ^ pwr_stable (in)
                                         pwr_stable (net)
                  0.04    0.00    3.51 ^ input2/A (sky130_fd_sc_hd__clkbuf_1)
     1    0.01    0.13    0.18    3.69 ^ input2/X (sky130_fd_sc_hd__clkbuf_1)
                                         net2 (net)
                  0.13    0.00    3.69 ^ _158_/A (sky130_fd_sc_hd__nand2_1)
     2    0.01    0.13    0.17    3.86 v _158_/Y (sky130_fd_sc_hd__nand2_1)
                                         _095_ (net)
                  0.13    0.00    3.86 v _159_/B1_N (sky130_fd_sc_hd__o21bai_1)
     1    0.00    0.10    0.34    4.20 v _159_/Y (sky130_fd_sc_hd__o21bai_1)
                                         _096_ (net)
                  0.10    0.00    4.20 v _160_/A (sky130_fd_sc_hd__nand2_1)
     1    0.00    0.07    0.11    4.31 ^ _160_/Y (sky130_fd_sc_hd__nand2_1)
                                         _097_ (net)
                  0.07    0.00    4.31 ^ _166_/A (sky130_fd_sc_hd__nand2_1)
     2    0.01    0.11    0.13    4.44 v _166_/Y (sky130_fd_sc_hd__nand2_1)
                                         _103_ (net)
                  0.11    0.00    4.44 v _178_/B (sky130_fd_sc_hd__nor2_1)
     2    0.01    0.22    0.23    4.67 ^ _178_/Y (sky130_fd_sc_hd__nor2_1)
                                         _014_ (net)
                  0.22    0.00    4.67 ^ _204_/A (sky130_fd_sc_hd__nand3_1)
     1    0.01    0.28    0.32    4.98 v _204_/Y (sky130_fd_sc_hd__nand3_1)
                                         _030_ (net)
                  0.28    0.00    4.99 v _209_/A (sky130_fd_sc_hd__nand3_4)
     8    0.04    0.21    0.27    5.26 ^ _209_/Y (sky130_fd_sc_hd__nand3_4)
                                         _035_ (net)
                  0.21    0.00    5.26 ^ _210_/B (sky130_fd_sc_hd__nor2_1)
     1    0.00    0.06    0.12    5.38 v _210_/Y (sky130_fd_sc_hd__nor2_1)
                                         _004_ (net)
                  0.06    0.00    5.38 v _240_/D (sky130_fd_sc_hd__dfrtp_1)
                                  5.38   data arrival time

                         10.00   10.00   clock clk (rise edge)
                          0.50   10.50   clock source latency
     1    0.02    0.10    0.07   10.57 ^ clk (in)
                                         clk (net)
                  0.10    0.00   10.57 ^ clkbuf_0_clk/A (sky130_fd_sc_hd__clkbuf_16)
     2    0.02    0.07    0.23   10.80 ^ clkbuf_0_clk/X (sky130_fd_sc_hd__clkbuf_16)
                                         clknet_0_clk (net)
                  0.07    0.00   10.80 ^ clkbuf_1_1__f_clk/A (sky130_fd_sc_hd__clkbuf_16)
    13    0.05    0.10    0.26   11.06 ^ clkbuf_1_1__f_clk/X (sky130_fd_sc_hd__clkbuf_16)
                                         clknet_1_1__leaf_clk (net)
                  0.10    0.00   11.06 ^ _240_/CLK (sky130_fd_sc_hd__dfrtp_1)
                         -0.30   10.76   clock uncertainty
                          0.00   10.76   clock reconvergence pessimism
                         -0.26   10.50   library setup time
                                 10.50   data required time
-----------------------------------------------------------------------------
                                 10.50   data required time
                                 -5.38   data arrival time
-----------------------------------------------------------------------------
                                  5.12   slack (MET)


Startpoint: pwr_stable (input port clocked by clk)
Endpoint: _244_ (rising edge-triggered flip-flop clocked by clk)
Path Group: clk
Path Type: max
Corner: Slowest

Fanout     Cap    Slew   Delay    Time   Description
-----------------------------------------------------------------------------
                          0.00    0.00   clock clk (rise edge)
                          0.50    0.50   clock network delay (propagated)
                          3.00    3.50 ^ input external delay
     1    0.00    0.04    0.01    3.51 ^ pwr_stable (in)
                                         pwr_stable (net)
                  0.04    0.00    3.51 ^ input2/A (sky130_fd_sc_hd__clkbuf_1)
     1    0.01    0.13    0.18    3.69 ^ input2/X (sky130_fd_sc_hd__clkbuf_1)
                                         net2 (net)
                  0.13    0.00    3.69 ^ _158_/A (sky130_fd_sc_hd__nand2_1)
     2    0.01    0.13    0.17    3.86 v _158_/Y (sky130_fd_sc_hd__nand2_1)
                                         _095_ (net)
                  0.13    0.00    3.86 v _159_/B1_N (sky130_fd_sc_hd__o21bai_1)
     1    0.00    0.10    0.34    4.20 v _159_/Y (sky130_fd_sc_hd__o21bai_1)
                                         _096_ (net)
                  0.10    0.00    4.20 v _160_/A (sky130_fd_sc_hd__nand2_1)
     1    0.00    0.07    0.11    4.31 ^ _160_/Y (sky130_fd_sc_hd__nand2_1)
                                         _097_ (net)
                  0.07    0.00    4.31 ^ _166_/A (sky130_fd_sc_hd__nand2_1)
     2    0.01    0.11    0.13    4.44 v _166_/Y (sky130_fd_sc_hd__nand2_1)
                                         _103_ (net)
                  0.11    0.00    4.44 v _178_/B (sky130_fd_sc_hd__nor2_1)
     2    0.01    0.22    0.23    4.67 ^ _178_/Y (sky130_fd_sc_hd__nor2_1)
                                         _014_ (net)
                  0.22    0.00    4.67 ^ _204_/A (sky130_fd_sc_hd__nand3_1)
     1    0.01    0.28    0.32    4.98 v _204_/Y (sky130_fd_sc_hd__nand3_1)
                                         _030_ (net)
                  0.28    0.00    4.99 v _209_/A (sky130_fd_sc_hd__nand3_4)
     8    0.04    0.21    0.27    5.26 ^ _209_/Y (sky130_fd_sc_hd__nand3_4)
                                         _035_ (net)
                  0.21    0.00    5.26 ^ _227_/B (sky130_fd_sc_hd__nor2_1)
     1    0.00    0.06    0.12    5.38 v _227_/Y (sky130_fd_sc_hd__nor2_1)
                                         _008_ (net)
                  0.06    0.00    5.38 v _244_/D (sky130_fd_sc_hd__dfrtp_1)
                                  5.38   data arrival time

                         10.00   10.00   clock clk (rise edge)
                          0.50   10.50   clock source latency
     1    0.02    0.10    0.07   10.57 ^ clk (in)
                                         clk (net)
                  0.10    0.00   10.57 ^ clkbuf_0_clk/A (sky130_fd_sc_hd__clkbuf_16)
     2    0.02    0.07    0.23   10.80 ^ clkbuf_0_clk/X (sky130_fd_sc_hd__clkbuf_16)
                                         clknet_0_clk (net)
                  0.07    0.00   10.80 ^ clkbuf_1_1__f_clk/A (sky130_fd_sc_hd__clkbuf_16)
    13    0.05    0.10    0.26   11.06 ^ clkbuf_1_1__f_clk/X (sky130_fd_sc_hd__clkbuf_16)
                                         clknet_1_1__leaf_clk (net)
                  0.10    0.00   11.06 ^ _244_/CLK (sky130_fd_sc_hd__dfrtp_1)
                         -0.30   10.76   clock uncertainty
                          0.00   10.76   clock reconvergence pessimism
                         -0.26   10.50   library setup time
                                 10.50   data required time
-----------------------------------------------------------------------------
                                 10.50   data required time
                                 -5.38   data arrival time
-----------------------------------------------------------------------------
                                  5.12   slack (MET)


Startpoint: pwr_stable (input port clocked by clk)
Endpoint: _245_ (rising edge-triggered flip-flop clocked by clk)
Path Group: clk
Path Type: max
Corner: Slowest

Fanout     Cap    Slew   Delay    Time   Description
-----------------------------------------------------------------------------
                          0.00    0.00   clock clk (rise edge)
                          0.50    0.50   clock network delay (propagated)
                          3.00    3.50 ^ input external delay
     1    0.00    0.04    0.01    3.51 ^ pwr_stable (in)
                                         pwr_stable (net)
                  0.04    0.00    3.51 ^ input2/A (sky130_fd_sc_hd__clkbuf_1)
     1    0.01    0.13    0.18    3.69 ^ input2/X (sky130_fd_sc_hd__clkbuf_1)
                                         net2 (net)
                  0.13    0.00    3.69 ^ _158_/A (sky130_fd_sc_hd__nand2_1)
     2    0.01    0.13    0.17    3.86 v _158_/Y (sky130_fd_sc_hd__nand2_1)
                                         _095_ (net)
                  0.13    0.00    3.86 v _159_/B1_N (sky130_fd_sc_hd__o21bai_1)
     1    0.00    0.10    0.34    4.20 v _159_/Y (sky130_fd_sc_hd__o21bai_1)
                                         _096_ (net)
                  0.10    0.00    4.20 v _160_/A (sky130_fd_sc_hd__nand2_1)
     1    0.00    0.07    0.11    4.31 ^ _160_/Y (sky130_fd_sc_hd__nand2_1)
                                         _097_ (net)
                  0.07    0.00    4.31 ^ _166_/A (sky130_fd_sc_hd__nand2_1)
     2    0.01    0.11    0.13    4.44 v _166_/Y (sky130_fd_sc_hd__nand2_1)
                                         _103_ (net)
                  0.11    0.00    4.44 v _178_/B (sky130_fd_sc_hd__nor2_1)
     2    0.01    0.22    0.23    4.67 ^ _178_/Y (sky130_fd_sc_hd__nor2_1)
                                         _014_ (net)
                  0.22    0.00    4.67 ^ _204_/A (sky130_fd_sc_hd__nand3_1)
     1    0.01    0.28    0.32    4.98 v _204_/Y (sky130_fd_sc_hd__nand3_1)
                                         _030_ (net)
                  0.28    0.00    4.99 v _209_/A (sky130_fd_sc_hd__nand3_4)
     8    0.04    0.21    0.27    5.26 ^ _209_/Y (sky130_fd_sc_hd__nand3_4)
                                         _035_ (net)
                  0.21    0.00    5.26 ^ _232_/B (sky130_fd_sc_hd__nor2_1)
     1    0.00    0.06    0.12    5.38 v _232_/Y (sky130_fd_sc_hd__nor2_1)
                                         _009_ (net)
                  0.06    0.00    5.38 v _245_/D (sky130_fd_sc_hd__dfrtp_1)
                                  5.38   data arrival time

                         10.00   10.00   clock clk (rise edge)
                          0.50   10.50   clock source latency
     1    0.02    0.10    0.07   10.57 ^ clk (in)
                                         clk (net)
                  0.10    0.00   10.57 ^ clkbuf_0_clk/A (sky130_fd_sc_hd__clkbuf_16)
     2    0.02    0.07    0.23   10.80 ^ clkbuf_0_clk/X (sky130_fd_sc_hd__clkbuf_16)
                                         clknet_0_clk (net)
                  0.07    0.00   10.80 ^ clkbuf_1_1__f_clk/A (sky130_fd_sc_hd__clkbuf_16)
    13    0.05    0.10    0.26   11.06 ^ clkbuf_1_1__f_clk/X (sky130_fd_sc_hd__clkbuf_16)
                                         clknet_1_1__leaf_clk (net)
                  0.10    0.00   11.06 ^ _245_/CLK (sky130_fd_sc_hd__dfrtp_1)
                         -0.30   10.76   clock uncertainty
                          0.00   10.76   clock reconvergence pessimism
                         -0.26   10.50   library setup time
                                 10.50   data required time
-----------------------------------------------------------------------------
                                 10.50   data required time
                                 -5.38   data arrival time
-----------------------------------------------------------------------------
                                  5.12   slack (MET)


Startpoint: pwr_stable (input port clocked by clk)
Endpoint: _241_ (rising edge-triggered flip-flop clocked by clk)
Path Group: clk
Path Type: max
Corner: Slowest

Fanout     Cap    Slew   Delay    Time   Description
-----------------------------------------------------------------------------
                          0.00    0.00   clock clk (rise edge)
                          0.50    0.50   clock network delay (propagated)
                          3.00    3.50 ^ input external delay
     1    0.00    0.04    0.01    3.51 ^ pwr_stable (in)
                                         pwr_stable (net)
                  0.04    0.00    3.51 ^ input2/A (sky130_fd_sc_hd__clkbuf_1)
     1    0.01    0.13    0.18    3.69 ^ input2/X (sky130_fd_sc_hd__clkbuf_1)
                                         net2 (net)
                  0.13    0.00    3.69 ^ _158_/A (sky130_fd_sc_hd__nand2_1)
     2    0.01    0.13    0.17    3.86 v _158_/Y (sky130_fd_sc_hd__nand2_1)
                                         _095_ (net)
                  0.13    0.00    3.86 v _159_/B1_N (sky130_fd_sc_hd__o21bai_1)
     1    0.00    0.10    0.34    4.20 v _159_/Y (sky130_fd_sc_hd__o21bai_1)
                                         _096_ (net)
                  0.10    0.00    4.20 v _160_/A (sky130_fd_sc_hd__nand2_1)
     1    0.00    0.07    0.11    4.31 ^ _160_/Y (sky130_fd_sc_hd__nand2_1)
                                         _097_ (net)
                  0.07    0.00    4.31 ^ _166_/A (sky130_fd_sc_hd__nand2_1)
     2    0.01    0.11    0.13    4.44 v _166_/Y (sky130_fd_sc_hd__nand2_1)
                                         _103_ (net)
                  0.11    0.00    4.44 v _178_/B (sky130_fd_sc_hd__nor2_1)
     2    0.01    0.22    0.23    4.67 ^ _178_/Y (sky130_fd_sc_hd__nor2_1)
                                         _014_ (net)
                  0.22    0.00    4.67 ^ _204_/A (sky130_fd_sc_hd__nand3_1)
     1    0.01    0.28    0.32    4.98 v _204_/Y (sky130_fd_sc_hd__nand3_1)
                                         _030_ (net)
                  0.28    0.00    4.99 v _209_/A (sky130_fd_sc_hd__nand3_4)
     8    0.04    0.21    0.27    5.26 ^ _209_/Y (sky130_fd_sc_hd__nand3_4)
                                         _035_ (net)
                  0.21    0.00    5.26 ^ _214_/B (sky130_fd_sc_hd__nor2_1)
     1    0.00    0.06    0.12    5.38 v _214_/Y (sky130_fd_sc_hd__nor2_1)
                                         _005_ (net)
                  0.06    0.00    5.38 v _241_/D (sky130_fd_sc_hd__dfrtp_1)
                                  5.38   data arrival time

                         10.00   10.00   clock clk (rise edge)
                          0.50   10.50   clock source latency
     1    0.02    0.10    0.07   10.57 ^ clk (in)
                                         clk (net)
                  0.10    0.00   10.57 ^ clkbuf_0_clk/A (sky130_fd_sc_hd__clkbuf_16)
     2    0.02    0.07    0.23   10.80 ^ clkbuf_0_clk/X (sky130_fd_sc_hd__clkbuf_16)
                                         clknet_0_clk (net)
                  0.07    0.00   10.80 ^ clkbuf_1_1__f_clk/A (sky130_fd_sc_hd__clkbuf_16)
    13    0.05    0.10    0.26   11.06 ^ clkbuf_1_1__f_clk/X (sky130_fd_sc_hd__clkbuf_16)
                                         clknet_1_1__leaf_clk (net)
                  0.10    0.00   11.06 ^ _241_/CLK (sky130_fd_sc_hd__dfrtp_1)
                         -0.30   10.76   clock uncertainty
                          0.00   10.76   clock reconvergence pessimism
                         -0.26   10.50   library setup time
                                 10.50   data required time
-----------------------------------------------------------------------------
                                 10.50   data required time
                                 -5.38   data arrival time
-----------------------------------------------------------------------------
                                  5.12   slack (MET)


Startpoint: pwr_stable (input port clocked by clk)
Endpoint: _246_ (rising edge-triggered flip-flop clocked by clk)
Path Group: clk
Path Type: max
Corner: Slowest

Fanout     Cap    Slew   Delay    Time   Description
-----------------------------------------------------------------------------
                          0.00    0.00   clock clk (rise edge)
                          0.50    0.50   clock network delay (propagated)
                          3.00    3.50 ^ input external delay
     1    0.00    0.04    0.01    3.51 ^ pwr_stable (in)
                                         pwr_stable (net)
                  0.04    0.00    3.51 ^ input2/A (sky130_fd_sc_hd__clkbuf_1)
     1    0.01    0.13    0.18    3.69 ^ input2/X (sky130_fd_sc_hd__clkbuf_1)
                                         net2 (net)
                  0.13    0.00    3.69 ^ _158_/A (sky130_fd_sc_hd__nand2_1)
     2    0.01    0.13    0.17    3.86 v _158_/Y (sky130_fd_sc_hd__nand2_1)
                                         _095_ (net)
                  0.13    0.00    3.86 v _159_/B1_N (sky130_fd_sc_hd__o21bai_1)
     1    0.00    0.10    0.34    4.20 v _159_/Y (sky130_fd_sc_hd__o21bai_1)
                                         _096_ (net)
                  0.10    0.00    4.20 v _160_/A (sky130_fd_sc_hd__nand2_1)
     1    0.00    0.07    0.11    4.31 ^ _160_/Y (sky130_fd_sc_hd__nand2_1)
                                         _097_ (net)
                  0.07    0.00    4.31 ^ _166_/A (sky130_fd_sc_hd__nand2_1)
     2    0.01    0.11    0.13    4.44 v _166_/Y (sky130_fd_sc_hd__nand2_1)
                                         _103_ (net)
                  0.11    0.00    4.44 v _178_/B (sky130_fd_sc_hd__nor2_1)
     2    0.01    0.22    0.23    4.67 ^ _178_/Y (sky130_fd_sc_hd__nor2_1)
                                         _014_ (net)
                  0.22    0.00    4.67 ^ _204_/A (sky130_fd_sc_hd__nand3_1)
     1    0.01    0.28    0.32    4.98 v _204_/Y (sky130_fd_sc_hd__nand3_1)
                                         _030_ (net)
                  0.28    0.00    4.99 v _209_/A (sky130_fd_sc_hd__nand3_4)
     8    0.04    0.21    0.27    5.26 ^ _209_/Y (sky130_fd_sc_hd__nand3_4)
                                         _035_ (net)
                  0.21    0.00    5.26 ^ _236_/B (sky130_fd_sc_hd__nor2_1)
     1    0.00    0.06    0.12    5.38 v _236_/Y (sky130_fd_sc_hd__nor2_1)
                                         _010_ (net)
                  0.06    0.00    5.38 v _246_/D (sky130_fd_sc_hd__dfrtp_1)
                                  5.38   data arrival time

                         10.00   10.00   clock clk (rise edge)
                          0.50   10.50   clock source latency
     1    0.02    0.10    0.07   10.57 ^ clk (in)
                                         clk (net)
                  0.10    0.00   10.57 ^ clkbuf_0_clk/A (sky130_fd_sc_hd__clkbuf_16)
     2    0.02    0.07    0.23   10.80 ^ clkbuf_0_clk/X (sky130_fd_sc_hd__clkbuf_16)
                                         clknet_0_clk (net)
                  0.07    0.00   10.80 ^ clkbuf_1_1__f_clk/A (sky130_fd_sc_hd__clkbuf_16)
    13    0.05    0.10    0.26   11.06 ^ clkbuf_1_1__f_clk/X (sky130_fd_sc_hd__clkbuf_16)
                                         clknet_1_1__leaf_clk (net)
                  0.10    0.00   11.06 ^ _246_/CLK (sky130_fd_sc_hd__dfrtp_1)
                         -0.30   10.76   clock uncertainty
                          0.00   10.76   clock reconvergence pessimism
                         -0.26   10.50   library setup time
                                 10.50   data required time
-----------------------------------------------------------------------------
                                 10.50   data required time
                                 -5.38   data arrival time
-----------------------------------------------------------------------------
                                  5.12   slack (MET)


Startpoint: _253_ (rising edge-triggered flip-flop clocked by clk)
Endpoint: reset_ctrl (output port clocked by clk)
Path Group: clk
Path Type: max
Corner: Slowest

Fanout     Cap    Slew   Delay    Time   Description
-----------------------------------------------------------------------------
                          0.00    0.00   clock clk (rise edge)
                          0.50    0.50   clock source latency
     1    0.02    0.10    0.07    0.57 ^ clk (in)
                                         clk (net)
                  0.10    0.00    0.57 ^ clkbuf_0_clk/A (sky130_fd_sc_hd__clkbuf_16)
     2    0.02    0.07    0.23    0.80 ^ clkbuf_0_clk/X (sky130_fd_sc_hd__clkbuf_16)
                                         clknet_0_clk (net)
                  0.07    0.00    0.80 ^ clkbuf_1_1__f_clk/A (sky130_fd_sc_hd__clkbuf_16)
    13    0.05    0.10    0.26    1.06 ^ clkbuf_1_1__f_clk/X (sky130_fd_sc_hd__clkbuf_16)
                                         clknet_1_1__leaf_clk (net)
                  0.10    0.00    1.06 ^ _253_/CLK (sky130_fd_sc_hd__dfrtp_1)
     1    0.00    0.07    0.73    1.80 v _253_/Q (sky130_fd_sc_hd__dfrtp_1)
                                         net14 (net)
                  0.07    0.00    1.80 v output14/A (sky130_fd_sc_hd__buf_2)
     1    0.03    0.15    0.33    2.13 v output14/X (sky130_fd_sc_hd__buf_2)
                                         reset_ctrl (net)
                  0.15    0.00    2.13 v reset_ctrl (out)
                                  2.13   data arrival time

                         10.00   10.00   clock clk (rise edge)
                          0.50   10.50   clock network delay (propagated)
                         -0.30   10.20   clock uncertainty
                          0.00   10.20   clock reconvergence pessimism
                         -2.50    7.70   output external delay
                                  7.70   data required time
-----------------------------------------------------------------------------
                                  7.70   data required time
                                 -2.13   data arrival time
-----------------------------------------------------------------------------
                                  5.57   slack (MET)


Startpoint: _251_ (rising edge-triggered flip-flop clocked by clk)
Endpoint: retention_save (output port clocked by clk)
Path Group: clk
Path Type: max
Corner: Slowest

Fanout     Cap    Slew   Delay    Time   Description
-----------------------------------------------------------------------------
                          0.00    0.00   clock clk (rise edge)
                          0.50    0.50   clock source latency
     1    0.02    0.10    0.07    0.57 ^ clk (in)
                                         clk (net)
                  0.10    0.00    0.57 ^ clkbuf_0_clk/A (sky130_fd_sc_hd__clkbuf_16)
     2    0.02    0.07    0.23    0.80 ^ clkbuf_0_clk/X (sky130_fd_sc_hd__clkbuf_16)
                                         clknet_0_clk (net)
                  0.07    0.00    0.80 ^ clkbuf_1_0__f_clk/A (sky130_fd_sc_hd__clkbuf_16)
    16    0.05    0.10    0.26    1.06 ^ clkbuf_1_0__f_clk/X (sky130_fd_sc_hd__clkbuf_16)
                                         clknet_1_0__leaf_clk (net)
                  0.10    0.00    1.06 ^ _251_/CLK (sky130_fd_sc_hd__dfrtp_1)
     1    0.00    0.07    0.73    1.80 v _251_/Q (sky130_fd_sc_hd__dfrtp_1)
                                         net17 (net)
                  0.07    0.00    1.80 v output17/A (sky130_fd_sc_hd__buf_2)
     1    0.03    0.15    0.33    2.13 v output17/X (sky130_fd_sc_hd__buf_2)
                                         retention_save (net)
                  0.15    0.00    2.13 v retention_save (out)
                                  2.13   data arrival time

                         10.00   10.00   clock clk (rise edge)
                          0.50   10.50   clock network delay (propagated)
                         -0.30   10.20   clock uncertainty
                          0.00   10.20   clock reconvergence pessimism
                         -2.50    7.70   output external delay
                                  7.70   data required time
-----------------------------------------------------------------------------
                                  7.70   data required time
                                 -2.13   data arrival time
-----------------------------------------------------------------------------
                                  5.57   slack (MET)


Startpoint: _252_ (rising edge-triggered flip-flop clocked by clk)
Endpoint: retention_restore (output port clocked by clk)
Path Group: clk
Path Type: max
Corner: Slowest

Fanout     Cap    Slew   Delay    Time   Description
-----------------------------------------------------------------------------
                          0.00    0.00   clock clk (rise edge)
                          0.50    0.50   clock source latency
     1    0.02    0.10    0.07    0.57 ^ clk (in)
                                         clk (net)
                  0.10    0.00    0.57 ^ clkbuf_0_clk/A (sky130_fd_sc_hd__clkbuf_16)
     2    0.02    0.07    0.23    0.80 ^ clkbuf_0_clk/X (sky130_fd_sc_hd__clkbuf_16)
                                         clknet_0_clk (net)
                  0.07    0.00    0.80 ^ clkbuf_1_0__f_clk/A (sky130_fd_sc_hd__clkbuf_16)
    16    0.05    0.10    0.26    1.06 ^ clkbuf_1_0__f_clk/X (sky130_fd_sc_hd__clkbuf_16)
                                         clknet_1_0__leaf_clk (net)
                  0.10    0.00    1.06 ^ _252_/CLK (sky130_fd_sc_hd__dfrtp_1)
     1    0.00    0.07    0.73    1.80 v _252_/Q (sky130_fd_sc_hd__dfrtp_1)
                                         net16 (net)
                  0.07    0.00    1.80 v output16/A (sky130_fd_sc_hd__buf_2)
     1    0.03    0.15    0.33    2.13 v output16/X (sky130_fd_sc_hd__buf_2)
                                         retention_restore (net)
                  0.15    0.00    2.13 v retention_restore (out)
                                  2.13   data arrival time

                         10.00   10.00   clock clk (rise edge)
                          0.50   10.50   clock network delay (propagated)
                         -0.30   10.20   clock uncertainty
                          0.00   10.20   clock reconvergence pessimism
                         -2.50    7.70   output external delay
                                  7.70   data required time
-----------------------------------------------------------------------------
                                  7.70   data required time
                                 -2.13   data arrival time
-----------------------------------------------------------------------------
                                  5.57   slack (MET)


Startpoint: pwr_stable (input port clocked by clk)
Endpoint: _258_ (rising edge-triggered flip-flop clocked by clk)
Path Group: clk
Path Type: max
Corner: Slowest

Fanout     Cap    Slew   Delay    Time   Description
-----------------------------------------------------------------------------
                          0.00    0.00   clock clk (rise edge)
                          0.50    0.50   clock network delay (propagated)
                          3.00    3.50 ^ input external delay
     1    0.00    0.04    0.01    3.51 ^ pwr_stable (in)
                                         pwr_stable (net)
                  0.04    0.00    3.51 ^ input2/A (sky130_fd_sc_hd__clkbuf_1)
     1    0.01    0.13    0.18    3.69 ^ input2/X (sky130_fd_sc_hd__clkbuf_1)
                                         net2 (net)
                  0.13    0.00    3.69 ^ _158_/A (sky130_fd_sc_hd__nand2_1)
     2    0.01    0.13    0.17    3.86 v _158_/Y (sky130_fd_sc_hd__nand2_1)
                                         _095_ (net)
                  0.13    0.00    3.86 v _159_/B1_N (sky130_fd_sc_hd__o21bai_1)
     1    0.00    0.10    0.34    4.20 v _159_/Y (sky130_fd_sc_hd__o21bai_1)
                                         _096_ (net)
                  0.10    0.00    4.20 v _160_/A (sky130_fd_sc_hd__nand2_1)
     1    0.00    0.07    0.11    4.31 ^ _160_/Y (sky130_fd_sc_hd__nand2_1)
                                         _097_ (net)
                  0.07    0.00    4.31 ^ _166_/A (sky130_fd_sc_hd__nand2_1)
     2    0.01    0.11    0.13    4.44 v _166_/Y (sky130_fd_sc_hd__nand2_1)
                                         _103_ (net)
                  0.11    0.00    4.44 v _178_/B (sky130_fd_sc_hd__nor2_1)
     2    0.01    0.22    0.23    4.67 ^ _178_/Y (sky130_fd_sc_hd__nor2_1)
                                         _014_ (net)
                  0.22    0.00    4.67 ^ _187_/A (sky130_fd_sc_hd__nand2_1)
     1    0.00    0.09    0.15    4.82 v _187_/Y (sky130_fd_sc_hd__nand2_1)
                                         next_state[2] (net)
                  0.09    0.00    4.82 v _258_/D (sky130_fd_sc_hd__dfrtp_4)
                                  4.82   data arrival time

                         10.00   10.00   clock clk (rise edge)
                          0.50   10.50   clock source latency
     1    0.02    0.10    0.07   10.57 ^ clk (in)
                                         clk (net)
                  0.10    0.00   10.57 ^ clkbuf_0_clk/A (sky130_fd_sc_hd__clkbuf_16)
     2    0.02    0.07    0.23   10.80 ^ clkbuf_0_clk/X (sky130_fd_sc_hd__clkbuf_16)
                                         clknet_0_clk (net)
                  0.07    0.00   10.80 ^ clkbuf_1_0__f_clk/A (sky130_fd_sc_hd__clkbuf_16)
    16    0.05    0.10    0.26   11.06 ^ clkbuf_1_0__f_clk/X (sky130_fd_sc_hd__clkbuf_16)
                                         clknet_1_0__leaf_clk (net)
                  0.10    0.00   11.06 ^ _258_/CLK (sky130_fd_sc_hd__dfrtp_4)
                         -0.30   10.76   clock uncertainty
                          0.00   10.76   clock reconvergence pessimism
                         -0.27   10.49   library setup time
                                 10.49   data required time
-----------------------------------------------------------------------------
                                 10.49   data required time
                                 -4.82   data arrival time
-----------------------------------------------------------------------------
                                  5.67   slack (MET)


Startpoint: _239_ (rising edge-triggered flip-flop clocked by clk)
Endpoint: dvfs_ctrl[1] (output port clocked by clk)
Path Group: clk
Path Type: max
Corner: Slowest

Fanout     Cap    Slew   Delay    Time   Description
-----------------------------------------------------------------------------
                          0.00    0.00   clock clk (rise edge)
                          0.50    0.50   clock source latency
     1    0.02    0.10    0.07    0.57 ^ clk (in)
                                         clk (net)
                  0.10    0.00    0.57 ^ clkbuf_0_clk/A (sky130_fd_sc_hd__clkbuf_16)
     2    0.02    0.07    0.23    0.80 ^ clkbuf_0_clk/X (sky130_fd_sc_hd__clkbuf_16)
                                         clknet_0_clk (net)
                  0.07    0.00    0.80 ^ clkbuf_1_1__f_clk/A (sky130_fd_sc_hd__clkbuf_16)
    13    0.05    0.10    0.26    1.06 ^ clkbuf_1_1__f_clk/X (sky130_fd_sc_hd__clkbuf_16)
                                         clknet_1_1__leaf_clk (net)
                  0.10    0.00    1.06 ^ _239_/CLK (sky130_fd_sc_hd__dfstp_1)
     1    0.00    0.08    1.08    2.14 ^ _239_/Q (sky130_fd_sc_hd__dfstp_1)
                                         net9 (net)
                  0.08    0.00    2.14 ^ output9/A (sky130_fd_sc_hd__clkbuf_2)
     1    0.02    0.18    0.28    2.42 ^ output9/X (sky130_fd_sc_hd__clkbuf_2)
                                         dvfs_ctrl[1] (net)
                  0.18    0.00    2.42 ^ dvfs_ctrl[1] (out)
                                  2.42   data arrival time

                         10.00   10.00   clock clk (rise edge)
                          0.50   10.50   clock network delay (propagated)
                         -0.30   10.20   clock uncertainty
                          0.00   10.20   clock reconvergence pessimism
                         -2.00    8.20   output external delay
                                  8.20   data required time
-----------------------------------------------------------------------------
                                  8.20   data required time
                                 -2.42   data arrival time
-----------------------------------------------------------------------------
                                  5.78   slack (MET)


Startpoint: _248_ (rising edge-triggered flip-flop clocked by clk)
Endpoint: clk_gate_en (output port clocked by clk)
Path Group: clk
Path Type: max
Corner: Slowest

Fanout     Cap    Slew   Delay    Time   Description
-----------------------------------------------------------------------------
                          0.00    0.00   clock clk (rise edge)
                          0.50    0.50   clock source latency
     1    0.02    0.10    0.07    0.57 ^ clk (in)
                                         clk (net)
                  0.10    0.00    0.57 ^ clkbuf_0_clk/A (sky130_fd_sc_hd__clkbuf_16)
     2    0.02    0.07    0.23    0.80 ^ clkbuf_0_clk/X (sky130_fd_sc_hd__clkbuf_16)
                                         clknet_0_clk (net)
                  0.07    0.00    0.80 ^ clkbuf_1_0__f_clk/A (sky130_fd_sc_hd__clkbuf_16)
    16    0.05    0.10    0.26    1.06 ^ clkbuf_1_0__f_clk/X (sky130_fd_sc_hd__clkbuf_16)
                                         clknet_1_0__leaf_clk (net)
                  0.10    0.00    1.06 ^ _248_/CLK (sky130_fd_sc_hd__dfrtp_1)
     1    0.00    0.08    0.75    1.81 v _248_/Q (sky130_fd_sc_hd__dfrtp_1)
                                         net8 (net)
                  0.08    0.00    1.81 v output8/A (sky130_fd_sc_hd__buf_4)
     1    0.05    0.14    0.34    2.15 v output8/X (sky130_fd_sc_hd__buf_4)
                                         clk_gate_en (net)
                  0.14    0.00    2.15 v clk_gate_en (out)
                                  2.15   data arrival time

                         10.00   10.00   clock clk (rise edge)
                          0.50   10.50   clock network delay (propagated)
                         -0.30   10.20   clock uncertainty
                          0.00   10.20   clock reconvergence pessimism
                         -2.00    8.20   output external delay
                                  8.20   data required time
-----------------------------------------------------------------------------
                                  8.20   data required time
                                 -2.15   data arrival time
-----------------------------------------------------------------------------
                                  6.05   slack (MET)


Startpoint: _250_ (rising edge-triggered flip-flop clocked by clk)
Endpoint: retention_en (output port clocked by clk)
Path Group: clk
Path Type: max
Corner: Slowest

Fanout     Cap    Slew   Delay    Time   Description
-----------------------------------------------------------------------------
                          0.00    0.00   clock clk (rise edge)
                          0.50    0.50   clock source latency
     1    0.02    0.10    0.07    0.57 ^ clk (in)
                                         clk (net)
                  0.10    0.00    0.57 ^ clkbuf_0_clk/A (sky130_fd_sc_hd__clkbuf_16)
     2    0.02    0.07    0.23    0.80 ^ clkbuf_0_clk/X (sky130_fd_sc_hd__clkbuf_16)
                                         clknet_0_clk (net)
                  0.07    0.00    0.80 ^ clkbuf_1_0__f_clk/A (sky130_fd_sc_hd__clkbuf_16)
    16    0.05    0.10    0.26    1.06 ^ clkbuf_1_0__f_clk/X (sky130_fd_sc_hd__clkbuf_16)
                                         clknet_1_0__leaf_clk (net)
                  0.10    0.00    1.06 ^ _250_/CLK (sky130_fd_sc_hd__dfrtp_1)
     1    0.00    0.08    0.75    1.81 v _250_/Q (sky130_fd_sc_hd__dfrtp_1)
                                         net15 (net)
                  0.08    0.00    1.81 v output15/A (sky130_fd_sc_hd__buf_4)
     1    0.05    0.14    0.34    2.15 v output15/X (sky130_fd_sc_hd__buf_4)
                                         retention_en (net)
                  0.14    0.00    2.15 v retention_en (out)
                                  2.15   data arrival time

                         10.00   10.00   clock clk (rise edge)
                          0.50   10.50   clock network delay (propagated)
                         -0.30   10.20   clock uncertainty
                          0.00   10.20   clock reconvergence pessimism
                         -2.00    8.20   output external delay
                                  8.20   data required time
-----------------------------------------------------------------------------
                                  8.20   data required time
                                 -2.15   data arrival time
-----------------------------------------------------------------------------
                                  6.05   slack (MET)


Startpoint: _249_ (rising edge-triggered flip-flop clocked by clk)
Endpoint: pwr_gate_en (output port clocked by clk)
Path Group: clk
Path Type: max
Corner: Slowest

Fanout     Cap    Slew   Delay    Time   Description
-----------------------------------------------------------------------------
                          0.00    0.00   clock clk (rise edge)
                          0.50    0.50   clock source latency
     1    0.02    0.10    0.07    0.57 ^ clk (in)
                                         clk (net)
                  0.10    0.00    0.57 ^ clkbuf_0_clk/A (sky130_fd_sc_hd__clkbuf_16)
     2    0.02    0.07    0.23    0.80 ^ clkbuf_0_clk/X (sky130_fd_sc_hd__clkbuf_16)
                                         clknet_0_clk (net)
                  0.07    0.00    0.80 ^ clkbuf_1_0__f_clk/A (sky130_fd_sc_hd__clkbuf_16)
    16    0.05    0.10    0.26    1.06 ^ clkbuf_1_0__f_clk/X (sky130_fd_sc_hd__clkbuf_16)
                                         clknet_1_0__leaf_clk (net)
                  0.10    0.00    1.06 ^ _249_/CLK (sky130_fd_sc_hd__dfrtp_1)
     1    0.00    0.07    0.74    1.80 v _249_/Q (sky130_fd_sc_hd__dfrtp_1)
                                         net11 (net)
                  0.07    0.00    1.80 v output11/A (sky130_fd_sc_hd__buf_4)
     1    0.05    0.14    0.34    2.14 v output11/X (sky130_fd_sc_hd__buf_4)
                                         pwr_gate_en (net)
                  0.14    0.00    2.14 v pwr_gate_en (out)
                                  2.14   data arrival time

                         10.00   10.00   clock clk (rise edge)
                          0.50   10.50   clock network delay (propagated)
                         -0.30   10.20   clock uncertainty
                          0.00   10.20   clock reconvergence pessimism
                         -2.00    8.20   output external delay
                                  8.20   data required time
-----------------------------------------------------------------------------
                                  8.20   data required time
                                 -2.14   data arrival time
-----------------------------------------------------------------------------
                                  6.06   slack (MET)


Startpoint: _254_ (rising edge-triggered flip-flop clocked by clk)
Endpoint: pwr_state[0] (output port clocked by clk)
Path Group: clk
Path Type: max
Corner: Slowest

Fanout     Cap    Slew   Delay    Time   Description
-----------------------------------------------------------------------------
                          0.00    0.00   clock clk (rise edge)
                          0.50    0.50   clock source latency
     1    0.02    0.10    0.07    0.57 ^ clk (in)
                                         clk (net)
                  0.10    0.00    0.57 ^ clkbuf_0_clk/A (sky130_fd_sc_hd__clkbuf_16)
     2    0.02    0.07    0.23    0.80 ^ clkbuf_0_clk/X (sky130_fd_sc_hd__clkbuf_16)
                                         clknet_0_clk (net)
                  0.07    0.00    0.80 ^ clkbuf_1_1__f_clk/A (sky130_fd_sc_hd__clkbuf_16)
    13    0.05    0.10    0.26    1.06 ^ clkbuf_1_1__f_clk/X (sky130_fd_sc_hd__clkbuf_16)
                                         clknet_1_1__leaf_clk (net)
                  0.10    0.00    1.06 ^ _254_/CLK (sky130_fd_sc_hd__dfrtp_1)
     1    0.00    0.07    0.74    1.80 v _254_/Q (sky130_fd_sc_hd__dfrtp_1)
                                         net12 (net)
                  0.07    0.00    1.80 v output12/A (sky130_fd_sc_hd__clkbuf_2)
     1    0.02    0.15    0.27    2.08 v output12/X (sky130_fd_sc_hd__clkbuf_2)
                                         pwr_state[0] (net)
                  0.15    0.00    2.08 v pwr_state[0] (out)
                                  2.08   data arrival time

                         10.00   10.00   clock clk (rise edge)
                          0.50   10.50   clock network delay (propagated)
                         -0.30   10.20   clock uncertainty
                          0.00   10.20   clock reconvergence pessimism
                         -2.00    8.20   output external delay
                                  8.20   data required time
-----------------------------------------------------------------------------
                                  8.20   data required time
                                 -2.08   data arrival time
-----------------------------------------------------------------------------
                                  6.12   slack (MET)


Startpoint: _255_ (rising edge-triggered flip-flop clocked by clk)
Endpoint: pwr_state[1] (output port clocked by clk)
Path Group: clk
Path Type: max
Corner: Slowest

Fanout     Cap    Slew   Delay    Time   Description
-----------------------------------------------------------------------------
                          0.00    0.00   clock clk (rise edge)
                          0.50    0.50   clock source latency
     1    0.02    0.10    0.07    0.57 ^ clk (in)
                                         clk (net)
                  0.10    0.00    0.57 ^ clkbuf_0_clk/A (sky130_fd_sc_hd__clkbuf_16)
     2    0.02    0.07    0.23    0.80 ^ clkbuf_0_clk/X (sky130_fd_sc_hd__clkbuf_16)
                                         clknet_0_clk (net)
                  0.07    0.00    0.80 ^ clkbuf_1_1__f_clk/A (sky130_fd_sc_hd__clkbuf_16)
    13    0.05    0.10    0.26    1.06 ^ clkbuf_1_1__f_clk/X (sky130_fd_sc_hd__clkbuf_16)
                                         clknet_1_1__leaf_clk (net)
                  0.10    0.00    1.06 ^ _255_/CLK (sky130_fd_sc_hd__dfrtp_1)
     1    0.00    0.07    0.74    1.80 v _255_/Q (sky130_fd_sc_hd__dfrtp_1)
                                         net13 (net)
                  0.07    0.00    1.80 v output13/A (sky130_fd_sc_hd__clkbuf_2)
     1    0.02    0.15    0.27    2.08 v output13/X (sky130_fd_sc_hd__clkbuf_2)
                                         pwr_state[1] (net)
                  0.15    0.00    2.08 v pwr_state[1] (out)
                                  2.08   data arrival time

                         10.00   10.00   clock clk (rise edge)
                          0.50   10.50   clock network delay (propagated)
                         -0.30   10.20   clock uncertainty
                          0.00   10.20   clock reconvergence pessimism
                         -2.00    8.20   output external delay
                                  8.20   data required time
-----------------------------------------------------------------------------
                                  8.20   data required time
                                 -2.08   data arrival time
-----------------------------------------------------------------------------
                                  6.12   slack (MET)


Startpoint: _258_ (rising edge-triggered flip-flop clocked by clk)
Endpoint: _255_ (rising edge-triggered flip-flop clocked by clk)
Path Group: clk
Path Type: max
Corner: Slowest

Fanout     Cap    Slew   Delay    Time   Description
-----------------------------------------------------------------------------
                          0.00    0.00   clock clk (rise edge)
                          0.50    0.50   clock source latency
     1    0.02    0.10    0.07    0.57 ^ clk (in)
                                         clk (net)
                  0.10    0.00    0.57 ^ clkbuf_0_clk/A (sky130_fd_sc_hd__clkbuf_16)
     2    0.02    0.07    0.23    0.80 ^ clkbuf_0_clk/X (sky130_fd_sc_hd__clkbuf_16)
                                         clknet_0_clk (net)
                  0.07    0.00    0.80 ^ clkbuf_1_0__f_clk/A (sky130_fd_sc_hd__clkbuf_16)
    16    0.05    0.10    0.26    1.06 ^ clkbuf_1_0__f_clk/X (sky130_fd_sc_hd__clkbuf_16)
                                         clknet_1_0__leaf_clk (net)
                  0.10    0.00    1.06 ^ _258_/CLK (sky130_fd_sc_hd__dfrtp_4)
     8    0.04    0.20    1.12    2.19 v _258_/Q (sky130_fd_sc_hd__dfrtp_4)
                                         curr_state[2] (net)
                  0.20    0.00    2.19 v _124_/A (sky130_fd_sc_hd__inv_6)
     6    0.03    0.10    0.17    2.36 ^ _124_/Y (sky130_fd_sc_hd__inv_6)
                                         _064_ (net)
                  0.10    0.00    2.36 ^ _125_/B (sky130_fd_sc_hd__nor2_1)
     3    0.01    0.10    0.12    2.49 v _125_/Y (sky130_fd_sc_hd__nor2_1)
                                         _065_ (net)
                  0.10    0.00    2.49 v _170_/A (sky130_fd_sc_hd__and2_1)
     3    0.01    0.15    0.37    2.86 v _170_/X (sky130_fd_sc_hd__and2_1)
                                         _107_ (net)
                  0.15    0.00    2.86 v _193_/B (sky130_fd_sc_hd__nor2_1)
     2    0.00    0.17    0.21    3.06 ^ _193_/Y (sky130_fd_sc_hd__nor2_1)
                                         _024_ (net)
                  0.17    0.00    3.06 ^ _194_/C_N (sky130_fd_sc_hd__or3b_1)
     1    0.01    0.19    0.90    3.96 v _194_/X (sky130_fd_sc_hd__or3b_1)
                                         _025_ (net)
                  0.19    0.00    3.96 v _195_/A (sky130_fd_sc_hd__clkbuf_1)
     1    0.00    0.05    0.21    4.18 v _195_/X (sky130_fd_sc_hd__clkbuf_1)
                                         _113_ (net)
                  0.05    0.00    4.18 v _255_/D (sky130_fd_sc_hd__dfrtp_1)
                                  4.18   data arrival time

                         10.00   10.00   clock clk (rise edge)
                          0.50   10.50   clock source latency
     1    0.02    0.10    0.07   10.57 ^ clk (in)
                                         clk (net)
                  0.10    0.00   10.57 ^ clkbuf_0_clk/A (sky130_fd_sc_hd__clkbuf_16)
     2    0.02    0.07    0.23   10.80 ^ clkbuf_0_clk/X (sky130_fd_sc_hd__clkbuf_16)
                                         clknet_0_clk (net)
                  0.07    0.00   10.80 ^ clkbuf_1_1__f_clk/A (sky130_fd_sc_hd__clkbuf_16)
    13    0.05    0.10    0.26   11.06 ^ clkbuf_1_1__f_clk/X (sky130_fd_sc_hd__clkbuf_16)
                                         clknet_1_1__leaf_clk (net)
                  0.10    0.00   11.06 ^ _255_/CLK (sky130_fd_sc_hd__dfrtp_1)
                         -0.30   10.76   clock uncertainty
                          0.00   10.76   clock reconvergence pessimism
                         -0.26   10.50   library setup time
                                 10.50   data required time
-----------------------------------------------------------------------------
                                 10.50   data required time
                                 -4.18   data arrival time
-----------------------------------------------------------------------------
                                  6.32   slack (MET)


Startpoint: _246_ (rising edge-triggered flip-flop clocked by clk)
Endpoint: _250_ (rising edge-triggered flip-flop clocked by clk)
Path Group: clk
Path Type: max
Corner: Slowest

Fanout     Cap    Slew   Delay    Time   Description
-----------------------------------------------------------------------------
                          0.00    0.00   clock clk (rise edge)
                          0.50    0.50   clock source latency
     1    0.02    0.10    0.07    0.57 ^ clk (in)
                                         clk (net)
                  0.10    0.00    0.57 ^ clkbuf_0_clk/A (sky130_fd_sc_hd__clkbuf_16)
     2    0.02    0.07    0.23    0.80 ^ clkbuf_0_clk/X (sky130_fd_sc_hd__clkbuf_16)
                                         clknet_0_clk (net)
                  0.07    0.00    0.80 ^ clkbuf_1_1__f_clk/A (sky130_fd_sc_hd__clkbuf_16)
    13    0.05    0.10    0.26    1.06 ^ clkbuf_1_1__f_clk/X (sky130_fd_sc_hd__clkbuf_16)
                                         clknet_1_1__leaf_clk (net)
                  0.10    0.00    1.06 ^ _246_/CLK (sky130_fd_sc_hd__dfrtp_1)
     3    0.01    0.13    0.81    1.87 v _246_/Q (sky130_fd_sc_hd__dfrtp_1)
                                         seq_timer[6] (net)
                  0.13    0.00    1.87 v _121_/A (sky130_fd_sc_hd__nor2_1)
     2    0.01    0.25    0.28    2.15 ^ _121_/Y (sky130_fd_sc_hd__nor2_1)
                                         _061_ (net)
                  0.25    0.00    2.15 ^ _134_/B (sky130_fd_sc_hd__nand3_1)
     2    0.01    0.19    0.27    2.42 v _134_/Y (sky130_fd_sc_hd__nand3_1)
                                         _074_ (net)
                  0.19    0.00    2.42 v _135_/C (sky130_fd_sc_hd__or3_1)
     1    0.01    0.17    0.81    3.23 v _135_/X (sky130_fd_sc_hd__or3_1)
                                         _075_ (net)
                  0.17    0.00    3.23 v _136_/A (sky130_fd_sc_hd__inv_2)
     3    0.01    0.10    0.15    3.38 ^ _136_/Y (sky130_fd_sc_hd__inv_2)
                                         _076_ (net)
                  0.10    0.00    3.39 ^ _197_/A2 (sky130_fd_sc_hd__o21ai_1)
     1    0.00    0.11    0.14    3.52 v _197_/Y (sky130_fd_sc_hd__o21ai_1)
                                         _116_ (net)
                  0.11    0.00    3.52 v _250_/D (sky130_fd_sc_hd__dfrtp_1)
                                  3.52   data arrival time

                         10.00   10.00   clock clk (rise edge)
                          0.50   10.50   clock source latency
     1    0.02    0.10    0.07   10.57 ^ clk (in)
                                         clk (net)
                  0.10    0.00   10.57 ^ clkbuf_0_clk/A (sky130_fd_sc_hd__clkbuf_16)
     2    0.02    0.07    0.23   10.80 ^ clkbuf_0_clk/X (sky130_fd_sc_hd__clkbuf_16)
                                         clknet_0_clk (net)
                  0.07    0.00   10.80 ^ clkbuf_1_0__f_clk/A (sky130_fd_sc_hd__clkbuf_16)
    16    0.05    0.10    0.26   11.06 ^ clkbuf_1_0__f_clk/X (sky130_fd_sc_hd__clkbuf_16)
                                         clknet_1_0__leaf_clk (net)
                  0.10    0.00   11.06 ^ _250_/CLK (sky130_fd_sc_hd__dfrtp_1)
                         -0.30   10.76   clock uncertainty
                          0.00   10.76   clock reconvergence pessimism
                         -0.28   10.48   library setup time
                                 10.48   data required time
-----------------------------------------------------------------------------
                                 10.48   data required time
                                 -3.52   data arrival time
-----------------------------------------------------------------------------
                                  6.96   slack (MET)


Startpoint: _246_ (rising edge-triggered flip-flop clocked by clk)
Endpoint: _252_ (rising edge-triggered flip-flop clocked by clk)
Path Group: clk
Path Type: max
Corner: Slowest

Fanout     Cap    Slew   Delay    Time   Description
-----------------------------------------------------------------------------
                          0.00    0.00   clock clk (rise edge)
                          0.50    0.50   clock source latency
     1    0.02    0.10    0.07    0.57 ^ clk (in)
                                         clk (net)
                  0.10    0.00    0.57 ^ clkbuf_0_clk/A (sky130_fd_sc_hd__clkbuf_16)
     2    0.02    0.07    0.23    0.80 ^ clkbuf_0_clk/X (sky130_fd_sc_hd__clkbuf_16)
                                         clknet_0_clk (net)
                  0.07    0.00    0.80 ^ clkbuf_1_1__f_clk/A (sky130_fd_sc_hd__clkbuf_16)
    13    0.05    0.10    0.26    1.06 ^ clkbuf_1_1__f_clk/X (sky130_fd_sc_hd__clkbuf_16)
                                         clknet_1_1__leaf_clk (net)
                  0.10    0.00    1.06 ^ _246_/CLK (sky130_fd_sc_hd__dfrtp_1)
     3    0.01    0.13    0.81    1.87 v _246_/Q (sky130_fd_sc_hd__dfrtp_1)
                                         seq_timer[6] (net)
                  0.13    0.00    1.87 v _121_/A (sky130_fd_sc_hd__nor2_1)
     2    0.01    0.25    0.28    2.15 ^ _121_/Y (sky130_fd_sc_hd__nor2_1)
                                         _061_ (net)
                  0.25    0.00    2.15 ^ _134_/B (sky130_fd_sc_hd__nand3_1)
     2    0.01    0.19    0.27    2.42 v _134_/Y (sky130_fd_sc_hd__nand3_1)
                                         _074_ (net)
                  0.19    0.00    2.42 v _135_/C (sky130_fd_sc_hd__or3_1)
     1    0.01    0.17    0.81    3.23 v _135_/X (sky130_fd_sc_hd__or3_1)
                                         _075_ (net)
                  0.17    0.00    3.23 v _136_/A (sky130_fd_sc_hd__inv_2)
     3    0.01    0.10    0.15    3.38 ^ _136_/Y (sky130_fd_sc_hd__inv_2)
                                         _076_ (net)
                  0.10    0.00    3.39 ^ _137_/B (sky130_fd_sc_hd__nor2_1)
     1    0.00    0.05    0.08    3.47 v _137_/Y (sky130_fd_sc_hd__nor2_1)
                                         _114_ (net)
                  0.05    0.00    3.47 v _252_/D (sky130_fd_sc_hd__dfrtp_1)
                                  3.47   data arrival time

                         10.00   10.00   clock clk (rise edge)
                          0.50   10.50   clock source latency
     1    0.02    0.10    0.07   10.57 ^ clk (in)
                                         clk (net)
                  0.10    0.00   10.57 ^ clkbuf_0_clk/A (sky130_fd_sc_hd__clkbuf_16)
     2    0.02    0.07    0.23   10.80 ^ clkbuf_0_clk/X (sky130_fd_sc_hd__clkbuf_16)
                                         clknet_0_clk (net)
                  0.07    0.00   10.80 ^ clkbuf_1_0__f_clk/A (sky130_fd_sc_hd__clkbuf_16)
    16    0.05    0.10    0.26   11.06 ^ clkbuf_1_0__f_clk/X (sky130_fd_sc_hd__clkbuf_16)
                                         clknet_1_0__leaf_clk (net)
                  0.10    0.00   11.06 ^ _252_/CLK (sky130_fd_sc_hd__dfrtp_1)
                         -0.30   10.76   clock uncertainty
                          0.00   10.76   clock reconvergence pessimism
                         -0.26   10.50   library setup time
                                 10.50   data required time
-----------------------------------------------------------------------------
                                 10.50   data required time
                                 -3.47   data arrival time
-----------------------------------------------------------------------------
                                  7.04   slack (MET)


Startpoint: _246_ (rising edge-triggered flip-flop clocked by clk)
Endpoint: _253_ (rising edge-triggered flip-flop clocked by clk)
Path Group: clk
Path Type: max
Corner: Slowest

Fanout     Cap    Slew   Delay    Time   Description
-----------------------------------------------------------------------------
                          0.00    0.00   clock clk (rise edge)
                          0.50    0.50   clock source latency
     1    0.02    0.10    0.07    0.57 ^ clk (in)
                                         clk (net)
                  0.10    0.00    0.57 ^ clkbuf_0_clk/A (sky130_fd_sc_hd__clkbuf_16)
     2    0.02    0.07    0.23    0.80 ^ clkbuf_0_clk/X (sky130_fd_sc_hd__clkbuf_16)
                                         clknet_0_clk (net)
                  0.07    0.00    0.80 ^ clkbuf_1_1__f_clk/A (sky130_fd_sc_hd__clkbuf_16)
    13    0.05    0.10    0.26    1.06 ^ clkbuf_1_1__f_clk/X (sky130_fd_sc_hd__clkbuf_16)
                                         clknet_1_1__leaf_clk (net)
                  0.10    0.00    1.06 ^ _246_/CLK (sky130_fd_sc_hd__dfrtp_1)
     3    0.01    0.13    0.81    1.87 v _246_/Q (sky130_fd_sc_hd__dfrtp_1)
                                         seq_timer[6] (net)
                  0.13    0.00    1.87 v _121_/A (sky130_fd_sc_hd__nor2_1)
     2    0.01    0.25    0.28    2.15 ^ _121_/Y (sky130_fd_sc_hd__nor2_1)
                                         _061_ (net)
                  0.25    0.00    2.15 ^ _134_/B (sky130_fd_sc_hd__nand3_1)
     2    0.01    0.19    0.27    2.42 v _134_/Y (sky130_fd_sc_hd__nand3_1)
                                         _074_ (net)
                  0.19    0.00    2.42 v _135_/C (sky130_fd_sc_hd__or3_1)
     1    0.01    0.17    0.81    3.23 v _135_/X (sky130_fd_sc_hd__or3_1)
                                         _075_ (net)
                  0.17    0.00    3.23 v _136_/A (sky130_fd_sc_hd__inv_2)
     3    0.01    0.10    0.15    3.38 ^ _136_/Y (sky130_fd_sc_hd__inv_2)
                                         _076_ (net)
                  0.10    0.00    3.39 ^ _196_/A1 (sky130_fd_sc_hd__a21o_1)
     1    0.00    0.06    0.20    3.59 ^ _196_/X (sky130_fd_sc_hd__a21o_1)
                                         _115_ (net)
                  0.06    0.00    3.59 ^ _253_/D (sky130_fd_sc_hd__dfrtp_1)
                                  3.59   data arrival time

                         10.00   10.00   clock clk (rise edge)
                          0.50   10.50   clock source latency
     1    0.02    0.10    0.07   10.57 ^ clk (in)
                                         clk (net)
                  0.10    0.00   10.57 ^ clkbuf_0_clk/A (sky130_fd_sc_hd__clkbuf_16)
     2    0.02    0.07    0.23   10.80 ^ clkbuf_0_clk/X (sky130_fd_sc_hd__clkbuf_16)
                                         clknet_0_clk (net)
                  0.07    0.00   10.80 ^ clkbuf_1_1__f_clk/A (sky130_fd_sc_hd__clkbuf_16)
    13    0.05    0.10    0.26   11.06 ^ clkbuf_1_1__f_clk/X (sky130_fd_sc_hd__clkbuf_16)
                                         clknet_1_1__leaf_clk (net)
                  0.10    0.00   11.06 ^ _253_/CLK (sky130_fd_sc_hd__dfrtp_1)
                         -0.30   10.76   clock uncertainty
                          0.00   10.76   clock reconvergence pessimism
                         -0.12   10.64   library setup time
                                 10.64   data required time
-----------------------------------------------------------------------------
                                 10.64   data required time
                                 -3.59   data arrival time
-----------------------------------------------------------------------------
                                  7.05   slack (MET)


Startpoint: _256_ (rising edge-triggered flip-flop clocked by clk)
Endpoint: _256_ (rising edge-triggered flip-flop clocked by clk)
Path Group: clk
Path Type: max
Corner: Slowest

Fanout     Cap    Slew   Delay    Time   Description
-----------------------------------------------------------------------------
                          0.00    0.00   clock clk (rise edge)
                          0.50    0.50   clock source latency
     1    0.02    0.10    0.07    0.57 ^ clk (in)
                                         clk (net)
                  0.10    0.00    0.57 ^ clkbuf_0_clk/A (sky130_fd_sc_hd__clkbuf_16)
     2    0.02    0.07    0.23    0.80 ^ clkbuf_0_clk/X (sky130_fd_sc_hd__clkbuf_16)
                                         clknet_0_clk (net)
                  0.07    0.00    0.80 ^ clkbuf_1_0__f_clk/A (sky130_fd_sc_hd__clkbuf_16)
    16    0.05    0.10    0.26    1.06 ^ clkbuf_1_0__f_clk/X (sky130_fd_sc_hd__clkbuf_16)
                                         clknet_1_0__leaf_clk (net)
                  0.10    0.00    1.06 ^ _256_/CLK (sky130_fd_sc_hd__dfrtp_4)
     8    0.03    0.18    1.10    2.16 v _256_/Q (sky130_fd_sc_hd__dfrtp_4)
                                         curr_state[0] (net)
                  0.18    0.00    2.16 v _138_/A (sky130_fd_sc_hd__nand2_1)
     3    0.01    0.23    0.25    2.42 ^ _138_/Y (sky130_fd_sc_hd__nand2_1)
                                         _077_ (net)
                  0.23    0.00    2.42 ^ _142_/B1 (sky130_fd_sc_hd__o21a_1)
     1    0.00    0.08    0.29    2.71 ^ _142_/X (sky130_fd_sc_hd__o21a_1)
                                         _080_ (net)
                  0.08    0.00    2.71 ^ _149_/A (sky130_fd_sc_hd__nand2_1)
     1    0.00    0.08    0.11    2.81 v _149_/Y (sky130_fd_sc_hd__nand2_1)
                                         _087_ (net)
                  0.08    0.00    2.81 v _151_/A (sky130_fd_sc_hd__nand2_1)
     1    0.00    0.09    0.11    2.92 ^ _151_/Y (sky130_fd_sc_hd__nand2_1)
                                         _089_ (net)
                  0.09    0.00    2.92 ^ _154_/A (sky130_fd_sc_hd__nand2_1)
     2    0.01    0.11    0.13    3.05 v _154_/Y (sky130_fd_sc_hd__nand2_1)
                                         _092_ (net)
                  0.11    0.00    3.05 v _156_/A (sky130_fd_sc_hd__nand2_1)
     2    0.01    0.15    0.16    3.21 ^ _156_/Y (sky130_fd_sc_hd__nand2_1)
                                         _094_ (net)
                  0.15    0.00    3.21 ^ _157_/A (sky130_fd_sc_hd__inv_2)
     1    0.00    0.03    0.08    3.29 v _157_/Y (sky130_fd_sc_hd__inv_2)
                                         next_state[0] (net)
                  0.03    0.00    3.29 v _256_/D (sky130_fd_sc_hd__dfrtp_4)
                                  3.29   data arrival time

                         10.00   10.00   clock clk (rise edge)
                          0.50   10.50   clock source latency
     1    0.02    0.10    0.07   10.57 ^ clk (in)
                                         clk (net)
                  0.10    0.00   10.57 ^ clkbuf_0_clk/A (sky130_fd_sc_hd__clkbuf_16)
     2    0.02    0.07    0.23   10.80 ^ clkbuf_0_clk/X (sky130_fd_sc_hd__clkbuf_16)
                                         clknet_0_clk (net)
                  0.07    0.00   10.80 ^ clkbuf_1_0__f_clk/A (sky130_fd_sc_hd__clkbuf_16)
    16    0.05    0.10    0.26   11.06 ^ clkbuf_1_0__f_clk/X (sky130_fd_sc_hd__clkbuf_16)
                                         clknet_1_0__leaf_clk (net)
                  0.10    0.00   11.06 ^ _256_/CLK (sky130_fd_sc_hd__dfrtp_4)
                         -0.30   10.76   clock uncertainty
                          0.00   10.76   clock reconvergence pessimism
                         -0.25   10.51   library setup time
                                 10.51   data required time
-----------------------------------------------------------------------------
                                 10.51   data required time
                                 -3.29   data arrival time
-----------------------------------------------------------------------------
                                  7.22   slack (MET)


Startpoint: _246_ (rising edge-triggered flip-flop clocked by clk)
Endpoint: _251_ (rising edge-triggered flip-flop clocked by clk)
Path Group: clk
Path Type: max
Corner: Slowest

Fanout     Cap    Slew   Delay    Time   Description
-----------------------------------------------------------------------------
                          0.00    0.00   clock clk (rise edge)
                          0.50    0.50   clock source latency
     1    0.02    0.10    0.07    0.57 ^ clk (in)
                                         clk (net)
                  0.10    0.00    0.57 ^ clkbuf_0_clk/A (sky130_fd_sc_hd__clkbuf_16)
     2    0.02    0.07    0.23    0.80 ^ clkbuf_0_clk/X (sky130_fd_sc_hd__clkbuf_16)
                                         clknet_0_clk (net)
                  0.07    0.00    0.80 ^ clkbuf_1_1__f_clk/A (sky130_fd_sc_hd__clkbuf_16)
    13    0.05    0.10    0.26    1.06 ^ clkbuf_1_1__f_clk/X (sky130_fd_sc_hd__clkbuf_16)
                                         clknet_1_1__leaf_clk (net)
                  0.10    0.00    1.06 ^ _246_/CLK (sky130_fd_sc_hd__dfrtp_1)
     3    0.01    0.13    0.81    1.87 v _246_/Q (sky130_fd_sc_hd__dfrtp_1)
                                         seq_timer[6] (net)
                  0.13    0.00    1.87 v _121_/A (sky130_fd_sc_hd__nor2_1)
     2    0.01    0.25    0.28    2.15 ^ _121_/Y (sky130_fd_sc_hd__nor2_1)
                                         _061_ (net)
                  0.25    0.00    2.15 ^ _122_/B (sky130_fd_sc_hd__nand2_1)
     3    0.01    0.18    0.25    2.40 v _122_/Y (sky130_fd_sc_hd__nand2_1)
                                         _062_ (net)
                  0.18    0.00    2.40 v _123_/B (sky130_fd_sc_hd__nor2_1)
     3    0.01    0.39    0.38    2.79 ^ _123_/Y (sky130_fd_sc_hd__nor2_1)
                                         _063_ (net)
                  0.39    0.00    2.79 ^ _198_/C1 (sky130_fd_sc_hd__o211a_1)
     1    0.00    0.10    0.42    3.21 ^ _198_/X (sky130_fd_sc_hd__o211a_1)
                                         _003_ (net)
                  0.10    0.00    3.21 ^ _251_/D (sky130_fd_sc_hd__dfrtp_1)
                                  3.21   data arrival time

                         10.00   10.00   clock clk (rise edge)
                          0.50   10.50   clock source latency
     1    0.02    0.10    0.07   10.57 ^ clk (in)
                                         clk (net)
                  0.10    0.00   10.57 ^ clkbuf_0_clk/A (sky130_fd_sc_hd__clkbuf_16)
     2    0.02    0.07    0.23   10.80 ^ clkbuf_0_clk/X (sky130_fd_sc_hd__clkbuf_16)
                                         clknet_0_clk (net)
                  0.07    0.00   10.80 ^ clkbuf_1_0__f_clk/A (sky130_fd_sc_hd__clkbuf_16)
    16    0.05    0.10    0.26   11.06 ^ clkbuf_1_0__f_clk/X (sky130_fd_sc_hd__clkbuf_16)
                                         clknet_1_0__leaf_clk (net)
                  0.10    0.00   11.06 ^ _251_/CLK (sky130_fd_sc_hd__dfrtp_1)
                         -0.30   10.76   clock uncertainty
                          0.00   10.76   clock reconvergence pessimism
                         -0.14   10.63   library setup time
                                 10.63   data required time
-----------------------------------------------------------------------------
                                 10.63   data required time
                                 -3.21   data arrival time
-----------------------------------------------------------------------------
                                  7.42   slack (MET)


Startpoint: _258_ (rising edge-triggered flip-flop clocked by clk)
Endpoint: _239_ (rising edge-triggered flip-flop clocked by clk)
Path Group: clk
Path Type: max
Corner: Slowest

Fanout     Cap    Slew   Delay    Time   Description
-----------------------------------------------------------------------------
                          0.00    0.00   clock clk (rise edge)
                          0.50    0.50   clock source latency
     1    0.02    0.10    0.07    0.57 ^ clk (in)
                                         clk (net)
                  0.10    0.00    0.57 ^ clkbuf_0_clk/A (sky130_fd_sc_hd__clkbuf_16)
     2    0.02    0.07    0.23    0.80 ^ clkbuf_0_clk/X (sky130_fd_sc_hd__clkbuf_16)
                                         clknet_0_clk (net)
                  0.07    0.00    0.80 ^ clkbuf_1_0__f_clk/A (sky130_fd_sc_hd__clkbuf_16)
    16    0.05    0.10    0.26    1.06 ^ clkbuf_1_0__f_clk/X (sky130_fd_sc_hd__clkbuf_16)
                                         clknet_1_0__leaf_clk (net)
                  0.10    0.00    1.06 ^ _258_/CLK (sky130_fd_sc_hd__dfrtp_4)
     8    0.04    0.20    1.12    2.19 v _258_/Q (sky130_fd_sc_hd__dfrtp_4)
                                         curr_state[2] (net)
                  0.20    0.00    2.19 v _124_/A (sky130_fd_sc_hd__inv_6)
     6    0.03    0.10    0.17    2.36 ^ _124_/Y (sky130_fd_sc_hd__inv_6)
                                         _064_ (net)
                  0.10    0.00    2.36 ^ _180_/A (sky130_fd_sc_hd__nand2_1)
     2    0.01    0.19    0.20    2.56 v _180_/Y (sky130_fd_sc_hd__nand2_1)
                                         _016_ (net)
                  0.19    0.00    2.56 v _189_/B (sky130_fd_sc_hd__nor2_1)
     2    0.01    0.33    0.34    2.90 ^ _189_/Y (sky130_fd_sc_hd__nor2_1)
                                         _022_ (net)
                  0.33    0.00    2.91 ^ _190_/A (sky130_fd_sc_hd__inv_2)
     1    0.00    0.06    0.12    3.03 v _190_/Y (sky130_fd_sc_hd__inv_2)
                                         _001_ (net)
                  0.06    0.00    3.03 v _239_/D (sky130_fd_sc_hd__dfstp_1)
                                  3.03   data arrival time

                         10.00   10.00   clock clk (rise edge)
                          0.50   10.50   clock source latency
     1    0.02    0.10    0.07   10.57 ^ clk (in)
                                         clk (net)
                  0.10    0.00   10.57 ^ clkbuf_0_clk/A (sky130_fd_sc_hd__clkbuf_16)
     2    0.02    0.07    0.23   10.80 ^ clkbuf_0_clk/X (sky130_fd_sc_hd__clkbuf_16)
                                         clknet_0_clk (net)
                  0.07    0.00   10.80 ^ clkbuf_1_1__f_clk/A (sky130_fd_sc_hd__clkbuf_16)
    13    0.05    0.10    0.26   11.06 ^ clkbuf_1_1__f_clk/X (sky130_fd_sc_hd__clkbuf_16)
                                         clknet_1_1__leaf_clk (net)
                  0.10    0.00   11.06 ^ _239_/CLK (sky130_fd_sc_hd__dfstp_1)
                         -0.30   10.76   clock uncertainty
                          0.00   10.76   clock reconvergence pessimism
                         -0.14   10.62   library setup time
                                 10.62   data required time
-----------------------------------------------------------------------------
                                 10.62   data required time
                                 -3.03   data arrival time
-----------------------------------------------------------------------------
                                  7.60   slack (MET)


Startpoint: wake_up (input port clocked by clk)
Endpoint: _259_ (rising edge-triggered flip-flop clocked by clk)
Path Group: clk
Path Type: max
Corner: Slowest

Fanout     Cap    Slew   Delay    Time   Description
-----------------------------------------------------------------------------
                          0.00    0.00   clock clk (rise edge)
                          0.50    0.50   clock network delay (propagated)
                          2.00    2.50 v input external delay
     1    0.00    0.04    0.01    2.51 v wake_up (in)
                                         wake_up (net)
                  0.04    0.00    2.51 v input7/A (sky130_fd_sc_hd__clkbuf_1)
     1    0.00    0.06    0.15    2.67 v input7/X (sky130_fd_sc_hd__clkbuf_1)
                                         net7 (net)
                  0.06    0.00    2.67 v _259_/D (sky130_fd_sc_hd__dfrtp_1)
                                  2.67   data arrival time

                         10.00   10.00   clock clk (rise edge)
                          0.50   10.50   clock source latency
     1    0.02    0.10    0.07   10.57 ^ clk (in)
                                         clk (net)
                  0.10    0.00   10.57 ^ clkbuf_0_clk/A (sky130_fd_sc_hd__clkbuf_16)
     2    0.02    0.07    0.23   10.80 ^ clkbuf_0_clk/X (sky130_fd_sc_hd__clkbuf_16)
                                         clknet_0_clk (net)
                  0.07    0.00   10.80 ^ clkbuf_1_0__f_clk/A (sky130_fd_sc_hd__clkbuf_16)
    16    0.05    0.10    0.26   11.06 ^ clkbuf_1_0__f_clk/X (sky130_fd_sc_hd__clkbuf_16)
                                         clknet_1_0__leaf_clk (net)
                  0.10    0.00   11.06 ^ _259_/CLK (sky130_fd_sc_hd__dfrtp_1)
                         -0.30   10.76   clock uncertainty
                          0.00   10.76   clock reconvergence pessimism
                         -0.26   10.50   library setup time
                                 10.50   data required time
-----------------------------------------------------------------------------
                                 10.50   data required time
                                 -2.67   data arrival time
-----------------------------------------------------------------------------
                                  7.83   slack (MET)


Startpoint: req_sleep (input port clocked by clk)
Endpoint: _261_ (rising edge-triggered flip-flop clocked by clk)
Path Group: clk
Path Type: max
Corner: Slowest

Fanout     Cap    Slew   Delay    Time   Description
-----------------------------------------------------------------------------
                          0.00    0.00   clock clk (rise edge)
                          0.50    0.50   clock network delay (propagated)
                          2.00    2.50 v input external delay
     1    0.00    0.04    0.02    2.52 v req_sleep (in)
                                         req_sleep (net)
                  0.04    0.00    2.52 v input5/A (sky130_fd_sc_hd__clkbuf_1)
     1    0.00    0.05    0.15    2.67 v input5/X (sky130_fd_sc_hd__clkbuf_1)
                                         net5 (net)
                  0.05    0.00    2.67 v _261_/D (sky130_fd_sc_hd__dfrtp_1)
                                  2.67   data arrival time

                         10.00   10.00   clock clk (rise edge)
                          0.50   10.50   clock source latency
     1    0.02    0.10    0.07   10.57 ^ clk (in)
                                         clk (net)
                  0.10    0.00   10.57 ^ clkbuf_0_clk/A (sky130_fd_sc_hd__clkbuf_16)
     2    0.02    0.07    0.23   10.80 ^ clkbuf_0_clk/X (sky130_fd_sc_hd__clkbuf_16)
                                         clknet_0_clk (net)
                  0.07    0.00   10.80 ^ clkbuf_1_0__f_clk/A (sky130_fd_sc_hd__clkbuf_16)
    16    0.05    0.10    0.26   11.06 ^ clkbuf_1_0__f_clk/X (sky130_fd_sc_hd__clkbuf_16)
                                         clknet_1_0__leaf_clk (net)
                  0.10    0.00   11.06 ^ _261_/CLK (sky130_fd_sc_hd__dfrtp_1)
                         -0.30   10.76   clock uncertainty
                          0.00   10.76   clock reconvergence pessimism
                         -0.26   10.50   library setup time
                                 10.50   data required time
-----------------------------------------------------------------------------
                                 10.50   data required time
                                 -2.67   data arrival time
-----------------------------------------------------------------------------
                                  7.84   slack (MET)


Startpoint: req_idle (input port clocked by clk)
Endpoint: _262_ (rising edge-triggered flip-flop clocked by clk)
Path Group: clk
Path Type: max
Corner: Slowest

Fanout     Cap    Slew   Delay    Time   Description
-----------------------------------------------------------------------------
                          0.00    0.00   clock clk (rise edge)
                          0.50    0.50   clock network delay (propagated)
                          2.00    2.50 v input external delay
     1    0.00    0.04    0.01    2.51 v req_idle (in)
                                         req_idle (net)
                  0.04    0.00    2.51 v input3/A (sky130_fd_sc_hd__clkbuf_1)
     1    0.00    0.05    0.14    2.66 v input3/X (sky130_fd_sc_hd__clkbuf_1)
                                         net3 (net)
                  0.05    0.00    2.66 v _262_/D (sky130_fd_sc_hd__dfrtp_1)
                                  2.66   data arrival time

                         10.00   10.00   clock clk (rise edge)
                          0.50   10.50   clock source latency
     1    0.02    0.10    0.07   10.57 ^ clk (in)
                                         clk (net)
                  0.10    0.00   10.57 ^ clkbuf_0_clk/A (sky130_fd_sc_hd__clkbuf_16)
     2    0.02    0.07    0.23   10.80 ^ clkbuf_0_clk/X (sky130_fd_sc_hd__clkbuf_16)
                                         clknet_0_clk (net)
                  0.07    0.00   10.80 ^ clkbuf_1_0__f_clk/A (sky130_fd_sc_hd__clkbuf_16)
    16    0.05    0.10    0.26   11.06 ^ clkbuf_1_0__f_clk/X (sky130_fd_sc_hd__clkbuf_16)
                                         clknet_1_0__leaf_clk (net)
                  0.10    0.00   11.06 ^ _262_/CLK (sky130_fd_sc_hd__dfrtp_1)
                         -0.30   10.76   clock uncertainty
                          0.00   10.76   clock reconvergence pessimism
                         -0.26   10.51   library setup time
                                 10.51   data required time
-----------------------------------------------------------------------------
                                 10.51   data required time
                                 -2.66   data arrival time
-----------------------------------------------------------------------------
                                  7.85   slack (MET)


Startpoint: req_off (input port clocked by clk)
Endpoint: _260_ (rising edge-triggered flip-flop clocked by clk)
Path Group: clk
Path Type: max
Corner: Slowest

Fanout     Cap    Slew   Delay    Time   Description
-----------------------------------------------------------------------------
                          0.00    0.00   clock clk (rise edge)
                          0.50    0.50   clock network delay (propagated)
                          2.00    2.50 v input external delay
     1    0.00    0.04    0.01    2.51 v req_off (in)
                                         req_off (net)
                  0.04    0.00    2.51 v input4/A (sky130_fd_sc_hd__clkbuf_1)
     1    0.00    0.04    0.14    2.65 v input4/X (sky130_fd_sc_hd__clkbuf_1)
                                         net4 (net)
                  0.04    0.00    2.65 v _260_/D (sky130_fd_sc_hd__dfrtp_1)
                                  2.65   data arrival time

                         10.00   10.00   clock clk (rise edge)
                          0.50   10.50   clock source latency
     1    0.02    0.10    0.07   10.57 ^ clk (in)
                                         clk (net)
                  0.10    0.00   10.57 ^ clkbuf_0_clk/A (sky130_fd_sc_hd__clkbuf_16)
     2    0.02    0.07    0.23   10.80 ^ clkbuf_0_clk/X (sky130_fd_sc_hd__clkbuf_16)
                                         clknet_0_clk (net)
                  0.07    0.00   10.80 ^ clkbuf_1_0__f_clk/A (sky130_fd_sc_hd__clkbuf_16)
    16    0.05    0.10    0.26   11.06 ^ clkbuf_1_0__f_clk/X (sky130_fd_sc_hd__clkbuf_16)
                                         clknet_1_0__leaf_clk (net)
                  0.10    0.00   11.06 ^ _260_/CLK (sky130_fd_sc_hd__dfrtp_1)
                         -0.30   10.76   clock uncertainty
                          0.00   10.76   clock reconvergence pessimism
                         -0.26   10.50   library setup time
                                 10.50   data required time
-----------------------------------------------------------------------------
                                 10.50   data required time
                                 -2.65   data arrival time
-----------------------------------------------------------------------------
                                  7.85   slack (MET)


Startpoint: _257_ (rising edge-triggered flip-flop clocked by clk)
Endpoint: _254_ (rising edge-triggered flip-flop clocked by clk)
Path Group: clk
Path Type: max
Corner: Slowest

Fanout     Cap    Slew   Delay    Time   Description
-----------------------------------------------------------------------------
                          0.00    0.00   clock clk (rise edge)
                          0.50    0.50   clock source latency
     1    0.02    0.10    0.07    0.57 ^ clk (in)
                                         clk (net)
                  0.10    0.00    0.57 ^ clkbuf_0_clk/A (sky130_fd_sc_hd__clkbuf_16)
     2    0.02    0.07    0.23    0.80 ^ clkbuf_0_clk/X (sky130_fd_sc_hd__clkbuf_16)
                                         clknet_0_clk (net)
                  0.07    0.00    0.80 ^ clkbuf_1_0__f_clk/A (sky130_fd_sc_hd__clkbuf_16)
    16    0.05    0.10    0.26    1.06 ^ clkbuf_1_0__f_clk/X (sky130_fd_sc_hd__clkbuf_16)
                                         clknet_1_0__leaf_clk (net)
                  0.10    0.00    1.06 ^ _257_/CLK (sky130_fd_sc_hd__dfrtp_1)
     3    0.01    0.14    0.82    1.88 v _257_/Q (sky130_fd_sc_hd__dfrtp_1)
                                         curr_state[1] (net)
                  0.14    0.00    1.88 v _126_/A (sky130_fd_sc_hd__clkbuf_2)
     8    0.03    0.22    0.35    2.23 v _126_/X (sky130_fd_sc_hd__clkbuf_2)
                                         _066_ (net)
                  0.22    0.00    2.24 v _191_/A2 (sky130_fd_sc_hd__a21oi_1)
     1    0.01    0.39    0.46    2.70 ^ _191_/Y (sky130_fd_sc_hd__a21oi_1)
                                         _112_ (net)
                  0.39    0.00    2.70 ^ _254_/D (sky130_fd_sc_hd__dfrtp_1)
                                  2.70   data arrival time

                         10.00   10.00   clock clk (rise edge)
                          0.50   10.50   clock source latency
     1    0.02    0.10    0.07   10.57 ^ clk (in)
                                         clk (net)
                  0.10    0.00   10.57 ^ clkbuf_0_clk/A (sky130_fd_sc_hd__clkbuf_16)
     2    0.02    0.07    0.23   10.80 ^ clkbuf_0_clk/X (sky130_fd_sc_hd__clkbuf_16)
                                         clknet_0_clk (net)
                  0.07    0.00   10.80 ^ clkbuf_1_1__f_clk/A (sky130_fd_sc_hd__clkbuf_16)
    13    0.05    0.10    0.26   11.06 ^ clkbuf_1_1__f_clk/X (sky130_fd_sc_hd__clkbuf_16)
                                         clknet_1_1__leaf_clk (net)
                  0.10    0.00   11.06 ^ _254_/CLK (sky130_fd_sc_hd__dfrtp_1)
                         -0.30   10.76   clock uncertainty
                          0.00   10.76   clock reconvergence pessimism
                         -0.21   10.55   library setup time
                                 10.55   data required time
-----------------------------------------------------------------------------
                                 10.55   data required time
                                 -2.70   data arrival time
-----------------------------------------------------------------------------
                                  7.86   slack (MET)


Startpoint: _257_ (rising edge-triggered flip-flop clocked by clk)
Endpoint: _248_ (rising edge-triggered flip-flop clocked by clk)
Path Group: clk
Path Type: max
Corner: Slowest

Fanout     Cap    Slew   Delay    Time   Description
-----------------------------------------------------------------------------
                          0.00    0.00   clock clk (rise edge)
                          0.50    0.50   clock source latency
     1    0.02    0.10    0.07    0.57 ^ clk (in)
                                         clk (net)
                  0.10    0.00    0.57 ^ clkbuf_0_clk/A (sky130_fd_sc_hd__clkbuf_16)
     2    0.02    0.07    0.23    0.80 ^ clkbuf_0_clk/X (sky130_fd_sc_hd__clkbuf_16)
                                         clknet_0_clk (net)
                  0.07    0.00    0.80 ^ clkbuf_1_0__f_clk/A (sky130_fd_sc_hd__clkbuf_16)
    16    0.05    0.10    0.26    1.06 ^ clkbuf_1_0__f_clk/X (sky130_fd_sc_hd__clkbuf_16)
                                         clknet_1_0__leaf_clk (net)
                  0.10    0.00    1.06 ^ _257_/CLK (sky130_fd_sc_hd__dfrtp_1)
     3    0.01    0.14    0.82    1.88 v _257_/Q (sky130_fd_sc_hd__dfrtp_1)
                                         curr_state[1] (net)
                  0.14    0.00    1.88 v _126_/A (sky130_fd_sc_hd__clkbuf_2)
     8    0.03    0.22    0.35    2.23 v _126_/X (sky130_fd_sc_hd__clkbuf_2)
                                         _066_ (net)
                  0.22    0.00    2.24 v _188_/A2 (sky130_fd_sc_hd__o21a_1)
     1    0.00    0.07    0.38    2.61 v _188_/X (sky130_fd_sc_hd__o21a_1)
                                         _000_ (net)
                  0.07    0.00    2.61 v _248_/D (sky130_fd_sc_hd__dfrtp_1)
                                  2.61   data arrival time

                         10.00   10.00   clock clk (rise edge)
                          0.50   10.50   clock source latency
     1    0.02    0.10    0.07   10.57 ^ clk (in)
                                         clk (net)
                  0.10    0.00   10.57 ^ clkbuf_0_clk/A (sky130_fd_sc_hd__clkbuf_16)
     2    0.02    0.07    0.23   10.80 ^ clkbuf_0_clk/X (sky130_fd_sc_hd__clkbuf_16)
                                         clknet_0_clk (net)
                  0.07    0.00   10.80 ^ clkbuf_1_0__f_clk/A (sky130_fd_sc_hd__clkbuf_16)
    16    0.05    0.10    0.26   11.06 ^ clkbuf_1_0__f_clk/X (sky130_fd_sc_hd__clkbuf_16)
                                         clknet_1_0__leaf_clk (net)
                  0.10    0.00   11.06 ^ _248_/CLK (sky130_fd_sc_hd__dfrtp_1)
                         -0.30   10.76   clock uncertainty
                          0.00   10.76   clock reconvergence pessimism
                         -0.27   10.49   library setup time
                                 10.49   data required time
-----------------------------------------------------------------------------
                                 10.49   data required time
                                 -2.61   data arrival time
-----------------------------------------------------------------------------
                                  7.88   slack (MET)


Startpoint: _258_ (rising edge-triggered flip-flop clocked by clk)
Endpoint: _249_ (rising edge-triggered flip-flop clocked by clk)
Path Group: clk
Path Type: max
Corner: Slowest

Fanout     Cap    Slew   Delay    Time   Description
-----------------------------------------------------------------------------
                          0.00    0.00   clock clk (rise edge)
                          0.50    0.50   clock source latency
     1    0.02    0.10    0.07    0.57 ^ clk (in)
                                         clk (net)
                  0.10    0.00    0.57 ^ clkbuf_0_clk/A (sky130_fd_sc_hd__clkbuf_16)
     2    0.02    0.07    0.23    0.80 ^ clkbuf_0_clk/X (sky130_fd_sc_hd__clkbuf_16)
                                         clknet_0_clk (net)
                  0.07    0.00    0.80 ^ clkbuf_1_0__f_clk/A (sky130_fd_sc_hd__clkbuf_16)
    16    0.05    0.10    0.26    1.06 ^ clkbuf_1_0__f_clk/X (sky130_fd_sc_hd__clkbuf_16)
                                         clknet_1_0__leaf_clk (net)
                  0.10    0.00    1.06 ^ _258_/CLK (sky130_fd_sc_hd__dfrtp_4)
     8    0.04    0.20    1.12    2.19 v _258_/Q (sky130_fd_sc_hd__dfrtp_4)
                                         curr_state[2] (net)
                  0.20    0.00    2.19 v _183_/A (sky130_fd_sc_hd__nor2_1)
     2    0.01    0.31    0.35    2.54 ^ _183_/Y (sky130_fd_sc_hd__nor2_1)
                                         _002_ (net)
                  0.31    0.00    2.54 ^ _249_/D (sky130_fd_sc_hd__dfrtp_1)
                                  2.54   data arrival time

                         10.00   10.00   clock clk (rise edge)
                          0.50   10.50   clock source latency
     1    0.02    0.10    0.07   10.57 ^ clk (in)
                                         clk (net)
                  0.10    0.00   10.57 ^ clkbuf_0_clk/A (sky130_fd_sc_hd__clkbuf_16)
     2    0.02    0.07    0.23   10.80 ^ clkbuf_0_clk/X (sky130_fd_sc_hd__clkbuf_16)
                                         clknet_0_clk (net)
                  0.07    0.00   10.80 ^ clkbuf_1_0__f_clk/A (sky130_fd_sc_hd__clkbuf_16)
    16    0.05    0.10    0.26   11.06 ^ clkbuf_1_0__f_clk/X (sky130_fd_sc_hd__clkbuf_16)
                                         clknet_1_0__leaf_clk (net)
                  0.10    0.00   11.06 ^ _249_/CLK (sky130_fd_sc_hd__dfrtp_1)
                         -0.30   10.76   clock uncertainty
                          0.00   10.76   clock reconvergence pessimism
                         -0.19   10.58   library setup time
                                 10.58   data required time
-----------------------------------------------------------------------------
                                 10.58   data required time
                                 -2.54   data arrival time
-----------------------------------------------------------------------------
                                  8.04   slack (MET)


Startpoint: _259_ (rising edge-triggered flip-flop clocked by clk)
Endpoint: _263_ (rising edge-triggered flip-flop clocked by clk)
Path Group: clk
Path Type: max
Corner: Slowest

Fanout     Cap    Slew   Delay    Time   Description
-----------------------------------------------------------------------------
                          0.00    0.00   clock clk (rise edge)
                          0.50    0.50   clock source latency
     1    0.02    0.10    0.07    0.57 ^ clk (in)
                                         clk (net)
                  0.10    0.00    0.57 ^ clkbuf_0_clk/A (sky130_fd_sc_hd__clkbuf_16)
     2    0.02    0.07    0.23    0.80 ^ clkbuf_0_clk/X (sky130_fd_sc_hd__clkbuf_16)
                                         clknet_0_clk (net)
                  0.07    0.00    0.80 ^ clkbuf_1_0__f_clk/A (sky130_fd_sc_hd__clkbuf_16)
    16    0.05    0.10    0.26    1.06 ^ clkbuf_1_0__f_clk/X (sky130_fd_sc_hd__clkbuf_16)
                                         clknet_1_0__leaf_clk (net)
                  0.10    0.00    1.06 ^ _259_/CLK (sky130_fd_sc_hd__dfrtp_1)
     1    0.00    0.09    0.76    1.82 v _259_/Q (sky130_fd_sc_hd__dfrtp_1)
                                         sync_stage1[0] (net)
                  0.09    0.00    1.82 v _263_/D (sky130_fd_sc_hd__dfrtp_1)
                                  1.82   data arrival time

                         10.00   10.00   clock clk (rise edge)
                          0.50   10.50   clock source latency
     1    0.02    0.10    0.07   10.57 ^ clk (in)
                                         clk (net)
                  0.10    0.00   10.57 ^ clkbuf_0_clk/A (sky130_fd_sc_hd__clkbuf_16)
     2    0.02    0.07    0.23   10.80 ^ clkbuf_0_clk/X (sky130_fd_sc_hd__clkbuf_16)
                                         clknet_0_clk (net)
                  0.07    0.00   10.80 ^ clkbuf_1_0__f_clk/A (sky130_fd_sc_hd__clkbuf_16)
    16    0.05    0.10    0.26   11.06 ^ clkbuf_1_0__f_clk/X (sky130_fd_sc_hd__clkbuf_16)
                                         clknet_1_0__leaf_clk (net)
                  0.10    0.00   11.06 ^ _263_/CLK (sky130_fd_sc_hd__dfrtp_1)
                         -0.30   10.76   clock uncertainty
                          0.00   10.76   clock reconvergence pessimism
                         -0.28   10.49   library setup time
                                 10.49   data required time
-----------------------------------------------------------------------------
                                 10.49   data required time
                                 -1.82   data arrival time
-----------------------------------------------------------------------------
                                  8.66   slack (MET)


Startpoint: _260_ (rising edge-triggered flip-flop clocked by clk)
Endpoint: _264_ (rising edge-triggered flip-flop clocked by clk)
Path Group: clk
Path Type: max
Corner: Slowest

Fanout     Cap    Slew   Delay    Time   Description
-----------------------------------------------------------------------------
                          0.00    0.00   clock clk (rise edge)
                          0.50    0.50   clock source latency
     1    0.02    0.10    0.07    0.57 ^ clk (in)
                                         clk (net)
                  0.10    0.00    0.57 ^ clkbuf_0_clk/A (sky130_fd_sc_hd__clkbuf_16)
     2    0.02    0.07    0.23    0.80 ^ clkbuf_0_clk/X (sky130_fd_sc_hd__clkbuf_16)
                                         clknet_0_clk (net)
                  0.07    0.00    0.80 ^ clkbuf_1_0__f_clk/A (sky130_fd_sc_hd__clkbuf_16)
    16    0.05    0.10    0.26    1.06 ^ clkbuf_1_0__f_clk/X (sky130_fd_sc_hd__clkbuf_16)
                                         clknet_1_0__leaf_clk (net)
                  0.10    0.00    1.06 ^ _260_/CLK (sky130_fd_sc_hd__dfrtp_1)
     1    0.00    0.07    0.74    1.80 v _260_/Q (sky130_fd_sc_hd__dfrtp_1)
                                         sync_stage1[1] (net)
                  0.07    0.00    1.80 v _264_/D (sky130_fd_sc_hd__dfrtp_1)
                                  1.80   data arrival time

                         10.00   10.00   clock clk (rise edge)
                          0.50   10.50   clock source latency
     1    0.02    0.10    0.07   10.57 ^ clk (in)
                                         clk (net)
                  0.10    0.00   10.57 ^ clkbuf_0_clk/A (sky130_fd_sc_hd__clkbuf_16)
     2    0.02    0.07    0.23   10.80 ^ clkbuf_0_clk/X (sky130_fd_sc_hd__clkbuf_16)
                                         clknet_0_clk (net)
                  0.07    0.00   10.80 ^ clkbuf_1_0__f_clk/A (sky130_fd_sc_hd__clkbuf_16)
    16    0.05    0.10    0.26   11.06 ^ clkbuf_1_0__f_clk/X (sky130_fd_sc_hd__clkbuf_16)
                                         clknet_1_0__leaf_clk (net)
                  0.10    0.00   11.06 ^ _264_/CLK (sky130_fd_sc_hd__dfrtp_1)
                         -0.30   10.76   clock uncertainty
                          0.00   10.76   clock reconvergence pessimism
                         -0.27   10.49   library setup time
                                 10.49   data required time
-----------------------------------------------------------------------------
                                 10.49   data required time
                                 -1.80   data arrival time
-----------------------------------------------------------------------------
                                  8.69   slack (MET)


Startpoint: _261_ (rising edge-triggered flip-flop clocked by clk)
Endpoint: _265_ (rising edge-triggered flip-flop clocked by clk)
Path Group: clk
Path Type: max
Corner: Slowest

Fanout     Cap    Slew   Delay    Time   Description
-----------------------------------------------------------------------------
                          0.00    0.00   clock clk (rise edge)
                          0.50    0.50   clock source latency
     1    0.02    0.10    0.07    0.57 ^ clk (in)
                                         clk (net)
                  0.10    0.00    0.57 ^ clkbuf_0_clk/A (sky130_fd_sc_hd__clkbuf_16)
     2    0.02    0.07    0.23    0.80 ^ clkbuf_0_clk/X (sky130_fd_sc_hd__clkbuf_16)
                                         clknet_0_clk (net)
                  0.07    0.00    0.80 ^ clkbuf_1_0__f_clk/A (sky130_fd_sc_hd__clkbuf_16)
    16    0.05    0.10    0.26    1.06 ^ clkbuf_1_0__f_clk/X (sky130_fd_sc_hd__clkbuf_16)
                                         clknet_1_0__leaf_clk (net)
                  0.10    0.00    1.06 ^ _261_/CLK (sky130_fd_sc_hd__dfrtp_1)
     1    0.00    0.07    0.74    1.80 v _261_/Q (sky130_fd_sc_hd__dfrtp_1)
                                         sync_stage1[2] (net)
                  0.07    0.00    1.80 v _265_/D (sky130_fd_sc_hd__dfrtp_1)
                                  1.80   data arrival time

                         10.00   10.00   clock clk (rise edge)
                          0.50   10.50   clock source latency
     1    0.02    0.10    0.07   10.57 ^ clk (in)
                                         clk (net)
                  0.10    0.00   10.57 ^ clkbuf_0_clk/A (sky130_fd_sc_hd__clkbuf_16)
     2    0.02    0.07    0.23   10.80 ^ clkbuf_0_clk/X (sky130_fd_sc_hd__clkbuf_16)
                                         clknet_0_clk (net)
                  0.07    0.00   10.80 ^ clkbuf_1_0__f_clk/A (sky130_fd_sc_hd__clkbuf_16)
    16    0.05    0.10    0.26   11.06 ^ clkbuf_1_0__f_clk/X (sky130_fd_sc_hd__clkbuf_16)
                                         clknet_1_0__leaf_clk (net)
                  0.10    0.00   11.06 ^ _265_/CLK (sky130_fd_sc_hd__dfrtp_1)
                         -0.30   10.76   clock uncertainty
                          0.00   10.76   clock reconvergence pessimism
                         -0.27   10.49   library setup time
                                 10.49   data required time
-----------------------------------------------------------------------------
                                 10.49   data required time
                                 -1.80   data arrival time
-----------------------------------------------------------------------------
                                  8.69   slack (MET)


Startpoint: _262_ (rising edge-triggered flip-flop clocked by clk)
Endpoint: _266_ (rising edge-triggered flip-flop clocked by clk)
Path Group: clk
Path Type: max
Corner: Slowest

Fanout     Cap    Slew   Delay    Time   Description
-----------------------------------------------------------------------------
                          0.00    0.00   clock clk (rise edge)
                          0.50    0.50   clock source latency
     1    0.02    0.10    0.07    0.57 ^ clk (in)
                                         clk (net)
                  0.10    0.00    0.57 ^ clkbuf_0_clk/A (sky130_fd_sc_hd__clkbuf_16)
     2    0.02    0.07    0.23    0.80 ^ clkbuf_0_clk/X (sky130_fd_sc_hd__clkbuf_16)
                                         clknet_0_clk (net)
                  0.07    0.00    0.80 ^ clkbuf_1_0__f_clk/A (sky130_fd_sc_hd__clkbuf_16)
    16    0.05    0.10    0.26    1.06 ^ clkbuf_1_0__f_clk/X (sky130_fd_sc_hd__clkbuf_16)
                                         clknet_1_0__leaf_clk (net)
                  0.10    0.00    1.06 ^ _262_/CLK (sky130_fd_sc_hd__dfrtp_1)
     1    0.00    0.07    0.74    1.80 v _262_/Q (sky130_fd_sc_hd__dfrtp_1)
                                         sync_stage1[3] (net)
                  0.07    0.00    1.80 v _266_/D (sky130_fd_sc_hd__dfrtp_1)
                                  1.80   data arrival time

                         10.00   10.00   clock clk (rise edge)
                          0.50   10.50   clock source latency
     1    0.02    0.10    0.07   10.57 ^ clk (in)
                                         clk (net)
                  0.10    0.00   10.57 ^ clkbuf_0_clk/A (sky130_fd_sc_hd__clkbuf_16)
     2    0.02    0.07    0.23   10.80 ^ clkbuf_0_clk/X (sky130_fd_sc_hd__clkbuf_16)
                                         clknet_0_clk (net)
                  0.07    0.00   10.80 ^ clkbuf_1_0__f_clk/A (sky130_fd_sc_hd__clkbuf_16)
    16    0.05    0.10    0.26   11.06 ^ clkbuf_1_0__f_clk/X (sky130_fd_sc_hd__clkbuf_16)
                                         clknet_1_0__leaf_clk (net)
                  0.10    0.00   11.06 ^ _266_/CLK (sky130_fd_sc_hd__dfrtp_1)
                         -0.30   10.76   clock uncertainty
                          0.00   10.76   clock reconvergence pessimism
                         -0.27   10.49   library setup time
                                 10.49   data required time
-----------------------------------------------------------------------------
                                 10.49   data required time
                                 -1.80   data arrival time
-----------------------------------------------------------------------------
                                  8.69   slack (MET)



worst slack corner Slowest: 3.0962
======================= Typical Corner ===================================

Startpoint: retention_ready (input port clocked by clk)
Endpoint: error (output port clocked by clk)
Path Group: clk
Path Type: max
Corner: Typical

Fanout     Cap    Slew   Delay    Time   Description
-----------------------------------------------------------------------------
                          0.00    0.00   clock clk (rise edge)
                          0.50    0.50   clock network delay (propagated)
                          3.00    3.50 v input external delay
     1    0.00    0.02    0.01    3.51 v retention_ready (in)
                                         retention_ready (net)
                  0.02    0.00    3.51 v input6/A (sky130_fd_sc_hd__buf_1)
     1    0.01    0.06    0.10    3.61 v input6/X (sky130_fd_sc_hd__buf_1)
                                         net6 (net)
                  0.06    0.00    3.61 v _164_/A (sky130_fd_sc_hd__inv_2)
     3    0.01    0.05    0.07    3.68 ^ _164_/Y (sky130_fd_sc_hd__inv_2)
                                         _101_ (net)
                  0.05    0.00    3.68 ^ _199_/B (sky130_fd_sc_hd__nand2_1)
     1    0.00    0.05    0.05    3.73 v _199_/Y (sky130_fd_sc_hd__nand2_1)
                                         _026_ (net)
                  0.05    0.00    3.73 v _200_/B1 (sky130_fd_sc_hd__a211oi_1)
     1    0.01    0.29    0.30    4.03 ^ _200_/Y (sky130_fd_sc_hd__a211oi_1)
                                         net10 (net)
                  0.29    0.00    4.03 ^ wire19/A (sky130_fd_sc_hd__clkbuf_1)
     1    0.01    0.09    0.15    4.18 ^ wire19/X (sky130_fd_sc_hd__clkbuf_1)
                                         net19 (net)
                  0.09    0.00    4.18 ^ output10/A (sky130_fd_sc_hd__clkbuf_2)
     1    0.02    0.12    0.17    4.36 ^ output10/X (sky130_fd_sc_hd__clkbuf_2)
                                         error (net)
                  0.12    0.00    4.36 ^ error (out)
                                  4.36   data arrival time

                         10.00   10.00   clock clk (rise edge)
                          0.50   10.50   clock network delay (propagated)
                         -0.30   10.20   clock uncertainty
                          0.00   10.20   clock reconvergence pessimism
                         -2.00    8.20   output external delay
                                  8.20   data required time
-----------------------------------------------------------------------------
                                  8.20   data required time
                                 -4.36   data arrival time
-----------------------------------------------------------------------------
                                  3.84   slack (MET)


Startpoint: pwr_stable (input port clocked by clk)
Endpoint: _243_ (rising edge-triggered flip-flop clocked by clk)
Path Group: clk
Path Type: max
Corner: Typical

Fanout     Cap    Slew   Delay    Time   Description
-----------------------------------------------------------------------------
                          0.00    0.00   clock clk (rise edge)
                          0.50    0.50   clock network delay (propagated)
                          3.00    3.50 ^ input external delay
     1    0.00    0.02    0.01    3.51 ^ pwr_stable (in)
                                         pwr_stable (net)
                  0.02    0.00    3.51 ^ input2/A (sky130_fd_sc_hd__clkbuf_1)
     1    0.01    0.08    0.10    3.61 ^ input2/X (sky130_fd_sc_hd__clkbuf_1)
                                         net2 (net)
                  0.08    0.00    3.61 ^ _158_/A (sky130_fd_sc_hd__nand2_1)
     2    0.01    0.06    0.08    3.68 v _158_/Y (sky130_fd_sc_hd__nand2_1)
                                         _095_ (net)
                  0.06    0.00    3.68 v _159_/B1_N (sky130_fd_sc_hd__o21bai_1)
     1    0.00    0.05    0.15    3.83 v _159_/Y (sky130_fd_sc_hd__o21bai_1)
                                         _096_ (net)
                  0.05    0.00    3.83 v _160_/A (sky130_fd_sc_hd__nand2_1)
     1    0.00    0.05    0.06    3.89 ^ _160_/Y (sky130_fd_sc_hd__nand2_1)
                                         _097_ (net)
                  0.05    0.00    3.89 ^ _166_/A (sky130_fd_sc_hd__nand2_1)
     2    0.01    0.05    0.06    3.95 v _166_/Y (sky130_fd_sc_hd__nand2_1)
                                         _103_ (net)
                  0.05    0.00    3.95 v _178_/B (sky130_fd_sc_hd__nor2_1)
     2    0.01    0.13    0.12    4.08 ^ _178_/Y (sky130_fd_sc_hd__nor2_1)
                                         _014_ (net)
                  0.13    0.00    4.08 ^ _204_/A (sky130_fd_sc_hd__nand3_1)
     1    0.01    0.12    0.14    4.21 v _204_/Y (sky130_fd_sc_hd__nand3_1)
                                         _030_ (net)
                  0.12    0.00    4.21 v _209_/A (sky130_fd_sc_hd__nand3_4)
     8    0.04    0.14    0.14    4.35 ^ _209_/Y (sky130_fd_sc_hd__nand3_4)
                                         _035_ (net)
                  0.14    0.00    4.36 ^ _223_/B (sky130_fd_sc_hd__nor2_1)
     1    0.00    0.04    0.06    4.42 v _223_/Y (sky130_fd_sc_hd__nor2_1)
                                         _007_ (net)
                  0.04    0.00    4.42 v _243_/D (sky130_fd_sc_hd__dfrtp_1)
                                  4.42   data arrival time

                         10.00   10.00   clock clk (rise edge)
                          0.50   10.50   clock source latency
     1    0.02    0.06    0.04   10.54 ^ clk (in)
                                         clk (net)
                  0.06    0.00   10.54 ^ clkbuf_0_clk/A (sky130_fd_sc_hd__clkbuf_16)
     2    0.02    0.04    0.13   10.67 ^ clkbuf_0_clk/X (sky130_fd_sc_hd__clkbuf_16)
                                         clknet_0_clk (net)
                  0.04    0.00   10.67 ^ clkbuf_1_1__f_clk/A (sky130_fd_sc_hd__clkbuf_16)
    13    0.05    0.07    0.15   10.82 ^ clkbuf_1_1__f_clk/X (sky130_fd_sc_hd__clkbuf_16)
                                         clknet_1_1__leaf_clk (net)
                  0.07    0.00   10.82 ^ _243_/CLK (sky130_fd_sc_hd__dfrtp_1)
                         -0.30   10.52   clock uncertainty
                          0.00   10.52   clock reconvergence pessimism
                         -0.11   10.41   library setup time
                                 10.41   data required time
-----------------------------------------------------------------------------
                                 10.41   data required time
                                 -4.42   data arrival time
-----------------------------------------------------------------------------
                                  5.99   slack (MET)


Startpoint: pwr_stable (input port clocked by clk)
Endpoint: _242_ (rising edge-triggered flip-flop clocked by clk)
Path Group: clk
Path Type: max
Corner: Typical

Fanout     Cap    Slew   Delay    Time   Description
-----------------------------------------------------------------------------
                          0.00    0.00   clock clk (rise edge)
                          0.50    0.50   clock network delay (propagated)
                          3.00    3.50 ^ input external delay
     1    0.00    0.02    0.01    3.51 ^ pwr_stable (in)
                                         pwr_stable (net)
                  0.02    0.00    3.51 ^ input2/A (sky130_fd_sc_hd__clkbuf_1)
     1    0.01    0.08    0.10    3.61 ^ input2/X (sky130_fd_sc_hd__clkbuf_1)
                                         net2 (net)
                  0.08    0.00    3.61 ^ _158_/A (sky130_fd_sc_hd__nand2_1)
     2    0.01    0.06    0.08    3.68 v _158_/Y (sky130_fd_sc_hd__nand2_1)
                                         _095_ (net)
                  0.06    0.00    3.68 v _159_/B1_N (sky130_fd_sc_hd__o21bai_1)
     1    0.00    0.05    0.15    3.83 v _159_/Y (sky130_fd_sc_hd__o21bai_1)
                                         _096_ (net)
                  0.05    0.00    3.83 v _160_/A (sky130_fd_sc_hd__nand2_1)
     1    0.00    0.05    0.06    3.89 ^ _160_/Y (sky130_fd_sc_hd__nand2_1)
                                         _097_ (net)
                  0.05    0.00    3.89 ^ _166_/A (sky130_fd_sc_hd__nand2_1)
     2    0.01    0.05    0.06    3.95 v _166_/Y (sky130_fd_sc_hd__nand2_1)
                                         _103_ (net)
                  0.05    0.00    3.95 v _178_/B (sky130_fd_sc_hd__nor2_1)
     2    0.01    0.13    0.12    4.08 ^ _178_/Y (sky130_fd_sc_hd__nor2_1)
                                         _014_ (net)
                  0.13    0.00    4.08 ^ _204_/A (sky130_fd_sc_hd__nand3_1)
     1    0.01    0.12    0.14    4.21 v _204_/Y (sky130_fd_sc_hd__nand3_1)
                                         _030_ (net)
                  0.12    0.00    4.21 v _209_/A (sky130_fd_sc_hd__nand3_4)
     8    0.04    0.14    0.14    4.35 ^ _209_/Y (sky130_fd_sc_hd__nand3_4)
                                         _035_ (net)
                  0.14    0.00    4.36 ^ _219_/B (sky130_fd_sc_hd__nor2_1)
     1    0.00    0.04    0.06    4.41 v _219_/Y (sky130_fd_sc_hd__nor2_1)
                                         _006_ (net)
                  0.04    0.00    4.41 v _242_/D (sky130_fd_sc_hd__dfrtp_1)
                                  4.41   data arrival time

                         10.00   10.00   clock clk (rise edge)
                          0.50   10.50   clock source latency
     1    0.02    0.06    0.04   10.54 ^ clk (in)
                                         clk (net)
                  0.06    0.00   10.54 ^ clkbuf_0_clk/A (sky130_fd_sc_hd__clkbuf_16)
     2    0.02    0.04    0.13   10.67 ^ clkbuf_0_clk/X (sky130_fd_sc_hd__clkbuf_16)
                                         clknet_0_clk (net)
                  0.04    0.00   10.67 ^ clkbuf_1_1__f_clk/A (sky130_fd_sc_hd__clkbuf_16)
    13    0.05    0.07    0.15   10.82 ^ clkbuf_1_1__f_clk/X (sky130_fd_sc_hd__clkbuf_16)
                                         clknet_1_1__leaf_clk (net)
                  0.07    0.00   10.82 ^ _242_/CLK (sky130_fd_sc_hd__dfrtp_1)
                         -0.30   10.52   clock uncertainty
                          0.00   10.52   clock reconvergence pessimism
                         -0.11   10.41   library setup time
                                 10.41   data required time
-----------------------------------------------------------------------------
                                 10.41   data required time
                                 -4.41   data arrival time
-----------------------------------------------------------------------------
                                  6.00   slack (MET)


Startpoint: pwr_stable (input port clocked by clk)
Endpoint: _247_ (rising edge-triggered flip-flop clocked by clk)
Path Group: clk
Path Type: max
Corner: Typical

Fanout     Cap    Slew   Delay    Time   Description
-----------------------------------------------------------------------------
                          0.00    0.00   clock clk (rise edge)
                          0.50    0.50   clock network delay (propagated)
                          3.00    3.50 ^ input external delay
     1    0.00    0.02    0.01    3.51 ^ pwr_stable (in)
                                         pwr_stable (net)
                  0.02    0.00    3.51 ^ input2/A (sky130_fd_sc_hd__clkbuf_1)
     1    0.01    0.08    0.10    3.61 ^ input2/X (sky130_fd_sc_hd__clkbuf_1)
                                         net2 (net)
                  0.08    0.00    3.61 ^ _158_/A (sky130_fd_sc_hd__nand2_1)
     2    0.01    0.06    0.08    3.68 v _158_/Y (sky130_fd_sc_hd__nand2_1)
                                         _095_ (net)
                  0.06    0.00    3.68 v _159_/B1_N (sky130_fd_sc_hd__o21bai_1)
     1    0.00    0.05    0.15    3.83 v _159_/Y (sky130_fd_sc_hd__o21bai_1)
                                         _096_ (net)
                  0.05    0.00    3.83 v _160_/A (sky130_fd_sc_hd__nand2_1)
     1    0.00    0.05    0.06    3.89 ^ _160_/Y (sky130_fd_sc_hd__nand2_1)
                                         _097_ (net)
                  0.05    0.00    3.89 ^ _166_/A (sky130_fd_sc_hd__nand2_1)
     2    0.01    0.05    0.06    3.95 v _166_/Y (sky130_fd_sc_hd__nand2_1)
                                         _103_ (net)
                  0.05    0.00    3.95 v _178_/B (sky130_fd_sc_hd__nor2_1)
     2    0.01    0.13    0.12    4.08 ^ _178_/Y (sky130_fd_sc_hd__nor2_1)
                                         _014_ (net)
                  0.13    0.00    4.08 ^ _204_/A (sky130_fd_sc_hd__nand3_1)
     1    0.01    0.12    0.14    4.21 v _204_/Y (sky130_fd_sc_hd__nand3_1)
                                         _030_ (net)
                  0.12    0.00    4.21 v _209_/A (sky130_fd_sc_hd__nand3_4)
     8    0.04    0.14    0.14    4.35 ^ _209_/Y (sky130_fd_sc_hd__nand3_4)
                                         _035_ (net)
                  0.14    0.00    4.36 ^ _238_/B (sky130_fd_sc_hd__nor2_1)
     1    0.00    0.04    0.06    4.41 v _238_/Y (sky130_fd_sc_hd__nor2_1)
                                         _011_ (net)
                  0.04    0.00    4.41 v _247_/D (sky130_fd_sc_hd__dfrtp_1)
                                  4.41   data arrival time

                         10.00   10.00   clock clk (rise edge)
                          0.50   10.50   clock source latency
     1    0.02    0.06    0.04   10.54 ^ clk (in)
                                         clk (net)
                  0.06    0.00   10.54 ^ clkbuf_0_clk/A (sky130_fd_sc_hd__clkbuf_16)
     2    0.02    0.04    0.13   10.67 ^ clkbuf_0_clk/X (sky130_fd_sc_hd__clkbuf_16)
                                         clknet_0_clk (net)
                  0.04    0.00   10.67 ^ clkbuf_1_1__f_clk/A (sky130_fd_sc_hd__clkbuf_16)
    13    0.05    0.07    0.15   10.82 ^ clkbuf_1_1__f_clk/X (sky130_fd_sc_hd__clkbuf_16)
                                         clknet_1_1__leaf_clk (net)
                  0.07    0.00   10.82 ^ _247_/CLK (sky130_fd_sc_hd__dfrtp_1)
                         -0.30   10.52   clock uncertainty
                          0.00   10.52   clock reconvergence pessimism
                         -0.11   10.41   library setup time
                                 10.41   data required time
-----------------------------------------------------------------------------
                                 10.41   data required time
                                 -4.41   data arrival time
-----------------------------------------------------------------------------
                                  6.00   slack (MET)


Startpoint: pwr_stable (input port clocked by clk)
Endpoint: _257_ (rising edge-triggered flip-flop clocked by clk)
Path Group: clk
Path Type: max
Corner: Typical

Fanout     Cap    Slew   Delay    Time   Description
-----------------------------------------------------------------------------
                          0.00    0.00   clock clk (rise edge)
                          0.50    0.50   clock network delay (propagated)
                          3.00    3.50 ^ input external delay
     1    0.00    0.02    0.01    3.51 ^ pwr_stable (in)
                                         pwr_stable (net)
                  0.02    0.00    3.51 ^ input2/A (sky130_fd_sc_hd__clkbuf_1)
     1    0.01    0.08    0.10    3.61 ^ input2/X (sky130_fd_sc_hd__clkbuf_1)
                                         net2 (net)
                  0.08    0.00    3.61 ^ _158_/A (sky130_fd_sc_hd__nand2_1)
     2    0.01    0.06    0.08    3.68 v _158_/Y (sky130_fd_sc_hd__nand2_1)
                                         _095_ (net)
                  0.06    0.00    3.68 v _159_/B1_N (sky130_fd_sc_hd__o21bai_1)
     1    0.00    0.05    0.15    3.83 v _159_/Y (sky130_fd_sc_hd__o21bai_1)
                                         _096_ (net)
                  0.05    0.00    3.83 v _160_/A (sky130_fd_sc_hd__nand2_1)
     1    0.00    0.05    0.06    3.89 ^ _160_/Y (sky130_fd_sc_hd__nand2_1)
                                         _097_ (net)
                  0.05    0.00    3.89 ^ _166_/A (sky130_fd_sc_hd__nand2_1)
     2    0.01    0.05    0.06    3.95 v _166_/Y (sky130_fd_sc_hd__nand2_1)
                                         _103_ (net)
                  0.05    0.00    3.95 v _174_/A (sky130_fd_sc_hd__or3_1)
     1    0.00    0.07    0.36    4.31 v _174_/X (sky130_fd_sc_hd__or3_1)
                                         _111_ (net)
                  0.07    0.00    4.31 v _175_/A (sky130_fd_sc_hd__clkbuf_1)
     1    0.00    0.03    0.10    4.42 v _175_/X (sky130_fd_sc_hd__clkbuf_1)
                                         next_state[1] (net)
                  0.03    0.00    4.42 v _257_/D (sky130_fd_sc_hd__dfrtp_1)
                                  4.42   data arrival time

                         10.00   10.00   clock clk (rise edge)
                          0.50   10.50   clock source latency
     1    0.02    0.06    0.04   10.54 ^ clk (in)
                                         clk (net)
                  0.06    0.00   10.54 ^ clkbuf_0_clk/A (sky130_fd_sc_hd__clkbuf_16)
     2    0.02    0.04    0.13   10.67 ^ clkbuf_0_clk/X (sky130_fd_sc_hd__clkbuf_16)
                                         clknet_0_clk (net)
                  0.04    0.00   10.67 ^ clkbuf_1_0__f_clk/A (sky130_fd_sc_hd__clkbuf_16)
    16    0.05    0.07    0.15   10.82 ^ clkbuf_1_0__f_clk/X (sky130_fd_sc_hd__clkbuf_16)
                                         clknet_1_0__leaf_clk (net)
                  0.07    0.00   10.82 ^ _257_/CLK (sky130_fd_sc_hd__dfrtp_1)
                         -0.30   10.52   clock uncertainty
                          0.00   10.52   clock reconvergence pessimism
                         -0.10   10.42   library setup time
                                 10.42   data required time
-----------------------------------------------------------------------------
                                 10.42   data required time
                                 -4.42   data arrival time
-----------------------------------------------------------------------------
                                  6.00   slack (MET)


Startpoint: pwr_stable (input port clocked by clk)
Endpoint: _240_ (rising edge-triggered flip-flop clocked by clk)
Path Group: clk
Path Type: max
Corner: Typical

Fanout     Cap    Slew   Delay    Time   Description
-----------------------------------------------------------------------------
                          0.00    0.00   clock clk (rise edge)
                          0.50    0.50   clock network delay (propagated)
                          3.00    3.50 ^ input external delay
     1    0.00    0.02    0.01    3.51 ^ pwr_stable (in)
                                         pwr_stable (net)
                  0.02    0.00    3.51 ^ input2/A (sky130_fd_sc_hd__clkbuf_1)
     1    0.01    0.08    0.10    3.61 ^ input2/X (sky130_fd_sc_hd__clkbuf_1)
                                         net2 (net)
                  0.08    0.00    3.61 ^ _158_/A (sky130_fd_sc_hd__nand2_1)
     2    0.01    0.06    0.08    3.68 v _158_/Y (sky130_fd_sc_hd__nand2_1)
                                         _095_ (net)
                  0.06    0.00    3.68 v _159_/B1_N (sky130_fd_sc_hd__o21bai_1)
     1    0.00    0.05    0.15    3.83 v _159_/Y (sky130_fd_sc_hd__o21bai_1)
                                         _096_ (net)
                  0.05    0.00    3.83 v _160_/A (sky130_fd_sc_hd__nand2_1)
     1    0.00    0.05    0.06    3.89 ^ _160_/Y (sky130_fd_sc_hd__nand2_1)
                                         _097_ (net)
                  0.05    0.00    3.89 ^ _166_/A (sky130_fd_sc_hd__nand2_1)
     2    0.01    0.05    0.06    3.95 v _166_/Y (sky130_fd_sc_hd__nand2_1)
                                         _103_ (net)
                  0.05    0.00    3.95 v _178_/B (sky130_fd_sc_hd__nor2_1)
     2    0.01    0.13    0.12    4.08 ^ _178_/Y (sky130_fd_sc_hd__nor2_1)
                                         _014_ (net)
                  0.13    0.00    4.08 ^ _204_/A (sky130_fd_sc_hd__nand3_1)
     1    0.01    0.12    0.14    4.21 v _204_/Y (sky130_fd_sc_hd__nand3_1)
                                         _030_ (net)
                  0.12    0.00    4.21 v _209_/A (sky130_fd_sc_hd__nand3_4)
     8    0.04    0.14    0.14    4.35 ^ _209_/Y (sky130_fd_sc_hd__nand3_4)
                                         _035_ (net)
                  0.14    0.00    4.36 ^ _210_/B (sky130_fd_sc_hd__nor2_1)
     1    0.00    0.04    0.05    4.41 v _210_/Y (sky130_fd_sc_hd__nor2_1)
                                         _004_ (net)
                  0.04    0.00    4.41 v _240_/D (sky130_fd_sc_hd__dfrtp_1)
                                  4.41   data arrival time

                         10.00   10.00   clock clk (rise edge)
                          0.50   10.50   clock source latency
     1    0.02    0.06    0.04   10.54 ^ clk (in)
                                         clk (net)
                  0.06    0.00   10.54 ^ clkbuf_0_clk/A (sky130_fd_sc_hd__clkbuf_16)
     2    0.02    0.04    0.13   10.67 ^ clkbuf_0_clk/X (sky130_fd_sc_hd__clkbuf_16)
                                         clknet_0_clk (net)
                  0.04    0.00   10.67 ^ clkbuf_1_1__f_clk/A (sky130_fd_sc_hd__clkbuf_16)
    13    0.05    0.07    0.15   10.82 ^ clkbuf_1_1__f_clk/X (sky130_fd_sc_hd__clkbuf_16)
                                         clknet_1_1__leaf_clk (net)
                  0.07    0.00   10.82 ^ _240_/CLK (sky130_fd_sc_hd__dfrtp_1)
                         -0.30   10.52   clock uncertainty
                          0.00   10.52   clock reconvergence pessimism
                         -0.11   10.42   library setup time
                                 10.42   data required time
-----------------------------------------------------------------------------
                                 10.42   data required time
                                 -4.41   data arrival time
-----------------------------------------------------------------------------
                                  6.00   slack (MET)


Startpoint: pwr_stable (input port clocked by clk)
Endpoint: _244_ (rising edge-triggered flip-flop clocked by clk)
Path Group: clk
Path Type: max
Corner: Typical

Fanout     Cap    Slew   Delay    Time   Description
-----------------------------------------------------------------------------
                          0.00    0.00   clock clk (rise edge)
                          0.50    0.50   clock network delay (propagated)
                          3.00    3.50 ^ input external delay
     1    0.00    0.02    0.01    3.51 ^ pwr_stable (in)
                                         pwr_stable (net)
                  0.02    0.00    3.51 ^ input2/A (sky130_fd_sc_hd__clkbuf_1)
     1    0.01    0.08    0.10    3.61 ^ input2/X (sky130_fd_sc_hd__clkbuf_1)
                                         net2 (net)
                  0.08    0.00    3.61 ^ _158_/A (sky130_fd_sc_hd__nand2_1)
     2    0.01    0.06    0.08    3.68 v _158_/Y (sky130_fd_sc_hd__nand2_1)
                                         _095_ (net)
                  0.06    0.00    3.68 v _159_/B1_N (sky130_fd_sc_hd__o21bai_1)
     1    0.00    0.05    0.15    3.83 v _159_/Y (sky130_fd_sc_hd__o21bai_1)
                                         _096_ (net)
                  0.05    0.00    3.83 v _160_/A (sky130_fd_sc_hd__nand2_1)
     1    0.00    0.05    0.06    3.89 ^ _160_/Y (sky130_fd_sc_hd__nand2_1)
                                         _097_ (net)
                  0.05    0.00    3.89 ^ _166_/A (sky130_fd_sc_hd__nand2_1)
     2    0.01    0.05    0.06    3.95 v _166_/Y (sky130_fd_sc_hd__nand2_1)
                                         _103_ (net)
                  0.05    0.00    3.95 v _178_/B (sky130_fd_sc_hd__nor2_1)
     2    0.01    0.13    0.12    4.08 ^ _178_/Y (sky130_fd_sc_hd__nor2_1)
                                         _014_ (net)
                  0.13    0.00    4.08 ^ _204_/A (sky130_fd_sc_hd__nand3_1)
     1    0.01    0.12    0.14    4.21 v _204_/Y (sky130_fd_sc_hd__nand3_1)
                                         _030_ (net)
                  0.12    0.00    4.21 v _209_/A (sky130_fd_sc_hd__nand3_4)
     8    0.04    0.14    0.14    4.35 ^ _209_/Y (sky130_fd_sc_hd__nand3_4)
                                         _035_ (net)
                  0.14    0.00    4.36 ^ _227_/B (sky130_fd_sc_hd__nor2_1)
     1    0.00    0.04    0.05    4.41 v _227_/Y (sky130_fd_sc_hd__nor2_1)
                                         _008_ (net)
                  0.04    0.00    4.41 v _244_/D (sky130_fd_sc_hd__dfrtp_1)
                                  4.41   data arrival time

                         10.00   10.00   clock clk (rise edge)
                          0.50   10.50   clock source latency
     1    0.02    0.06    0.04   10.54 ^ clk (in)
                                         clk (net)
                  0.06    0.00   10.54 ^ clkbuf_0_clk/A (sky130_fd_sc_hd__clkbuf_16)
     2    0.02    0.04    0.13   10.67 ^ clkbuf_0_clk/X (sky130_fd_sc_hd__clkbuf_16)
                                         clknet_0_clk (net)
                  0.04    0.00   10.67 ^ clkbuf_1_1__f_clk/A (sky130_fd_sc_hd__clkbuf_16)
    13    0.05    0.07    0.15   10.82 ^ clkbuf_1_1__f_clk/X (sky130_fd_sc_hd__clkbuf_16)
                                         clknet_1_1__leaf_clk (net)
                  0.07    0.00   10.82 ^ _244_/CLK (sky130_fd_sc_hd__dfrtp_1)
                         -0.30   10.52   clock uncertainty
                          0.00   10.52   clock reconvergence pessimism
                         -0.11   10.42   library setup time
                                 10.42   data required time
-----------------------------------------------------------------------------
                                 10.42   data required time
                                 -4.41   data arrival time
-----------------------------------------------------------------------------
                                  6.00   slack (MET)


Startpoint: pwr_stable (input port clocked by clk)
Endpoint: _245_ (rising edge-triggered flip-flop clocked by clk)
Path Group: clk
Path Type: max
Corner: Typical

Fanout     Cap    Slew   Delay    Time   Description
-----------------------------------------------------------------------------
                          0.00    0.00   clock clk (rise edge)
                          0.50    0.50   clock network delay (propagated)
                          3.00    3.50 ^ input external delay
     1    0.00    0.02    0.01    3.51 ^ pwr_stable (in)
                                         pwr_stable (net)
                  0.02    0.00    3.51 ^ input2/A (sky130_fd_sc_hd__clkbuf_1)
     1    0.01    0.08    0.10    3.61 ^ input2/X (sky130_fd_sc_hd__clkbuf_1)
                                         net2 (net)
                  0.08    0.00    3.61 ^ _158_/A (sky130_fd_sc_hd__nand2_1)
     2    0.01    0.06    0.08    3.68 v _158_/Y (sky130_fd_sc_hd__nand2_1)
                                         _095_ (net)
                  0.06    0.00    3.68 v _159_/B1_N (sky130_fd_sc_hd__o21bai_1)
     1    0.00    0.05    0.15    3.83 v _159_/Y (sky130_fd_sc_hd__o21bai_1)
                                         _096_ (net)
                  0.05    0.00    3.83 v _160_/A (sky130_fd_sc_hd__nand2_1)
     1    0.00    0.05    0.06    3.89 ^ _160_/Y (sky130_fd_sc_hd__nand2_1)
                                         _097_ (net)
                  0.05    0.00    3.89 ^ _166_/A (sky130_fd_sc_hd__nand2_1)
     2    0.01    0.05    0.06    3.95 v _166_/Y (sky130_fd_sc_hd__nand2_1)
                                         _103_ (net)
                  0.05    0.00    3.95 v _178_/B (sky130_fd_sc_hd__nor2_1)
     2    0.01    0.13    0.12    4.08 ^ _178_/Y (sky130_fd_sc_hd__nor2_1)
                                         _014_ (net)
                  0.13    0.00    4.08 ^ _204_/A (sky130_fd_sc_hd__nand3_1)
     1    0.01    0.12    0.14    4.21 v _204_/Y (sky130_fd_sc_hd__nand3_1)
                                         _030_ (net)
                  0.12    0.00    4.21 v _209_/A (sky130_fd_sc_hd__nand3_4)
     8    0.04    0.14    0.14    4.35 ^ _209_/Y (sky130_fd_sc_hd__nand3_4)
                                         _035_ (net)
                  0.14    0.00    4.36 ^ _232_/B (sky130_fd_sc_hd__nor2_1)
     1    0.00    0.04    0.05    4.41 v _232_/Y (sky130_fd_sc_hd__nor2_1)
                                         _009_ (net)
                  0.04    0.00    4.41 v _245_/D (sky130_fd_sc_hd__dfrtp_1)
                                  4.41   data arrival time

                         10.00   10.00   clock clk (rise edge)
                          0.50   10.50   clock source latency
     1    0.02    0.06    0.04   10.54 ^ clk (in)
                                         clk (net)
                  0.06    0.00   10.54 ^ clkbuf_0_clk/A (sky130_fd_sc_hd__clkbuf_16)
     2    0.02    0.04    0.13   10.67 ^ clkbuf_0_clk/X (sky130_fd_sc_hd__clkbuf_16)
                                         clknet_0_clk (net)
                  0.04    0.00   10.67 ^ clkbuf_1_1__f_clk/A (sky130_fd_sc_hd__clkbuf_16)
    13    0.05    0.07    0.15   10.82 ^ clkbuf_1_1__f_clk/X (sky130_fd_sc_hd__clkbuf_16)
                                         clknet_1_1__leaf_clk (net)
                  0.07    0.00   10.82 ^ _245_/CLK (sky130_fd_sc_hd__dfrtp_1)
                         -0.30   10.52   clock uncertainty
                          0.00   10.52   clock reconvergence pessimism
                         -0.11   10.42   library setup time
                                 10.42   data required time
-----------------------------------------------------------------------------
                                 10.42   data required time
                                 -4.41   data arrival time
-----------------------------------------------------------------------------
                                  6.00   slack (MET)


Startpoint: pwr_stable (input port clocked by clk)
Endpoint: _241_ (rising edge-triggered flip-flop clocked by clk)
Path Group: clk
Path Type: max
Corner: Typical

Fanout     Cap    Slew   Delay    Time   Description
-----------------------------------------------------------------------------
                          0.00    0.00   clock clk (rise edge)
                          0.50    0.50   clock network delay (propagated)
                          3.00    3.50 ^ input external delay
     1    0.00    0.02    0.01    3.51 ^ pwr_stable (in)
                                         pwr_stable (net)
                  0.02    0.00    3.51 ^ input2/A (sky130_fd_sc_hd__clkbuf_1)
     1    0.01    0.08    0.10    3.61 ^ input2/X (sky130_fd_sc_hd__clkbuf_1)
                                         net2 (net)
                  0.08    0.00    3.61 ^ _158_/A (sky130_fd_sc_hd__nand2_1)
     2    0.01    0.06    0.08    3.68 v _158_/Y (sky130_fd_sc_hd__nand2_1)
                                         _095_ (net)
                  0.06    0.00    3.68 v _159_/B1_N (sky130_fd_sc_hd__o21bai_1)
     1    0.00    0.05    0.15    3.83 v _159_/Y (sky130_fd_sc_hd__o21bai_1)
                                         _096_ (net)
                  0.05    0.00    3.83 v _160_/A (sky130_fd_sc_hd__nand2_1)
     1    0.00    0.05    0.06    3.89 ^ _160_/Y (sky130_fd_sc_hd__nand2_1)
                                         _097_ (net)
                  0.05    0.00    3.89 ^ _166_/A (sky130_fd_sc_hd__nand2_1)
     2    0.01    0.05    0.06    3.95 v _166_/Y (sky130_fd_sc_hd__nand2_1)
                                         _103_ (net)
                  0.05    0.00    3.95 v _178_/B (sky130_fd_sc_hd__nor2_1)
     2    0.01    0.13    0.12    4.08 ^ _178_/Y (sky130_fd_sc_hd__nor2_1)
                                         _014_ (net)
                  0.13    0.00    4.08 ^ _204_/A (sky130_fd_sc_hd__nand3_1)
     1    0.01    0.12    0.14    4.21 v _204_/Y (sky130_fd_sc_hd__nand3_1)
                                         _030_ (net)
                  0.12    0.00    4.21 v _209_/A (sky130_fd_sc_hd__nand3_4)
     8    0.04    0.14    0.14    4.35 ^ _209_/Y (sky130_fd_sc_hd__nand3_4)
                                         _035_ (net)
                  0.14    0.00    4.36 ^ _214_/B (sky130_fd_sc_hd__nor2_1)
     1    0.00    0.04    0.05    4.41 v _214_/Y (sky130_fd_sc_hd__nor2_1)
                                         _005_ (net)
                  0.04    0.00    4.41 v _241_/D (sky130_fd_sc_hd__dfrtp_1)
                                  4.41   data arrival time

                         10.00   10.00   clock clk (rise edge)
                          0.50   10.50   clock source latency
     1    0.02    0.06    0.04   10.54 ^ clk (in)
                                         clk (net)
                  0.06    0.00   10.54 ^ clkbuf_0_clk/A (sky130_fd_sc_hd__clkbuf_16)
     2    0.02    0.04    0.13   10.67 ^ clkbuf_0_clk/X (sky130_fd_sc_hd__clkbuf_16)
                                         clknet_0_clk (net)
                  0.04    0.00   10.67 ^ clkbuf_1_1__f_clk/A (sky130_fd_sc_hd__clkbuf_16)
    13    0.05    0.07    0.15   10.82 ^ clkbuf_1_1__f_clk/X (sky130_fd_sc_hd__clkbuf_16)
                                         clknet_1_1__leaf_clk (net)
                  0.07    0.00   10.82 ^ _241_/CLK (sky130_fd_sc_hd__dfrtp_1)
                         -0.30   10.52   clock uncertainty
                          0.00   10.52   clock reconvergence pessimism
                         -0.11   10.42   library setup time
                                 10.42   data required time
-----------------------------------------------------------------------------
                                 10.42   data required time
                                 -4.41   data arrival time
-----------------------------------------------------------------------------
                                  6.01   slack (MET)


Startpoint: pwr_stable (input port clocked by clk)
Endpoint: _246_ (rising edge-triggered flip-flop clocked by clk)
Path Group: clk
Path Type: max
Corner: Typical

Fanout     Cap    Slew   Delay    Time   Description
-----------------------------------------------------------------------------
                          0.00    0.00   clock clk (rise edge)
                          0.50    0.50   clock network delay (propagated)
                          3.00    3.50 ^ input external delay
     1    0.00    0.02    0.01    3.51 ^ pwr_stable (in)
                                         pwr_stable (net)
                  0.02    0.00    3.51 ^ input2/A (sky130_fd_sc_hd__clkbuf_1)
     1    0.01    0.08    0.10    3.61 ^ input2/X (sky130_fd_sc_hd__clkbuf_1)
                                         net2 (net)
                  0.08    0.00    3.61 ^ _158_/A (sky130_fd_sc_hd__nand2_1)
     2    0.01    0.06    0.08    3.68 v _158_/Y (sky130_fd_sc_hd__nand2_1)
                                         _095_ (net)
                  0.06    0.00    3.68 v _159_/B1_N (sky130_fd_sc_hd__o21bai_1)
     1    0.00    0.05    0.15    3.83 v _159_/Y (sky130_fd_sc_hd__o21bai_1)
                                         _096_ (net)
                  0.05    0.00    3.83 v _160_/A (sky130_fd_sc_hd__nand2_1)
     1    0.00    0.05    0.06    3.89 ^ _160_/Y (sky130_fd_sc_hd__nand2_1)
                                         _097_ (net)
                  0.05    0.00    3.89 ^ _166_/A (sky130_fd_sc_hd__nand2_1)
     2    0.01    0.05    0.06    3.95 v _166_/Y (sky130_fd_sc_hd__nand2_1)
                                         _103_ (net)
                  0.05    0.00    3.95 v _178_/B (sky130_fd_sc_hd__nor2_1)
     2    0.01    0.13    0.12    4.08 ^ _178_/Y (sky130_fd_sc_hd__nor2_1)
                                         _014_ (net)
                  0.13    0.00    4.08 ^ _204_/A (sky130_fd_sc_hd__nand3_1)
     1    0.01    0.12    0.14    4.21 v _204_/Y (sky130_fd_sc_hd__nand3_1)
                                         _030_ (net)
                  0.12    0.00    4.21 v _209_/A (sky130_fd_sc_hd__nand3_4)
     8    0.04    0.14    0.14    4.35 ^ _209_/Y (sky130_fd_sc_hd__nand3_4)
                                         _035_ (net)
                  0.14    0.00    4.36 ^ _236_/B (sky130_fd_sc_hd__nor2_1)
     1    0.00    0.04    0.05    4.41 v _236_/Y (sky130_fd_sc_hd__nor2_1)
                                         _010_ (net)
                  0.04    0.00    4.41 v _246_/D (sky130_fd_sc_hd__dfrtp_1)
                                  4.41   data arrival time

                         10.00   10.00   clock clk (rise edge)
                          0.50   10.50   clock source latency
     1    0.02    0.06    0.04   10.54 ^ clk (in)
                                         clk (net)
                  0.06    0.00   10.54 ^ clkbuf_0_clk/A (sky130_fd_sc_hd__clkbuf_16)
     2    0.02    0.04    0.13   10.67 ^ clkbuf_0_clk/X (sky130_fd_sc_hd__clkbuf_16)
                                         clknet_0_clk (net)
                  0.04    0.00   10.67 ^ clkbuf_1_1__f_clk/A (sky130_fd_sc_hd__clkbuf_16)
    13    0.05    0.07    0.15   10.82 ^ clkbuf_1_1__f_clk/X (sky130_fd_sc_hd__clkbuf_16)
                                         clknet_1_1__leaf_clk (net)
                  0.07    0.00   10.82 ^ _246_/CLK (sky130_fd_sc_hd__dfrtp_1)
                         -0.30   10.52   clock uncertainty
                          0.00   10.52   clock reconvergence pessimism
                         -0.11   10.42   library setup time
                                 10.42   data required time
-----------------------------------------------------------------------------
                                 10.42   data required time
                                 -4.41   data arrival time
-----------------------------------------------------------------------------
                                  6.01   slack (MET)


Startpoint: _256_ (rising edge-triggered flip-flop clocked by clk)
Endpoint: seq_busy (output port clocked by clk)
Path Group: clk
Path Type: max
Corner: Typical

Fanout     Cap    Slew   Delay    Time   Description
-----------------------------------------------------------------------------
                          0.00    0.00   clock clk (rise edge)
                          0.50    0.50   clock source latency
     1    0.02    0.06    0.04    0.54 ^ clk (in)
                                         clk (net)
                  0.06    0.00    0.54 ^ clkbuf_0_clk/A (sky130_fd_sc_hd__clkbuf_16)
     2    0.02    0.04    0.13    0.67 ^ clkbuf_0_clk/X (sky130_fd_sc_hd__clkbuf_16)
                                         clknet_0_clk (net)
                  0.04    0.00    0.67 ^ clkbuf_1_0__f_clk/A (sky130_fd_sc_hd__clkbuf_16)
    16    0.05    0.07    0.15    0.82 ^ clkbuf_1_0__f_clk/X (sky130_fd_sc_hd__clkbuf_16)
                                         clknet_1_0__leaf_clk (net)
                  0.07    0.00    0.82 ^ _256_/CLK (sky130_fd_sc_hd__dfrtp_4)
     8    0.03    0.09    0.52    1.35 v _256_/Q (sky130_fd_sc_hd__dfrtp_4)
                                         curr_state[0] (net)
                  0.09    0.00    1.35 v _138_/A (sky130_fd_sc_hd__nand2_1)
     3    0.01    0.14    0.15    1.49 ^ _138_/Y (sky130_fd_sc_hd__nand2_1)
                                         _077_ (net)
                  0.14    0.00    1.50 ^ _139_/A (sky130_fd_sc_hd__inv_2)
     2    0.01    0.04    0.05    1.55 v _139_/Y (sky130_fd_sc_hd__inv_2)
                                         _078_ (net)
                  0.04    0.00    1.55 v _140_/B (sky130_fd_sc_hd__nor2_1)
     1    0.00    0.10    0.09    1.64 ^ _140_/Y (sky130_fd_sc_hd__nor2_1)
                                         net18 (net)
                  0.10    0.00    1.64 ^ wire20/A (sky130_fd_sc_hd__buf_1)
     4    0.02    0.21    0.21    1.86 ^ wire20/X (sky130_fd_sc_hd__buf_1)
                                         net20 (net)
                  0.21    0.00    1.86 ^ output18/A (sky130_fd_sc_hd__clkbuf_2)
     1    0.02    0.12    0.21    2.07 ^ output18/X (sky130_fd_sc_hd__clkbuf_2)
                                         seq_busy (net)
                  0.12    0.00    2.07 ^ seq_busy (out)
                                  2.07   data arrival time

                         10.00   10.00   clock clk (rise edge)
                          0.50   10.50   clock network delay (propagated)
                         -0.30   10.20   clock uncertainty
                          0.00   10.20   clock reconvergence pessimism
                         -2.00    8.20   output external delay
                                  8.20   data required time
-----------------------------------------------------------------------------
                                  8.20   data required time
                                 -2.07   data arrival time
-----------------------------------------------------------------------------
                                  6.13   slack (MET)


Startpoint: pwr_stable (input port clocked by clk)
Endpoint: _258_ (rising edge-triggered flip-flop clocked by clk)
Path Group: clk
Path Type: max
Corner: Typical

Fanout     Cap    Slew   Delay    Time   Description
-----------------------------------------------------------------------------
                          0.00    0.00   clock clk (rise edge)
                          0.50    0.50   clock network delay (propagated)
                          3.00    3.50 ^ input external delay
     1    0.00    0.02    0.01    3.51 ^ pwr_stable (in)
                                         pwr_stable (net)
                  0.02    0.00    3.51 ^ input2/A (sky130_fd_sc_hd__clkbuf_1)
     1    0.01    0.08    0.10    3.61 ^ input2/X (sky130_fd_sc_hd__clkbuf_1)
                                         net2 (net)
                  0.08    0.00    3.61 ^ _158_/A (sky130_fd_sc_hd__nand2_1)
     2    0.01    0.06    0.08    3.68 v _158_/Y (sky130_fd_sc_hd__nand2_1)
                                         _095_ (net)
                  0.06    0.00    3.68 v _159_/B1_N (sky130_fd_sc_hd__o21bai_1)
     1    0.00    0.05    0.15    3.83 v _159_/Y (sky130_fd_sc_hd__o21bai_1)
                                         _096_ (net)
                  0.05    0.00    3.83 v _160_/A (sky130_fd_sc_hd__nand2_1)
     1    0.00    0.05    0.06    3.89 ^ _160_/Y (sky130_fd_sc_hd__nand2_1)
                                         _097_ (net)
                  0.05    0.00    3.89 ^ _166_/A (sky130_fd_sc_hd__nand2_1)
     2    0.01    0.05    0.06    3.95 v _166_/Y (sky130_fd_sc_hd__nand2_1)
                                         _103_ (net)
                  0.05    0.00    3.95 v _178_/B (sky130_fd_sc_hd__nor2_1)
     2    0.01    0.13    0.12    4.08 ^ _178_/Y (sky130_fd_sc_hd__nor2_1)
                                         _014_ (net)
                  0.13    0.00    4.08 ^ _187_/A (sky130_fd_sc_hd__nand2_1)
     1    0.00    0.05    0.06    4.14 v _187_/Y (sky130_fd_sc_hd__nand2_1)
                                         next_state[2] (net)
                  0.05    0.00    4.14 v _258_/D (sky130_fd_sc_hd__dfrtp_4)
                                  4.14   data arrival time

                         10.00   10.00   clock clk (rise edge)
                          0.50   10.50   clock source latency
     1    0.02    0.06    0.04   10.54 ^ clk (in)
                                         clk (net)
                  0.06    0.00   10.54 ^ clkbuf_0_clk/A (sky130_fd_sc_hd__clkbuf_16)
     2    0.02    0.04    0.13   10.67 ^ clkbuf_0_clk/X (sky130_fd_sc_hd__clkbuf_16)
                                         clknet_0_clk (net)
                  0.04    0.00   10.67 ^ clkbuf_1_0__f_clk/A (sky130_fd_sc_hd__clkbuf_16)
    16    0.05    0.07    0.15   10.82 ^ clkbuf_1_0__f_clk/X (sky130_fd_sc_hd__clkbuf_16)
                                         clknet_1_0__leaf_clk (net)
                  0.07    0.00   10.82 ^ _258_/CLK (sky130_fd_sc_hd__dfrtp_4)
                         -0.30   10.52   clock uncertainty
                          0.00   10.52   clock reconvergence pessimism
                         -0.11   10.41   library setup time
                                 10.41   data required time
-----------------------------------------------------------------------------
                                 10.41   data required time
                                 -4.14   data arrival time
-----------------------------------------------------------------------------
                                  6.27   slack (MET)


Startpoint: _251_ (rising edge-triggered flip-flop clocked by clk)
Endpoint: retention_save (output port clocked by clk)
Path Group: clk
Path Type: max
Corner: Typical

Fanout     Cap    Slew   Delay    Time   Description
-----------------------------------------------------------------------------
                          0.00    0.00   clock clk (rise edge)
                          0.50    0.50   clock source latency
     1    0.02    0.06    0.04    0.54 ^ clk (in)
                                         clk (net)
                  0.06    0.00    0.54 ^ clkbuf_0_clk/A (sky130_fd_sc_hd__clkbuf_16)
     2    0.02    0.04    0.13    0.67 ^ clkbuf_0_clk/X (sky130_fd_sc_hd__clkbuf_16)
                                         clknet_0_clk (net)
                  0.04    0.00    0.67 ^ clkbuf_1_0__f_clk/A (sky130_fd_sc_hd__clkbuf_16)
    16    0.05    0.07    0.15    0.82 ^ clkbuf_1_0__f_clk/X (sky130_fd_sc_hd__clkbuf_16)
                                         clknet_1_0__leaf_clk (net)
                  0.07    0.00    0.82 ^ _251_/CLK (sky130_fd_sc_hd__dfrtp_1)
     1    0.00    0.03    0.35    1.18 v _251_/Q (sky130_fd_sc_hd__dfrtp_1)
                                         net17 (net)
                  0.03    0.00    1.18 v output17/A (sky130_fd_sc_hd__buf_2)
     1    0.03    0.08    0.17    1.35 v output17/X (sky130_fd_sc_hd__buf_2)
                                         retention_save (net)
                  0.08    0.00    1.35 v retention_save (out)
                                  1.35   data arrival time

                         10.00   10.00   clock clk (rise edge)
                          0.50   10.50   clock network delay (propagated)
                         -0.30   10.20   clock uncertainty
                          0.00   10.20   clock reconvergence pessimism
                         -2.50    7.70   output external delay
                                  7.70   data required time
-----------------------------------------------------------------------------
                                  7.70   data required time
                                 -1.35   data arrival time
-----------------------------------------------------------------------------
                                  6.35   slack (MET)


Startpoint: _252_ (rising edge-triggered flip-flop clocked by clk)
Endpoint: retention_restore (output port clocked by clk)
Path Group: clk
Path Type: max
Corner: Typical

Fanout     Cap    Slew   Delay    Time   Description
-----------------------------------------------------------------------------
                          0.00    0.00   clock clk (rise edge)
                          0.50    0.50   clock source latency
     1    0.02    0.06    0.04    0.54 ^ clk (in)
                                         clk (net)
                  0.06    0.00    0.54 ^ clkbuf_0_clk/A (sky130_fd_sc_hd__clkbuf_16)
     2    0.02    0.04    0.13    0.67 ^ clkbuf_0_clk/X (sky130_fd_sc_hd__clkbuf_16)
                                         clknet_0_clk (net)
                  0.04    0.00    0.67 ^ clkbuf_1_0__f_clk/A (sky130_fd_sc_hd__clkbuf_16)
    16    0.05    0.07    0.15    0.82 ^ clkbuf_1_0__f_clk/X (sky130_fd_sc_hd__clkbuf_16)
                                         clknet_1_0__leaf_clk (net)
                  0.07    0.01    0.82 ^ _252_/CLK (sky130_fd_sc_hd__dfrtp_1)
     1    0.00    0.03    0.35    1.18 v _252_/Q (sky130_fd_sc_hd__dfrtp_1)
                                         net16 (net)
                  0.03    0.00    1.18 v output16/A (sky130_fd_sc_hd__buf_2)
     1    0.03    0.08    0.17    1.35 v output16/X (sky130_fd_sc_hd__buf_2)
                                         retention_restore (net)
                  0.08    0.00    1.35 v retention_restore (out)
                                  1.35   data arrival time

                         10.00   10.00   clock clk (rise edge)
                          0.50   10.50   clock network delay (propagated)
                         -0.30   10.20   clock uncertainty
                          0.00   10.20   clock reconvergence pessimism
                         -2.50    7.70   output external delay
                                  7.70   data required time
-----------------------------------------------------------------------------
                                  7.70   data required time
                                 -1.35   data arrival time
-----------------------------------------------------------------------------
                                  6.35   slack (MET)


Startpoint: _253_ (rising edge-triggered flip-flop clocked by clk)
Endpoint: reset_ctrl (output port clocked by clk)
Path Group: clk
Path Type: max
Corner: Typical

Fanout     Cap    Slew   Delay    Time   Description
-----------------------------------------------------------------------------
                          0.00    0.00   clock clk (rise edge)
                          0.50    0.50   clock source latency
     1    0.02    0.06    0.04    0.54 ^ clk (in)
                                         clk (net)
                  0.06    0.00    0.54 ^ clkbuf_0_clk/A (sky130_fd_sc_hd__clkbuf_16)
     2    0.02    0.04    0.13    0.67 ^ clkbuf_0_clk/X (sky130_fd_sc_hd__clkbuf_16)
                                         clknet_0_clk (net)
                  0.04    0.00    0.67 ^ clkbuf_1_1__f_clk/A (sky130_fd_sc_hd__clkbuf_16)
    13    0.05    0.07    0.15    0.82 ^ clkbuf_1_1__f_clk/X (sky130_fd_sc_hd__clkbuf_16)
                                         clknet_1_1__leaf_clk (net)
                  0.07    0.00    0.82 ^ _253_/CLK (sky130_fd_sc_hd__dfrtp_1)
     1    0.00    0.03    0.35    1.18 v _253_/Q (sky130_fd_sc_hd__dfrtp_1)
                                         net14 (net)
                  0.03    0.00    1.18 v output14/A (sky130_fd_sc_hd__buf_2)
     1    0.03    0.08    0.17    1.34 v output14/X (sky130_fd_sc_hd__buf_2)
                                         reset_ctrl (net)
                  0.08    0.00    1.35 v reset_ctrl (out)
                                  1.35   data arrival time

                         10.00   10.00   clock clk (rise edge)
                          0.50   10.50   clock network delay (propagated)
                         -0.30   10.20   clock uncertainty
                          0.00   10.20   clock reconvergence pessimism
                         -2.50    7.70   output external delay
                                  7.70   data required time
-----------------------------------------------------------------------------
                                  7.70   data required time
                                 -1.35   data arrival time
-----------------------------------------------------------------------------
                                  6.35   slack (MET)


Startpoint: _239_ (rising edge-triggered flip-flop clocked by clk)
Endpoint: dvfs_ctrl[1] (output port clocked by clk)
Path Group: clk
Path Type: max
Corner: Typical

Fanout     Cap    Slew   Delay    Time   Description
-----------------------------------------------------------------------------
                          0.00    0.00   clock clk (rise edge)
                          0.50    0.50   clock source latency
     1    0.02    0.06    0.04    0.54 ^ clk (in)
                                         clk (net)
                  0.06    0.00    0.54 ^ clkbuf_0_clk/A (sky130_fd_sc_hd__clkbuf_16)
     2    0.02    0.04    0.13    0.67 ^ clkbuf_0_clk/X (sky130_fd_sc_hd__clkbuf_16)
                                         clknet_0_clk (net)
                  0.04    0.00    0.67 ^ clkbuf_1_1__f_clk/A (sky130_fd_sc_hd__clkbuf_16)
    13    0.05    0.07    0.15    0.82 ^ clkbuf_1_1__f_clk/X (sky130_fd_sc_hd__clkbuf_16)
                                         clknet_1_1__leaf_clk (net)
                  0.07    0.00    0.82 ^ _239_/CLK (sky130_fd_sc_hd__dfstp_1)
     1    0.00    0.05    0.50    1.32 ^ _239_/Q (sky130_fd_sc_hd__dfstp_1)
                                         net9 (net)
                  0.05    0.00    1.32 ^ output9/A (sky130_fd_sc_hd__clkbuf_2)
     1    0.02    0.12    0.16    1.48 ^ output9/X (sky130_fd_sc_hd__clkbuf_2)
                                         dvfs_ctrl[1] (net)
                  0.12    0.00    1.48 ^ dvfs_ctrl[1] (out)
                                  1.48   data arrival time

                         10.00   10.00   clock clk (rise edge)
                          0.50   10.50   clock network delay (propagated)
                         -0.30   10.20   clock uncertainty
                          0.00   10.20   clock reconvergence pessimism
                         -2.00    8.20   output external delay
                                  8.20   data required time
-----------------------------------------------------------------------------
                                  8.20   data required time
                                 -1.48   data arrival time
-----------------------------------------------------------------------------
                                  6.72   slack (MET)


Startpoint: _248_ (rising edge-triggered flip-flop clocked by clk)
Endpoint: clk_gate_en (output port clocked by clk)
Path Group: clk
Path Type: max
Corner: Typical

Fanout     Cap    Slew   Delay    Time   Description
-----------------------------------------------------------------------------
                          0.00    0.00   clock clk (rise edge)
                          0.50    0.50   clock source latency
     1    0.02    0.06    0.04    0.54 ^ clk (in)
                                         clk (net)
                  0.06    0.00    0.54 ^ clkbuf_0_clk/A (sky130_fd_sc_hd__clkbuf_16)
     2    0.02    0.04    0.13    0.67 ^ clkbuf_0_clk/X (sky130_fd_sc_hd__clkbuf_16)
                                         clknet_0_clk (net)
                  0.04    0.00    0.67 ^ clkbuf_1_0__f_clk/A (sky130_fd_sc_hd__clkbuf_16)
    16    0.05    0.07    0.15    0.82 ^ clkbuf_1_0__f_clk/X (sky130_fd_sc_hd__clkbuf_16)
                                         clknet_1_0__leaf_clk (net)
                  0.07    0.00    0.82 ^ _248_/CLK (sky130_fd_sc_hd__dfrtp_1)
     1    0.00    0.04    0.36    1.18 v _248_/Q (sky130_fd_sc_hd__dfrtp_1)
                                         net8 (net)
                  0.04    0.00    1.18 v output8/A (sky130_fd_sc_hd__buf_4)
     1    0.05    0.08    0.19    1.37 v output8/X (sky130_fd_sc_hd__buf_4)
                                         clk_gate_en (net)
                  0.08    0.00    1.37 v clk_gate_en (out)
                                  1.37   data arrival time

                         10.00   10.00   clock clk (rise edge)
                          0.50   10.50   clock network delay (propagated)
                         -0.30   10.20   clock uncertainty
                          0.00   10.20   clock reconvergence pessimism
                         -2.00    8.20   output external delay
                                  8.20   data required time
-----------------------------------------------------------------------------
                                  8.20   data required time
                                 -1.37   data arrival time
-----------------------------------------------------------------------------
                                  6.83   slack (MET)


Startpoint: _250_ (rising edge-triggered flip-flop clocked by clk)
Endpoint: retention_en (output port clocked by clk)
Path Group: clk
Path Type: max
Corner: Typical

Fanout     Cap    Slew   Delay    Time   Description
-----------------------------------------------------------------------------
                          0.00    0.00   clock clk (rise edge)
                          0.50    0.50   clock source latency
     1    0.02    0.06    0.04    0.54 ^ clk (in)
                                         clk (net)
                  0.06    0.00    0.54 ^ clkbuf_0_clk/A (sky130_fd_sc_hd__clkbuf_16)
     2    0.02    0.04    0.13    0.67 ^ clkbuf_0_clk/X (sky130_fd_sc_hd__clkbuf_16)
                                         clknet_0_clk (net)
                  0.04    0.00    0.67 ^ clkbuf_1_0__f_clk/A (sky130_fd_sc_hd__clkbuf_16)
    16    0.05    0.07    0.15    0.82 ^ clkbuf_1_0__f_clk/X (sky130_fd_sc_hd__clkbuf_16)
                                         clknet_1_0__leaf_clk (net)
                  0.07    0.00    0.82 ^ _250_/CLK (sky130_fd_sc_hd__dfrtp_1)
     1    0.00    0.04    0.36    1.19 v _250_/Q (sky130_fd_sc_hd__dfrtp_1)
                                         net15 (net)
                  0.04    0.00    1.19 v output15/A (sky130_fd_sc_hd__buf_4)
     1    0.05    0.08    0.18    1.37 v output15/X (sky130_fd_sc_hd__buf_4)
                                         retention_en (net)
                  0.08    0.00    1.37 v retention_en (out)
                                  1.37   data arrival time

                         10.00   10.00   clock clk (rise edge)
                          0.50   10.50   clock network delay (propagated)
                         -0.30   10.20   clock uncertainty
                          0.00   10.20   clock reconvergence pessimism
                         -2.00    8.20   output external delay
                                  8.20   data required time
-----------------------------------------------------------------------------
                                  8.20   data required time
                                 -1.37   data arrival time
-----------------------------------------------------------------------------
                                  6.83   slack (MET)


Startpoint: _249_ (rising edge-triggered flip-flop clocked by clk)
Endpoint: pwr_gate_en (output port clocked by clk)
Path Group: clk
Path Type: max
Corner: Typical

Fanout     Cap    Slew   Delay    Time   Description
-----------------------------------------------------------------------------
                          0.00    0.00   clock clk (rise edge)
                          0.50    0.50   clock source latency
     1    0.02    0.06    0.04    0.54 ^ clk (in)
                                         clk (net)
                  0.06    0.00    0.54 ^ clkbuf_0_clk/A (sky130_fd_sc_hd__clkbuf_16)
     2    0.02    0.04    0.13    0.67 ^ clkbuf_0_clk/X (sky130_fd_sc_hd__clkbuf_16)
                                         clknet_0_clk (net)
                  0.04    0.00    0.67 ^ clkbuf_1_0__f_clk/A (sky130_fd_sc_hd__clkbuf_16)
    16    0.05    0.07    0.15    0.82 ^ clkbuf_1_0__f_clk/X (sky130_fd_sc_hd__clkbuf_16)
                                         clknet_1_0__leaf_clk (net)
                  0.07    0.00    0.82 ^ _249_/CLK (sky130_fd_sc_hd__dfrtp_1)
     1    0.00    0.04    0.36    1.18 v _249_/Q (sky130_fd_sc_hd__dfrtp_1)
                                         net11 (net)
                  0.04    0.00    1.18 v output11/A (sky130_fd_sc_hd__buf_4)
     1    0.05    0.08    0.18    1.36 v output11/X (sky130_fd_sc_hd__buf_4)
                                         pwr_gate_en (net)
                  0.08    0.00    1.37 v pwr_gate_en (out)
                                  1.37   data arrival time

                         10.00   10.00   clock clk (rise edge)
                          0.50   10.50   clock network delay (propagated)
                         -0.30   10.20   clock uncertainty
                          0.00   10.20   clock reconvergence pessimism
                         -2.00    8.20   output external delay
                                  8.20   data required time
-----------------------------------------------------------------------------
                                  8.20   data required time
                                 -1.37   data arrival time
-----------------------------------------------------------------------------
                                  6.83   slack (MET)


Startpoint: _254_ (rising edge-triggered flip-flop clocked by clk)
Endpoint: pwr_state[0] (output port clocked by clk)
Path Group: clk
Path Type: max
Corner: Typical

Fanout     Cap    Slew   Delay    Time   Description
-----------------------------------------------------------------------------
                          0.00    0.00   clock clk (rise edge)
                          0.50    0.50   clock source latency
     1    0.02    0.06    0.04    0.54 ^ clk (in)
                                         clk (net)
                  0.06    0.00    0.54 ^ clkbuf_0_clk/A (sky130_fd_sc_hd__clkbuf_16)
     2    0.02    0.04    0.13    0.67 ^ clkbuf_0_clk/X (sky130_fd_sc_hd__clkbuf_16)
                                         clknet_0_clk (net)
                  0.04    0.00    0.67 ^ clkbuf_1_1__f_clk/A (sky130_fd_sc_hd__clkbuf_16)
    13    0.05    0.07    0.15    0.82 ^ clkbuf_1_1__f_clk/X (sky130_fd_sc_hd__clkbuf_16)
                                         clknet_1_1__leaf_clk (net)
                  0.07    0.00    0.82 ^ _254_/CLK (sky130_fd_sc_hd__dfrtp_1)
     1    0.00    0.04    0.36    1.18 v _254_/Q (sky130_fd_sc_hd__dfrtp_1)
                                         net12 (net)
                  0.04    0.00    1.18 v output12/A (sky130_fd_sc_hd__clkbuf_2)
     1    0.02    0.08    0.15    1.33 v output12/X (sky130_fd_sc_hd__clkbuf_2)
                                         pwr_state[0] (net)
                  0.08    0.00    1.33 v pwr_state[0] (out)
                                  1.33   data arrival time

                         10.00   10.00   clock clk (rise edge)
                          0.50   10.50   clock network delay (propagated)
                         -0.30   10.20   clock uncertainty
                          0.00   10.20   clock reconvergence pessimism
                         -2.00    8.20   output external delay
                                  8.20   data required time
-----------------------------------------------------------------------------
                                  8.20   data required time
                                 -1.33   data arrival time
-----------------------------------------------------------------------------
                                  6.87   slack (MET)


Startpoint: _255_ (rising edge-triggered flip-flop clocked by clk)
Endpoint: pwr_state[1] (output port clocked by clk)
Path Group: clk
Path Type: max
Corner: Typical

Fanout     Cap    Slew   Delay    Time   Description
-----------------------------------------------------------------------------
                          0.00    0.00   clock clk (rise edge)
                          0.50    0.50   clock source latency
     1    0.02    0.06    0.04    0.54 ^ clk (in)
                                         clk (net)
                  0.06    0.00    0.54 ^ clkbuf_0_clk/A (sky130_fd_sc_hd__clkbuf_16)
     2    0.02    0.04    0.13    0.67 ^ clkbuf_0_clk/X (sky130_fd_sc_hd__clkbuf_16)
                                         clknet_0_clk (net)
                  0.04    0.00    0.67 ^ clkbuf_1_1__f_clk/A (sky130_fd_sc_hd__clkbuf_16)
    13    0.05    0.07    0.15    0.82 ^ clkbuf_1_1__f_clk/X (sky130_fd_sc_hd__clkbuf_16)
                                         clknet_1_1__leaf_clk (net)
                  0.07    0.00    0.82 ^ _255_/CLK (sky130_fd_sc_hd__dfrtp_1)
     1    0.00    0.04    0.36    1.18 v _255_/Q (sky130_fd_sc_hd__dfrtp_1)
                                         net13 (net)
                  0.04    0.00    1.18 v output13/A (sky130_fd_sc_hd__clkbuf_2)
     1    0.02    0.08    0.15    1.33 v output13/X (sky130_fd_sc_hd__clkbuf_2)
                                         pwr_state[1] (net)
                  0.08    0.00    1.33 v pwr_state[1] (out)
                                  1.33   data arrival time

                         10.00   10.00   clock clk (rise edge)
                          0.50   10.50   clock network delay (propagated)
                         -0.30   10.20   clock uncertainty
                          0.00   10.20   clock reconvergence pessimism
                         -2.00    8.20   output external delay
                                  8.20   data required time
-----------------------------------------------------------------------------
                                  8.20   data required time
                                 -1.33   data arrival time
-----------------------------------------------------------------------------
                                  6.87   slack (MET)


Startpoint: wake_up (input port clocked by clk)
Endpoint: _259_ (rising edge-triggered flip-flop clocked by clk)
Path Group: clk
Path Type: max
Corner: Typical

Fanout     Cap    Slew   Delay    Time   Description
-----------------------------------------------------------------------------
                          0.00    0.00   clock clk (rise edge)
                          0.50    0.50   clock network delay (propagated)
                          2.00    2.50 v input external delay
     1    0.00    0.02    0.01    2.51 v wake_up (in)
                                         wake_up (net)
                  0.02    0.00    2.51 v input7/A (sky130_fd_sc_hd__clkbuf_1)
     1    0.00    0.03    0.08    2.59 v input7/X (sky130_fd_sc_hd__clkbuf_1)
                                         net7 (net)
                  0.03    0.00    2.59 v _259_/D (sky130_fd_sc_hd__dfrtp_1)
                                  2.59   data arrival time

                         10.00   10.00   clock clk (rise edge)
                          0.50   10.50   clock source latency
     1    0.02    0.06    0.04   10.54 ^ clk (in)
                                         clk (net)
                  0.06    0.00   10.54 ^ clkbuf_0_clk/A (sky130_fd_sc_hd__clkbuf_16)
     2    0.02    0.04    0.13   10.67 ^ clkbuf_0_clk/X (sky130_fd_sc_hd__clkbuf_16)
                                         clknet_0_clk (net)
                  0.04    0.00   10.67 ^ clkbuf_1_0__f_clk/A (sky130_fd_sc_hd__clkbuf_16)
    16    0.05    0.07    0.15   10.82 ^ clkbuf_1_0__f_clk/X (sky130_fd_sc_hd__clkbuf_16)
                                         clknet_1_0__leaf_clk (net)
                  0.07    0.00   10.82 ^ _259_/CLK (sky130_fd_sc_hd__dfrtp_1)
                         -0.30   10.52   clock uncertainty
                          0.00   10.52   clock reconvergence pessimism
                         -0.10   10.42   library setup time
                                 10.42   data required time
-----------------------------------------------------------------------------
                                 10.42   data required time
                                 -2.59   data arrival time
-----------------------------------------------------------------------------
                                  7.83   slack (MET)


Startpoint: req_sleep (input port clocked by clk)
Endpoint: _261_ (rising edge-triggered flip-flop clocked by clk)
Path Group: clk
Path Type: max
Corner: Typical

Fanout     Cap    Slew   Delay    Time   Description
-----------------------------------------------------------------------------
                          0.00    0.00   clock clk (rise edge)
                          0.50    0.50   clock network delay (propagated)
                          2.00    2.50 v input external delay
     1    0.00    0.02    0.01    2.51 v req_sleep (in)
                                         req_sleep (net)
                  0.02    0.00    2.51 v input5/A (sky130_fd_sc_hd__clkbuf_1)
     1    0.00    0.03    0.08    2.59 v input5/X (sky130_fd_sc_hd__clkbuf_1)
                                         net5 (net)
                  0.03    0.00    2.59 v _261_/D (sky130_fd_sc_hd__dfrtp_1)
                                  2.59   data arrival time

                         10.00   10.00   clock clk (rise edge)
                          0.50   10.50   clock source latency
     1    0.02    0.06    0.04   10.54 ^ clk (in)
                                         clk (net)
                  0.06    0.00   10.54 ^ clkbuf_0_clk/A (sky130_fd_sc_hd__clkbuf_16)
     2    0.02    0.04    0.13   10.67 ^ clkbuf_0_clk/X (sky130_fd_sc_hd__clkbuf_16)
                                         clknet_0_clk (net)
                  0.04    0.00   10.67 ^ clkbuf_1_0__f_clk/A (sky130_fd_sc_hd__clkbuf_16)
    16    0.05    0.07    0.15   10.82 ^ clkbuf_1_0__f_clk/X (sky130_fd_sc_hd__clkbuf_16)
                                         clknet_1_0__leaf_clk (net)
                  0.07    0.00   10.82 ^ _261_/CLK (sky130_fd_sc_hd__dfrtp_1)
                         -0.30   10.52   clock uncertainty
                          0.00   10.52   clock reconvergence pessimism
                         -0.10   10.42   library setup time
                                 10.42   data required time
-----------------------------------------------------------------------------
                                 10.42   data required time
                                 -2.59   data arrival time
-----------------------------------------------------------------------------
                                  7.83   slack (MET)


Startpoint: req_off (input port clocked by clk)
Endpoint: _260_ (rising edge-triggered flip-flop clocked by clk)
Path Group: clk
Path Type: max
Corner: Typical

Fanout     Cap    Slew   Delay    Time   Description
-----------------------------------------------------------------------------
                          0.00    0.00   clock clk (rise edge)
                          0.50    0.50   clock network delay (propagated)
                          2.00    2.50 v input external delay
     1    0.00    0.02    0.01    2.51 v req_off (in)
                                         req_off (net)
                  0.02    0.00    2.51 v input4/A (sky130_fd_sc_hd__clkbuf_1)
     1    0.00    0.02    0.08    2.58 v input4/X (sky130_fd_sc_hd__clkbuf_1)
                                         net4 (net)
                  0.02    0.00    2.58 v _260_/D (sky130_fd_sc_hd__dfrtp_1)
                                  2.58   data arrival time

                         10.00   10.00   clock clk (rise edge)
                          0.50   10.50   clock source latency
     1    0.02    0.06    0.04   10.54 ^ clk (in)
                                         clk (net)
                  0.06    0.00   10.54 ^ clkbuf_0_clk/A (sky130_fd_sc_hd__clkbuf_16)
     2    0.02    0.04    0.13   10.67 ^ clkbuf_0_clk/X (sky130_fd_sc_hd__clkbuf_16)
                                         clknet_0_clk (net)
                  0.04    0.00   10.67 ^ clkbuf_1_0__f_clk/A (sky130_fd_sc_hd__clkbuf_16)
    16    0.05    0.07    0.15   10.82 ^ clkbuf_1_0__f_clk/X (sky130_fd_sc_hd__clkbuf_16)
                                         clknet_1_0__leaf_clk (net)
                  0.07    0.00   10.82 ^ _260_/CLK (sky130_fd_sc_hd__dfrtp_1)
                         -0.30   10.52   clock uncertainty
                          0.00   10.52   clock reconvergence pessimism
                         -0.10   10.42   library setup time
                                 10.42   data required time
-----------------------------------------------------------------------------
                                 10.42   data required time
                                 -2.58   data arrival time
-----------------------------------------------------------------------------
                                  7.84   slack (MET)


Startpoint: req_idle (input port clocked by clk)
Endpoint: _262_ (rising edge-triggered flip-flop clocked by clk)
Path Group: clk
Path Type: max
Corner: Typical

Fanout     Cap    Slew   Delay    Time   Description
-----------------------------------------------------------------------------
                          0.00    0.00   clock clk (rise edge)
                          0.50    0.50   clock network delay (propagated)
                          2.00    2.50 v input external delay
     1    0.00    0.02    0.01    2.51 v req_idle (in)
                                         req_idle (net)
                  0.02    0.00    2.51 v input3/A (sky130_fd_sc_hd__clkbuf_1)
     1    0.00    0.02    0.08    2.58 v input3/X (sky130_fd_sc_hd__clkbuf_1)
                                         net3 (net)
                  0.02    0.00    2.58 v _262_/D (sky130_fd_sc_hd__dfrtp_1)
                                  2.58   data arrival time

                         10.00   10.00   clock clk (rise edge)
                          0.50   10.50   clock source latency
     1    0.02    0.06    0.04   10.54 ^ clk (in)
                                         clk (net)
                  0.06    0.00   10.54 ^ clkbuf_0_clk/A (sky130_fd_sc_hd__clkbuf_16)
     2    0.02    0.04    0.13   10.67 ^ clkbuf_0_clk/X (sky130_fd_sc_hd__clkbuf_16)
                                         clknet_0_clk (net)
                  0.04    0.00   10.67 ^ clkbuf_1_0__f_clk/A (sky130_fd_sc_hd__clkbuf_16)
    16    0.05    0.07    0.15   10.82 ^ clkbuf_1_0__f_clk/X (sky130_fd_sc_hd__clkbuf_16)
                                         clknet_1_0__leaf_clk (net)
                  0.07    0.00   10.82 ^ _262_/CLK (sky130_fd_sc_hd__dfrtp_1)
                         -0.30   10.52   clock uncertainty
                          0.00   10.52   clock reconvergence pessimism
                         -0.10   10.42   library setup time
                                 10.42   data required time
-----------------------------------------------------------------------------
                                 10.42   data required time
                                 -2.58   data arrival time
-----------------------------------------------------------------------------
                                  7.84   slack (MET)


Startpoint: _258_ (rising edge-triggered flip-flop clocked by clk)
Endpoint: _255_ (rising edge-triggered flip-flop clocked by clk)
Path Group: clk
Path Type: max
Corner: Typical

Fanout     Cap    Slew   Delay    Time   Description
-----------------------------------------------------------------------------
                          0.00    0.00   clock clk (rise edge)
                          0.50    0.50   clock source latency
     1    0.02    0.06    0.04    0.54 ^ clk (in)
                                         clk (net)
                  0.06    0.00    0.54 ^ clkbuf_0_clk/A (sky130_fd_sc_hd__clkbuf_16)
     2    0.02    0.04    0.13    0.67 ^ clkbuf_0_clk/X (sky130_fd_sc_hd__clkbuf_16)
                                         clknet_0_clk (net)
                  0.04    0.00    0.67 ^ clkbuf_1_0__f_clk/A (sky130_fd_sc_hd__clkbuf_16)
    16    0.05    0.07    0.15    0.82 ^ clkbuf_1_0__f_clk/X (sky130_fd_sc_hd__clkbuf_16)
                                         clknet_1_0__leaf_clk (net)
                  0.07    0.00    0.82 ^ _258_/CLK (sky130_fd_sc_hd__dfrtp_4)
     8    0.04    0.11    0.54    1.36 v _258_/Q (sky130_fd_sc_hd__dfrtp_4)
                                         curr_state[2] (net)
                  0.11    0.00    1.37 v _124_/A (sky130_fd_sc_hd__inv_6)
     6    0.03    0.06    0.10    1.46 ^ _124_/Y (sky130_fd_sc_hd__inv_6)
                                         _064_ (net)
                  0.06    0.00    1.47 ^ _125_/B (sky130_fd_sc_hd__nor2_1)
     3    0.01    0.06    0.06    1.53 v _125_/Y (sky130_fd_sc_hd__nor2_1)
                                         _065_ (net)
                  0.06    0.00    1.53 v _170_/A (sky130_fd_sc_hd__and2_1)
     3    0.01    0.08    0.18    1.71 v _170_/X (sky130_fd_sc_hd__and2_1)
                                         _107_ (net)
                  0.08    0.00    1.71 v _193_/B (sky130_fd_sc_hd__nor2_1)
     2    0.00    0.10    0.11    1.82 ^ _193_/Y (sky130_fd_sc_hd__nor2_1)
                                         _024_ (net)
                  0.10    0.00    1.82 ^ _194_/C_N (sky130_fd_sc_hd__or3b_1)
     1    0.01    0.09    0.39    2.21 v _194_/X (sky130_fd_sc_hd__or3b_1)
                                         _025_ (net)
                  0.09    0.00    2.21 v _195_/A (sky130_fd_sc_hd__clkbuf_1)
     1    0.00    0.03    0.11    2.32 v _195_/X (sky130_fd_sc_hd__clkbuf_1)
                                         _113_ (net)
                  0.03    0.00    2.32 v _255_/D (sky130_fd_sc_hd__dfrtp_1)
                                  2.32   data arrival time

                         10.00   10.00   clock clk (rise edge)
                          0.50   10.50   clock source latency
     1    0.02    0.06    0.04   10.54 ^ clk (in)
                                         clk (net)
                  0.06    0.00   10.54 ^ clkbuf_0_clk/A (sky130_fd_sc_hd__clkbuf_16)
     2    0.02    0.04    0.13   10.67 ^ clkbuf_0_clk/X (sky130_fd_sc_hd__clkbuf_16)
                                         clknet_0_clk (net)
                  0.04    0.00   10.67 ^ clkbuf_1_1__f_clk/A (sky130_fd_sc_hd__clkbuf_16)
    13    0.05    0.07    0.15   10.82 ^ clkbuf_1_1__f_clk/X (sky130_fd_sc_hd__clkbuf_16)
                                         clknet_1_1__leaf_clk (net)
                  0.07    0.00   10.82 ^ _255_/CLK (sky130_fd_sc_hd__dfrtp_1)
                         -0.30   10.52   clock uncertainty
                          0.00   10.52   clock reconvergence pessimism
                         -0.10   10.42   library setup time
                                 10.42   data required time
-----------------------------------------------------------------------------
                                 10.42   data required time
                                 -2.32   data arrival time
-----------------------------------------------------------------------------
                                  8.10   slack (MET)


Startpoint: _246_ (rising edge-triggered flip-flop clocked by clk)
Endpoint: _250_ (rising edge-triggered flip-flop clocked by clk)
Path Group: clk
Path Type: max
Corner: Typical

Fanout     Cap    Slew   Delay    Time   Description
-----------------------------------------------------------------------------
                          0.00    0.00   clock clk (rise edge)
                          0.50    0.50   clock source latency
     1    0.02    0.06    0.04    0.54 ^ clk (in)
                                         clk (net)
                  0.06    0.00    0.54 ^ clkbuf_0_clk/A (sky130_fd_sc_hd__clkbuf_16)
     2    0.02    0.04    0.13    0.67 ^ clkbuf_0_clk/X (sky130_fd_sc_hd__clkbuf_16)
                                         clknet_0_clk (net)
                  0.04    0.00    0.67 ^ clkbuf_1_1__f_clk/A (sky130_fd_sc_hd__clkbuf_16)
    13    0.05    0.07    0.15    0.82 ^ clkbuf_1_1__f_clk/X (sky130_fd_sc_hd__clkbuf_16)
                                         clknet_1_1__leaf_clk (net)
                  0.07    0.00    0.82 ^ _246_/CLK (sky130_fd_sc_hd__dfrtp_1)
     3    0.01    0.07    0.39    1.22 v _246_/Q (sky130_fd_sc_hd__dfrtp_1)
                                         seq_timer[6] (net)
                  0.07    0.00    1.22 v _121_/A (sky130_fd_sc_hd__nor2_1)
     2    0.01    0.15    0.16    1.37 ^ _121_/Y (sky130_fd_sc_hd__nor2_1)
                                         _061_ (net)
                  0.15    0.00    1.37 ^ _134_/B (sky130_fd_sc_hd__nand3_1)
     2    0.01    0.09    0.12    1.49 v _134_/Y (sky130_fd_sc_hd__nand3_1)
                                         _074_ (net)
                  0.09    0.00    1.49 v _135_/C (sky130_fd_sc_hd__or3_1)
     1    0.01    0.08    0.34    1.83 v _135_/X (sky130_fd_sc_hd__or3_1)
                                         _075_ (net)
                  0.08    0.00    1.83 v _136_/A (sky130_fd_sc_hd__inv_2)
     3    0.01    0.06    0.08    1.91 ^ _136_/Y (sky130_fd_sc_hd__inv_2)
                                         _076_ (net)
                  0.06    0.00    1.91 ^ _197_/A2 (sky130_fd_sc_hd__o21ai_1)
     1    0.00    0.06    0.06    1.98 v _197_/Y (sky130_fd_sc_hd__o21ai_1)
                                         _116_ (net)
                  0.06    0.00    1.98 v _250_/D (sky130_fd_sc_hd__dfrtp_1)
                                  1.98   data arrival time

                         10.00   10.00   clock clk (rise edge)
                          0.50   10.50   clock source latency
     1    0.02    0.06    0.04   10.54 ^ clk (in)
                                         clk (net)
                  0.06    0.00   10.54 ^ clkbuf_0_clk/A (sky130_fd_sc_hd__clkbuf_16)
     2    0.02    0.04    0.13   10.67 ^ clkbuf_0_clk/X (sky130_fd_sc_hd__clkbuf_16)
                                         clknet_0_clk (net)
                  0.04    0.00   10.67 ^ clkbuf_1_0__f_clk/A (sky130_fd_sc_hd__clkbuf_16)
    16    0.05    0.07    0.15   10.82 ^ clkbuf_1_0__f_clk/X (sky130_fd_sc_hd__clkbuf_16)
                                         clknet_1_0__leaf_clk (net)
                  0.07    0.00   10.82 ^ _250_/CLK (sky130_fd_sc_hd__dfrtp_1)
                         -0.30   10.52   clock uncertainty
                          0.00   10.52   clock reconvergence pessimism
                         -0.11   10.41   library setup time
                                 10.41   data required time
-----------------------------------------------------------------------------
                                 10.41   data required time
                                 -1.98   data arrival time
-----------------------------------------------------------------------------
                                  8.43   slack (MET)


Startpoint: _246_ (rising edge-triggered flip-flop clocked by clk)
Endpoint: _253_ (rising edge-triggered flip-flop clocked by clk)
Path Group: clk
Path Type: max
Corner: Typical

Fanout     Cap    Slew   Delay    Time   Description
-----------------------------------------------------------------------------
                          0.00    0.00   clock clk (rise edge)
                          0.50    0.50   clock source latency
     1    0.02    0.06    0.04    0.54 ^ clk (in)
                                         clk (net)
                  0.06    0.00    0.54 ^ clkbuf_0_clk/A (sky130_fd_sc_hd__clkbuf_16)
     2    0.02    0.04    0.13    0.67 ^ clkbuf_0_clk/X (sky130_fd_sc_hd__clkbuf_16)
                                         clknet_0_clk (net)
                  0.04    0.00    0.67 ^ clkbuf_1_1__f_clk/A (sky130_fd_sc_hd__clkbuf_16)
    13    0.05    0.07    0.15    0.82 ^ clkbuf_1_1__f_clk/X (sky130_fd_sc_hd__clkbuf_16)
                                         clknet_1_1__leaf_clk (net)
                  0.07    0.00    0.82 ^ _246_/CLK (sky130_fd_sc_hd__dfrtp_1)
     3    0.01    0.07    0.39    1.22 v _246_/Q (sky130_fd_sc_hd__dfrtp_1)
                                         seq_timer[6] (net)
                  0.07    0.00    1.22 v _121_/A (sky130_fd_sc_hd__nor2_1)
     2    0.01    0.15    0.16    1.37 ^ _121_/Y (sky130_fd_sc_hd__nor2_1)
                                         _061_ (net)
                  0.15    0.00    1.37 ^ _134_/B (sky130_fd_sc_hd__nand3_1)
     2    0.01    0.09    0.12    1.49 v _134_/Y (sky130_fd_sc_hd__nand3_1)
                                         _074_ (net)
                  0.09    0.00    1.49 v _135_/C (sky130_fd_sc_hd__or3_1)
     1    0.01    0.08    0.34    1.83 v _135_/X (sky130_fd_sc_hd__or3_1)
                                         _075_ (net)
                  0.08    0.00    1.83 v _136_/A (sky130_fd_sc_hd__inv_2)
     3    0.01    0.06    0.08    1.91 ^ _136_/Y (sky130_fd_sc_hd__inv_2)
                                         _076_ (net)
                  0.06    0.00    1.91 ^ _196_/A1 (sky130_fd_sc_hd__a21o_1)
     1    0.00    0.03    0.10    2.01 ^ _196_/X (sky130_fd_sc_hd__a21o_1)
                                         _115_ (net)
                  0.03    0.00    2.01 ^ _253_/D (sky130_fd_sc_hd__dfrtp_1)
                                  2.01   data arrival time

                         10.00   10.00   clock clk (rise edge)
                          0.50   10.50   clock source latency
     1    0.02    0.06    0.04   10.54 ^ clk (in)
                                         clk (net)
                  0.06    0.00   10.54 ^ clkbuf_0_clk/A (sky130_fd_sc_hd__clkbuf_16)
     2    0.02    0.04    0.13   10.67 ^ clkbuf_0_clk/X (sky130_fd_sc_hd__clkbuf_16)
                                         clknet_0_clk (net)
                  0.04    0.00   10.67 ^ clkbuf_1_1__f_clk/A (sky130_fd_sc_hd__clkbuf_16)
    13    0.05    0.07    0.15   10.82 ^ clkbuf_1_1__f_clk/X (sky130_fd_sc_hd__clkbuf_16)
                                         clknet_1_1__leaf_clk (net)
                  0.07    0.00   10.82 ^ _253_/CLK (sky130_fd_sc_hd__dfrtp_1)
                         -0.30   10.52   clock uncertainty
                          0.00   10.52   clock reconvergence pessimism
                         -0.05   10.47   library setup time
                                 10.47   data required time
-----------------------------------------------------------------------------
                                 10.47   data required time
                                 -2.01   data arrival time
-----------------------------------------------------------------------------
                                  8.45   slack (MET)


Startpoint: _246_ (rising edge-triggered flip-flop clocked by clk)
Endpoint: _252_ (rising edge-triggered flip-flop clocked by clk)
Path Group: clk
Path Type: max
Corner: Typical

Fanout     Cap    Slew   Delay    Time   Description
-----------------------------------------------------------------------------
                          0.00    0.00   clock clk (rise edge)
                          0.50    0.50   clock source latency
     1    0.02    0.06    0.04    0.54 ^ clk (in)
                                         clk (net)
                  0.06    0.00    0.54 ^ clkbuf_0_clk/A (sky130_fd_sc_hd__clkbuf_16)
     2    0.02    0.04    0.13    0.67 ^ clkbuf_0_clk/X (sky130_fd_sc_hd__clkbuf_16)
                                         clknet_0_clk (net)
                  0.04    0.00    0.67 ^ clkbuf_1_1__f_clk/A (sky130_fd_sc_hd__clkbuf_16)
    13    0.05    0.07    0.15    0.82 ^ clkbuf_1_1__f_clk/X (sky130_fd_sc_hd__clkbuf_16)
                                         clknet_1_1__leaf_clk (net)
                  0.07    0.00    0.82 ^ _246_/CLK (sky130_fd_sc_hd__dfrtp_1)
     3    0.01    0.07    0.39    1.22 v _246_/Q (sky130_fd_sc_hd__dfrtp_1)
                                         seq_timer[6] (net)
                  0.07    0.00    1.22 v _121_/A (sky130_fd_sc_hd__nor2_1)
     2    0.01    0.15    0.16    1.37 ^ _121_/Y (sky130_fd_sc_hd__nor2_1)
                                         _061_ (net)
                  0.15    0.00    1.37 ^ _134_/B (sky130_fd_sc_hd__nand3_1)
     2    0.01    0.09    0.12    1.49 v _134_/Y (sky130_fd_sc_hd__nand3_1)
                                         _074_ (net)
                  0.09    0.00    1.49 v _135_/C (sky130_fd_sc_hd__or3_1)
     1    0.01    0.08    0.34    1.83 v _135_/X (sky130_fd_sc_hd__or3_1)
                                         _075_ (net)
                  0.08    0.00    1.83 v _136_/A (sky130_fd_sc_hd__inv_2)
     3    0.01    0.06    0.08    1.91 ^ _136_/Y (sky130_fd_sc_hd__inv_2)
                                         _076_ (net)
                  0.06    0.00    1.91 ^ _137_/B (sky130_fd_sc_hd__nor2_1)
     1    0.00    0.03    0.04    1.95 v _137_/Y (sky130_fd_sc_hd__nor2_1)
                                         _114_ (net)
                  0.03    0.00    1.95 v _252_/D (sky130_fd_sc_hd__dfrtp_1)
                                  1.95   data arrival time

                         10.00   10.00   clock clk (rise edge)
                          0.50   10.50   clock source latency
     1    0.02    0.06    0.04   10.54 ^ clk (in)
                                         clk (net)
                  0.06    0.00   10.54 ^ clkbuf_0_clk/A (sky130_fd_sc_hd__clkbuf_16)
     2    0.02    0.04    0.13   10.67 ^ clkbuf_0_clk/X (sky130_fd_sc_hd__clkbuf_16)
                                         clknet_0_clk (net)
                  0.04    0.00   10.67 ^ clkbuf_1_0__f_clk/A (sky130_fd_sc_hd__clkbuf_16)
    16    0.05    0.07    0.15   10.82 ^ clkbuf_1_0__f_clk/X (sky130_fd_sc_hd__clkbuf_16)
                                         clknet_1_0__leaf_clk (net)
                  0.07    0.01   10.82 ^ _252_/CLK (sky130_fd_sc_hd__dfrtp_1)
                         -0.30   10.52   clock uncertainty
                          0.00   10.52   clock reconvergence pessimism
                         -0.10   10.42   library setup time
                                 10.42   data required time
-----------------------------------------------------------------------------
                                 10.42   data required time
                                 -1.95   data arrival time
-----------------------------------------------------------------------------
                                  8.47   slack (MET)


Startpoint: _257_ (rising edge-triggered flip-flop clocked by clk)
Endpoint: _256_ (rising edge-triggered flip-flop clocked by clk)
Path Group: clk
Path Type: max
Corner: Typical

Fanout     Cap    Slew   Delay    Time   Description
-----------------------------------------------------------------------------
                          0.00    0.00   clock clk (rise edge)
                          0.50    0.50   clock source latency
     1    0.02    0.06    0.04    0.54 ^ clk (in)
                                         clk (net)
                  0.06    0.00    0.54 ^ clkbuf_0_clk/A (sky130_fd_sc_hd__clkbuf_16)
     2    0.02    0.04    0.13    0.67 ^ clkbuf_0_clk/X (sky130_fd_sc_hd__clkbuf_16)
                                         clknet_0_clk (net)
                  0.04    0.00    0.67 ^ clkbuf_1_0__f_clk/A (sky130_fd_sc_hd__clkbuf_16)
    16    0.05    0.07    0.15    0.82 ^ clkbuf_1_0__f_clk/X (sky130_fd_sc_hd__clkbuf_16)
                                         clknet_1_0__leaf_clk (net)
                  0.07    0.00    0.82 ^ _257_/CLK (sky130_fd_sc_hd__dfrtp_1)
     3    0.01    0.07    0.40    1.22 v _257_/Q (sky130_fd_sc_hd__dfrtp_1)
                                         curr_state[1] (net)
                  0.07    0.00    1.22 v _126_/A (sky130_fd_sc_hd__clkbuf_2)
     8    0.03    0.12    0.19    1.41 v _126_/X (sky130_fd_sc_hd__clkbuf_2)
                                         _066_ (net)
                  0.12    0.00    1.41 v _146_/B (sky130_fd_sc_hd__nor2_1)
     2    0.01    0.13    0.15    1.57 ^ _146_/Y (sky130_fd_sc_hd__nor2_1)
                                         _084_ (net)
                  0.13    0.00    1.57 ^ _148_/B (sky130_fd_sc_hd__nand3_1)
     1    0.00    0.06    0.09    1.66 v _148_/Y (sky130_fd_sc_hd__nand3_1)
                                         _086_ (net)
                  0.06    0.00    1.66 v _149_/B (sky130_fd_sc_hd__nand2_1)
     1    0.00    0.05    0.07    1.73 ^ _149_/Y (sky130_fd_sc_hd__nand2_1)
                                         _087_ (net)
                  0.05    0.00    1.73 ^ _151_/A (sky130_fd_sc_hd__nand2_1)
     1    0.00    0.04    0.05    1.79 v _151_/Y (sky130_fd_sc_hd__nand2_1)
                                         _089_ (net)
                  0.04    0.00    1.79 v _154_/A (sky130_fd_sc_hd__nand2_1)
     2    0.01    0.07    0.07    1.85 ^ _154_/Y (sky130_fd_sc_hd__nand2_1)
                                         _092_ (net)
                  0.07    0.00    1.85 ^ _156_/A (sky130_fd_sc_hd__nand2_1)
     2    0.01    0.07    0.08    1.93 v _156_/Y (sky130_fd_sc_hd__nand2_1)
                                         _094_ (net)
                  0.07    0.00    1.93 v _157_/A (sky130_fd_sc_hd__inv_2)
     1    0.00    0.03    0.05    1.98 ^ _157_/Y (sky130_fd_sc_hd__inv_2)
                                         next_state[0] (net)
                  0.03    0.00    1.98 ^ _256_/D (sky130_fd_sc_hd__dfrtp_4)
                                  1.98   data arrival time

                         10.00   10.00   clock clk (rise edge)
                          0.50   10.50   clock source latency
     1    0.02    0.06    0.04   10.54 ^ clk (in)
                                         clk (net)
                  0.06    0.00   10.54 ^ clkbuf_0_clk/A (sky130_fd_sc_hd__clkbuf_16)
     2    0.02    0.04    0.13   10.67 ^ clkbuf_0_clk/X (sky130_fd_sc_hd__clkbuf_16)
                                         clknet_0_clk (net)
                  0.04    0.00   10.67 ^ clkbuf_1_0__f_clk/A (sky130_fd_sc_hd__clkbuf_16)
    16    0.05    0.07    0.15   10.82 ^ clkbuf_1_0__f_clk/X (sky130_fd_sc_hd__clkbuf_16)
                                         clknet_1_0__leaf_clk (net)
                  0.07    0.00   10.82 ^ _256_/CLK (sky130_fd_sc_hd__dfrtp_4)
                         -0.30   10.52   clock uncertainty
                          0.00   10.52   clock reconvergence pessimism
                         -0.06   10.47   library setup time
                                 10.47   data required time
-----------------------------------------------------------------------------
                                 10.47   data required time
                                 -1.98   data arrival time
-----------------------------------------------------------------------------
                                  8.49   slack (MET)


Startpoint: _246_ (rising edge-triggered flip-flop clocked by clk)
Endpoint: _251_ (rising edge-triggered flip-flop clocked by clk)
Path Group: clk
Path Type: max
Corner: Typical

Fanout     Cap    Slew   Delay    Time   Description
-----------------------------------------------------------------------------
                          0.00    0.00   clock clk (rise edge)
                          0.50    0.50   clock source latency
     1    0.02    0.06    0.04    0.54 ^ clk (in)
                                         clk (net)
                  0.06    0.00    0.54 ^ clkbuf_0_clk/A (sky130_fd_sc_hd__clkbuf_16)
     2    0.02    0.04    0.13    0.67 ^ clkbuf_0_clk/X (sky130_fd_sc_hd__clkbuf_16)
                                         clknet_0_clk (net)
                  0.04    0.00    0.67 ^ clkbuf_1_1__f_clk/A (sky130_fd_sc_hd__clkbuf_16)
    13    0.05    0.07    0.15    0.82 ^ clkbuf_1_1__f_clk/X (sky130_fd_sc_hd__clkbuf_16)
                                         clknet_1_1__leaf_clk (net)
                  0.07    0.00    0.82 ^ _246_/CLK (sky130_fd_sc_hd__dfrtp_1)
     3    0.01    0.07    0.39    1.22 v _246_/Q (sky130_fd_sc_hd__dfrtp_1)
                                         seq_timer[6] (net)
                  0.07    0.00    1.22 v _121_/A (sky130_fd_sc_hd__nor2_1)
     2    0.01    0.15    0.16    1.37 ^ _121_/Y (sky130_fd_sc_hd__nor2_1)
                                         _061_ (net)
                  0.15    0.00    1.37 ^ _122_/B (sky130_fd_sc_hd__nand2_1)
     3    0.01    0.08    0.11    1.49 v _122_/Y (sky130_fd_sc_hd__nand2_1)
                                         _062_ (net)
                  0.08    0.00    1.49 v _123_/B (sky130_fd_sc_hd__nor2_1)
     3    0.01    0.23    0.21    1.70 ^ _123_/Y (sky130_fd_sc_hd__nor2_1)
                                         _063_ (net)
                  0.23    0.00    1.70 ^ _198_/C1 (sky130_fd_sc_hd__o211a_1)
     1    0.01    0.06    0.20    1.90 ^ _198_/X (sky130_fd_sc_hd__o211a_1)
                                         _003_ (net)
                  0.06    0.00    1.90 ^ _251_/D (sky130_fd_sc_hd__dfrtp_1)
                                  1.90   data arrival time

                         10.00   10.00   clock clk (rise edge)
                          0.50   10.50   clock source latency
     1    0.02    0.06    0.04   10.54 ^ clk (in)
                                         clk (net)
                  0.06    0.00   10.54 ^ clkbuf_0_clk/A (sky130_fd_sc_hd__clkbuf_16)
     2    0.02    0.04    0.13   10.67 ^ clkbuf_0_clk/X (sky130_fd_sc_hd__clkbuf_16)
                                         clknet_0_clk (net)
                  0.04    0.00   10.67 ^ clkbuf_1_0__f_clk/A (sky130_fd_sc_hd__clkbuf_16)
    16    0.05    0.07    0.15   10.82 ^ clkbuf_1_0__f_clk/X (sky130_fd_sc_hd__clkbuf_16)
                                         clknet_1_0__leaf_clk (net)
                  0.07    0.00   10.82 ^ _251_/CLK (sky130_fd_sc_hd__dfrtp_1)
                         -0.30   10.52   clock uncertainty
                          0.00   10.52   clock reconvergence pessimism
                         -0.06   10.46   library setup time
                                 10.46   data required time
-----------------------------------------------------------------------------
                                 10.46   data required time
                                 -1.90   data arrival time
-----------------------------------------------------------------------------
                                  8.57   slack (MET)


Startpoint: _258_ (rising edge-triggered flip-flop clocked by clk)
Endpoint: _239_ (rising edge-triggered flip-flop clocked by clk)
Path Group: clk
Path Type: max
Corner: Typical

Fanout     Cap    Slew   Delay    Time   Description
-----------------------------------------------------------------------------
                          0.00    0.00   clock clk (rise edge)
                          0.50    0.50   clock source latency
     1    0.02    0.06    0.04    0.54 ^ clk (in)
                                         clk (net)
                  0.06    0.00    0.54 ^ clkbuf_0_clk/A (sky130_fd_sc_hd__clkbuf_16)
     2    0.02    0.04    0.13    0.67 ^ clkbuf_0_clk/X (sky130_fd_sc_hd__clkbuf_16)
                                         clknet_0_clk (net)
                  0.04    0.00    0.67 ^ clkbuf_1_0__f_clk/A (sky130_fd_sc_hd__clkbuf_16)
    16    0.05    0.07    0.15    0.82 ^ clkbuf_1_0__f_clk/X (sky130_fd_sc_hd__clkbuf_16)
                                         clknet_1_0__leaf_clk (net)
                  0.07    0.00    0.82 ^ _258_/CLK (sky130_fd_sc_hd__dfrtp_4)
     8    0.04    0.11    0.54    1.36 v _258_/Q (sky130_fd_sc_hd__dfrtp_4)
                                         curr_state[2] (net)
                  0.11    0.00    1.37 v _124_/A (sky130_fd_sc_hd__inv_6)
     6    0.03    0.06    0.10    1.46 ^ _124_/Y (sky130_fd_sc_hd__inv_6)
                                         _064_ (net)
                  0.06    0.00    1.46 ^ _180_/A (sky130_fd_sc_hd__nand2_1)
     2    0.01    0.09    0.09    1.55 v _180_/Y (sky130_fd_sc_hd__nand2_1)
                                         _016_ (net)
                  0.09    0.00    1.55 v _189_/B (sky130_fd_sc_hd__nor2_1)
     2    0.01    0.20    0.19    1.74 ^ _189_/Y (sky130_fd_sc_hd__nor2_1)
                                         _022_ (net)
                  0.20    0.00    1.74 ^ _190_/A (sky130_fd_sc_hd__inv_2)
     1    0.00    0.04    0.04    1.79 v _190_/Y (sky130_fd_sc_hd__inv_2)
                                         _001_ (net)
                  0.04    0.00    1.79 v _239_/D (sky130_fd_sc_hd__dfstp_1)
                                  1.79   data arrival time

                         10.00   10.00   clock clk (rise edge)
                          0.50   10.50   clock source latency
     1    0.02    0.06    0.04   10.54 ^ clk (in)
                                         clk (net)
                  0.06    0.00   10.54 ^ clkbuf_0_clk/A (sky130_fd_sc_hd__clkbuf_16)
     2    0.02    0.04    0.13   10.67 ^ clkbuf_0_clk/X (sky130_fd_sc_hd__clkbuf_16)
                                         clknet_0_clk (net)
                  0.04    0.00   10.67 ^ clkbuf_1_1__f_clk/A (sky130_fd_sc_hd__clkbuf_16)
    13    0.05    0.07    0.15   10.82 ^ clkbuf_1_1__f_clk/X (sky130_fd_sc_hd__clkbuf_16)
                                         clknet_1_1__leaf_clk (net)
                  0.07    0.00   10.82 ^ _239_/CLK (sky130_fd_sc_hd__dfstp_1)
                         -0.30   10.52   clock uncertainty
                          0.00   10.52   clock reconvergence pessimism
                         -0.06   10.46   library setup time
                                 10.46   data required time
-----------------------------------------------------------------------------
                                 10.46   data required time
                                 -1.79   data arrival time
-----------------------------------------------------------------------------
                                  8.67   slack (MET)


Startpoint: _257_ (rising edge-triggered flip-flop clocked by clk)
Endpoint: _254_ (rising edge-triggered flip-flop clocked by clk)
Path Group: clk
Path Type: max
Corner: Typical

Fanout     Cap    Slew   Delay    Time   Description
-----------------------------------------------------------------------------
                          0.00    0.00   clock clk (rise edge)
                          0.50    0.50   clock source latency
     1    0.02    0.06    0.04    0.54 ^ clk (in)
                                         clk (net)
                  0.06    0.00    0.54 ^ clkbuf_0_clk/A (sky130_fd_sc_hd__clkbuf_16)
     2    0.02    0.04    0.13    0.67 ^ clkbuf_0_clk/X (sky130_fd_sc_hd__clkbuf_16)
                                         clknet_0_clk (net)
                  0.04    0.00    0.67 ^ clkbuf_1_0__f_clk/A (sky130_fd_sc_hd__clkbuf_16)
    16    0.05    0.07    0.15    0.82 ^ clkbuf_1_0__f_clk/X (sky130_fd_sc_hd__clkbuf_16)
                                         clknet_1_0__leaf_clk (net)
                  0.07    0.00    0.82 ^ _257_/CLK (sky130_fd_sc_hd__dfrtp_1)
     3    0.01    0.07    0.40    1.22 v _257_/Q (sky130_fd_sc_hd__dfrtp_1)
                                         curr_state[1] (net)
                  0.07    0.00    1.22 v _126_/A (sky130_fd_sc_hd__clkbuf_2)
     8    0.03    0.12    0.19    1.41 v _126_/X (sky130_fd_sc_hd__clkbuf_2)
                                         _066_ (net)
                  0.12    0.00    1.41 v _191_/A2 (sky130_fd_sc_hd__a21oi_1)
     1    0.01    0.24    0.27    1.68 ^ _191_/Y (sky130_fd_sc_hd__a21oi_1)
                                         _112_ (net)
                  0.24    0.00    1.69 ^ _254_/D (sky130_fd_sc_hd__dfrtp_1)
                                  1.69   data arrival time

                         10.00   10.00   clock clk (rise edge)
                          0.50   10.50   clock source latency
     1    0.02    0.06    0.04   10.54 ^ clk (in)
                                         clk (net)
                  0.06    0.00   10.54 ^ clkbuf_0_clk/A (sky130_fd_sc_hd__clkbuf_16)
     2    0.02    0.04    0.13   10.67 ^ clkbuf_0_clk/X (sky130_fd_sc_hd__clkbuf_16)
                                         clknet_0_clk (net)
                  0.04    0.00   10.67 ^ clkbuf_1_1__f_clk/A (sky130_fd_sc_hd__clkbuf_16)
    13    0.05    0.07    0.15   10.82 ^ clkbuf_1_1__f_clk/X (sky130_fd_sc_hd__clkbuf_16)
                                         clknet_1_1__leaf_clk (net)
                  0.07    0.00   10.82 ^ _254_/CLK (sky130_fd_sc_hd__dfrtp_1)
                         -0.30   10.52   clock uncertainty
                          0.00   10.52   clock reconvergence pessimism
                         -0.10   10.42   library setup time
                                 10.42   data required time
-----------------------------------------------------------------------------
                                 10.42   data required time
                                 -1.69   data arrival time
-----------------------------------------------------------------------------
                                  8.73   slack (MET)


Startpoint: _257_ (rising edge-triggered flip-flop clocked by clk)
Endpoint: _248_ (rising edge-triggered flip-flop clocked by clk)
Path Group: clk
Path Type: max
Corner: Typical

Fanout     Cap    Slew   Delay    Time   Description
-----------------------------------------------------------------------------
                          0.00    0.00   clock clk (rise edge)
                          0.50    0.50   clock source latency
     1    0.02    0.06    0.04    0.54 ^ clk (in)
                                         clk (net)
                  0.06    0.00    0.54 ^ clkbuf_0_clk/A (sky130_fd_sc_hd__clkbuf_16)
     2    0.02    0.04    0.13    0.67 ^ clkbuf_0_clk/X (sky130_fd_sc_hd__clkbuf_16)
                                         clknet_0_clk (net)
                  0.04    0.00    0.67 ^ clkbuf_1_0__f_clk/A (sky130_fd_sc_hd__clkbuf_16)
    16    0.05    0.07    0.15    0.82 ^ clkbuf_1_0__f_clk/X (sky130_fd_sc_hd__clkbuf_16)
                                         clknet_1_0__leaf_clk (net)
                  0.07    0.00    0.82 ^ _257_/CLK (sky130_fd_sc_hd__dfrtp_1)
     3    0.01    0.07    0.40    1.22 v _257_/Q (sky130_fd_sc_hd__dfrtp_1)
                                         curr_state[1] (net)
                  0.07    0.00    1.22 v _126_/A (sky130_fd_sc_hd__clkbuf_2)
     8    0.03    0.12    0.19    1.41 v _126_/X (sky130_fd_sc_hd__clkbuf_2)
                                         _066_ (net)
                  0.12    0.00    1.41 v _188_/A2 (sky130_fd_sc_hd__o21a_1)
     1    0.00    0.04    0.20    1.61 v _188_/X (sky130_fd_sc_hd__o21a_1)
                                         _000_ (net)
                  0.04    0.00    1.61 v _248_/D (sky130_fd_sc_hd__dfrtp_1)
                                  1.61   data arrival time

                         10.00   10.00   clock clk (rise edge)
                          0.50   10.50   clock source latency
     1    0.02    0.06    0.04   10.54 ^ clk (in)
                                         clk (net)
                  0.06    0.00   10.54 ^ clkbuf_0_clk/A (sky130_fd_sc_hd__clkbuf_16)
     2    0.02    0.04    0.13   10.67 ^ clkbuf_0_clk/X (sky130_fd_sc_hd__clkbuf_16)
                                         clknet_0_clk (net)
                  0.04    0.00   10.67 ^ clkbuf_1_0__f_clk/A (sky130_fd_sc_hd__clkbuf_16)
    16    0.05    0.07    0.15   10.82 ^ clkbuf_1_0__f_clk/X (sky130_fd_sc_hd__clkbuf_16)
                                         clknet_1_0__leaf_clk (net)
                  0.07    0.00   10.82 ^ _248_/CLK (sky130_fd_sc_hd__dfrtp_1)
                         -0.30   10.52   clock uncertainty
                          0.00   10.52   clock reconvergence pessimism
                         -0.11   10.42   library setup time
                                 10.42   data required time
-----------------------------------------------------------------------------
                                 10.42   data required time
                                 -1.61   data arrival time
-----------------------------------------------------------------------------
                                  8.81   slack (MET)


Startpoint: _258_ (rising edge-triggered flip-flop clocked by clk)
Endpoint: _249_ (rising edge-triggered flip-flop clocked by clk)
Path Group: clk
Path Type: max
Corner: Typical

Fanout     Cap    Slew   Delay    Time   Description
-----------------------------------------------------------------------------
                          0.00    0.00   clock clk (rise edge)
                          0.50    0.50   clock source latency
     1    0.02    0.06    0.04    0.54 ^ clk (in)
                                         clk (net)
                  0.06    0.00    0.54 ^ clkbuf_0_clk/A (sky130_fd_sc_hd__clkbuf_16)
     2    0.02    0.04    0.13    0.67 ^ clkbuf_0_clk/X (sky130_fd_sc_hd__clkbuf_16)
                                         clknet_0_clk (net)
                  0.04    0.00    0.67 ^ clkbuf_1_0__f_clk/A (sky130_fd_sc_hd__clkbuf_16)
    16    0.05    0.07    0.15    0.82 ^ clkbuf_1_0__f_clk/X (sky130_fd_sc_hd__clkbuf_16)
                                         clknet_1_0__leaf_clk (net)
                  0.07    0.00    0.82 ^ _258_/CLK (sky130_fd_sc_hd__dfrtp_4)
     8    0.04    0.11    0.54    1.36 v _258_/Q (sky130_fd_sc_hd__dfrtp_4)
                                         curr_state[2] (net)
                  0.11    0.00    1.36 v _183_/A (sky130_fd_sc_hd__nor2_1)
     2    0.01    0.18    0.20    1.56 ^ _183_/Y (sky130_fd_sc_hd__nor2_1)
                                         _002_ (net)
                  0.18    0.00    1.57 ^ _249_/D (sky130_fd_sc_hd__dfrtp_1)
                                  1.57   data arrival time

                         10.00   10.00   clock clk (rise edge)
                          0.50   10.50   clock source latency
     1    0.02    0.06    0.04   10.54 ^ clk (in)
                                         clk (net)
                  0.06    0.00   10.54 ^ clkbuf_0_clk/A (sky130_fd_sc_hd__clkbuf_16)
     2    0.02    0.04    0.13   10.67 ^ clkbuf_0_clk/X (sky130_fd_sc_hd__clkbuf_16)
                                         clknet_0_clk (net)
                  0.04    0.00   10.67 ^ clkbuf_1_0__f_clk/A (sky130_fd_sc_hd__clkbuf_16)
    16    0.05    0.07    0.15   10.82 ^ clkbuf_1_0__f_clk/X (sky130_fd_sc_hd__clkbuf_16)
                                         clknet_1_0__leaf_clk (net)
                  0.07    0.00   10.82 ^ _249_/CLK (sky130_fd_sc_hd__dfrtp_1)
                         -0.30   10.52   clock uncertainty
                          0.00   10.52   clock reconvergence pessimism
                         -0.09   10.43   library setup time
                                 10.43   data required time
-----------------------------------------------------------------------------
                                 10.43   data required time
                                 -1.57   data arrival time
-----------------------------------------------------------------------------
                                  8.87   slack (MET)


Startpoint: _259_ (rising edge-triggered flip-flop clocked by clk)
Endpoint: _263_ (rising edge-triggered flip-flop clocked by clk)
Path Group: clk
Path Type: max
Corner: Typical

Fanout     Cap    Slew   Delay    Time   Description
-----------------------------------------------------------------------------
                          0.00    0.00   clock clk (rise edge)
                          0.50    0.50   clock source latency
     1    0.02    0.06    0.04    0.54 ^ clk (in)
                                         clk (net)
                  0.06    0.00    0.54 ^ clkbuf_0_clk/A (sky130_fd_sc_hd__clkbuf_16)
     2    0.02    0.04    0.13    0.67 ^ clkbuf_0_clk/X (sky130_fd_sc_hd__clkbuf_16)
                                         clknet_0_clk (net)
                  0.04    0.00    0.67 ^ clkbuf_1_0__f_clk/A (sky130_fd_sc_hd__clkbuf_16)
    16    0.05    0.07    0.15    0.82 ^ clkbuf_1_0__f_clk/X (sky130_fd_sc_hd__clkbuf_16)
                                         clknet_1_0__leaf_clk (net)
                  0.07    0.00    0.82 ^ _259_/CLK (sky130_fd_sc_hd__dfrtp_1)
     1    0.00    0.05    0.37    1.19 v _259_/Q (sky130_fd_sc_hd__dfrtp_1)
                                         sync_stage1[0] (net)
                  0.05    0.00    1.19 v _263_/D (sky130_fd_sc_hd__dfrtp_1)
                                  1.19   data arrival time

                         10.00   10.00   clock clk (rise edge)
                          0.50   10.50   clock source latency
     1    0.02    0.06    0.04   10.54 ^ clk (in)
                                         clk (net)
                  0.06    0.00   10.54 ^ clkbuf_0_clk/A (sky130_fd_sc_hd__clkbuf_16)
     2    0.02    0.04    0.13   10.67 ^ clkbuf_0_clk/X (sky130_fd_sc_hd__clkbuf_16)
                                         clknet_0_clk (net)
                  0.04    0.00   10.67 ^ clkbuf_1_0__f_clk/A (sky130_fd_sc_hd__clkbuf_16)
    16    0.05    0.07    0.15   10.82 ^ clkbuf_1_0__f_clk/X (sky130_fd_sc_hd__clkbuf_16)
                                         clknet_1_0__leaf_clk (net)
                  0.07    0.00   10.82 ^ _263_/CLK (sky130_fd_sc_hd__dfrtp_1)
                         -0.30   10.52   clock uncertainty
                          0.00   10.52   clock reconvergence pessimism
                         -0.11   10.41   library setup time
                                 10.41   data required time
-----------------------------------------------------------------------------
                                 10.41   data required time
                                 -1.19   data arrival time
-----------------------------------------------------------------------------
                                  9.22   slack (MET)


Startpoint: _260_ (rising edge-triggered flip-flop clocked by clk)
Endpoint: _264_ (rising edge-triggered flip-flop clocked by clk)
Path Group: clk
Path Type: max
Corner: Typical

Fanout     Cap    Slew   Delay    Time   Description
-----------------------------------------------------------------------------
                          0.00    0.00   clock clk (rise edge)
                          0.50    0.50   clock source latency
     1    0.02    0.06    0.04    0.54 ^ clk (in)
                                         clk (net)
                  0.06    0.00    0.54 ^ clkbuf_0_clk/A (sky130_fd_sc_hd__clkbuf_16)
     2    0.02    0.04    0.13    0.67 ^ clkbuf_0_clk/X (sky130_fd_sc_hd__clkbuf_16)
                                         clknet_0_clk (net)
                  0.04    0.00    0.67 ^ clkbuf_1_0__f_clk/A (sky130_fd_sc_hd__clkbuf_16)
    16    0.05    0.07    0.15    0.82 ^ clkbuf_1_0__f_clk/X (sky130_fd_sc_hd__clkbuf_16)
                                         clknet_1_0__leaf_clk (net)
                  0.07    0.00    0.82 ^ _260_/CLK (sky130_fd_sc_hd__dfrtp_1)
     1    0.00    0.04    0.36    1.18 v _260_/Q (sky130_fd_sc_hd__dfrtp_1)
                                         sync_stage1[1] (net)
                  0.04    0.00    1.18 v _264_/D (sky130_fd_sc_hd__dfrtp_1)
                                  1.18   data arrival time

                         10.00   10.00   clock clk (rise edge)
                          0.50   10.50   clock source latency
     1    0.02    0.06    0.04   10.54 ^ clk (in)
                                         clk (net)
                  0.06    0.00   10.54 ^ clkbuf_0_clk/A (sky130_fd_sc_hd__clkbuf_16)
     2    0.02    0.04    0.13   10.67 ^ clkbuf_0_clk/X (sky130_fd_sc_hd__clkbuf_16)
                                         clknet_0_clk (net)
                  0.04    0.00   10.67 ^ clkbuf_1_0__f_clk/A (sky130_fd_sc_hd__clkbuf_16)
    16    0.05    0.07    0.15   10.82 ^ clkbuf_1_0__f_clk/X (sky130_fd_sc_hd__clkbuf_16)
                                         clknet_1_0__leaf_clk (net)
                  0.07    0.00   10.82 ^ _264_/CLK (sky130_fd_sc_hd__dfrtp_1)
                         -0.30   10.52   clock uncertainty
                          0.00   10.52   clock reconvergence pessimism
                         -0.11   10.41   library setup time
                                 10.41   data required time
-----------------------------------------------------------------------------
                                 10.41   data required time
                                 -1.18   data arrival time
-----------------------------------------------------------------------------
                                  9.23   slack (MET)


Startpoint: _261_ (rising edge-triggered flip-flop clocked by clk)
Endpoint: _265_ (rising edge-triggered flip-flop clocked by clk)
Path Group: clk
Path Type: max
Corner: Typical

Fanout     Cap    Slew   Delay    Time   Description
-----------------------------------------------------------------------------
                          0.00    0.00   clock clk (rise edge)
                          0.50    0.50   clock source latency
     1    0.02    0.06    0.04    0.54 ^ clk (in)
                                         clk (net)
                  0.06    0.00    0.54 ^ clkbuf_0_clk/A (sky130_fd_sc_hd__clkbuf_16)
     2    0.02    0.04    0.13    0.67 ^ clkbuf_0_clk/X (sky130_fd_sc_hd__clkbuf_16)
                                         clknet_0_clk (net)
                  0.04    0.00    0.67 ^ clkbuf_1_0__f_clk/A (sky130_fd_sc_hd__clkbuf_16)
    16    0.05    0.07    0.15    0.82 ^ clkbuf_1_0__f_clk/X (sky130_fd_sc_hd__clkbuf_16)
                                         clknet_1_0__leaf_clk (net)
                  0.07    0.00    0.82 ^ _261_/CLK (sky130_fd_sc_hd__dfrtp_1)
     1    0.00    0.04    0.36    1.18 v _261_/Q (sky130_fd_sc_hd__dfrtp_1)
                                         sync_stage1[2] (net)
                  0.04    0.00    1.18 v _265_/D (sky130_fd_sc_hd__dfrtp_1)
                                  1.18   data arrival time

                         10.00   10.00   clock clk (rise edge)
                          0.50   10.50   clock source latency
     1    0.02    0.06    0.04   10.54 ^ clk (in)
                                         clk (net)
                  0.06    0.00   10.54 ^ clkbuf_0_clk/A (sky130_fd_sc_hd__clkbuf_16)
     2    0.02    0.04    0.13   10.67 ^ clkbuf_0_clk/X (sky130_fd_sc_hd__clkbuf_16)
                                         clknet_0_clk (net)
                  0.04    0.00   10.67 ^ clkbuf_1_0__f_clk/A (sky130_fd_sc_hd__clkbuf_16)
    16    0.05    0.07    0.15   10.82 ^ clkbuf_1_0__f_clk/X (sky130_fd_sc_hd__clkbuf_16)
                                         clknet_1_0__leaf_clk (net)
                  0.07    0.00   10.82 ^ _265_/CLK (sky130_fd_sc_hd__dfrtp_1)
                         -0.30   10.52   clock uncertainty
                          0.00   10.52   clock reconvergence pessimism
                         -0.11   10.42   library setup time
                                 10.42   data required time
-----------------------------------------------------------------------------
                                 10.42   data required time
                                 -1.18   data arrival time
-----------------------------------------------------------------------------
                                  9.23   slack (MET)


Startpoint: _262_ (rising edge-triggered flip-flop clocked by clk)
Endpoint: _266_ (rising edge-triggered flip-flop clocked by clk)
Path Group: clk
Path Type: max
Corner: Typical

Fanout     Cap    Slew   Delay    Time   Description
-----------------------------------------------------------------------------
                          0.00    0.00   clock clk (rise edge)
                          0.50    0.50   clock source latency
     1    0.02    0.06    0.04    0.54 ^ clk (in)
                                         clk (net)
                  0.06    0.00    0.54 ^ clkbuf_0_clk/A (sky130_fd_sc_hd__clkbuf_16)
     2    0.02    0.04    0.13    0.67 ^ clkbuf_0_clk/X (sky130_fd_sc_hd__clkbuf_16)
                                         clknet_0_clk (net)
                  0.04    0.00    0.67 ^ clkbuf_1_0__f_clk/A (sky130_fd_sc_hd__clkbuf_16)
    16    0.05    0.07    0.15    0.82 ^ clkbuf_1_0__f_clk/X (sky130_fd_sc_hd__clkbuf_16)
                                         clknet_1_0__leaf_clk (net)
                  0.07    0.00    0.82 ^ _262_/CLK (sky130_fd_sc_hd__dfrtp_1)
     1    0.00    0.04    0.36    1.18 v _262_/Q (sky130_fd_sc_hd__dfrtp_1)
                                         sync_stage1[3] (net)
                  0.04    0.00    1.18 v _266_/D (sky130_fd_sc_hd__dfrtp_1)
                                  1.18   data arrival time

                         10.00   10.00   clock clk (rise edge)
                          0.50   10.50   clock source latency
     1    0.02    0.06    0.04   10.54 ^ clk (in)
                                         clk (net)
                  0.06    0.00   10.54 ^ clkbuf_0_clk/A (sky130_fd_sc_hd__clkbuf_16)
     2    0.02    0.04    0.13   10.67 ^ clkbuf_0_clk/X (sky130_fd_sc_hd__clkbuf_16)
                                         clknet_0_clk (net)
                  0.04    0.00   10.67 ^ clkbuf_1_0__f_clk/A (sky130_fd_sc_hd__clkbuf_16)
    16    0.05    0.07    0.15   10.82 ^ clkbuf_1_0__f_clk/X (sky130_fd_sc_hd__clkbuf_16)
                                         clknet_1_0__leaf_clk (net)
                  0.07    0.00   10.82 ^ _266_/CLK (sky130_fd_sc_hd__dfrtp_1)
                         -0.30   10.52   clock uncertainty
                          0.00   10.52   clock reconvergence pessimism
                         -0.11   10.42   library setup time
                                 10.42   data required time
-----------------------------------------------------------------------------
                                 10.42   data required time
                                 -1.18   data arrival time
-----------------------------------------------------------------------------
                                  9.24   slack (MET)



worst slack corner Typical: 3.8426
