
===========================================================================
report_checks -path_delay min (Hold)
============================================================================
======================= Fastest Corner ===================================

Startpoint: _262_ (rising edge-triggered flip-flop clocked by clk)
Endpoint: _266_ (rising edge-triggered flip-flop clocked by clk)
Path Group: clk
Path Type: min
Corner: Fastest

Fanout     Cap    Slew   Delay    Time   Description
-----------------------------------------------------------------------------
                          0.00    0.00   clock clk (rise edge)
                          0.50    0.50   clock source latency
     1    0.02    0.04    0.03    0.53 ^ clk (in)
                                         clk (net)
                  0.04    0.00    0.53 ^ clkbuf_0_clk/A (sky130_fd_sc_hd__clkbuf_16)
     2    0.02    0.03    0.09    0.62 ^ clkbuf_0_clk/X (sky130_fd_sc_hd__clkbuf_16)
                                         clknet_0_clk (net)
                  0.03    0.00    0.62 ^ clkbuf_1_0__f_clk/A (sky130_fd_sc_hd__clkbuf_16)
    16    0.05    0.05    0.10    0.72 ^ clkbuf_1_0__f_clk/X (sky130_fd_sc_hd__clkbuf_16)
                                         clknet_1_0__leaf_clk (net)
                  0.05    0.01    0.72 ^ _262_/CLK (sky130_fd_sc_hd__dfrtp_1)
     1    0.00    0.03    0.20    0.93 ^ _262_/Q (sky130_fd_sc_hd__dfrtp_1)
                                         sync_stage1[3] (net)
                  0.03    0.00    0.93 ^ _266_/D (sky130_fd_sc_hd__dfrtp_1)
                                  0.93   data arrival time

                          0.00    0.00   clock clk (rise edge)
                          0.50    0.50   clock source latency
     1    0.02    0.04    0.03    0.53 ^ clk (in)
                                         clk (net)
                  0.04    0.00    0.53 ^ clkbuf_0_clk/A (sky130_fd_sc_hd__clkbuf_16)
     2    0.02    0.03    0.09    0.62 ^ clkbuf_0_clk/X (sky130_fd_sc_hd__clkbuf_16)
                                         clknet_0_clk (net)
                  0.03    0.00    0.62 ^ clkbuf_1_0__f_clk/A (sky130_fd_sc_hd__clkbuf_16)
    16    0.05    0.05    0.10    0.72 ^ clkbuf_1_0__f_clk/X (sky130_fd_sc_hd__clkbuf_16)
                                         clknet_1_0__leaf_clk (net)
                  0.05    0.01    0.72 ^ _266_/CLK (sky130_fd_sc_hd__dfrtp_1)
                          0.10    0.82   clock uncertainty
                          0.00    0.82   clock reconvergence pessimism
                         -0.02    0.81   library hold time
                                  0.81   data required time
-----------------------------------------------------------------------------
                                  0.81   data required time
                                 -0.93   data arrival time
-----------------------------------------------------------------------------
                                  0.12   slack (MET)


Startpoint: _261_ (rising edge-triggered flip-flop clocked by clk)
Endpoint: _265_ (rising edge-triggered flip-flop clocked by clk)
Path Group: clk
Path Type: min
Corner: Fastest

Fanout     Cap    Slew   Delay    Time   Description
-----------------------------------------------------------------------------
                          0.00    0.00   clock clk (rise edge)
                          0.50    0.50   clock source latency
     1    0.02    0.04    0.03    0.53 ^ clk (in)
                                         clk (net)
                  0.04    0.00    0.53 ^ clkbuf_0_clk/A (sky130_fd_sc_hd__clkbuf_16)
     2    0.02    0.03    0.09    0.62 ^ clkbuf_0_clk/X (sky130_fd_sc_hd__clkbuf_16)
                                         clknet_0_clk (net)
                  0.03    0.00    0.62 ^ clkbuf_1_0__f_clk/A (sky130_fd_sc_hd__clkbuf_16)
    16    0.05    0.05    0.10    0.72 ^ clkbuf_1_0__f_clk/X (sky130_fd_sc_hd__clkbuf_16)
                                         clknet_1_0__leaf_clk (net)
                  0.05    0.00    0.72 ^ _261_/CLK (sky130_fd_sc_hd__dfrtp_1)
     1    0.00    0.03    0.20    0.93 ^ _261_/Q (sky130_fd_sc_hd__dfrtp_1)
                                         sync_stage1[2] (net)
                  0.03    0.00    0.93 ^ _265_/D (sky130_fd_sc_hd__dfrtp_1)
                                  0.93   data arrival time

                          0.00    0.00   clock clk (rise edge)
                          0.50    0.50   clock source latency
     1    0.02    0.04    0.03    0.53 ^ clk (in)
                                         clk (net)
                  0.04    0.00    0.53 ^ clkbuf_0_clk/A (sky130_fd_sc_hd__clkbuf_16)
     2    0.02    0.03    0.09    0.62 ^ clkbuf_0_clk/X (sky130_fd_sc_hd__clkbuf_16)
                                         clknet_0_clk (net)
                  0.03    0.00    0.62 ^ clkbuf_1_0__f_clk/A (sky130_fd_sc_hd__clkbuf_16)
    16    0.05    0.05    0.10    0.72 ^ clkbuf_1_0__f_clk/X (sky130_fd_sc_hd__clkbuf_16)
                                         clknet_1_0__leaf_clk (net)
                  0.05    0.00    0.72 ^ _265_/CLK (sky130_fd_sc_hd__dfrtp_1)
                          0.10    0.82   clock uncertainty
                          0.00    0.82   clock reconvergence pessimism
                         -0.02    0.80   library hold time
                                  0.80   data required time
-----------------------------------------------------------------------------
                                  0.80   data required time
                                 -0.93   data arrival time
-----------------------------------------------------------------------------
                                  0.12   slack (MET)


Startpoint: _260_ (rising edge-triggered flip-flop clocked by clk)
Endpoint: _264_ (rising edge-triggered flip-flop clocked by clk)
Path Group: clk
Path Type: min
Corner: Fastest

Fanout     Cap    Slew   Delay    Time   Description
-----------------------------------------------------------------------------
                          0.00    0.00   clock clk (rise edge)
                          0.50    0.50   clock source latency
     1    0.02    0.04    0.03    0.53 ^ clk (in)
                                         clk (net)
                  0.04    0.00    0.53 ^ clkbuf_0_clk/A (sky130_fd_sc_hd__clkbuf_16)
     2    0.02    0.03    0.09    0.62 ^ clkbuf_0_clk/X (sky130_fd_sc_hd__clkbuf_16)
                                         clknet_0_clk (net)
                  0.03    0.00    0.62 ^ clkbuf_1_0__f_clk/A (sky130_fd_sc_hd__clkbuf_16)
    16    0.05    0.05    0.10    0.72 ^ clkbuf_1_0__f_clk/X (sky130_fd_sc_hd__clkbuf_16)
                                         clknet_1_0__leaf_clk (net)
                  0.05    0.00    0.72 ^ _260_/CLK (sky130_fd_sc_hd__dfrtp_1)
     1    0.00    0.03    0.20    0.93 ^ _260_/Q (sky130_fd_sc_hd__dfrtp_1)
                                         sync_stage1[1] (net)
                  0.03    0.00    0.93 ^ _264_/D (sky130_fd_sc_hd__dfrtp_1)
                                  0.93   data arrival time

                          0.00    0.00   clock clk (rise edge)
                          0.50    0.50   clock source latency
     1    0.02    0.04    0.03    0.53 ^ clk (in)
                                         clk (net)
                  0.04    0.00    0.53 ^ clkbuf_0_clk/A (sky130_fd_sc_hd__clkbuf_16)
     2    0.02    0.03    0.09    0.62 ^ clkbuf_0_clk/X (sky130_fd_sc_hd__clkbuf_16)
                                         clknet_0_clk (net)
                  0.03    0.00    0.62 ^ clkbuf_1_0__f_clk/A (sky130_fd_sc_hd__clkbuf_16)
    16    0.05    0.05    0.10    0.72 ^ clkbuf_1_0__f_clk/X (sky130_fd_sc_hd__clkbuf_16)
                                         clknet_1_0__leaf_clk (net)
                  0.05    0.00    0.72 ^ _264_/CLK (sky130_fd_sc_hd__dfrtp_1)
                          0.10    0.82   clock uncertainty
                          0.00    0.82   clock reconvergence pessimism
                         -0.02    0.80   library hold time
                                  0.80   data required time
-----------------------------------------------------------------------------
                                  0.80   data required time
                                 -0.93   data arrival time
-----------------------------------------------------------------------------
                                  0.12   slack (MET)


Startpoint: _259_ (rising edge-triggered flip-flop clocked by clk)
Endpoint: _263_ (rising edge-triggered flip-flop clocked by clk)
Path Group: clk
Path Type: min
Corner: Fastest

Fanout     Cap    Slew   Delay    Time   Description
-----------------------------------------------------------------------------
                          0.00    0.00   clock clk (rise edge)
                          0.50    0.50   clock source latency
     1    0.02    0.04    0.03    0.53 ^ clk (in)
                                         clk (net)
                  0.04    0.00    0.53 ^ clkbuf_0_clk/A (sky130_fd_sc_hd__clkbuf_16)
     2    0.02    0.03    0.09    0.62 ^ clkbuf_0_clk/X (sky130_fd_sc_hd__clkbuf_16)
                                         clknet_0_clk (net)
                  0.03    0.00    0.62 ^ clkbuf_1_0__f_clk/A (sky130_fd_sc_hd__clkbuf_16)
    16    0.05    0.05    0.10    0.72 ^ clkbuf_1_0__f_clk/X (sky130_fd_sc_hd__clkbuf_16)
                                         clknet_1_0__leaf_clk (net)
                  0.05    0.00    0.72 ^ _259_/CLK (sky130_fd_sc_hd__dfrtp_1)
     1    0.00    0.04    0.21    0.93 ^ _259_/Q (sky130_fd_sc_hd__dfrtp_1)
                                         sync_stage1[0] (net)
                  0.04    0.00    0.93 ^ _263_/D (sky130_fd_sc_hd__dfrtp_1)
                                  0.93   data arrival time

                          0.00    0.00   clock clk (rise edge)
                          0.50    0.50   clock source latency
     1    0.02    0.04    0.03    0.53 ^ clk (in)
                                         clk (net)
                  0.04    0.00    0.53 ^ clkbuf_0_clk/A (sky130_fd_sc_hd__clkbuf_16)
     2    0.02    0.03    0.09    0.62 ^ clkbuf_0_clk/X (sky130_fd_sc_hd__clkbuf_16)
                                         clknet_0_clk (net)
                  0.03    0.00    0.62 ^ clkbuf_1_0__f_clk/A (sky130_fd_sc_hd__clkbuf_16)
    16    0.05    0.05    0.10    0.72 ^ clkbuf_1_0__f_clk/X (sky130_fd_sc_hd__clkbuf_16)
                                         clknet_1_0__leaf_clk (net)
                  0.05    0.00    0.72 ^ _263_/CLK (sky130_fd_sc_hd__dfrtp_1)
                          0.10    0.82   clock uncertainty
                          0.00    0.82   clock reconvergence pessimism
                         -0.02    0.80   library hold time
                                  0.80   data required time
-----------------------------------------------------------------------------
                                  0.80   data required time
                                 -0.93   data arrival time
-----------------------------------------------------------------------------
                                  0.13   slack (MET)


Startpoint: req_idle (input port clocked by clk)
Endpoint: _262_ (rising edge-triggered flip-flop clocked by clk)
Path Group: clk
Path Type: min
Corner: Fastest

Fanout     Cap    Slew   Delay    Time   Description
-----------------------------------------------------------------------------
                          0.00    0.00   clock clk (rise edge)
                          0.50    0.50   clock network delay (propagated)
                          0.50    1.00 ^ input external delay
     1    0.00    0.02    0.01    1.01 ^ req_idle (in)
                                         req_idle (net)
                  0.02    0.00    1.01 ^ input3/A (sky130_fd_sc_hd__clkbuf_1)
     1    0.00    0.03    0.05    1.05 ^ input3/X (sky130_fd_sc_hd__clkbuf_1)
                                         net3 (net)
                  0.03    0.00    1.05 ^ _262_/D (sky130_fd_sc_hd__dfrtp_1)
                                  1.05   data arrival time

                          0.00    0.00   clock clk (rise edge)
                          0.50    0.50   clock source latency
     1    0.02    0.04    0.03    0.53 ^ clk (in)
                                         clk (net)
                  0.04    0.00    0.53 ^ clkbuf_0_clk/A (sky130_fd_sc_hd__clkbuf_16)
     2    0.02    0.03    0.09    0.62 ^ clkbuf_0_clk/X (sky130_fd_sc_hd__clkbuf_16)
                                         clknet_0_clk (net)
                  0.03    0.00    0.62 ^ clkbuf_1_0__f_clk/A (sky130_fd_sc_hd__clkbuf_16)
    16    0.05    0.05    0.10    0.72 ^ clkbuf_1_0__f_clk/X (sky130_fd_sc_hd__clkbuf_16)
                                         clknet_1_0__leaf_clk (net)
                  0.05    0.01    0.72 ^ _262_/CLK (sky130_fd_sc_hd__dfrtp_1)
                          0.10    0.82   clock uncertainty
                          0.00    0.82   clock reconvergence pessimism
                         -0.02    0.81   library hold time
                                  0.81   data required time
-----------------------------------------------------------------------------
                                  0.81   data required time
                                 -1.05   data arrival time
-----------------------------------------------------------------------------
                                  0.25   slack (MET)


Startpoint: req_off (input port clocked by clk)
Endpoint: _260_ (rising edge-triggered flip-flop clocked by clk)
Path Group: clk
Path Type: min
Corner: Fastest

Fanout     Cap    Slew   Delay    Time   Description
-----------------------------------------------------------------------------
                          0.00    0.00   clock clk (rise edge)
                          0.50    0.50   clock network delay (propagated)
                          0.50    1.00 ^ input external delay
     1    0.00    0.02    0.01    1.01 ^ req_off (in)
                                         req_off (net)
                  0.02    0.00    1.01 ^ input4/A (sky130_fd_sc_hd__clkbuf_1)
     1    0.00    0.03    0.05    1.05 ^ input4/X (sky130_fd_sc_hd__clkbuf_1)
                                         net4 (net)
                  0.03    0.00    1.05 ^ _260_/D (sky130_fd_sc_hd__dfrtp_1)
                                  1.05   data arrival time

                          0.00    0.00   clock clk (rise edge)
                          0.50    0.50   clock source latency
     1    0.02    0.04    0.03    0.53 ^ clk (in)
                                         clk (net)
                  0.04    0.00    0.53 ^ clkbuf_0_clk/A (sky130_fd_sc_hd__clkbuf_16)
     2    0.02    0.03    0.09    0.62 ^ clkbuf_0_clk/X (sky130_fd_sc_hd__clkbuf_16)
                                         clknet_0_clk (net)
                  0.03    0.00    0.62 ^ clkbuf_1_0__f_clk/A (sky130_fd_sc_hd__clkbuf_16)
    16    0.05    0.05    0.10    0.72 ^ clkbuf_1_0__f_clk/X (sky130_fd_sc_hd__clkbuf_16)
                                         clknet_1_0__leaf_clk (net)
                  0.05    0.00    0.72 ^ _260_/CLK (sky130_fd_sc_hd__dfrtp_1)
                          0.10    0.82   clock uncertainty
                          0.00    0.82   clock reconvergence pessimism
                         -0.02    0.80   library hold time
                                  0.80   data required time
-----------------------------------------------------------------------------
                                  0.80   data required time
                                 -1.05   data arrival time
-----------------------------------------------------------------------------
                                  0.25   slack (MET)


Startpoint: req_sleep (input port clocked by clk)
Endpoint: _261_ (rising edge-triggered flip-flop clocked by clk)
Path Group: clk
Path Type: min
Corner: Fastest

Fanout     Cap    Slew   Delay    Time   Description
-----------------------------------------------------------------------------
                          0.00    0.00   clock clk (rise edge)
                          0.50    0.50   clock network delay (propagated)
                          0.50    1.00 ^ input external delay
     1    0.00    0.02    0.01    1.01 ^ req_sleep (in)
                                         req_sleep (net)
                  0.02    0.00    1.01 ^ input5/A (sky130_fd_sc_hd__clkbuf_1)
     1    0.00    0.04    0.05    1.06 ^ input5/X (sky130_fd_sc_hd__clkbuf_1)
                                         net5 (net)
                  0.04    0.00    1.06 ^ _261_/D (sky130_fd_sc_hd__dfrtp_1)
                                  1.06   data arrival time

                          0.00    0.00   clock clk (rise edge)
                          0.50    0.50   clock source latency
     1    0.02    0.04    0.03    0.53 ^ clk (in)
                                         clk (net)
                  0.04    0.00    0.53 ^ clkbuf_0_clk/A (sky130_fd_sc_hd__clkbuf_16)
     2    0.02    0.03    0.09    0.62 ^ clkbuf_0_clk/X (sky130_fd_sc_hd__clkbuf_16)
                                         clknet_0_clk (net)
                  0.03    0.00    0.62 ^ clkbuf_1_0__f_clk/A (sky130_fd_sc_hd__clkbuf_16)
    16    0.05    0.05    0.10    0.72 ^ clkbuf_1_0__f_clk/X (sky130_fd_sc_hd__clkbuf_16)
                                         clknet_1_0__leaf_clk (net)
                  0.05    0.00    0.72 ^ _261_/CLK (sky130_fd_sc_hd__dfrtp_1)
                          0.10    0.82   clock uncertainty
                          0.00    0.82   clock reconvergence pessimism
                         -0.02    0.80   library hold time
                                  0.80   data required time
-----------------------------------------------------------------------------
                                  0.80   data required time
                                 -1.06   data arrival time
-----------------------------------------------------------------------------
                                  0.26   slack (MET)


Startpoint: wake_up (input port clocked by clk)
Endpoint: _259_ (rising edge-triggered flip-flop clocked by clk)
Path Group: clk
Path Type: min
Corner: Fastest

Fanout     Cap    Slew   Delay    Time   Description
-----------------------------------------------------------------------------
                          0.00    0.00   clock clk (rise edge)
                          0.50    0.50   clock network delay (propagated)
                          0.50    1.00 ^ input external delay
     1    0.00    0.02    0.01    1.01 ^ wake_up (in)
                                         wake_up (net)
                  0.02    0.00    1.01 ^ input7/A (sky130_fd_sc_hd__clkbuf_1)
     1    0.00    0.04    0.05    1.06 ^ input7/X (sky130_fd_sc_hd__clkbuf_1)
                                         net7 (net)
                  0.04    0.00    1.06 ^ _259_/D (sky130_fd_sc_hd__dfrtp_1)
                                  1.06   data arrival time

                          0.00    0.00   clock clk (rise edge)
                          0.50    0.50   clock source latency
     1    0.02    0.04    0.03    0.53 ^ clk (in)
                                         clk (net)
                  0.04    0.00    0.53 ^ clkbuf_0_clk/A (sky130_fd_sc_hd__clkbuf_16)
     2    0.02    0.03    0.09    0.62 ^ clkbuf_0_clk/X (sky130_fd_sc_hd__clkbuf_16)
                                         clknet_0_clk (net)
                  0.03    0.00    0.62 ^ clkbuf_1_0__f_clk/A (sky130_fd_sc_hd__clkbuf_16)
    16    0.05    0.05    0.10    0.72 ^ clkbuf_1_0__f_clk/X (sky130_fd_sc_hd__clkbuf_16)
                                         clknet_1_0__leaf_clk (net)
                  0.05    0.00    0.72 ^ _259_/CLK (sky130_fd_sc_hd__dfrtp_1)
                          0.10    0.82   clock uncertainty
                          0.00    0.82   clock reconvergence pessimism
                         -0.02    0.80   library hold time
                                  0.80   data required time
-----------------------------------------------------------------------------
                                  0.80   data required time
                                 -1.06   data arrival time
-----------------------------------------------------------------------------
                                  0.26   slack (MET)


Startpoint: _247_ (rising edge-triggered flip-flop clocked by clk)
Endpoint: _247_ (rising edge-triggered flip-flop clocked by clk)
Path Group: clk
Path Type: min
Corner: Fastest

Fanout     Cap    Slew   Delay    Time   Description
-----------------------------------------------------------------------------
                          0.00    0.00   clock clk (rise edge)
                          0.50    0.50   clock source latency
     1    0.02    0.04    0.03    0.53 ^ clk (in)
                                         clk (net)
                  0.04    0.00    0.53 ^ clkbuf_0_clk/A (sky130_fd_sc_hd__clkbuf_16)
     2    0.02    0.03    0.09    0.62 ^ clkbuf_0_clk/X (sky130_fd_sc_hd__clkbuf_16)
                                         clknet_0_clk (net)
                  0.03    0.00    0.62 ^ clkbuf_1_1__f_clk/A (sky130_fd_sc_hd__clkbuf_16)
    13    0.05    0.05    0.10    0.72 ^ clkbuf_1_1__f_clk/X (sky130_fd_sc_hd__clkbuf_16)
                                         clknet_1_1__leaf_clk (net)
                  0.05    0.00    0.72 ^ _247_/CLK (sky130_fd_sc_hd__dfrtp_1)
     2    0.01    0.07    0.23    0.96 ^ _247_/Q (sky130_fd_sc_hd__dfrtp_1)
                                         seq_timer[7] (net)
                  0.07    0.00    0.96 ^ _237_/A (sky130_fd_sc_hd__xor2_1)
     1    0.00    0.03    0.04    1.00 v _237_/X (sky130_fd_sc_hd__xor2_1)
                                         _056_ (net)
                  0.03    0.00    1.00 v _238_/A (sky130_fd_sc_hd__nor2_1)
     1    0.00    0.06    0.07    1.07 ^ _238_/Y (sky130_fd_sc_hd__nor2_1)
                                         _011_ (net)
                  0.06    0.00    1.07 ^ _247_/D (sky130_fd_sc_hd__dfrtp_1)
                                  1.07   data arrival time

                          0.00    0.00   clock clk (rise edge)
                          0.50    0.50   clock source latency
     1    0.02    0.04    0.03    0.53 ^ clk (in)
                                         clk (net)
                  0.04    0.00    0.53 ^ clkbuf_0_clk/A (sky130_fd_sc_hd__clkbuf_16)
     2    0.02    0.03    0.09    0.62 ^ clkbuf_0_clk/X (sky130_fd_sc_hd__clkbuf_16)
                                         clknet_0_clk (net)
                  0.03    0.00    0.62 ^ clkbuf_1_1__f_clk/A (sky130_fd_sc_hd__clkbuf_16)
    13    0.05    0.05    0.10    0.72 ^ clkbuf_1_1__f_clk/X (sky130_fd_sc_hd__clkbuf_16)
                                         clknet_1_1__leaf_clk (net)
                  0.05    0.00    0.72 ^ _247_/CLK (sky130_fd_sc_hd__dfrtp_1)
                          0.10    0.82   clock uncertainty
                          0.00    0.82   clock reconvergence pessimism
                         -0.02    0.80   library hold time
                                  0.80   data required time
-----------------------------------------------------------------------------
                                  0.80   data required time
                                 -1.07   data arrival time
-----------------------------------------------------------------------------
                                  0.27   slack (MET)


Startpoint: _257_ (rising edge-triggered flip-flop clocked by clk)
Endpoint: _249_ (rising edge-triggered flip-flop clocked by clk)
Path Group: clk
Path Type: min
Corner: Fastest

Fanout     Cap    Slew   Delay    Time   Description
-----------------------------------------------------------------------------
                          0.00    0.00   clock clk (rise edge)
                          0.50    0.50   clock source latency
     1    0.02    0.04    0.03    0.53 ^ clk (in)
                                         clk (net)
                  0.04    0.00    0.53 ^ clkbuf_0_clk/A (sky130_fd_sc_hd__clkbuf_16)
     2    0.02    0.03    0.09    0.62 ^ clkbuf_0_clk/X (sky130_fd_sc_hd__clkbuf_16)
                                         clknet_0_clk (net)
                  0.03    0.00    0.62 ^ clkbuf_1_0__f_clk/A (sky130_fd_sc_hd__clkbuf_16)
    16    0.05    0.05    0.10    0.72 ^ clkbuf_1_0__f_clk/X (sky130_fd_sc_hd__clkbuf_16)
                                         clknet_1_0__leaf_clk (net)
                  0.05    0.00    0.72 ^ _257_/CLK (sky130_fd_sc_hd__dfrtp_1)
     3    0.01    0.05    0.25    0.98 v _257_/Q (sky130_fd_sc_hd__dfrtp_1)
                                         curr_state[1] (net)
                  0.05    0.00    0.98 v _169_/A (sky130_fd_sc_hd__inv_2)
     2    0.01    0.03    0.04    1.02 ^ _169_/Y (sky130_fd_sc_hd__inv_2)
                                         _106_ (net)
                  0.03    0.00    1.02 ^ _183_/B (sky130_fd_sc_hd__nor2_1)
     2    0.01    0.03    0.04    1.06 v _183_/Y (sky130_fd_sc_hd__nor2_1)
                                         _002_ (net)
                  0.03    0.00    1.06 v _249_/D (sky130_fd_sc_hd__dfrtp_1)
                                  1.06   data arrival time

                          0.00    0.00   clock clk (rise edge)
                          0.50    0.50   clock source latency
     1    0.02    0.04    0.03    0.53 ^ clk (in)
                                         clk (net)
                  0.04    0.00    0.53 ^ clkbuf_0_clk/A (sky130_fd_sc_hd__clkbuf_16)
     2    0.02    0.03    0.09    0.62 ^ clkbuf_0_clk/X (sky130_fd_sc_hd__clkbuf_16)
                                         clknet_0_clk (net)
                  0.03    0.00    0.62 ^ clkbuf_1_0__f_clk/A (sky130_fd_sc_hd__clkbuf_16)
    16    0.05    0.05    0.10    0.72 ^ clkbuf_1_0__f_clk/X (sky130_fd_sc_hd__clkbuf_16)
                                         clknet_1_0__leaf_clk (net)
                  0.05    0.00    0.72 ^ _249_/CLK (sky130_fd_sc_hd__dfrtp_1)
                          0.10    0.82   clock uncertainty
                          0.00    0.82   clock reconvergence pessimism
                         -0.03    0.79   library hold time
                                  0.79   data required time
-----------------------------------------------------------------------------
                                  0.79   data required time
                                 -1.06   data arrival time
-----------------------------------------------------------------------------
                                  0.27   slack (MET)


Startpoint: _246_ (rising edge-triggered flip-flop clocked by clk)
Endpoint: _246_ (rising edge-triggered flip-flop clocked by clk)
Path Group: clk
Path Type: min
Corner: Fastest

Fanout     Cap    Slew   Delay    Time   Description
-----------------------------------------------------------------------------
                          0.00    0.00   clock clk (rise edge)
                          0.50    0.50   clock source latency
     1    0.02    0.04    0.03    0.53 ^ clk (in)
                                         clk (net)
                  0.04    0.00    0.53 ^ clkbuf_0_clk/A (sky130_fd_sc_hd__clkbuf_16)
     2    0.02    0.03    0.09    0.62 ^ clkbuf_0_clk/X (sky130_fd_sc_hd__clkbuf_16)
                                         clknet_0_clk (net)
                  0.03    0.00    0.62 ^ clkbuf_1_1__f_clk/A (sky130_fd_sc_hd__clkbuf_16)
    13    0.05    0.05    0.10    0.72 ^ clkbuf_1_1__f_clk/X (sky130_fd_sc_hd__clkbuf_16)
                                         clknet_1_1__leaf_clk (net)
                  0.05    0.00    0.72 ^ _246_/CLK (sky130_fd_sc_hd__dfrtp_1)
     3    0.01    0.07    0.24    0.96 ^ _246_/Q (sky130_fd_sc_hd__dfrtp_1)
                                         seq_timer[6] (net)
                  0.07    0.00    0.96 ^ _234_/B (sky130_fd_sc_hd__nand2_1)
     2    0.01    0.05    0.06    1.02 v _234_/Y (sky130_fd_sc_hd__nand2_1)
                                         _054_ (net)
                  0.05    0.00    1.02 v _235_/B (sky130_fd_sc_hd__nand2_1)
     1    0.00    0.03    0.06    1.07 ^ _235_/Y (sky130_fd_sc_hd__nand2_1)
                                         _055_ (net)
                  0.03    0.00    1.07 ^ _236_/A (sky130_fd_sc_hd__nor2_1)
     1    0.00    0.02    0.02    1.10 v _236_/Y (sky130_fd_sc_hd__nor2_1)
                                         _010_ (net)
                  0.02    0.00    1.10 v _246_/D (sky130_fd_sc_hd__dfrtp_1)
                                  1.10   data arrival time

                          0.00    0.00   clock clk (rise edge)
                          0.50    0.50   clock source latency
     1    0.02    0.04    0.03    0.53 ^ clk (in)
                                         clk (net)
                  0.04    0.00    0.53 ^ clkbuf_0_clk/A (sky130_fd_sc_hd__clkbuf_16)
     2    0.02    0.03    0.09    0.62 ^ clkbuf_0_clk/X (sky130_fd_sc_hd__clkbuf_16)
                                         clknet_0_clk (net)
                  0.03    0.00    0.62 ^ clkbuf_1_1__f_clk/A (sky130_fd_sc_hd__clkbuf_16)
    13    0.05    0.05    0.10    0.72 ^ clkbuf_1_1__f_clk/X (sky130_fd_sc_hd__clkbuf_16)
                                         clknet_1_1__leaf_clk (net)
                  0.05    0.00    0.72 ^ _246_/CLK (sky130_fd_sc_hd__dfrtp_1)
                          0.10    0.82   clock uncertainty
                          0.00    0.82   clock reconvergence pessimism
                         -0.03    0.80   library hold time
                                  0.80   data required time
-----------------------------------------------------------------------------
                                  0.80   data required time
                                 -1.10   data arrival time
-----------------------------------------------------------------------------
                                  0.30   slack (MET)


Startpoint: _240_ (rising edge-triggered flip-flop clocked by clk)
Endpoint: _251_ (rising edge-triggered flip-flop clocked by clk)
Path Group: clk
Path Type: min
Corner: Fastest

Fanout     Cap    Slew   Delay    Time   Description
-----------------------------------------------------------------------------
                          0.00    0.00   clock clk (rise edge)
                          0.50    0.50   clock source latency
     1    0.02    0.04    0.03    0.53 ^ clk (in)
                                         clk (net)
                  0.04    0.00    0.53 ^ clkbuf_0_clk/A (sky130_fd_sc_hd__clkbuf_16)
     2    0.02    0.03    0.09    0.62 ^ clkbuf_0_clk/X (sky130_fd_sc_hd__clkbuf_16)
                                         clknet_0_clk (net)
                  0.03    0.00    0.62 ^ clkbuf_1_1__f_clk/A (sky130_fd_sc_hd__clkbuf_16)
    13    0.05    0.05    0.10    0.72 ^ clkbuf_1_1__f_clk/X (sky130_fd_sc_hd__clkbuf_16)
                                         clknet_1_1__leaf_clk (net)
                  0.05    0.00    0.72 ^ _240_/CLK (sky130_fd_sc_hd__dfrtp_1)
     5    0.02    0.14    0.28    1.00 ^ _240_/Q (sky130_fd_sc_hd__dfrtp_1)
                                         seq_timer[0] (net)
                  0.14    0.00    1.01 ^ _198_/A2 (sky130_fd_sc_hd__o211a_1)
     1    0.01    0.04    0.10    1.11 ^ _198_/X (sky130_fd_sc_hd__o211a_1)
                                         _003_ (net)
                  0.04    0.00    1.11 ^ _251_/D (sky130_fd_sc_hd__dfrtp_1)
                                  1.11   data arrival time

                          0.00    0.00   clock clk (rise edge)
                          0.50    0.50   clock source latency
     1    0.02    0.04    0.03    0.53 ^ clk (in)
                                         clk (net)
                  0.04    0.00    0.53 ^ clkbuf_0_clk/A (sky130_fd_sc_hd__clkbuf_16)
     2    0.02    0.03    0.09    0.62 ^ clkbuf_0_clk/X (sky130_fd_sc_hd__clkbuf_16)
                                         clknet_0_clk (net)
                  0.03    0.00    0.62 ^ clkbuf_1_0__f_clk/A (sky130_fd_sc_hd__clkbuf_16)
    16    0.05    0.05    0.10    0.72 ^ clkbuf_1_0__f_clk/X (sky130_fd_sc_hd__clkbuf_16)
                                         clknet_1_0__leaf_clk (net)
                  0.05    0.01    0.72 ^ _251_/CLK (sky130_fd_sc_hd__dfrtp_1)
                          0.10    0.82   clock uncertainty
                          0.00    0.82   clock reconvergence pessimism
                         -0.02    0.80   library hold time
                                  0.80   data required time
-----------------------------------------------------------------------------
                                  0.80   data required time
                                 -1.11   data arrival time
-----------------------------------------------------------------------------
                                  0.30   slack (MET)


Startpoint: _256_ (rising edge-triggered flip-flop clocked by clk)
Endpoint: _248_ (rising edge-triggered flip-flop clocked by clk)
Path Group: clk
Path Type: min
Corner: Fastest

Fanout     Cap    Slew   Delay    Time   Description
-----------------------------------------------------------------------------
                          0.00    0.00   clock clk (rise edge)
                          0.50    0.50   clock source latency
     1    0.02    0.04    0.03    0.53 ^ clk (in)
                                         clk (net)
                  0.04    0.00    0.53 ^ clkbuf_0_clk/A (sky130_fd_sc_hd__clkbuf_16)
     2    0.02    0.03    0.09    0.62 ^ clkbuf_0_clk/X (sky130_fd_sc_hd__clkbuf_16)
                                         clknet_0_clk (net)
                  0.03    0.00    0.62 ^ clkbuf_1_0__f_clk/A (sky130_fd_sc_hd__clkbuf_16)
    16    0.05    0.05    0.10    0.72 ^ clkbuf_1_0__f_clk/X (sky130_fd_sc_hd__clkbuf_16)
                                         clknet_1_0__leaf_clk (net)
                  0.05    0.01    0.72 ^ _256_/CLK (sky130_fd_sc_hd__dfrtp_4)
     8    0.03    0.08    0.30    1.02 ^ _256_/Q (sky130_fd_sc_hd__dfrtp_4)
                                         curr_state[0] (net)
                  0.08    0.00    1.02 ^ _188_/A1 (sky130_fd_sc_hd__o21a_1)
     1    0.00    0.03    0.08    1.11 ^ _188_/X (sky130_fd_sc_hd__o21a_1)
                                         _000_ (net)
                  0.03    0.00    1.11 ^ _248_/D (sky130_fd_sc_hd__dfrtp_1)
                                  1.11   data arrival time

                          0.00    0.00   clock clk (rise edge)
                          0.50    0.50   clock source latency
     1    0.02    0.04    0.03    0.53 ^ clk (in)
                                         clk (net)
                  0.04    0.00    0.53 ^ clkbuf_0_clk/A (sky130_fd_sc_hd__clkbuf_16)
     2    0.02    0.03    0.09    0.62 ^ clkbuf_0_clk/X (sky130_fd_sc_hd__clkbuf_16)
                                         clknet_0_clk (net)
                  0.03    0.00    0.62 ^ clkbuf_1_0__f_clk/A (sky130_fd_sc_hd__clkbuf_16)
    16    0.05    0.05    0.10    0.72 ^ clkbuf_1_0__f_clk/X (sky130_fd_sc_hd__clkbuf_16)
                                         clknet_1_0__leaf_clk (net)
                  0.05    0.01    0.72 ^ _248_/CLK (sky130_fd_sc_hd__dfrtp_1)
                          0.10    0.82   clock uncertainty
                          0.00    0.82   clock reconvergence pessimism
                         -0.02    0.80   library hold time
                                  0.80   data required time
-----------------------------------------------------------------------------
                                  0.80   data required time
                                 -1.11   data arrival time
-----------------------------------------------------------------------------
                                  0.30   slack (MET)


Startpoint: _256_ (rising edge-triggered flip-flop clocked by clk)
Endpoint: _239_ (rising edge-triggered flip-flop clocked by clk)
Path Group: clk
Path Type: min
Corner: Fastest

Fanout     Cap    Slew   Delay    Time   Description
-----------------------------------------------------------------------------
                          0.00    0.00   clock clk (rise edge)
                          0.50    0.50   clock source latency
     1    0.02    0.04    0.03    0.53 ^ clk (in)
                                         clk (net)
                  0.04    0.00    0.53 ^ clkbuf_0_clk/A (sky130_fd_sc_hd__clkbuf_16)
     2    0.02    0.03    0.09    0.62 ^ clkbuf_0_clk/X (sky130_fd_sc_hd__clkbuf_16)
                                         clknet_0_clk (net)
                  0.03    0.00    0.62 ^ clkbuf_1_0__f_clk/A (sky130_fd_sc_hd__clkbuf_16)
    16    0.05    0.05    0.10    0.72 ^ clkbuf_1_0__f_clk/X (sky130_fd_sc_hd__clkbuf_16)
                                         clknet_1_0__leaf_clk (net)
                  0.05    0.01    0.72 ^ _256_/CLK (sky130_fd_sc_hd__dfrtp_4)
     8    0.03    0.08    0.30    1.02 ^ _256_/Q (sky130_fd_sc_hd__dfrtp_4)
                                         curr_state[0] (net)
                  0.08    0.00    1.02 ^ _189_/A (sky130_fd_sc_hd__nor2_1)
     2    0.01    0.04    0.05    1.08 v _189_/Y (sky130_fd_sc_hd__nor2_1)
                                         _022_ (net)
                  0.04    0.00    1.08 v _190_/A (sky130_fd_sc_hd__inv_2)
     1    0.00    0.02    0.03    1.11 ^ _190_/Y (sky130_fd_sc_hd__inv_2)
                                         _001_ (net)
                  0.02    0.00    1.11 ^ _239_/D (sky130_fd_sc_hd__dfstp_1)
                                  1.11   data arrival time

                          0.00    0.00   clock clk (rise edge)
                          0.50    0.50   clock source latency
     1    0.02    0.04    0.03    0.53 ^ clk (in)
                                         clk (net)
                  0.04    0.00    0.53 ^ clkbuf_0_clk/A (sky130_fd_sc_hd__clkbuf_16)
     2    0.02    0.03    0.09    0.62 ^ clkbuf_0_clk/X (sky130_fd_sc_hd__clkbuf_16)
                                         clknet_0_clk (net)
                  0.03    0.00    0.62 ^ clkbuf_1_1__f_clk/A (sky130_fd_sc_hd__clkbuf_16)
    13    0.05    0.05    0.10    0.72 ^ clkbuf_1_1__f_clk/X (sky130_fd_sc_hd__clkbuf_16)
                                         clknet_1_1__leaf_clk (net)
                  0.05    0.00    0.72 ^ _239_/CLK (sky130_fd_sc_hd__dfstp_1)
                          0.10    0.82   clock uncertainty
                          0.00    0.82   clock reconvergence pessimism
                         -0.02    0.80   library hold time
                                  0.80   data required time
-----------------------------------------------------------------------------
                                  0.80   data required time
                                 -1.11   data arrival time
-----------------------------------------------------------------------------
                                  0.31   slack (MET)


Startpoint: _244_ (rising edge-triggered flip-flop clocked by clk)
Endpoint: _244_ (rising edge-triggered flip-flop clocked by clk)
Path Group: clk
Path Type: min
Corner: Fastest

Fanout     Cap    Slew   Delay    Time   Description
-----------------------------------------------------------------------------
                          0.00    0.00   clock clk (rise edge)
                          0.50    0.50   clock source latency
     1    0.02    0.04    0.03    0.53 ^ clk (in)
                                         clk (net)
                  0.04    0.00    0.53 ^ clkbuf_0_clk/A (sky130_fd_sc_hd__clkbuf_16)
     2    0.02    0.03    0.09    0.62 ^ clkbuf_0_clk/X (sky130_fd_sc_hd__clkbuf_16)
                                         clknet_0_clk (net)
                  0.03    0.00    0.62 ^ clkbuf_1_1__f_clk/A (sky130_fd_sc_hd__clkbuf_16)
    13    0.05    0.05    0.10    0.72 ^ clkbuf_1_1__f_clk/X (sky130_fd_sc_hd__clkbuf_16)
                                         clknet_1_1__leaf_clk (net)
                  0.05    0.00    0.72 ^ _244_/CLK (sky130_fd_sc_hd__dfrtp_1)
     3    0.01    0.07    0.23    0.96 ^ _244_/Q (sky130_fd_sc_hd__dfrtp_1)
                                         seq_timer[4] (net)
                  0.07    0.00    0.96 ^ _224_/A_N (sky130_fd_sc_hd__nand2b_1)
     1    0.00    0.03    0.07    1.02 ^ _224_/Y (sky130_fd_sc_hd__nand2b_1)
                                         _046_ (net)
                  0.03    0.00    1.02 ^ _226_/A (sky130_fd_sc_hd__nand2_1)
     1    0.00    0.03    0.03    1.05 v _226_/Y (sky130_fd_sc_hd__nand2_1)
                                         _048_ (net)
                  0.03    0.00    1.05 v _227_/A (sky130_fd_sc_hd__nor2_1)
     1    0.00    0.05    0.06    1.11 ^ _227_/Y (sky130_fd_sc_hd__nor2_1)
                                         _008_ (net)
                  0.05    0.00    1.11 ^ _244_/D (sky130_fd_sc_hd__dfrtp_1)
                                  1.11   data arrival time

                          0.00    0.00   clock clk (rise edge)
                          0.50    0.50   clock source latency
     1    0.02    0.04    0.03    0.53 ^ clk (in)
                                         clk (net)
                  0.04    0.00    0.53 ^ clkbuf_0_clk/A (sky130_fd_sc_hd__clkbuf_16)
     2    0.02    0.03    0.09    0.62 ^ clkbuf_0_clk/X (sky130_fd_sc_hd__clkbuf_16)
                                         clknet_0_clk (net)
                  0.03    0.00    0.62 ^ clkbuf_1_1__f_clk/A (sky130_fd_sc_hd__clkbuf_16)
    13    0.05    0.05    0.10    0.72 ^ clkbuf_1_1__f_clk/X (sky130_fd_sc_hd__clkbuf_16)
                                         clknet_1_1__leaf_clk (net)
                  0.05    0.00    0.72 ^ _244_/CLK (sky130_fd_sc_hd__dfrtp_1)
                          0.10    0.82   clock uncertainty
                          0.00    0.82   clock reconvergence pessimism
                         -0.02    0.80   library hold time
                                  0.80   data required time
-----------------------------------------------------------------------------
                                  0.80   data required time
                                 -1.11   data arrival time
-----------------------------------------------------------------------------
                                  0.31   slack (MET)


Startpoint: _243_ (rising edge-triggered flip-flop clocked by clk)
Endpoint: _243_ (rising edge-triggered flip-flop clocked by clk)
Path Group: clk
Path Type: min
Corner: Fastest

Fanout     Cap    Slew   Delay    Time   Description
-----------------------------------------------------------------------------
                          0.00    0.00   clock clk (rise edge)
                          0.50    0.50   clock source latency
     1    0.02    0.04    0.03    0.53 ^ clk (in)
                                         clk (net)
                  0.04    0.00    0.53 ^ clkbuf_0_clk/A (sky130_fd_sc_hd__clkbuf_16)
     2    0.02    0.03    0.09    0.62 ^ clkbuf_0_clk/X (sky130_fd_sc_hd__clkbuf_16)
                                         clknet_0_clk (net)
                  0.03    0.00    0.62 ^ clkbuf_1_1__f_clk/A (sky130_fd_sc_hd__clkbuf_16)
    13    0.05    0.05    0.10    0.72 ^ clkbuf_1_1__f_clk/X (sky130_fd_sc_hd__clkbuf_16)
                                         clknet_1_1__leaf_clk (net)
                  0.05    0.00    0.72 ^ _243_/CLK (sky130_fd_sc_hd__dfrtp_1)
     3    0.01    0.05    0.26    0.98 v _243_/Q (sky130_fd_sc_hd__dfrtp_1)
                                         seq_timer[3] (net)
                  0.05    0.00    0.98 v _133_/A (sky130_fd_sc_hd__inv_2)
     2    0.01    0.03    0.04    1.02 ^ _133_/Y (sky130_fd_sc_hd__inv_2)
                                         _073_ (net)
                  0.03    0.00    1.02 ^ _220_/B (sky130_fd_sc_hd__nand2_1)
     1    0.00    0.02    0.03    1.05 v _220_/Y (sky130_fd_sc_hd__nand2_1)
                                         _043_ (net)
                  0.02    0.00    1.05 v _222_/A (sky130_fd_sc_hd__nand2_1)
     1    0.00    0.03    0.03    1.08 ^ _222_/Y (sky130_fd_sc_hd__nand2_1)
                                         _045_ (net)
                  0.03    0.00    1.08 ^ _223_/A (sky130_fd_sc_hd__nor2_1)
     1    0.00    0.02    0.03    1.11 v _223_/Y (sky130_fd_sc_hd__nor2_1)
                                         _007_ (net)
                  0.02    0.00    1.11 v _243_/D (sky130_fd_sc_hd__dfrtp_1)
                                  1.11   data arrival time

                          0.00    0.00   clock clk (rise edge)
                          0.50    0.50   clock source latency
     1    0.02    0.04    0.03    0.53 ^ clk (in)
                                         clk (net)
                  0.04    0.00    0.53 ^ clkbuf_0_clk/A (sky130_fd_sc_hd__clkbuf_16)
     2    0.02    0.03    0.09    0.62 ^ clkbuf_0_clk/X (sky130_fd_sc_hd__clkbuf_16)
                                         clknet_0_clk (net)
                  0.03    0.00    0.62 ^ clkbuf_1_1__f_clk/A (sky130_fd_sc_hd__clkbuf_16)
    13    0.05    0.05    0.10    0.72 ^ clkbuf_1_1__f_clk/X (sky130_fd_sc_hd__clkbuf_16)
                                         clknet_1_1__leaf_clk (net)
                  0.05    0.00    0.72 ^ _243_/CLK (sky130_fd_sc_hd__dfrtp_1)
                          0.10    0.82   clock uncertainty
                          0.00    0.82   clock reconvergence pessimism
                         -0.03    0.80   library hold time
                                  0.80   data required time
-----------------------------------------------------------------------------
                                  0.80   data required time
                                 -1.11   data arrival time
-----------------------------------------------------------------------------
                                  0.31   slack (MET)


Startpoint: _241_ (rising edge-triggered flip-flop clocked by clk)
Endpoint: _241_ (rising edge-triggered flip-flop clocked by clk)
Path Group: clk
Path Type: min
Corner: Fastest

Fanout     Cap    Slew   Delay    Time   Description
-----------------------------------------------------------------------------
                          0.00    0.00   clock clk (rise edge)
                          0.50    0.50   clock source latency
     1    0.02    0.04    0.03    0.53 ^ clk (in)
                                         clk (net)
                  0.04    0.00    0.53 ^ clkbuf_0_clk/A (sky130_fd_sc_hd__clkbuf_16)
     2    0.02    0.03    0.09    0.62 ^ clkbuf_0_clk/X (sky130_fd_sc_hd__clkbuf_16)
                                         clknet_0_clk (net)
                  0.03    0.00    0.62 ^ clkbuf_1_1__f_clk/A (sky130_fd_sc_hd__clkbuf_16)
    13    0.05    0.05    0.10    0.72 ^ clkbuf_1_1__f_clk/X (sky130_fd_sc_hd__clkbuf_16)
                                         clknet_1_1__leaf_clk (net)
                  0.05    0.00    0.72 ^ _241_/CLK (sky130_fd_sc_hd__dfrtp_1)
     2    0.01    0.07    0.23    0.96 ^ _241_/Q (sky130_fd_sc_hd__dfrtp_1)
                                         seq_timer[1] (net)
                  0.07    0.00    0.96 ^ _130_/A (sky130_fd_sc_hd__inv_2)
     4    0.01    0.03    0.03    0.99 v _130_/Y (sky130_fd_sc_hd__inv_2)
                                         _070_ (net)
                  0.03    0.00    0.99 v _212_/B (sky130_fd_sc_hd__nand2_1)
     1    0.00    0.03    0.04    1.04 ^ _212_/Y (sky130_fd_sc_hd__nand2_1)
                                         _037_ (net)
                  0.03    0.00    1.04 ^ _213_/B (sky130_fd_sc_hd__nand2_1)
     1    0.00    0.02    0.03    1.07 v _213_/Y (sky130_fd_sc_hd__nand2_1)
                                         _038_ (net)
                  0.02    0.00    1.07 v _214_/A (sky130_fd_sc_hd__nor2_1)
     1    0.00    0.05    0.06    1.12 ^ _214_/Y (sky130_fd_sc_hd__nor2_1)
                                         _005_ (net)
                  0.05    0.00    1.12 ^ _241_/D (sky130_fd_sc_hd__dfrtp_1)
                                  1.12   data arrival time

                          0.00    0.00   clock clk (rise edge)
                          0.50    0.50   clock source latency
     1    0.02    0.04    0.03    0.53 ^ clk (in)
                                         clk (net)
                  0.04    0.00    0.53 ^ clkbuf_0_clk/A (sky130_fd_sc_hd__clkbuf_16)
     2    0.02    0.03    0.09    0.62 ^ clkbuf_0_clk/X (sky130_fd_sc_hd__clkbuf_16)
                                         clknet_0_clk (net)
                  0.03    0.00    0.62 ^ clkbuf_1_1__f_clk/A (sky130_fd_sc_hd__clkbuf_16)
    13    0.05    0.05    0.10    0.72 ^ clkbuf_1_1__f_clk/X (sky130_fd_sc_hd__clkbuf_16)
                                         clknet_1_1__leaf_clk (net)
                  0.05    0.00    0.72 ^ _241_/CLK (sky130_fd_sc_hd__dfrtp_1)
                          0.10    0.82   clock uncertainty
                          0.00    0.82   clock reconvergence pessimism
                         -0.02    0.80   library hold time
                                  0.80   data required time
-----------------------------------------------------------------------------
                                  0.80   data required time
                                 -1.12   data arrival time
-----------------------------------------------------------------------------
                                  0.32   slack (MET)


Startpoint: _258_ (rising edge-triggered flip-flop clocked by clk)
Endpoint: _254_ (rising edge-triggered flip-flop clocked by clk)
Path Group: clk
Path Type: min
Corner: Fastest

Fanout     Cap    Slew   Delay    Time   Description
-----------------------------------------------------------------------------
                          0.00    0.00   clock clk (rise edge)
                          0.50    0.50   clock source latency
     1    0.02    0.04    0.03    0.53 ^ clk (in)
                                         clk (net)
                  0.04    0.00    0.53 ^ clkbuf_0_clk/A (sky130_fd_sc_hd__clkbuf_16)
     2    0.02    0.03    0.09    0.62 ^ clkbuf_0_clk/X (sky130_fd_sc_hd__clkbuf_16)
                                         clknet_0_clk (net)
                  0.03    0.00    0.62 ^ clkbuf_1_0__f_clk/A (sky130_fd_sc_hd__clkbuf_16)
    16    0.05    0.05    0.10    0.72 ^ clkbuf_1_0__f_clk/X (sky130_fd_sc_hd__clkbuf_16)
                                         clknet_1_0__leaf_clk (net)
                  0.05    0.00    0.72 ^ _258_/CLK (sky130_fd_sc_hd__dfrtp_4)
     8    0.04    0.11    0.31    1.04 ^ _258_/Q (sky130_fd_sc_hd__dfrtp_4)
                                         curr_state[2] (net)
                  0.11    0.00    1.04 ^ _191_/A1 (sky130_fd_sc_hd__a21oi_1)
     1    0.01    0.04    0.07    1.11 v _191_/Y (sky130_fd_sc_hd__a21oi_1)
                                         _112_ (net)
                  0.04    0.00    1.11 v _254_/D (sky130_fd_sc_hd__dfrtp_1)
                                  1.11   data arrival time

                          0.00    0.00   clock clk (rise edge)
                          0.50    0.50   clock source latency
     1    0.02    0.04    0.03    0.53 ^ clk (in)
                                         clk (net)
                  0.04    0.00    0.53 ^ clkbuf_0_clk/A (sky130_fd_sc_hd__clkbuf_16)
     2    0.02    0.03    0.09    0.62 ^ clkbuf_0_clk/X (sky130_fd_sc_hd__clkbuf_16)
                                         clknet_0_clk (net)
                  0.03    0.00    0.62 ^ clkbuf_1_1__f_clk/A (sky130_fd_sc_hd__clkbuf_16)
    13    0.05    0.05    0.10    0.72 ^ clkbuf_1_1__f_clk/X (sky130_fd_sc_hd__clkbuf_16)
                                         clknet_1_1__leaf_clk (net)
                  0.05    0.00    0.72 ^ _254_/CLK (sky130_fd_sc_hd__dfrtp_1)
                          0.10    0.82   clock uncertainty
                          0.00    0.82   clock reconvergence pessimism
                         -0.03    0.79   library hold time
                                  0.79   data required time
-----------------------------------------------------------------------------
                                  0.79   data required time
                                 -1.11   data arrival time
-----------------------------------------------------------------------------
                                  0.32   slack (MET)


Startpoint: _242_ (rising edge-triggered flip-flop clocked by clk)
Endpoint: _242_ (rising edge-triggered flip-flop clocked by clk)
Path Group: clk
Path Type: min
Corner: Fastest

Fanout     Cap    Slew   Delay    Time   Description
-----------------------------------------------------------------------------
                          0.00    0.00   clock clk (rise edge)
                          0.50    0.50   clock source latency
     1    0.02    0.04    0.03    0.53 ^ clk (in)
                                         clk (net)
                  0.04    0.00    0.53 ^ clkbuf_0_clk/A (sky130_fd_sc_hd__clkbuf_16)
     2    0.02    0.03    0.09    0.62 ^ clkbuf_0_clk/X (sky130_fd_sc_hd__clkbuf_16)
                                         clknet_0_clk (net)
                  0.03    0.00    0.62 ^ clkbuf_1_1__f_clk/A (sky130_fd_sc_hd__clkbuf_16)
    13    0.05    0.05    0.10    0.72 ^ clkbuf_1_1__f_clk/X (sky130_fd_sc_hd__clkbuf_16)
                                         clknet_1_1__leaf_clk (net)
                  0.05    0.00    0.72 ^ _242_/CLK (sky130_fd_sc_hd__dfrtp_1)
     5    0.01    0.06    0.27    0.99 v _242_/Q (sky130_fd_sc_hd__dfrtp_1)
                                         seq_timer[2] (net)
                  0.06    0.00    0.99 v _215_/A (sky130_fd_sc_hd__inv_2)
     2    0.01    0.03    0.05    1.04 ^ _215_/Y (sky130_fd_sc_hd__inv_2)
                                         _039_ (net)
                  0.03    0.00    1.04 ^ _217_/B (sky130_fd_sc_hd__nand2_1)
     1    0.00    0.02    0.03    1.06 v _217_/Y (sky130_fd_sc_hd__nand2_1)
                                         _041_ (net)
                  0.02    0.00    1.06 v _218_/B (sky130_fd_sc_hd__nand2_1)
     1    0.00    0.03    0.04    1.11 ^ _218_/Y (sky130_fd_sc_hd__nand2_1)
                                         _042_ (net)
                  0.03    0.00    1.11 ^ _219_/A (sky130_fd_sc_hd__nor2_1)
     1    0.00    0.02    0.03    1.13 v _219_/Y (sky130_fd_sc_hd__nor2_1)
                                         _006_ (net)
                  0.02    0.00    1.13 v _242_/D (sky130_fd_sc_hd__dfrtp_1)
                                  1.13   data arrival time

                          0.00    0.00   clock clk (rise edge)
                          0.50    0.50   clock source latency
     1    0.02    0.04    0.03    0.53 ^ clk (in)
                                         clk (net)
                  0.04    0.00    0.53 ^ clkbuf_0_clk/A (sky130_fd_sc_hd__clkbuf_16)
     2    0.02    0.03    0.09    0.62 ^ clkbuf_0_clk/X (sky130_fd_sc_hd__clkbuf_16)
                                         clknet_0_clk (net)
                  0.03    0.00    0.62 ^ clkbuf_1_1__f_clk/A (sky130_fd_sc_hd__clkbuf_16)
    13    0.05    0.05    0.10    0.72 ^ clkbuf_1_1__f_clk/X (sky130_fd_sc_hd__clkbuf_16)
                                         clknet_1_1__leaf_clk (net)
                  0.05    0.00    0.72 ^ _242_/CLK (sky130_fd_sc_hd__dfrtp_1)
                          0.10    0.82   clock uncertainty
                          0.00    0.82   clock reconvergence pessimism
                         -0.03    0.80   library hold time
                                  0.80   data required time
-----------------------------------------------------------------------------
                                  0.80   data required time
                                 -1.13   data arrival time
-----------------------------------------------------------------------------
                                  0.34   slack (MET)


Startpoint: _240_ (rising edge-triggered flip-flop clocked by clk)
Endpoint: _240_ (rising edge-triggered flip-flop clocked by clk)
Path Group: clk
Path Type: min
Corner: Fastest

Fanout     Cap    Slew   Delay    Time   Description
-----------------------------------------------------------------------------
                          0.00    0.00   clock clk (rise edge)
                          0.50    0.50   clock source latency
     1    0.02    0.04    0.03    0.53 ^ clk (in)
                                         clk (net)
                  0.04    0.00    0.53 ^ clkbuf_0_clk/A (sky130_fd_sc_hd__clkbuf_16)
     2    0.02    0.03    0.09    0.62 ^ clkbuf_0_clk/X (sky130_fd_sc_hd__clkbuf_16)
                                         clknet_0_clk (net)
                  0.03    0.00    0.62 ^ clkbuf_1_1__f_clk/A (sky130_fd_sc_hd__clkbuf_16)
    13    0.05    0.05    0.10    0.72 ^ clkbuf_1_1__f_clk/X (sky130_fd_sc_hd__clkbuf_16)
                                         clknet_1_1__leaf_clk (net)
                  0.05    0.00    0.72 ^ _240_/CLK (sky130_fd_sc_hd__dfrtp_1)
     5    0.02    0.14    0.28    1.00 ^ _240_/Q (sky130_fd_sc_hd__dfrtp_1)
                                         seq_timer[0] (net)
                  0.14    0.00    1.01 ^ _202_/B (sky130_fd_sc_hd__nand2_1)
     3    0.01    0.05    0.06    1.06 v _202_/Y (sky130_fd_sc_hd__nand2_1)
                                         _028_ (net)
                  0.05    0.00    1.06 v _203_/B (sky130_fd_sc_hd__nand2_1)
     1    0.00    0.03    0.05    1.12 ^ _203_/Y (sky130_fd_sc_hd__nand2_1)
                                         _029_ (net)
                  0.03    0.00    1.12 ^ _210_/A (sky130_fd_sc_hd__nor2_1)
     1    0.00    0.02    0.02    1.14 v _210_/Y (sky130_fd_sc_hd__nor2_1)
                                         _004_ (net)
                  0.02    0.00    1.14 v _240_/D (sky130_fd_sc_hd__dfrtp_1)
                                  1.14   data arrival time

                          0.00    0.00   clock clk (rise edge)
                          0.50    0.50   clock source latency
     1    0.02    0.04    0.03    0.53 ^ clk (in)
                                         clk (net)
                  0.04    0.00    0.53 ^ clkbuf_0_clk/A (sky130_fd_sc_hd__clkbuf_16)
     2    0.02    0.03    0.09    0.62 ^ clkbuf_0_clk/X (sky130_fd_sc_hd__clkbuf_16)
                                         clknet_0_clk (net)
                  0.03    0.00    0.62 ^ clkbuf_1_1__f_clk/A (sky130_fd_sc_hd__clkbuf_16)
    13    0.05    0.05    0.10    0.72 ^ clkbuf_1_1__f_clk/X (sky130_fd_sc_hd__clkbuf_16)
                                         clknet_1_1__leaf_clk (net)
                  0.05    0.00    0.72 ^ _240_/CLK (sky130_fd_sc_hd__dfrtp_1)
                          0.10    0.82   clock uncertainty
                          0.00    0.82   clock reconvergence pessimism
                         -0.03    0.80   library hold time
                                  0.80   data required time
-----------------------------------------------------------------------------
                                  0.80   data required time
                                 -1.14   data arrival time
-----------------------------------------------------------------------------
                                  0.34   slack (MET)


Startpoint: _263_ (rising edge-triggered flip-flop clocked by clk)
Endpoint: _256_ (rising edge-triggered flip-flop clocked by clk)
Path Group: clk
Path Type: min
Corner: Fastest

Fanout     Cap    Slew   Delay    Time   Description
-----------------------------------------------------------------------------
                          0.00    0.00   clock clk (rise edge)
                          0.50    0.50   clock source latency
     1    0.02    0.04    0.03    0.53 ^ clk (in)
                                         clk (net)
                  0.04    0.00    0.53 ^ clkbuf_0_clk/A (sky130_fd_sc_hd__clkbuf_16)
     2    0.02    0.03    0.09    0.62 ^ clkbuf_0_clk/X (sky130_fd_sc_hd__clkbuf_16)
                                         clknet_0_clk (net)
                  0.03    0.00    0.62 ^ clkbuf_1_0__f_clk/A (sky130_fd_sc_hd__clkbuf_16)
    16    0.05    0.05    0.10    0.72 ^ clkbuf_1_0__f_clk/X (sky130_fd_sc_hd__clkbuf_16)
                                         clknet_1_0__leaf_clk (net)
                  0.05    0.00    0.72 ^ _263_/CLK (sky130_fd_sc_hd__dfrtp_1)
     2    0.01    0.07    0.23    0.95 ^ _263_/Q (sky130_fd_sc_hd__dfrtp_1)
                                         wake_up_sync (net)
                  0.07    0.00    0.96 ^ _150_/A (sky130_fd_sc_hd__inv_2)
     3    0.01    0.03    0.03    0.99 v _150_/Y (sky130_fd_sc_hd__inv_2)
                                         _088_ (net)
                  0.03    0.00    0.99 v _151_/B (sky130_fd_sc_hd__nand2_1)
     1    0.00    0.04    0.05    1.03 ^ _151_/Y (sky130_fd_sc_hd__nand2_1)
                                         _089_ (net)
                  0.04    0.00    1.03 ^ _154_/A (sky130_fd_sc_hd__nand2_1)
     2    0.01    0.03    0.03    1.07 v _154_/Y (sky130_fd_sc_hd__nand2_1)
                                         _092_ (net)
                  0.03    0.00    1.07 v _156_/A (sky130_fd_sc_hd__nand2_1)
     2    0.01    0.06    0.06    1.13 ^ _156_/Y (sky130_fd_sc_hd__nand2_1)
                                         _094_ (net)
                  0.06    0.00    1.13 ^ _157_/A (sky130_fd_sc_hd__inv_2)
     1    0.00    0.02    0.01    1.15 v _157_/Y (sky130_fd_sc_hd__inv_2)
                                         next_state[0] (net)
                  0.02    0.00    1.15 v _256_/D (sky130_fd_sc_hd__dfrtp_4)
                                  1.15   data arrival time

                          0.00    0.00   clock clk (rise edge)
                          0.50    0.50   clock source latency
     1    0.02    0.04    0.03    0.53 ^ clk (in)
                                         clk (net)
                  0.04    0.00    0.53 ^ clkbuf_0_clk/A (sky130_fd_sc_hd__clkbuf_16)
     2    0.02    0.03    0.09    0.62 ^ clkbuf_0_clk/X (sky130_fd_sc_hd__clkbuf_16)
                                         clknet_0_clk (net)
                  0.03    0.00    0.62 ^ clkbuf_1_0__f_clk/A (sky130_fd_sc_hd__clkbuf_16)
    16    0.05    0.05    0.10    0.72 ^ clkbuf_1_0__f_clk/X (sky130_fd_sc_hd__clkbuf_16)
                                         clknet_1_0__leaf_clk (net)
                  0.05    0.01    0.72 ^ _256_/CLK (sky130_fd_sc_hd__dfrtp_4)
                          0.10    0.82   clock uncertainty
                          0.00    0.82   clock reconvergence pessimism
                         -0.02    0.80   library hold time
                                  0.80   data required time
-----------------------------------------------------------------------------
                                  0.80   data required time
                                 -1.15   data arrival time
-----------------------------------------------------------------------------
                                  0.34   slack (MET)


Startpoint: _245_ (rising edge-triggered flip-flop clocked by clk)
Endpoint: _245_ (rising edge-triggered flip-flop clocked by clk)
Path Group: clk
Path Type: min
Corner: Fastest

Fanout     Cap    Slew   Delay    Time   Description
-----------------------------------------------------------------------------
                          0.00    0.00   clock clk (rise edge)
                          0.50    0.50   clock source latency
     1    0.02    0.04    0.03    0.53 ^ clk (in)
                                         clk (net)
                  0.04    0.00    0.53 ^ clkbuf_0_clk/A (sky130_fd_sc_hd__clkbuf_16)
     2    0.02    0.03    0.09    0.62 ^ clkbuf_0_clk/X (sky130_fd_sc_hd__clkbuf_16)
                                         clknet_0_clk (net)
                  0.03    0.00    0.62 ^ clkbuf_1_1__f_clk/A (sky130_fd_sc_hd__clkbuf_16)
    13    0.05    0.05    0.10    0.72 ^ clkbuf_1_1__f_clk/X (sky130_fd_sc_hd__clkbuf_16)
                                         clknet_1_1__leaf_clk (net)
                  0.05    0.00    0.72 ^ _245_/CLK (sky130_fd_sc_hd__dfrtp_1)
     2    0.01    0.04    0.24    0.97 v _245_/Q (sky130_fd_sc_hd__dfrtp_1)
                                         seq_timer[5] (net)
                  0.04    0.00    0.97 v _228_/A (sky130_fd_sc_hd__inv_2)
     2    0.01    0.03    0.04    1.01 ^ _228_/Y (sky130_fd_sc_hd__inv_2)
                                         _049_ (net)
                  0.03    0.00    1.01 ^ _230_/B (sky130_fd_sc_hd__nand2_1)
     1    0.00    0.02    0.02    1.03 v _230_/Y (sky130_fd_sc_hd__nand2_1)
                                         _051_ (net)
                  0.02    0.00    1.03 v _231_/B_N (sky130_fd_sc_hd__or2b_1)
     1    0.00    0.03    0.09    1.12 ^ _231_/X (sky130_fd_sc_hd__or2b_1)
                                         _052_ (net)
                  0.03    0.00    1.12 ^ _232_/A (sky130_fd_sc_hd__nor2_1)
     1    0.00    0.02    0.02    1.15 v _232_/Y (sky130_fd_sc_hd__nor2_1)
                                         _009_ (net)
                  0.02    0.00    1.15 v _245_/D (sky130_fd_sc_hd__dfrtp_1)
                                  1.15   data arrival time

                          0.00    0.00   clock clk (rise edge)
                          0.50    0.50   clock source latency
     1    0.02    0.04    0.03    0.53 ^ clk (in)
                                         clk (net)
                  0.04    0.00    0.53 ^ clkbuf_0_clk/A (sky130_fd_sc_hd__clkbuf_16)
     2    0.02    0.03    0.09    0.62 ^ clkbuf_0_clk/X (sky130_fd_sc_hd__clkbuf_16)
                                         clknet_0_clk (net)
                  0.03    0.00    0.62 ^ clkbuf_1_1__f_clk/A (sky130_fd_sc_hd__clkbuf_16)
    13    0.05    0.05    0.10    0.72 ^ clkbuf_1_1__f_clk/X (sky130_fd_sc_hd__clkbuf_16)
                                         clknet_1_1__leaf_clk (net)
                  0.05    0.00    0.72 ^ _245_/CLK (sky130_fd_sc_hd__dfrtp_1)
                          0.10    0.82   clock uncertainty
                          0.00    0.82   clock reconvergence pessimism
                         -0.03    0.80   library hold time
                                  0.80   data required time
-----------------------------------------------------------------------------
                                  0.80   data required time
                                 -1.15   data arrival time
-----------------------------------------------------------------------------
                                  0.35   slack (MET)


Startpoint: _264_ (rising edge-triggered flip-flop clocked by clk)
Endpoint: _258_ (rising edge-triggered flip-flop clocked by clk)
Path Group: clk
Path Type: min
Corner: Fastest

Fanout     Cap    Slew   Delay    Time   Description
-----------------------------------------------------------------------------
                          0.00    0.00   clock clk (rise edge)
                          0.50    0.50   clock source latency
     1    0.02    0.04    0.03    0.53 ^ clk (in)
                                         clk (net)
                  0.04    0.00    0.53 ^ clkbuf_0_clk/A (sky130_fd_sc_hd__clkbuf_16)
     2    0.02    0.03    0.09    0.62 ^ clkbuf_0_clk/X (sky130_fd_sc_hd__clkbuf_16)
                                         clknet_0_clk (net)
                  0.03    0.00    0.62 ^ clkbuf_1_0__f_clk/A (sky130_fd_sc_hd__clkbuf_16)
    16    0.05    0.05    0.10    0.72 ^ clkbuf_1_0__f_clk/X (sky130_fd_sc_hd__clkbuf_16)
                                         clknet_1_0__leaf_clk (net)
                  0.05    0.00    0.72 ^ _264_/CLK (sky130_fd_sc_hd__dfrtp_1)
     2    0.01    0.07    0.24    0.96 ^ _264_/Q (sky130_fd_sc_hd__dfrtp_1)
                                         req_off_sync (net)
                  0.07    0.00    0.96 ^ _184_/C (sky130_fd_sc_hd__nand3_1)
     1    0.01    0.04    0.06    1.01 v _184_/Y (sky130_fd_sc_hd__nand3_1)
                                         _019_ (net)
                  0.04    0.00    1.01 v _185_/C1 (sky130_fd_sc_hd__o211ai_2)
     2    0.01    0.05    0.06    1.08 ^ _185_/Y (sky130_fd_sc_hd__o211ai_2)
                                         _020_ (net)
                  0.05    0.00    1.08 ^ _186_/B1 (sky130_fd_sc_hd__a21oi_1)
     2    0.01    0.03    0.04    1.12 v _186_/Y (sky130_fd_sc_hd__a21oi_1)
                                         _021_ (net)
                  0.03    0.00    1.12 v _187_/B (sky130_fd_sc_hd__nand2_1)
     1    0.00    0.03    0.04    1.16 ^ _187_/Y (sky130_fd_sc_hd__nand2_1)
                                         next_state[2] (net)
                  0.03    0.00    1.16 ^ _258_/D (sky130_fd_sc_hd__dfrtp_4)
                                  1.16   data arrival time

                          0.00    0.00   clock clk (rise edge)
                          0.50    0.50   clock source latency
     1    0.02    0.04    0.03    0.53 ^ clk (in)
                                         clk (net)
                  0.04    0.00    0.53 ^ clkbuf_0_clk/A (sky130_fd_sc_hd__clkbuf_16)
     2    0.02    0.03    0.09    0.62 ^ clkbuf_0_clk/X (sky130_fd_sc_hd__clkbuf_16)
                                         clknet_0_clk (net)
                  0.03    0.00    0.62 ^ clkbuf_1_0__f_clk/A (sky130_fd_sc_hd__clkbuf_16)
    16    0.05    0.05    0.10    0.72 ^ clkbuf_1_0__f_clk/X (sky130_fd_sc_hd__clkbuf_16)
                                         clknet_1_0__leaf_clk (net)
                  0.05    0.00    0.72 ^ _258_/CLK (sky130_fd_sc_hd__dfrtp_4)
                          0.10    0.82   clock uncertainty
                          0.00    0.82   clock reconvergence pessimism
                         -0.02    0.80   library hold time
                                  0.80   data required time
-----------------------------------------------------------------------------
                                  0.80   data required time
                                 -1.16   data arrival time
-----------------------------------------------------------------------------
                                  0.36   slack (MET)


Startpoint: _258_ (rising edge-triggered flip-flop clocked by clk)
Endpoint: _253_ (rising edge-triggered flip-flop clocked by clk)
Path Group: clk
Path Type: min
Corner: Fastest

Fanout     Cap    Slew   Delay    Time   Description
-----------------------------------------------------------------------------
                          0.00    0.00   clock clk (rise edge)
                          0.50    0.50   clock source latency
     1    0.02    0.04    0.03    0.53 ^ clk (in)
                                         clk (net)
                  0.04    0.00    0.53 ^ clkbuf_0_clk/A (sky130_fd_sc_hd__clkbuf_16)
     2    0.02    0.03    0.09    0.62 ^ clkbuf_0_clk/X (sky130_fd_sc_hd__clkbuf_16)
                                         clknet_0_clk (net)
                  0.03    0.00    0.62 ^ clkbuf_1_0__f_clk/A (sky130_fd_sc_hd__clkbuf_16)
    16    0.05    0.05    0.10    0.72 ^ clkbuf_1_0__f_clk/X (sky130_fd_sc_hd__clkbuf_16)
                                         clknet_1_0__leaf_clk (net)
                  0.05    0.00    0.72 ^ _258_/CLK (sky130_fd_sc_hd__dfrtp_4)
     8    0.04    0.11    0.31    1.04 ^ _258_/Q (sky130_fd_sc_hd__dfrtp_4)
                                         curr_state[2] (net)
                  0.11    0.00    1.04 ^ _192_/A (sky130_fd_sc_hd__nor2_1)
     2    0.01    0.04    0.05    1.09 v _192_/Y (sky130_fd_sc_hd__nor2_1)
                                         _023_ (net)
                  0.04    0.00    1.09 v _196_/B1 (sky130_fd_sc_hd__a21o_1)
     1    0.00    0.02    0.07    1.15 v _196_/X (sky130_fd_sc_hd__a21o_1)
                                         _115_ (net)
                  0.02    0.00    1.15 v _253_/D (sky130_fd_sc_hd__dfrtp_1)
                                  1.15   data arrival time

                          0.00    0.00   clock clk (rise edge)
                          0.50    0.50   clock source latency
     1    0.02    0.04    0.03    0.53 ^ clk (in)
                                         clk (net)
                  0.04    0.00    0.53 ^ clkbuf_0_clk/A (sky130_fd_sc_hd__clkbuf_16)
     2    0.02    0.03    0.09    0.62 ^ clkbuf_0_clk/X (sky130_fd_sc_hd__clkbuf_16)
                                         clknet_0_clk (net)
                  0.03    0.00    0.62 ^ clkbuf_1_1__f_clk/A (sky130_fd_sc_hd__clkbuf_16)
    13    0.05    0.05    0.10    0.72 ^ clkbuf_1_1__f_clk/X (sky130_fd_sc_hd__clkbuf_16)
                                         clknet_1_1__leaf_clk (net)
                  0.05    0.00    0.72 ^ _253_/CLK (sky130_fd_sc_hd__dfrtp_1)
                          0.10    0.82   clock uncertainty
                          0.00    0.82   clock reconvergence pessimism
                         -0.03    0.80   library hold time
                                  0.80   data required time
-----------------------------------------------------------------------------
                                  0.80   data required time
                                 -1.15   data arrival time
-----------------------------------------------------------------------------
                                  0.36   slack (MET)


Startpoint: _242_ (rising edge-triggered flip-flop clocked by clk)
Endpoint: _252_ (rising edge-triggered flip-flop clocked by clk)
Path Group: clk
Path Type: min
Corner: Fastest

Fanout     Cap    Slew   Delay    Time   Description
-----------------------------------------------------------------------------
                          0.00    0.00   clock clk (rise edge)
                          0.50    0.50   clock source latency
     1    0.02    0.04    0.03    0.53 ^ clk (in)
                                         clk (net)
                  0.04    0.00    0.53 ^ clkbuf_0_clk/A (sky130_fd_sc_hd__clkbuf_16)
     2    0.02    0.03    0.09    0.62 ^ clkbuf_0_clk/X (sky130_fd_sc_hd__clkbuf_16)
                                         clknet_0_clk (net)
                  0.03    0.00    0.62 ^ clkbuf_1_1__f_clk/A (sky130_fd_sc_hd__clkbuf_16)
    13    0.05    0.05    0.10    0.72 ^ clkbuf_1_1__f_clk/X (sky130_fd_sc_hd__clkbuf_16)
                                         clknet_1_1__leaf_clk (net)
                  0.05    0.00    0.72 ^ _242_/CLK (sky130_fd_sc_hd__dfrtp_1)
     5    0.02    0.11    0.27    0.99 ^ _242_/Q (sky130_fd_sc_hd__dfrtp_1)
                                         seq_timer[2] (net)
                  0.11    0.00    0.99 ^ _135_/A (sky130_fd_sc_hd__or3_1)
     1    0.01    0.05    0.10    1.09 ^ _135_/X (sky130_fd_sc_hd__or3_1)
                                         _075_ (net)
                  0.05    0.00    1.09 ^ _136_/A (sky130_fd_sc_hd__inv_2)
     3    0.01    0.02    0.03    1.12 v _136_/Y (sky130_fd_sc_hd__inv_2)
                                         _076_ (net)
                  0.02    0.00    1.12 v _137_/B (sky130_fd_sc_hd__nor2_1)
     1    0.00    0.05    0.05    1.17 ^ _137_/Y (sky130_fd_sc_hd__nor2_1)
                                         _114_ (net)
                  0.05    0.00    1.17 ^ _252_/D (sky130_fd_sc_hd__dfrtp_1)
                                  1.17   data arrival time

                          0.00    0.00   clock clk (rise edge)
                          0.50    0.50   clock source latency
     1    0.02    0.04    0.03    0.53 ^ clk (in)
                                         clk (net)
                  0.04    0.00    0.53 ^ clkbuf_0_clk/A (sky130_fd_sc_hd__clkbuf_16)
     2    0.02    0.03    0.09    0.62 ^ clkbuf_0_clk/X (sky130_fd_sc_hd__clkbuf_16)
                                         clknet_0_clk (net)
                  0.03    0.00    0.62 ^ clkbuf_1_0__f_clk/A (sky130_fd_sc_hd__clkbuf_16)
    16    0.05    0.05    0.10    0.72 ^ clkbuf_1_0__f_clk/X (sky130_fd_sc_hd__clkbuf_16)
                                         clknet_1_0__leaf_clk (net)
                  0.05    0.01    0.72 ^ _252_/CLK (sky130_fd_sc_hd__dfrtp_1)
                          0.10    0.82   clock uncertainty
                          0.00    0.82   clock reconvergence pessimism
                         -0.02    0.80   library hold time
                                  0.80   data required time
-----------------------------------------------------------------------------
                                  0.80   data required time
                                 -1.17   data arrival time
-----------------------------------------------------------------------------
                                  0.37   slack (MET)


Startpoint: _263_ (rising edge-triggered flip-flop clocked by clk)
Endpoint: _257_ (rising edge-triggered flip-flop clocked by clk)
Path Group: clk
Path Type: min
Corner: Fastest

Fanout     Cap    Slew   Delay    Time   Description
-----------------------------------------------------------------------------
                          0.00    0.00   clock clk (rise edge)
                          0.50    0.50   clock source latency
     1    0.02    0.04    0.03    0.53 ^ clk (in)
                                         clk (net)
                  0.04    0.00    0.53 ^ clkbuf_0_clk/A (sky130_fd_sc_hd__clkbuf_16)
     2    0.02    0.03    0.09    0.62 ^ clkbuf_0_clk/X (sky130_fd_sc_hd__clkbuf_16)
                                         clknet_0_clk (net)
                  0.03    0.00    0.62 ^ clkbuf_1_0__f_clk/A (sky130_fd_sc_hd__clkbuf_16)
    16    0.05    0.05    0.10    0.72 ^ clkbuf_1_0__f_clk/X (sky130_fd_sc_hd__clkbuf_16)
                                         clknet_1_0__leaf_clk (net)
                  0.05    0.00    0.72 ^ _263_/CLK (sky130_fd_sc_hd__dfrtp_1)
     2    0.01    0.07    0.23    0.95 ^ _263_/Q (sky130_fd_sc_hd__dfrtp_1)
                                         wake_up_sync (net)
                  0.07    0.00    0.96 ^ _173_/A2 (sky130_fd_sc_hd__o311a_1)
     1    0.00    0.03    0.10    1.05 ^ _173_/X (sky130_fd_sc_hd__o311a_1)
                                         _110_ (net)
                  0.03    0.00    1.05 ^ _174_/C (sky130_fd_sc_hd__or3_1)
     1    0.00    0.03    0.06    1.11 ^ _174_/X (sky130_fd_sc_hd__or3_1)
                                         _111_ (net)
                  0.03    0.00    1.11 ^ _175_/A (sky130_fd_sc_hd__clkbuf_1)
     1    0.00    0.04    0.06    1.17 ^ _175_/X (sky130_fd_sc_hd__clkbuf_1)
                                         next_state[1] (net)
                  0.04    0.00    1.17 ^ _257_/D (sky130_fd_sc_hd__dfrtp_1)
                                  1.17   data arrival time

                          0.00    0.00   clock clk (rise edge)
                          0.50    0.50   clock source latency
     1    0.02    0.04    0.03    0.53 ^ clk (in)
                                         clk (net)
                  0.04    0.00    0.53 ^ clkbuf_0_clk/A (sky130_fd_sc_hd__clkbuf_16)
     2    0.02    0.03    0.09    0.62 ^ clkbuf_0_clk/X (sky130_fd_sc_hd__clkbuf_16)
                                         clknet_0_clk (net)
                  0.03    0.00    0.62 ^ clkbuf_1_0__f_clk/A (sky130_fd_sc_hd__clkbuf_16)
    16    0.05    0.05    0.10    0.72 ^ clkbuf_1_0__f_clk/X (sky130_fd_sc_hd__clkbuf_16)
                                         clknet_1_0__leaf_clk (net)
                  0.05    0.00    0.72 ^ _257_/CLK (sky130_fd_sc_hd__dfrtp_1)
                          0.10    0.82   clock uncertainty
                          0.00    0.82   clock reconvergence pessimism
                         -0.02    0.80   library hold time
                                  0.80   data required time
-----------------------------------------------------------------------------
                                  0.80   data required time
                                 -1.17   data arrival time
-----------------------------------------------------------------------------
                                  0.37   slack (MET)


Startpoint: _242_ (rising edge-triggered flip-flop clocked by clk)
Endpoint: _250_ (rising edge-triggered flip-flop clocked by clk)
Path Group: clk
Path Type: min
Corner: Fastest

Fanout     Cap    Slew   Delay    Time   Description
-----------------------------------------------------------------------------
                          0.00    0.00   clock clk (rise edge)
                          0.50    0.50   clock source latency
     1    0.02    0.04    0.03    0.53 ^ clk (in)
                                         clk (net)
                  0.04    0.00    0.53 ^ clkbuf_0_clk/A (sky130_fd_sc_hd__clkbuf_16)
     2    0.02    0.03    0.09    0.62 ^ clkbuf_0_clk/X (sky130_fd_sc_hd__clkbuf_16)
                                         clknet_0_clk (net)
                  0.03    0.00    0.62 ^ clkbuf_1_1__f_clk/A (sky130_fd_sc_hd__clkbuf_16)
    13    0.05    0.05    0.10    0.72 ^ clkbuf_1_1__f_clk/X (sky130_fd_sc_hd__clkbuf_16)
                                         clknet_1_1__leaf_clk (net)
                  0.05    0.00    0.72 ^ _242_/CLK (sky130_fd_sc_hd__dfrtp_1)
     5    0.02    0.11    0.27    0.99 ^ _242_/Q (sky130_fd_sc_hd__dfrtp_1)
                                         seq_timer[2] (net)
                  0.11    0.00    0.99 ^ _135_/A (sky130_fd_sc_hd__or3_1)
     1    0.01    0.05    0.10    1.09 ^ _135_/X (sky130_fd_sc_hd__or3_1)
                                         _075_ (net)
                  0.05    0.00    1.09 ^ _136_/A (sky130_fd_sc_hd__inv_2)
     3    0.01    0.02    0.03    1.12 v _136_/Y (sky130_fd_sc_hd__inv_2)
                                         _076_ (net)
                  0.02    0.00    1.12 v _197_/A2 (sky130_fd_sc_hd__o21ai_1)
     1    0.00    0.05    0.09    1.20 ^ _197_/Y (sky130_fd_sc_hd__o21ai_1)
                                         _116_ (net)
                  0.05    0.00    1.20 ^ _250_/D (sky130_fd_sc_hd__dfrtp_1)
                                  1.20   data arrival time

                          0.00    0.00   clock clk (rise edge)
                          0.50    0.50   clock source latency
     1    0.02    0.04    0.03    0.53 ^ clk (in)
                                         clk (net)
                  0.04    0.00    0.53 ^ clkbuf_0_clk/A (sky130_fd_sc_hd__clkbuf_16)
     2    0.02    0.03    0.09    0.62 ^ clkbuf_0_clk/X (sky130_fd_sc_hd__clkbuf_16)
                                         clknet_0_clk (net)
                  0.03    0.00    0.62 ^ clkbuf_1_0__f_clk/A (sky130_fd_sc_hd__clkbuf_16)
    16    0.05    0.05    0.10    0.72 ^ clkbuf_1_0__f_clk/X (sky130_fd_sc_hd__clkbuf_16)
                                         clknet_1_0__leaf_clk (net)
                  0.05    0.01    0.72 ^ _250_/CLK (sky130_fd_sc_hd__dfrtp_1)
                          0.10    0.82   clock uncertainty
                          0.00    0.82   clock reconvergence pessimism
                         -0.02    0.80   library hold time
                                  0.80   data required time
-----------------------------------------------------------------------------
                                  0.80   data required time
                                 -1.20   data arrival time
-----------------------------------------------------------------------------
                                  0.40   slack (MET)


Startpoint: _256_ (rising edge-triggered flip-flop clocked by clk)
Endpoint: _255_ (rising edge-triggered flip-flop clocked by clk)
Path Group: clk
Path Type: min
Corner: Fastest

Fanout     Cap    Slew   Delay    Time   Description
-----------------------------------------------------------------------------
                          0.00    0.00   clock clk (rise edge)
                          0.50    0.50   clock source latency
     1    0.02    0.04    0.03    0.53 ^ clk (in)
                                         clk (net)
                  0.04    0.00    0.53 ^ clkbuf_0_clk/A (sky130_fd_sc_hd__clkbuf_16)
     2    0.02    0.03    0.09    0.62 ^ clkbuf_0_clk/X (sky130_fd_sc_hd__clkbuf_16)
                                         clknet_0_clk (net)
                  0.03    0.00    0.62 ^ clkbuf_1_0__f_clk/A (sky130_fd_sc_hd__clkbuf_16)
    16    0.05    0.05    0.10    0.72 ^ clkbuf_1_0__f_clk/X (sky130_fd_sc_hd__clkbuf_16)
                                         clknet_1_0__leaf_clk (net)
                  0.05    0.01    0.72 ^ _256_/CLK (sky130_fd_sc_hd__dfrtp_4)
     8    0.03    0.08    0.30    1.02 ^ _256_/Q (sky130_fd_sc_hd__dfrtp_4)
                                         curr_state[0] (net)
                  0.08    0.00    1.02 ^ _153_/B (sky130_fd_sc_hd__nand2_1)
     3    0.01    0.06    0.07    1.09 v _153_/Y (sky130_fd_sc_hd__nand2_1)
                                         _091_ (net)
                  0.06    0.00    1.09 v _179_/A (sky130_fd_sc_hd__inv_2)
     2    0.01    0.03    0.05    1.14 ^ _179_/Y (sky130_fd_sc_hd__inv_2)
                                         _015_ (net)
                  0.03    0.00    1.14 ^ _194_/A (sky130_fd_sc_hd__or3b_1)
     1    0.01    0.06    0.09    1.22 ^ _194_/X (sky130_fd_sc_hd__or3b_1)
                                         _025_ (net)
                  0.06    0.00    1.22 ^ _195_/A (sky130_fd_sc_hd__clkbuf_1)
     1    0.00    0.03    0.06    1.28 ^ _195_/X (sky130_fd_sc_hd__clkbuf_1)
                                         _113_ (net)
                  0.03    0.00    1.28 ^ _255_/D (sky130_fd_sc_hd__dfrtp_1)
                                  1.28   data arrival time

                          0.00    0.00   clock clk (rise edge)
                          0.50    0.50   clock source latency
     1    0.02    0.04    0.03    0.53 ^ clk (in)
                                         clk (net)
                  0.04    0.00    0.53 ^ clkbuf_0_clk/A (sky130_fd_sc_hd__clkbuf_16)
     2    0.02    0.03    0.09    0.62 ^ clkbuf_0_clk/X (sky130_fd_sc_hd__clkbuf_16)
                                         clknet_0_clk (net)
                  0.03    0.00    0.62 ^ clkbuf_1_1__f_clk/A (sky130_fd_sc_hd__clkbuf_16)
    13    0.05    0.05    0.10    0.72 ^ clkbuf_1_1__f_clk/X (sky130_fd_sc_hd__clkbuf_16)
                                         clknet_1_1__leaf_clk (net)
                  0.05    0.00    0.72 ^ _255_/CLK (sky130_fd_sc_hd__dfrtp_1)
                          0.10    0.82   clock uncertainty
                          0.00    0.82   clock reconvergence pessimism
                         -0.02    0.80   library hold time
                                  0.80   data required time
-----------------------------------------------------------------------------
                                  0.80   data required time
                                 -1.28   data arrival time
-----------------------------------------------------------------------------
                                  0.48   slack (MET)


Startpoint: _255_ (rising edge-triggered flip-flop clocked by clk)
Endpoint: pwr_state[1] (output port clocked by clk)
Path Group: clk
Path Type: min
Corner: Fastest

Fanout     Cap    Slew   Delay    Time   Description
-----------------------------------------------------------------------------
                          0.00    0.00   clock clk (rise edge)
                          0.50    0.50   clock source latency
     1    0.02    0.04    0.03    0.53 ^ clk (in)
                                         clk (net)
                  0.04    0.00    0.53 ^ clkbuf_0_clk/A (sky130_fd_sc_hd__clkbuf_16)
     2    0.02    0.03    0.09    0.62 ^ clkbuf_0_clk/X (sky130_fd_sc_hd__clkbuf_16)
                                         clknet_0_clk (net)
                  0.03    0.00    0.62 ^ clkbuf_1_1__f_clk/A (sky130_fd_sc_hd__clkbuf_16)
    13    0.05    0.05    0.10    0.72 ^ clkbuf_1_1__f_clk/X (sky130_fd_sc_hd__clkbuf_16)
                                         clknet_1_1__leaf_clk (net)
                  0.05    0.00    0.72 ^ _255_/CLK (sky130_fd_sc_hd__dfrtp_1)
     1    0.00    0.03    0.20    0.93 ^ _255_/Q (sky130_fd_sc_hd__dfrtp_1)
                                         net13 (net)
                  0.03    0.00    0.93 ^ output13/A (sky130_fd_sc_hd__clkbuf_2)
     1    0.02    0.09    0.11    1.03 ^ output13/X (sky130_fd_sc_hd__clkbuf_2)
                                         pwr_state[1] (net)
                  0.09    0.00    1.04 ^ pwr_state[1] (out)
                                  1.04   data arrival time

                          0.00    0.00   clock clk (rise edge)
                          0.50    0.50   clock network delay (propagated)
                          0.10    0.60   clock uncertainty
                          0.00    0.60   clock reconvergence pessimism
                         -0.50    0.10   output external delay
                                  0.10   data required time
-----------------------------------------------------------------------------
                                  0.10   data required time
                                 -1.04   data arrival time
-----------------------------------------------------------------------------
                                  0.94   slack (MET)


Startpoint: _254_ (rising edge-triggered flip-flop clocked by clk)
Endpoint: pwr_state[0] (output port clocked by clk)
Path Group: clk
Path Type: min
Corner: Fastest

Fanout     Cap    Slew   Delay    Time   Description
-----------------------------------------------------------------------------
                          0.00    0.00   clock clk (rise edge)
                          0.50    0.50   clock source latency
     1    0.02    0.04    0.03    0.53 ^ clk (in)
                                         clk (net)
                  0.04    0.00    0.53 ^ clkbuf_0_clk/A (sky130_fd_sc_hd__clkbuf_16)
     2    0.02    0.03    0.09    0.62 ^ clkbuf_0_clk/X (sky130_fd_sc_hd__clkbuf_16)
                                         clknet_0_clk (net)
                  0.03    0.00    0.62 ^ clkbuf_1_1__f_clk/A (sky130_fd_sc_hd__clkbuf_16)
    13    0.05    0.05    0.10    0.72 ^ clkbuf_1_1__f_clk/X (sky130_fd_sc_hd__clkbuf_16)
                                         clknet_1_1__leaf_clk (net)
                  0.05    0.00    0.72 ^ _254_/CLK (sky130_fd_sc_hd__dfrtp_1)
     1    0.00    0.03    0.20    0.93 ^ _254_/Q (sky130_fd_sc_hd__dfrtp_1)
                                         net12 (net)
                  0.03    0.00    0.93 ^ output12/A (sky130_fd_sc_hd__clkbuf_2)
     1    0.02    0.09    0.11    1.03 ^ output12/X (sky130_fd_sc_hd__clkbuf_2)
                                         pwr_state[0] (net)
                  0.09    0.00    1.04 ^ pwr_state[0] (out)
                                  1.04   data arrival time

                          0.00    0.00   clock clk (rise edge)
                          0.50    0.50   clock network delay (propagated)
                          0.10    0.60   clock uncertainty
                          0.00    0.60   clock reconvergence pessimism
                         -0.50    0.10   output external delay
                                  0.10   data required time
-----------------------------------------------------------------------------
                                  0.10   data required time
                                 -1.04   data arrival time
-----------------------------------------------------------------------------
                                  0.94   slack (MET)


Startpoint: _239_ (rising edge-triggered flip-flop clocked by clk)
Endpoint: dvfs_ctrl[1] (output port clocked by clk)
Path Group: clk
Path Type: min
Corner: Fastest

Fanout     Cap    Slew   Delay    Time   Description
-----------------------------------------------------------------------------
                          0.00    0.00   clock clk (rise edge)
                          0.50    0.50   clock source latency
     1    0.02    0.04    0.03    0.53 ^ clk (in)
                                         clk (net)
                  0.04    0.00    0.53 ^ clkbuf_0_clk/A (sky130_fd_sc_hd__clkbuf_16)
     2    0.02    0.03    0.09    0.62 ^ clkbuf_0_clk/X (sky130_fd_sc_hd__clkbuf_16)
                                         clknet_0_clk (net)
                  0.03    0.00    0.62 ^ clkbuf_1_1__f_clk/A (sky130_fd_sc_hd__clkbuf_16)
    13    0.05    0.05    0.10    0.72 ^ clkbuf_1_1__f_clk/X (sky130_fd_sc_hd__clkbuf_16)
                                         clknet_1_1__leaf_clk (net)
                  0.05    0.00    0.72 ^ _239_/CLK (sky130_fd_sc_hd__dfstp_1)
     1    0.00    0.02    0.22    0.94 v _239_/Q (sky130_fd_sc_hd__dfstp_1)
                                         net9 (net)
                  0.02    0.00    0.94 v output9/A (sky130_fd_sc_hd__clkbuf_2)
     1    0.02    0.06    0.10    1.04 v output9/X (sky130_fd_sc_hd__clkbuf_2)
                                         dvfs_ctrl[1] (net)
                  0.06    0.00    1.04 v dvfs_ctrl[1] (out)
                                  1.04   data arrival time

                          0.00    0.00   clock clk (rise edge)
                          0.50    0.50   clock network delay (propagated)
                          0.10    0.60   clock uncertainty
                          0.00    0.60   clock reconvergence pessimism
                         -0.50    0.10   output external delay
                                  0.10   data required time
-----------------------------------------------------------------------------
                                  0.10   data required time
                                 -1.04   data arrival time
-----------------------------------------------------------------------------
                                  0.94   slack (MET)


Startpoint: _253_ (rising edge-triggered flip-flop clocked by clk)
Endpoint: reset_ctrl (output port clocked by clk)
Path Group: clk
Path Type: min
Corner: Fastest

Fanout     Cap    Slew   Delay    Time   Description
-----------------------------------------------------------------------------
                          0.00    0.00   clock clk (rise edge)
                          0.50    0.50   clock source latency
     1    0.02    0.04    0.03    0.53 ^ clk (in)
                                         clk (net)
                  0.04    0.00    0.53 ^ clkbuf_0_clk/A (sky130_fd_sc_hd__clkbuf_16)
     2    0.02    0.03    0.09    0.62 ^ clkbuf_0_clk/X (sky130_fd_sc_hd__clkbuf_16)
                                         clknet_0_clk (net)
                  0.03    0.00    0.62 ^ clkbuf_1_1__f_clk/A (sky130_fd_sc_hd__clkbuf_16)
    13    0.05    0.05    0.10    0.72 ^ clkbuf_1_1__f_clk/X (sky130_fd_sc_hd__clkbuf_16)
                                         clknet_1_1__leaf_clk (net)
                  0.05    0.00    0.72 ^ _253_/CLK (sky130_fd_sc_hd__dfrtp_1)
     1    0.00    0.03    0.20    0.92 ^ _253_/Q (sky130_fd_sc_hd__dfrtp_1)
                                         net14 (net)
                  0.03    0.00    0.92 ^ output14/A (sky130_fd_sc_hd__buf_2)
     1    0.03    0.12    0.13    1.05 ^ output14/X (sky130_fd_sc_hd__buf_2)
                                         reset_ctrl (net)
                  0.12    0.00    1.05 ^ reset_ctrl (out)
                                  1.05   data arrival time

                          0.00    0.00   clock clk (rise edge)
                          0.50    0.50   clock network delay (propagated)
                          0.10    0.60   clock uncertainty
                          0.00    0.60   clock reconvergence pessimism
                         -0.50    0.10   output external delay
                                  0.10   data required time
-----------------------------------------------------------------------------
                                  0.10   data required time
                                 -1.05   data arrival time
-----------------------------------------------------------------------------
                                  0.95   slack (MET)


Startpoint: _252_ (rising edge-triggered flip-flop clocked by clk)
Endpoint: retention_restore (output port clocked by clk)
Path Group: clk
Path Type: min
Corner: Fastest

Fanout     Cap    Slew   Delay    Time   Description
-----------------------------------------------------------------------------
                          0.00    0.00   clock clk (rise edge)
                          0.50    0.50   clock source latency
     1    0.02    0.04    0.03    0.53 ^ clk (in)
                                         clk (net)
                  0.04    0.00    0.53 ^ clkbuf_0_clk/A (sky130_fd_sc_hd__clkbuf_16)
     2    0.02    0.03    0.09    0.62 ^ clkbuf_0_clk/X (sky130_fd_sc_hd__clkbuf_16)
                                         clknet_0_clk (net)
                  0.03    0.00    0.62 ^ clkbuf_1_0__f_clk/A (sky130_fd_sc_hd__clkbuf_16)
    16    0.05    0.05    0.10    0.72 ^ clkbuf_1_0__f_clk/X (sky130_fd_sc_hd__clkbuf_16)
                                         clknet_1_0__leaf_clk (net)
                  0.05    0.01    0.72 ^ _252_/CLK (sky130_fd_sc_hd__dfrtp_1)
     1    0.00    0.03    0.20    0.92 ^ _252_/Q (sky130_fd_sc_hd__dfrtp_1)
                                         net16 (net)
                  0.03    0.00    0.92 ^ output16/A (sky130_fd_sc_hd__buf_2)
     1    0.03    0.12    0.13    1.05 ^ output16/X (sky130_fd_sc_hd__buf_2)
                                         retention_restore (net)
                  0.12    0.00    1.05 ^ retention_restore (out)
                                  1.05   data arrival time

                          0.00    0.00   clock clk (rise edge)
                          0.50    0.50   clock network delay (propagated)
                          0.10    0.60   clock uncertainty
                          0.00    0.60   clock reconvergence pessimism
                         -0.50    0.10   output external delay
                                  0.10   data required time
-----------------------------------------------------------------------------
                                  0.10   data required time
                                 -1.05   data arrival time
-----------------------------------------------------------------------------
                                  0.95   slack (MET)


Startpoint: _251_ (rising edge-triggered flip-flop clocked by clk)
Endpoint: retention_save (output port clocked by clk)
Path Group: clk
Path Type: min
Corner: Fastest

Fanout     Cap    Slew   Delay    Time   Description
-----------------------------------------------------------------------------
                          0.00    0.00   clock clk (rise edge)
                          0.50    0.50   clock source latency
     1    0.02    0.04    0.03    0.53 ^ clk (in)
                                         clk (net)
                  0.04    0.00    0.53 ^ clkbuf_0_clk/A (sky130_fd_sc_hd__clkbuf_16)
     2    0.02    0.03    0.09    0.62 ^ clkbuf_0_clk/X (sky130_fd_sc_hd__clkbuf_16)
                                         clknet_0_clk (net)
                  0.03    0.00    0.62 ^ clkbuf_1_0__f_clk/A (sky130_fd_sc_hd__clkbuf_16)
    16    0.05    0.05    0.10    0.72 ^ clkbuf_1_0__f_clk/X (sky130_fd_sc_hd__clkbuf_16)
                                         clknet_1_0__leaf_clk (net)
                  0.05    0.01    0.72 ^ _251_/CLK (sky130_fd_sc_hd__dfrtp_1)
     1    0.00    0.03    0.20    0.92 ^ _251_/Q (sky130_fd_sc_hd__dfrtp_1)
                                         net17 (net)
                  0.03    0.00    0.92 ^ output17/A (sky130_fd_sc_hd__buf_2)
     1    0.03    0.12    0.13    1.05 ^ output17/X (sky130_fd_sc_hd__buf_2)
                                         retention_save (net)
                  0.12    0.00    1.05 ^ retention_save (out)
                                  1.05   data arrival time

                          0.00    0.00   clock clk (rise edge)
                          0.50    0.50   clock network delay (propagated)
                          0.10    0.60   clock uncertainty
                          0.00    0.60   clock reconvergence pessimism
                         -0.50    0.10   output external delay
                                  0.10   data required time
-----------------------------------------------------------------------------
                                  0.10   data required time
                                 -1.05   data arrival time
-----------------------------------------------------------------------------
                                  0.95   slack (MET)


Startpoint: _249_ (rising edge-triggered flip-flop clocked by clk)
Endpoint: pwr_gate_en (output port clocked by clk)
Path Group: clk
Path Type: min
Corner: Fastest

Fanout     Cap    Slew   Delay    Time   Description
-----------------------------------------------------------------------------
                          0.00    0.00   clock clk (rise edge)
                          0.50    0.50   clock source latency
     1    0.02    0.04    0.03    0.53 ^ clk (in)
                                         clk (net)
                  0.04    0.00    0.53 ^ clkbuf_0_clk/A (sky130_fd_sc_hd__clkbuf_16)
     2    0.02    0.03    0.09    0.62 ^ clkbuf_0_clk/X (sky130_fd_sc_hd__clkbuf_16)
                                         clknet_0_clk (net)
                  0.03    0.00    0.62 ^ clkbuf_1_0__f_clk/A (sky130_fd_sc_hd__clkbuf_16)
    16    0.05    0.05    0.10    0.72 ^ clkbuf_1_0__f_clk/X (sky130_fd_sc_hd__clkbuf_16)
                                         clknet_1_0__leaf_clk (net)
                  0.05    0.00    0.72 ^ _249_/CLK (sky130_fd_sc_hd__dfrtp_1)
     1    0.00    0.03    0.20    0.93 ^ _249_/Q (sky130_fd_sc_hd__dfrtp_1)
                                         net11 (net)
                  0.03    0.00    0.93 ^ output11/A (sky130_fd_sc_hd__buf_4)
     1    0.05    0.11    0.13    1.06 ^ output11/X (sky130_fd_sc_hd__buf_4)
                                         pwr_gate_en (net)
                  0.11    0.00    1.06 ^ pwr_gate_en (out)
                                  1.06   data arrival time

                          0.00    0.00   clock clk (rise edge)
                          0.50    0.50   clock network delay (propagated)
                          0.10    0.60   clock uncertainty
                          0.00    0.60   clock reconvergence pessimism
                         -0.50    0.10   output external delay
                                  0.10   data required time
-----------------------------------------------------------------------------
                                  0.10   data required time
                                 -1.06   data arrival time
-----------------------------------------------------------------------------
                                  0.96   slack (MET)


Startpoint: _250_ (rising edge-triggered flip-flop clocked by clk)
Endpoint: retention_en (output port clocked by clk)
Path Group: clk
Path Type: min
Corner: Fastest

Fanout     Cap    Slew   Delay    Time   Description
-----------------------------------------------------------------------------
                          0.00    0.00   clock clk (rise edge)
                          0.50    0.50   clock source latency
     1    0.02    0.04    0.03    0.53 ^ clk (in)
                                         clk (net)
                  0.04    0.00    0.53 ^ clkbuf_0_clk/A (sky130_fd_sc_hd__clkbuf_16)
     2    0.02    0.03    0.09    0.62 ^ clkbuf_0_clk/X (sky130_fd_sc_hd__clkbuf_16)
                                         clknet_0_clk (net)
                  0.03    0.00    0.62 ^ clkbuf_1_0__f_clk/A (sky130_fd_sc_hd__clkbuf_16)
    16    0.05    0.05    0.10    0.72 ^ clkbuf_1_0__f_clk/X (sky130_fd_sc_hd__clkbuf_16)
                                         clknet_1_0__leaf_clk (net)
                  0.05    0.01    0.72 ^ _250_/CLK (sky130_fd_sc_hd__dfrtp_1)
     1    0.00    0.03    0.21    0.93 ^ _250_/Q (sky130_fd_sc_hd__dfrtp_1)
                                         net15 (net)
                  0.03    0.00    0.93 ^ output15/A (sky130_fd_sc_hd__buf_4)
     1    0.05    0.11    0.13    1.06 ^ output15/X (sky130_fd_sc_hd__buf_4)
                                         retention_en (net)
                  0.11    0.00    1.06 ^ retention_en (out)
                                  1.06   data arrival time

                          0.00    0.00   clock clk (rise edge)
                          0.50    0.50   clock network delay (propagated)
                          0.10    0.60   clock uncertainty
                          0.00    0.60   clock reconvergence pessimism
                         -0.50    0.10   output external delay
                                  0.10   data required time
-----------------------------------------------------------------------------
                                  0.10   data required time
                                 -1.06   data arrival time
-----------------------------------------------------------------------------
                                  0.96   slack (MET)


Startpoint: _248_ (rising edge-triggered flip-flop clocked by clk)
Endpoint: clk_gate_en (output port clocked by clk)
Path Group: clk
Path Type: min
Corner: Fastest

Fanout     Cap    Slew   Delay    Time   Description
-----------------------------------------------------------------------------
                          0.00    0.00   clock clk (rise edge)
                          0.50    0.50   clock source latency
     1    0.02    0.04    0.03    0.53 ^ clk (in)
                                         clk (net)
                  0.04    0.00    0.53 ^ clkbuf_0_clk/A (sky130_fd_sc_hd__clkbuf_16)
     2    0.02    0.03    0.09    0.62 ^ clkbuf_0_clk/X (sky130_fd_sc_hd__clkbuf_16)
                                         clknet_0_clk (net)
                  0.03    0.00    0.62 ^ clkbuf_1_0__f_clk/A (sky130_fd_sc_hd__clkbuf_16)
    16    0.05    0.05    0.10    0.72 ^ clkbuf_1_0__f_clk/X (sky130_fd_sc_hd__clkbuf_16)
                                         clknet_1_0__leaf_clk (net)
                  0.05    0.01    0.72 ^ _248_/CLK (sky130_fd_sc_hd__dfrtp_1)
     1    0.00    0.03    0.20    0.93 ^ _248_/Q (sky130_fd_sc_hd__dfrtp_1)
                                         net8 (net)
                  0.03    0.00    0.93 ^ output8/A (sky130_fd_sc_hd__buf_4)
     1    0.05    0.12    0.13    1.06 ^ output8/X (sky130_fd_sc_hd__buf_4)
                                         clk_gate_en (net)
                  0.12    0.00    1.07 ^ clk_gate_en (out)
                                  1.07   data arrival time

                          0.00    0.00   clock clk (rise edge)
                          0.50    0.50   clock network delay (propagated)
                          0.10    0.60   clock uncertainty
                          0.00    0.60   clock reconvergence pessimism
                         -0.50    0.10   output external delay
                                  0.10   data required time
-----------------------------------------------------------------------------
                                  0.10   data required time
                                 -1.07   data arrival time
-----------------------------------------------------------------------------
                                  0.97   slack (MET)


Startpoint: _256_ (rising edge-triggered flip-flop clocked by clk)
Endpoint: error (output port clocked by clk)
Path Group: clk
Path Type: min
Corner: Fastest

Fanout     Cap    Slew   Delay    Time   Description
-----------------------------------------------------------------------------
                          0.00    0.00   clock clk (rise edge)
                          0.50    0.50   clock source latency
     1    0.02    0.04    0.03    0.53 ^ clk (in)
                                         clk (net)
                  0.04    0.00    0.53 ^ clkbuf_0_clk/A (sky130_fd_sc_hd__clkbuf_16)
     2    0.02    0.03    0.09    0.62 ^ clkbuf_0_clk/X (sky130_fd_sc_hd__clkbuf_16)
                                         clknet_0_clk (net)
                  0.03    0.00    0.62 ^ clkbuf_1_0__f_clk/A (sky130_fd_sc_hd__clkbuf_16)
    16    0.05    0.05    0.10    0.72 ^ clkbuf_1_0__f_clk/X (sky130_fd_sc_hd__clkbuf_16)
                                         clknet_1_0__leaf_clk (net)
                  0.05    0.01    0.72 ^ _256_/CLK (sky130_fd_sc_hd__dfrtp_4)
     8    0.03    0.08    0.30    1.02 ^ _256_/Q (sky130_fd_sc_hd__dfrtp_4)
                                         curr_state[0] (net)
                  0.08    0.00    1.02 ^ _125_/A (sky130_fd_sc_hd__nor2_1)
     3    0.01    0.03    0.05    1.07 v _125_/Y (sky130_fd_sc_hd__nor2_1)
                                         _065_ (net)
                  0.03    0.00    1.08 v _199_/A (sky130_fd_sc_hd__nand2_1)
     1    0.00    0.03    0.04    1.11 ^ _199_/Y (sky130_fd_sc_hd__nand2_1)
                                         _026_ (net)
                  0.03    0.00    1.11 ^ _200_/B1 (sky130_fd_sc_hd__a211oi_1)
     1    0.01    0.03    0.04    1.15 v _200_/Y (sky130_fd_sc_hd__a211oi_1)
                                         net10 (net)
                  0.03    0.00    1.15 v wire19/A (sky130_fd_sc_hd__clkbuf_1)
     1    0.01    0.03    0.07    1.22 v wire19/X (sky130_fd_sc_hd__clkbuf_1)
                                         net19 (net)
                  0.03    0.00    1.22 v output10/A (sky130_fd_sc_hd__clkbuf_2)
     1    0.02    0.06    0.10    1.32 v output10/X (sky130_fd_sc_hd__clkbuf_2)
                                         error (net)
                  0.06    0.00    1.32 v error (out)
                                  1.32   data arrival time

                          0.00    0.00   clock clk (rise edge)
                          0.50    0.50   clock network delay (propagated)
                          0.10    0.60   clock uncertainty
                          0.00    0.60   clock reconvergence pessimism
                         -0.50    0.10   output external delay
                                  0.10   data required time
-----------------------------------------------------------------------------
                                  0.10   data required time
                                 -1.32   data arrival time
-----------------------------------------------------------------------------
                                  1.22   slack (MET)


Startpoint: _257_ (rising edge-triggered flip-flop clocked by clk)
Endpoint: seq_busy (output port clocked by clk)
Path Group: clk
Path Type: min
Corner: Fastest

Fanout     Cap    Slew   Delay    Time   Description
-----------------------------------------------------------------------------
                          0.00    0.00   clock clk (rise edge)
                          0.50    0.50   clock source latency
     1    0.02    0.04    0.03    0.53 ^ clk (in)
                                         clk (net)
                  0.04    0.00    0.53 ^ clkbuf_0_clk/A (sky130_fd_sc_hd__clkbuf_16)
     2    0.02    0.03    0.09    0.62 ^ clkbuf_0_clk/X (sky130_fd_sc_hd__clkbuf_16)
                                         clknet_0_clk (net)
                  0.03    0.00    0.62 ^ clkbuf_1_0__f_clk/A (sky130_fd_sc_hd__clkbuf_16)
    16    0.05    0.05    0.10    0.72 ^ clkbuf_1_0__f_clk/X (sky130_fd_sc_hd__clkbuf_16)
                                         clknet_1_0__leaf_clk (net)
                  0.05    0.00    0.72 ^ _257_/CLK (sky130_fd_sc_hd__dfrtp_1)
     3    0.01    0.08    0.24    0.97 ^ _257_/Q (sky130_fd_sc_hd__dfrtp_1)
                                         curr_state[1] (net)
                  0.08    0.00    0.97 ^ _138_/B (sky130_fd_sc_hd__nand2_1)
     3    0.01    0.07    0.07    1.04 v _138_/Y (sky130_fd_sc_hd__nand2_1)
                                         _077_ (net)
                  0.07    0.00    1.04 v _139_/A (sky130_fd_sc_hd__inv_2)
     2    0.01    0.03    0.05    1.09 ^ _139_/Y (sky130_fd_sc_hd__inv_2)
                                         _078_ (net)
                  0.03    0.00    1.09 ^ _140_/B (sky130_fd_sc_hd__nor2_1)
     1    0.00    0.02    0.02    1.12 v _140_/Y (sky130_fd_sc_hd__nor2_1)
                                         net18 (net)
                  0.02    0.00    1.12 v wire20/A (sky130_fd_sc_hd__buf_1)
     4    0.02    0.07    0.09    1.21 v wire20/X (sky130_fd_sc_hd__buf_1)
                                         net20 (net)
                  0.07    0.00    1.21 v output18/A (sky130_fd_sc_hd__clkbuf_2)
     1    0.02    0.06    0.12    1.33 v output18/X (sky130_fd_sc_hd__clkbuf_2)
                                         seq_busy (net)
                  0.06    0.00    1.33 v seq_busy (out)
                                  1.33   data arrival time

                          0.00    0.00   clock clk (rise edge)
                          0.50    0.50   clock network delay (propagated)
                          0.10    0.60   clock uncertainty
                          0.00    0.60   clock reconvergence pessimism
                         -0.50    0.10   output external delay
                                  0.10   data required time
-----------------------------------------------------------------------------
                                  0.10   data required time
                                 -1.33   data arrival time
-----------------------------------------------------------------------------
                                  1.23   slack (MET)



worst slack corner Fastest: 0.1212
======================= Slowest Corner ===================================

Startpoint: req_off (input port clocked by clk)
Endpoint: _260_ (rising edge-triggered flip-flop clocked by clk)
Path Group: clk
Path Type: min
Corner: Slowest

Fanout     Cap    Slew   Delay    Time   Description
-----------------------------------------------------------------------------
                          0.00    0.00   clock clk (rise edge)
                          0.50    0.50   clock network delay (propagated)
                          0.50    1.00 ^ input external delay
     1    0.00    0.04    0.02    1.02 ^ req_off (in)
                                         req_off (net)
                  0.04    0.00    1.02 ^ input4/A (sky130_fd_sc_hd__clkbuf_1)
     1    0.00    0.06    0.13    1.15 ^ input4/X (sky130_fd_sc_hd__clkbuf_1)
                                         net4 (net)
                  0.06    0.00    1.15 ^ _260_/D (sky130_fd_sc_hd__dfrtp_1)
                                  1.15   data arrival time

                          0.00    0.00   clock clk (rise edge)
                          0.50    0.50   clock source latency
     1    0.02    0.10    0.07    0.57 ^ clk (in)
                                         clk (net)
                  0.10    0.00    0.57 ^ clkbuf_0_clk/A (sky130_fd_sc_hd__clkbuf_16)
     2    0.02    0.07    0.23    0.80 ^ clkbuf_0_clk/X (sky130_fd_sc_hd__clkbuf_16)
                                         clknet_0_clk (net)
                  0.07    0.00    0.80 ^ clkbuf_1_0__f_clk/A (sky130_fd_sc_hd__clkbuf_16)
    16    0.05    0.10    0.26    1.06 ^ clkbuf_1_0__f_clk/X (sky130_fd_sc_hd__clkbuf_16)
                                         clknet_1_0__leaf_clk (net)
                  0.10    0.00    1.06 ^ _260_/CLK (sky130_fd_sc_hd__dfrtp_1)
                          0.10    1.16   clock uncertainty
                          0.00    1.16   clock reconvergence pessimism
                         -0.07    1.09   library hold time
                                  1.09   data required time
-----------------------------------------------------------------------------
                                  1.09   data required time
                                 -1.15   data arrival time
-----------------------------------------------------------------------------
                                  0.05   slack (MET)


Startpoint: req_idle (input port clocked by clk)
Endpoint: _262_ (rising edge-triggered flip-flop clocked by clk)
Path Group: clk
Path Type: min
Corner: Slowest

Fanout     Cap    Slew   Delay    Time   Description
-----------------------------------------------------------------------------
                          0.00    0.00   clock clk (rise edge)
                          0.50    0.50   clock network delay (propagated)
                          0.50    1.00 ^ input external delay
     1    0.00    0.04    0.02    1.02 ^ req_idle (in)
                                         req_idle (net)
                  0.04    0.00    1.02 ^ input3/A (sky130_fd_sc_hd__clkbuf_1)
     1    0.00    0.06    0.13    1.15 ^ input3/X (sky130_fd_sc_hd__clkbuf_1)
                                         net3 (net)
                  0.06    0.00    1.15 ^ _262_/D (sky130_fd_sc_hd__dfrtp_1)
                                  1.15   data arrival time

                          0.00    0.00   clock clk (rise edge)
                          0.50    0.50   clock source latency
     1    0.02    0.10    0.07    0.57 ^ clk (in)
                                         clk (net)
                  0.10    0.00    0.57 ^ clkbuf_0_clk/A (sky130_fd_sc_hd__clkbuf_16)
     2    0.02    0.07    0.23    0.80 ^ clkbuf_0_clk/X (sky130_fd_sc_hd__clkbuf_16)
                                         clknet_0_clk (net)
                  0.07    0.00    0.80 ^ clkbuf_1_0__f_clk/A (sky130_fd_sc_hd__clkbuf_16)
    16    0.05    0.10    0.26    1.06 ^ clkbuf_1_0__f_clk/X (sky130_fd_sc_hd__clkbuf_16)
                                         clknet_1_0__leaf_clk (net)
                  0.10    0.00    1.06 ^ _262_/CLK (sky130_fd_sc_hd__dfrtp_1)
                          0.10    1.16   clock uncertainty
                          0.00    1.16   clock reconvergence pessimism
                         -0.07    1.09   library hold time
                                  1.09   data required time
-----------------------------------------------------------------------------
                                  1.09   data required time
                                 -1.15   data arrival time
-----------------------------------------------------------------------------
                                  0.06   slack (MET)


Startpoint: req_sleep (input port clocked by clk)
Endpoint: _261_ (rising edge-triggered flip-flop clocked by clk)
Path Group: clk
Path Type: min
Corner: Slowest

Fanout     Cap    Slew   Delay    Time   Description
-----------------------------------------------------------------------------
                          0.00    0.00   clock clk (rise edge)
                          0.50    0.50   clock network delay (propagated)
                          0.50    1.00 ^ input external delay
     1    0.00    0.04    0.02    1.02 ^ req_sleep (in)
                                         req_sleep (net)
                  0.04    0.00    1.02 ^ input5/A (sky130_fd_sc_hd__clkbuf_1)
     1    0.00    0.08    0.14    1.16 ^ input5/X (sky130_fd_sc_hd__clkbuf_1)
                                         net5 (net)
                  0.08    0.00    1.16 ^ _261_/D (sky130_fd_sc_hd__dfrtp_1)
                                  1.16   data arrival time

                          0.00    0.00   clock clk (rise edge)
                          0.50    0.50   clock source latency
     1    0.02    0.10    0.07    0.57 ^ clk (in)
                                         clk (net)
                  0.10    0.00    0.57 ^ clkbuf_0_clk/A (sky130_fd_sc_hd__clkbuf_16)
     2    0.02    0.07    0.23    0.80 ^ clkbuf_0_clk/X (sky130_fd_sc_hd__clkbuf_16)
                                         clknet_0_clk (net)
                  0.07    0.00    0.80 ^ clkbuf_1_0__f_clk/A (sky130_fd_sc_hd__clkbuf_16)
    16    0.05    0.10    0.26    1.06 ^ clkbuf_1_0__f_clk/X (sky130_fd_sc_hd__clkbuf_16)
                                         clknet_1_0__leaf_clk (net)
                  0.10    0.00    1.06 ^ _261_/CLK (sky130_fd_sc_hd__dfrtp_1)
                          0.10    1.16   clock uncertainty
                          0.00    1.16   clock reconvergence pessimism
                         -0.07    1.09   library hold time
                                  1.09   data required time
-----------------------------------------------------------------------------
                                  1.09   data required time
                                 -1.16   data arrival time
-----------------------------------------------------------------------------
                                  0.07   slack (MET)


Startpoint: wake_up (input port clocked by clk)
Endpoint: _259_ (rising edge-triggered flip-flop clocked by clk)
Path Group: clk
Path Type: min
Corner: Slowest

Fanout     Cap    Slew   Delay    Time   Description
-----------------------------------------------------------------------------
                          0.00    0.00   clock clk (rise edge)
                          0.50    0.50   clock network delay (propagated)
                          0.50    1.00 ^ input external delay
     1    0.00    0.04    0.02    1.02 ^ wake_up (in)
                                         wake_up (net)
                  0.04    0.00    1.02 ^ input7/A (sky130_fd_sc_hd__clkbuf_1)
     1    0.00    0.09    0.15    1.17 ^ input7/X (sky130_fd_sc_hd__clkbuf_1)
                                         net7 (net)
                  0.09    0.00    1.17 ^ _259_/D (sky130_fd_sc_hd__dfrtp_1)
                                  1.17   data arrival time

                          0.00    0.00   clock clk (rise edge)
                          0.50    0.50   clock source latency
     1    0.02    0.10    0.07    0.57 ^ clk (in)
                                         clk (net)
                  0.10    0.00    0.57 ^ clkbuf_0_clk/A (sky130_fd_sc_hd__clkbuf_16)
     2    0.02    0.07    0.23    0.80 ^ clkbuf_0_clk/X (sky130_fd_sc_hd__clkbuf_16)
                                         clknet_0_clk (net)
                  0.07    0.00    0.80 ^ clkbuf_1_0__f_clk/A (sky130_fd_sc_hd__clkbuf_16)
    16    0.05    0.10    0.26    1.06 ^ clkbuf_1_0__f_clk/X (sky130_fd_sc_hd__clkbuf_16)
                                         clknet_1_0__leaf_clk (net)
                  0.10    0.00    1.06 ^ _259_/CLK (sky130_fd_sc_hd__dfrtp_1)
                          0.10    1.16   clock uncertainty
                          0.00    1.16   clock reconvergence pessimism
                         -0.08    1.09   library hold time
                                  1.09   data required time
-----------------------------------------------------------------------------
                                  1.09   data required time
                                 -1.17   data arrival time
-----------------------------------------------------------------------------
                                  0.08   slack (MET)


Startpoint: _262_ (rising edge-triggered flip-flop clocked by clk)
Endpoint: _266_ (rising edge-triggered flip-flop clocked by clk)
Path Group: clk
Path Type: min
Corner: Slowest

Fanout     Cap    Slew   Delay    Time   Description
-----------------------------------------------------------------------------
                          0.00    0.00   clock clk (rise edge)
                          0.50    0.50   clock source latency
     1    0.02    0.10    0.07    0.57 ^ clk (in)
                                         clk (net)
                  0.10    0.00    0.57 ^ clkbuf_0_clk/A (sky130_fd_sc_hd__clkbuf_16)
     2    0.02    0.07    0.23    0.80 ^ clkbuf_0_clk/X (sky130_fd_sc_hd__clkbuf_16)
                                         clknet_0_clk (net)
                  0.07    0.00    0.80 ^ clkbuf_1_0__f_clk/A (sky130_fd_sc_hd__clkbuf_16)
    16    0.05    0.10    0.26    1.06 ^ clkbuf_1_0__f_clk/X (sky130_fd_sc_hd__clkbuf_16)
                                         clknet_1_0__leaf_clk (net)
                  0.10    0.00    1.06 ^ _262_/CLK (sky130_fd_sc_hd__dfrtp_1)
     1    0.00    0.07    0.64    1.71 ^ _262_/Q (sky130_fd_sc_hd__dfrtp_1)
                                         sync_stage1[3] (net)
                  0.07    0.00    1.71 ^ _266_/D (sky130_fd_sc_hd__dfrtp_1)
                                  1.71   data arrival time

                          0.00    0.00   clock clk (rise edge)
                          0.50    0.50   clock source latency
     1    0.02    0.10    0.07    0.57 ^ clk (in)
                                         clk (net)
                  0.10    0.00    0.57 ^ clkbuf_0_clk/A (sky130_fd_sc_hd__clkbuf_16)
     2    0.02    0.07    0.23    0.80 ^ clkbuf_0_clk/X (sky130_fd_sc_hd__clkbuf_16)
                                         clknet_0_clk (net)
                  0.07    0.00    0.80 ^ clkbuf_1_0__f_clk/A (sky130_fd_sc_hd__clkbuf_16)
    16    0.05    0.10    0.26    1.06 ^ clkbuf_1_0__f_clk/X (sky130_fd_sc_hd__clkbuf_16)
                                         clknet_1_0__leaf_clk (net)
                  0.10    0.00    1.06 ^ _266_/CLK (sky130_fd_sc_hd__dfrtp_1)
                          0.10    1.16   clock uncertainty
                          0.00    1.16   clock reconvergence pessimism
                         -0.07    1.09   library hold time
                                  1.09   data required time
-----------------------------------------------------------------------------
                                  1.09   data required time
                                 -1.71   data arrival time
-----------------------------------------------------------------------------
                                  0.62   slack (MET)


Startpoint: _261_ (rising edge-triggered flip-flop clocked by clk)
Endpoint: _265_ (rising edge-triggered flip-flop clocked by clk)
Path Group: clk
Path Type: min
Corner: Slowest

Fanout     Cap    Slew   Delay    Time   Description
-----------------------------------------------------------------------------
                          0.00    0.00   clock clk (rise edge)
                          0.50    0.50   clock source latency
     1    0.02    0.10    0.07    0.57 ^ clk (in)
                                         clk (net)
                  0.10    0.00    0.57 ^ clkbuf_0_clk/A (sky130_fd_sc_hd__clkbuf_16)
     2    0.02    0.07    0.23    0.80 ^ clkbuf_0_clk/X (sky130_fd_sc_hd__clkbuf_16)
                                         clknet_0_clk (net)
                  0.07    0.00    0.80 ^ clkbuf_1_0__f_clk/A (sky130_fd_sc_hd__clkbuf_16)
    16    0.05    0.10    0.26    1.06 ^ clkbuf_1_0__f_clk/X (sky130_fd_sc_hd__clkbuf_16)
                                         clknet_1_0__leaf_clk (net)
                  0.10    0.00    1.06 ^ _261_/CLK (sky130_fd_sc_hd__dfrtp_1)
     1    0.00    0.08    0.65    1.71 ^ _261_/Q (sky130_fd_sc_hd__dfrtp_1)
                                         sync_stage1[2] (net)
                  0.08    0.00    1.71 ^ _265_/D (sky130_fd_sc_hd__dfrtp_1)
                                  1.71   data arrival time

                          0.00    0.00   clock clk (rise edge)
                          0.50    0.50   clock source latency
     1    0.02    0.10    0.07    0.57 ^ clk (in)
                                         clk (net)
                  0.10    0.00    0.57 ^ clkbuf_0_clk/A (sky130_fd_sc_hd__clkbuf_16)
     2    0.02    0.07    0.23    0.80 ^ clkbuf_0_clk/X (sky130_fd_sc_hd__clkbuf_16)
                                         clknet_0_clk (net)
                  0.07    0.00    0.80 ^ clkbuf_1_0__f_clk/A (sky130_fd_sc_hd__clkbuf_16)
    16    0.05    0.10    0.26    1.06 ^ clkbuf_1_0__f_clk/X (sky130_fd_sc_hd__clkbuf_16)
                                         clknet_1_0__leaf_clk (net)
                  0.10    0.00    1.06 ^ _265_/CLK (sky130_fd_sc_hd__dfrtp_1)
                          0.10    1.16   clock uncertainty
                          0.00    1.16   clock reconvergence pessimism
                         -0.07    1.09   library hold time
                                  1.09   data required time
-----------------------------------------------------------------------------
                                  1.09   data required time
                                 -1.71   data arrival time
-----------------------------------------------------------------------------
                                  0.62   slack (MET)


Startpoint: _260_ (rising edge-triggered flip-flop clocked by clk)
Endpoint: _264_ (rising edge-triggered flip-flop clocked by clk)
Path Group: clk
Path Type: min
Corner: Slowest

Fanout     Cap    Slew   Delay    Time   Description
-----------------------------------------------------------------------------
                          0.00    0.00   clock clk (rise edge)
                          0.50    0.50   clock source latency
     1    0.02    0.10    0.07    0.57 ^ clk (in)
                                         clk (net)
                  0.10    0.00    0.57 ^ clkbuf_0_clk/A (sky130_fd_sc_hd__clkbuf_16)
     2    0.02    0.07    0.23    0.80 ^ clkbuf_0_clk/X (sky130_fd_sc_hd__clkbuf_16)
                                         clknet_0_clk (net)
                  0.07    0.00    0.80 ^ clkbuf_1_0__f_clk/A (sky130_fd_sc_hd__clkbuf_16)
    16    0.05    0.10    0.26    1.06 ^ clkbuf_1_0__f_clk/X (sky130_fd_sc_hd__clkbuf_16)
                                         clknet_1_0__leaf_clk (net)
                  0.10    0.00    1.06 ^ _260_/CLK (sky130_fd_sc_hd__dfrtp_1)
     1    0.00    0.08    0.65    1.71 ^ _260_/Q (sky130_fd_sc_hd__dfrtp_1)
                                         sync_stage1[1] (net)
                  0.08    0.00    1.71 ^ _264_/D (sky130_fd_sc_hd__dfrtp_1)
                                  1.71   data arrival time

                          0.00    0.00   clock clk (rise edge)
                          0.50    0.50   clock source latency
     1    0.02    0.10    0.07    0.57 ^ clk (in)
                                         clk (net)
                  0.10    0.00    0.57 ^ clkbuf_0_clk/A (sky130_fd_sc_hd__clkbuf_16)
     2    0.02    0.07    0.23    0.80 ^ clkbuf_0_clk/X (sky130_fd_sc_hd__clkbuf_16)
                                         clknet_0_clk (net)
                  0.07    0.00    0.80 ^ clkbuf_1_0__f_clk/A (sky130_fd_sc_hd__clkbuf_16)
    16    0.05    0.10    0.26    1.06 ^ clkbuf_1_0__f_clk/X (sky130_fd_sc_hd__clkbuf_16)
                                         clknet_1_0__leaf_clk (net)
                  0.10    0.00    1.06 ^ _264_/CLK (sky130_fd_sc_hd__dfrtp_1)
                          0.10    1.16   clock uncertainty
                          0.00    1.16   clock reconvergence pessimism
                         -0.07    1.09   library hold time
                                  1.09   data required time
-----------------------------------------------------------------------------
                                  1.09   data required time
                                 -1.71   data arrival time
-----------------------------------------------------------------------------
                                  0.62   slack (MET)


Startpoint: _259_ (rising edge-triggered flip-flop clocked by clk)
Endpoint: _263_ (rising edge-triggered flip-flop clocked by clk)
Path Group: clk
Path Type: min
Corner: Slowest

Fanout     Cap    Slew   Delay    Time   Description
-----------------------------------------------------------------------------
                          0.00    0.00   clock clk (rise edge)
                          0.50    0.50   clock source latency
     1    0.02    0.10    0.07    0.57 ^ clk (in)
                                         clk (net)
                  0.10    0.00    0.57 ^ clkbuf_0_clk/A (sky130_fd_sc_hd__clkbuf_16)
     2    0.02    0.07    0.23    0.80 ^ clkbuf_0_clk/X (sky130_fd_sc_hd__clkbuf_16)
                                         clknet_0_clk (net)
                  0.07    0.00    0.80 ^ clkbuf_1_0__f_clk/A (sky130_fd_sc_hd__clkbuf_16)
    16    0.05    0.10    0.26    1.06 ^ clkbuf_1_0__f_clk/X (sky130_fd_sc_hd__clkbuf_16)
                                         clknet_1_0__leaf_clk (net)
                  0.10    0.00    1.06 ^ _259_/CLK (sky130_fd_sc_hd__dfrtp_1)
     1    0.00    0.09    0.67    1.73 ^ _259_/Q (sky130_fd_sc_hd__dfrtp_1)
                                         sync_stage1[0] (net)
                  0.09    0.00    1.73 ^ _263_/D (sky130_fd_sc_hd__dfrtp_1)
                                  1.73   data arrival time

                          0.00    0.00   clock clk (rise edge)
                          0.50    0.50   clock source latency
     1    0.02    0.10    0.07    0.57 ^ clk (in)
                                         clk (net)
                  0.10    0.00    0.57 ^ clkbuf_0_clk/A (sky130_fd_sc_hd__clkbuf_16)
     2    0.02    0.07    0.23    0.80 ^ clkbuf_0_clk/X (sky130_fd_sc_hd__clkbuf_16)
                                         clknet_0_clk (net)
                  0.07    0.00    0.80 ^ clkbuf_1_0__f_clk/A (sky130_fd_sc_hd__clkbuf_16)
    16    0.05    0.10    0.26    1.06 ^ clkbuf_1_0__f_clk/X (sky130_fd_sc_hd__clkbuf_16)
                                         clknet_1_0__leaf_clk (net)
                  0.10    0.00    1.06 ^ _263_/CLK (sky130_fd_sc_hd__dfrtp_1)
                          0.10    1.16   clock uncertainty
                          0.00    1.16   clock reconvergence pessimism
                         -0.08    1.08   library hold time
                                  1.08   data required time
-----------------------------------------------------------------------------
                                  1.08   data required time
                                 -1.73   data arrival time
-----------------------------------------------------------------------------
                                  0.65   slack (MET)


Startpoint: _257_ (rising edge-triggered flip-flop clocked by clk)
Endpoint: _249_ (rising edge-triggered flip-flop clocked by clk)
Path Group: clk
Path Type: min
Corner: Slowest

Fanout     Cap    Slew   Delay    Time   Description
-----------------------------------------------------------------------------
                          0.00    0.00   clock clk (rise edge)
                          0.50    0.50   clock source latency
     1    0.02    0.10    0.07    0.57 ^ clk (in)
                                         clk (net)
                  0.10    0.00    0.57 ^ clkbuf_0_clk/A (sky130_fd_sc_hd__clkbuf_16)
     2    0.02    0.07    0.23    0.80 ^ clkbuf_0_clk/X (sky130_fd_sc_hd__clkbuf_16)
                                         clknet_0_clk (net)
                  0.07    0.00    0.80 ^ clkbuf_1_0__f_clk/A (sky130_fd_sc_hd__clkbuf_16)
    16    0.05    0.10    0.26    1.06 ^ clkbuf_1_0__f_clk/X (sky130_fd_sc_hd__clkbuf_16)
                                         clknet_1_0__leaf_clk (net)
                  0.10    0.00    1.06 ^ _257_/CLK (sky130_fd_sc_hd__dfrtp_1)
     3    0.01    0.14    0.82    1.88 v _257_/Q (sky130_fd_sc_hd__dfrtp_1)
                                         curr_state[1] (net)
                  0.14    0.00    1.88 v _169_/A (sky130_fd_sc_hd__inv_2)
     2    0.01    0.07    0.11    2.00 ^ _169_/Y (sky130_fd_sc_hd__inv_2)
                                         _106_ (net)
                  0.07    0.00    2.00 ^ _183_/B (sky130_fd_sc_hd__nor2_1)
     2    0.01    0.09    0.11    2.10 v _183_/Y (sky130_fd_sc_hd__nor2_1)
                                         _002_ (net)
                  0.09    0.00    2.10 v _249_/D (sky130_fd_sc_hd__dfrtp_1)
                                  2.10   data arrival time

                          0.00    0.00   clock clk (rise edge)
                          0.50    0.50   clock source latency
     1    0.02    0.10    0.07    0.57 ^ clk (in)
                                         clk (net)
                  0.10    0.00    0.57 ^ clkbuf_0_clk/A (sky130_fd_sc_hd__clkbuf_16)
     2    0.02    0.07    0.23    0.80 ^ clkbuf_0_clk/X (sky130_fd_sc_hd__clkbuf_16)
                                         clknet_0_clk (net)
                  0.07    0.00    0.80 ^ clkbuf_1_0__f_clk/A (sky130_fd_sc_hd__clkbuf_16)
    16    0.05    0.10    0.26    1.06 ^ clkbuf_1_0__f_clk/X (sky130_fd_sc_hd__clkbuf_16)
                                         clknet_1_0__leaf_clk (net)
                  0.10    0.00    1.06 ^ _249_/CLK (sky130_fd_sc_hd__dfrtp_1)
                          0.10    1.16   clock uncertainty
                          0.00    1.16   clock reconvergence pessimism
                         -0.10    1.07   library hold time
                                  1.07   data required time
-----------------------------------------------------------------------------
                                  1.07   data required time
                                 -2.10   data arrival time
-----------------------------------------------------------------------------
                                  1.04   slack (MET)


Startpoint: _247_ (rising edge-triggered flip-flop clocked by clk)
Endpoint: _247_ (rising edge-triggered flip-flop clocked by clk)
Path Group: clk
Path Type: min
Corner: Slowest

Fanout     Cap    Slew   Delay    Time   Description
-----------------------------------------------------------------------------
                          0.00    0.00   clock clk (rise edge)
                          0.50    0.50   clock source latency
     1    0.02    0.10    0.07    0.57 ^ clk (in)
                                         clk (net)
                  0.10    0.00    0.57 ^ clkbuf_0_clk/A (sky130_fd_sc_hd__clkbuf_16)
     2    0.02    0.07    0.23    0.80 ^ clkbuf_0_clk/X (sky130_fd_sc_hd__clkbuf_16)
                                         clknet_0_clk (net)
                  0.07    0.00    0.80 ^ clkbuf_1_1__f_clk/A (sky130_fd_sc_hd__clkbuf_16)
    13    0.05    0.10    0.26    1.06 ^ clkbuf_1_1__f_clk/X (sky130_fd_sc_hd__clkbuf_16)
                                         clknet_1_1__leaf_clk (net)
                  0.10    0.00    1.06 ^ _247_/CLK (sky130_fd_sc_hd__dfrtp_1)
     2    0.01    0.15    0.72    1.79 ^ _247_/Q (sky130_fd_sc_hd__dfrtp_1)
                                         seq_timer[7] (net)
                  0.15    0.00    1.79 ^ _237_/A (sky130_fd_sc_hd__xor2_1)
     1    0.00    0.07    0.17    1.95 v _237_/X (sky130_fd_sc_hd__xor2_1)
                                         _056_ (net)
                  0.07    0.00    1.95 v _238_/A (sky130_fd_sc_hd__nor2_1)
     1    0.00    0.13    0.17    2.12 ^ _238_/Y (sky130_fd_sc_hd__nor2_1)
                                         _011_ (net)
                  0.13    0.00    2.12 ^ _247_/D (sky130_fd_sc_hd__dfrtp_1)
                                  2.12   data arrival time

                          0.00    0.00   clock clk (rise edge)
                          0.50    0.50   clock source latency
     1    0.02    0.10    0.07    0.57 ^ clk (in)
                                         clk (net)
                  0.10    0.00    0.57 ^ clkbuf_0_clk/A (sky130_fd_sc_hd__clkbuf_16)
     2    0.02    0.07    0.23    0.80 ^ clkbuf_0_clk/X (sky130_fd_sc_hd__clkbuf_16)
                                         clknet_0_clk (net)
                  0.07    0.00    0.80 ^ clkbuf_1_1__f_clk/A (sky130_fd_sc_hd__clkbuf_16)
    13    0.05    0.10    0.26    1.06 ^ clkbuf_1_1__f_clk/X (sky130_fd_sc_hd__clkbuf_16)
                                         clknet_1_1__leaf_clk (net)
                  0.10    0.00    1.06 ^ _247_/CLK (sky130_fd_sc_hd__dfrtp_1)
                          0.10    1.16   clock uncertainty
                          0.00    1.16   clock reconvergence pessimism
                         -0.08    1.08   library hold time
                                  1.08   data required time
-----------------------------------------------------------------------------
                                  1.08   data required time
                                 -2.12   data arrival time
-----------------------------------------------------------------------------
                                  1.04   slack (MET)


Startpoint: _246_ (rising edge-triggered flip-flop clocked by clk)
Endpoint: _246_ (rising edge-triggered flip-flop clocked by clk)
Path Group: clk
Path Type: min
Corner: Slowest

Fanout     Cap    Slew   Delay    Time   Description
-----------------------------------------------------------------------------
                          0.00    0.00   clock clk (rise edge)
                          0.50    0.50   clock source latency
     1    0.02    0.10    0.07    0.57 ^ clk (in)
                                         clk (net)
                  0.10    0.00    0.57 ^ clkbuf_0_clk/A (sky130_fd_sc_hd__clkbuf_16)
     2    0.02    0.07    0.23    0.80 ^ clkbuf_0_clk/X (sky130_fd_sc_hd__clkbuf_16)
                                         clknet_0_clk (net)
                  0.07    0.00    0.80 ^ clkbuf_1_1__f_clk/A (sky130_fd_sc_hd__clkbuf_16)
    13    0.05    0.10    0.26    1.06 ^ clkbuf_1_1__f_clk/X (sky130_fd_sc_hd__clkbuf_16)
                                         clknet_1_1__leaf_clk (net)
                  0.10    0.00    1.06 ^ _246_/CLK (sky130_fd_sc_hd__dfrtp_1)
     3    0.01    0.16    0.72    1.79 ^ _246_/Q (sky130_fd_sc_hd__dfrtp_1)
                                         seq_timer[6] (net)
                  0.16    0.00    1.79 ^ _234_/B (sky130_fd_sc_hd__nand2_1)
     2    0.01    0.18    0.22    2.01 v _234_/Y (sky130_fd_sc_hd__nand2_1)
                                         _054_ (net)
                  0.18    0.00    2.01 v _235_/B (sky130_fd_sc_hd__nand2_1)
     1    0.00    0.08    0.16    2.17 ^ _235_/Y (sky130_fd_sc_hd__nand2_1)
                                         _055_ (net)
                  0.08    0.00    2.17 ^ _236_/A (sky130_fd_sc_hd__nor2_1)
     1    0.00    0.04    0.08    2.24 v _236_/Y (sky130_fd_sc_hd__nor2_1)
                                         _010_ (net)
                  0.04    0.00    2.24 v _246_/D (sky130_fd_sc_hd__dfrtp_1)
                                  2.24   data arrival time

                          0.00    0.00   clock clk (rise edge)
                          0.50    0.50   clock source latency
     1    0.02    0.10    0.07    0.57 ^ clk (in)
                                         clk (net)
                  0.10    0.00    0.57 ^ clkbuf_0_clk/A (sky130_fd_sc_hd__clkbuf_16)
     2    0.02    0.07    0.23    0.80 ^ clkbuf_0_clk/X (sky130_fd_sc_hd__clkbuf_16)
                                         clknet_0_clk (net)
                  0.07    0.00    0.80 ^ clkbuf_1_1__f_clk/A (sky130_fd_sc_hd__clkbuf_16)
    13    0.05    0.10    0.26    1.06 ^ clkbuf_1_1__f_clk/X (sky130_fd_sc_hd__clkbuf_16)
                                         clknet_1_1__leaf_clk (net)
                  0.10    0.00    1.06 ^ _246_/CLK (sky130_fd_sc_hd__dfrtp_1)
                          0.10    1.16   clock uncertainty
                          0.00    1.16   clock reconvergence pessimism
                         -0.08    1.08   library hold time
                                  1.08   data required time
-----------------------------------------------------------------------------
                                  1.08   data required time
                                 -2.24   data arrival time
-----------------------------------------------------------------------------
                                  1.16   slack (MET)


Startpoint: _256_ (rising edge-triggered flip-flop clocked by clk)
Endpoint: _239_ (rising edge-triggered flip-flop clocked by clk)
Path Group: clk
Path Type: min
Corner: Slowest

Fanout     Cap    Slew   Delay    Time   Description
-----------------------------------------------------------------------------
                          0.00    0.00   clock clk (rise edge)
                          0.50    0.50   clock source latency
     1    0.02    0.10    0.07    0.57 ^ clk (in)
                                         clk (net)
                  0.10    0.00    0.57 ^ clkbuf_0_clk/A (sky130_fd_sc_hd__clkbuf_16)
     2    0.02    0.07    0.23    0.80 ^ clkbuf_0_clk/X (sky130_fd_sc_hd__clkbuf_16)
                                         clknet_0_clk (net)
                  0.07    0.00    0.80 ^ clkbuf_1_0__f_clk/A (sky130_fd_sc_hd__clkbuf_16)
    16    0.05    0.10    0.26    1.06 ^ clkbuf_1_0__f_clk/X (sky130_fd_sc_hd__clkbuf_16)
                                         clknet_1_0__leaf_clk (net)
                  0.10    0.00    1.06 ^ _256_/CLK (sky130_fd_sc_hd__dfrtp_4)
     8    0.03    0.20    0.94    2.00 ^ _256_/Q (sky130_fd_sc_hd__dfrtp_4)
                                         curr_state[0] (net)
                  0.20    0.00    2.00 ^ _189_/A (sky130_fd_sc_hd__nor2_1)
     2    0.01    0.10    0.18    2.19 v _189_/Y (sky130_fd_sc_hd__nor2_1)
                                         _022_ (net)
                  0.10    0.00    2.19 v _190_/A (sky130_fd_sc_hd__inv_2)
     1    0.00    0.04    0.08    2.27 ^ _190_/Y (sky130_fd_sc_hd__inv_2)
                                         _001_ (net)
                  0.04    0.00    2.27 ^ _239_/D (sky130_fd_sc_hd__dfstp_1)
                                  2.27   data arrival time

                          0.00    0.00   clock clk (rise edge)
                          0.50    0.50   clock source latency
     1    0.02    0.10    0.07    0.57 ^ clk (in)
                                         clk (net)
                  0.10    0.00    0.57 ^ clkbuf_0_clk/A (sky130_fd_sc_hd__clkbuf_16)
     2    0.02    0.07    0.23    0.80 ^ clkbuf_0_clk/X (sky130_fd_sc_hd__clkbuf_16)
                                         clknet_0_clk (net)
                  0.07    0.00    0.80 ^ clkbuf_1_1__f_clk/A (sky130_fd_sc_hd__clkbuf_16)
    13    0.05    0.10    0.26    1.06 ^ clkbuf_1_1__f_clk/X (sky130_fd_sc_hd__clkbuf_16)
                                         clknet_1_1__leaf_clk (net)
                  0.10    0.00    1.06 ^ _239_/CLK (sky130_fd_sc_hd__dfstp_1)
                          0.10    1.16   clock uncertainty
                          0.00    1.16   clock reconvergence pessimism
                         -0.06    1.10   library hold time
                                  1.10   data required time
-----------------------------------------------------------------------------
                                  1.10   data required time
                                 -2.27   data arrival time
-----------------------------------------------------------------------------
                                  1.16   slack (MET)


Startpoint: _240_ (rising edge-triggered flip-flop clocked by clk)
Endpoint: _251_ (rising edge-triggered flip-flop clocked by clk)
Path Group: clk
Path Type: min
Corner: Slowest

Fanout     Cap    Slew   Delay    Time   Description
-----------------------------------------------------------------------------
                          0.00    0.00   clock clk (rise edge)
                          0.50    0.50   clock source latency
     1    0.02    0.10    0.07    0.57 ^ clk (in)
                                         clk (net)
                  0.10    0.00    0.57 ^ clkbuf_0_clk/A (sky130_fd_sc_hd__clkbuf_16)
     2    0.02    0.07    0.23    0.80 ^ clkbuf_0_clk/X (sky130_fd_sc_hd__clkbuf_16)
                                         clknet_0_clk (net)
                  0.07    0.00    0.80 ^ clkbuf_1_1__f_clk/A (sky130_fd_sc_hd__clkbuf_16)
    13    0.05    0.10    0.26    1.06 ^ clkbuf_1_1__f_clk/X (sky130_fd_sc_hd__clkbuf_16)
                                         clknet_1_1__leaf_clk (net)
                  0.10    0.00    1.06 ^ _240_/CLK (sky130_fd_sc_hd__dfrtp_1)
     5    0.02    0.28    0.82    1.89 ^ _240_/Q (sky130_fd_sc_hd__dfrtp_1)
                                         seq_timer[0] (net)
                  0.28    0.00    1.89 ^ _198_/A2 (sky130_fd_sc_hd__o211a_1)
     1    0.00    0.10    0.37    2.26 ^ _198_/X (sky130_fd_sc_hd__o211a_1)
                                         _003_ (net)
                  0.10    0.00    2.26 ^ _251_/D (sky130_fd_sc_hd__dfrtp_1)
                                  2.26   data arrival time

                          0.00    0.00   clock clk (rise edge)
                          0.50    0.50   clock source latency
     1    0.02    0.10    0.07    0.57 ^ clk (in)
                                         clk (net)
                  0.10    0.00    0.57 ^ clkbuf_0_clk/A (sky130_fd_sc_hd__clkbuf_16)
     2    0.02    0.07    0.23    0.80 ^ clkbuf_0_clk/X (sky130_fd_sc_hd__clkbuf_16)
                                         clknet_0_clk (net)
                  0.07    0.00    0.80 ^ clkbuf_1_0__f_clk/A (sky130_fd_sc_hd__clkbuf_16)
    16    0.05    0.10    0.26    1.06 ^ clkbuf_1_0__f_clk/X (sky130_fd_sc_hd__clkbuf_16)
                                         clknet_1_0__leaf_clk (net)
                  0.10    0.00    1.06 ^ _251_/CLK (sky130_fd_sc_hd__dfrtp_1)
                          0.10    1.16   clock uncertainty
                          0.00    1.16   clock reconvergence pessimism
                         -0.08    1.09   library hold time
                                  1.09   data required time
-----------------------------------------------------------------------------
                                  1.09   data required time
                                 -2.26   data arrival time
-----------------------------------------------------------------------------
                                  1.17   slack (MET)


Startpoint: _244_ (rising edge-triggered flip-flop clocked by clk)
Endpoint: _244_ (rising edge-triggered flip-flop clocked by clk)
Path Group: clk
Path Type: min
Corner: Slowest

Fanout     Cap    Slew   Delay    Time   Description
-----------------------------------------------------------------------------
                          0.00    0.00   clock clk (rise edge)
                          0.50    0.50   clock source latency
     1    0.02    0.10    0.07    0.57 ^ clk (in)
                                         clk (net)
                  0.10    0.00    0.57 ^ clkbuf_0_clk/A (sky130_fd_sc_hd__clkbuf_16)
     2    0.02    0.07    0.23    0.80 ^ clkbuf_0_clk/X (sky130_fd_sc_hd__clkbuf_16)
                                         clknet_0_clk (net)
                  0.07    0.00    0.80 ^ clkbuf_1_1__f_clk/A (sky130_fd_sc_hd__clkbuf_16)
    13    0.05    0.10    0.26    1.06 ^ clkbuf_1_1__f_clk/X (sky130_fd_sc_hd__clkbuf_16)
                                         clknet_1_1__leaf_clk (net)
                  0.10    0.00    1.06 ^ _244_/CLK (sky130_fd_sc_hd__dfrtp_1)
     3    0.01    0.15    0.72    1.78 ^ _244_/Q (sky130_fd_sc_hd__dfrtp_1)
                                         seq_timer[4] (net)
                  0.15    0.00    1.78 ^ _224_/A_N (sky130_fd_sc_hd__nand2b_1)
     1    0.00    0.07    0.20    1.98 ^ _224_/Y (sky130_fd_sc_hd__nand2b_1)
                                         _046_ (net)
                  0.07    0.00    1.98 ^ _226_/A (sky130_fd_sc_hd__nand2_1)
     1    0.00    0.09    0.11    2.09 v _226_/Y (sky130_fd_sc_hd__nand2_1)
                                         _048_ (net)
                  0.09    0.00    2.09 v _227_/A (sky130_fd_sc_hd__nor2_1)
     1    0.00    0.12    0.17    2.26 ^ _227_/Y (sky130_fd_sc_hd__nor2_1)
                                         _008_ (net)
                  0.12    0.00    2.26 ^ _244_/D (sky130_fd_sc_hd__dfrtp_1)
                                  2.26   data arrival time

                          0.00    0.00   clock clk (rise edge)
                          0.50    0.50   clock source latency
     1    0.02    0.10    0.07    0.57 ^ clk (in)
                                         clk (net)
                  0.10    0.00    0.57 ^ clkbuf_0_clk/A (sky130_fd_sc_hd__clkbuf_16)
     2    0.02    0.07    0.23    0.80 ^ clkbuf_0_clk/X (sky130_fd_sc_hd__clkbuf_16)
                                         clknet_0_clk (net)
                  0.07    0.00    0.80 ^ clkbuf_1_1__f_clk/A (sky130_fd_sc_hd__clkbuf_16)
    13    0.05    0.10    0.26    1.06 ^ clkbuf_1_1__f_clk/X (sky130_fd_sc_hd__clkbuf_16)
                                         clknet_1_1__leaf_clk (net)
                  0.10    0.00    1.06 ^ _244_/CLK (sky130_fd_sc_hd__dfrtp_1)
                          0.10    1.16   clock uncertainty
                          0.00    1.16   clock reconvergence pessimism
                         -0.08    1.08   library hold time
                                  1.08   data required time
-----------------------------------------------------------------------------
                                  1.08   data required time
                                 -2.26   data arrival time
-----------------------------------------------------------------------------
                                  1.18   slack (MET)


Startpoint: _241_ (rising edge-triggered flip-flop clocked by clk)
Endpoint: _241_ (rising edge-triggered flip-flop clocked by clk)
Path Group: clk
Path Type: min
Corner: Slowest

Fanout     Cap    Slew   Delay    Time   Description
-----------------------------------------------------------------------------
                          0.00    0.00   clock clk (rise edge)
                          0.50    0.50   clock source latency
     1    0.02    0.10    0.07    0.57 ^ clk (in)
                                         clk (net)
                  0.10    0.00    0.57 ^ clkbuf_0_clk/A (sky130_fd_sc_hd__clkbuf_16)
     2    0.02    0.07    0.23    0.80 ^ clkbuf_0_clk/X (sky130_fd_sc_hd__clkbuf_16)
                                         clknet_0_clk (net)
                  0.07    0.00    0.80 ^ clkbuf_1_1__f_clk/A (sky130_fd_sc_hd__clkbuf_16)
    13    0.05    0.10    0.26    1.06 ^ clkbuf_1_1__f_clk/X (sky130_fd_sc_hd__clkbuf_16)
                                         clknet_1_1__leaf_clk (net)
                  0.10    0.00    1.06 ^ _241_/CLK (sky130_fd_sc_hd__dfrtp_1)
     2    0.01    0.16    0.72    1.79 ^ _241_/Q (sky130_fd_sc_hd__dfrtp_1)
                                         seq_timer[1] (net)
                  0.16    0.00    1.79 ^ _130_/A (sky130_fd_sc_hd__inv_2)
     4    0.01    0.07    0.12    1.91 v _130_/Y (sky130_fd_sc_hd__inv_2)
                                         _070_ (net)
                  0.07    0.00    1.91 v _212_/B (sky130_fd_sc_hd__nand2_1)
     1    0.00    0.07    0.10    2.01 ^ _212_/Y (sky130_fd_sc_hd__nand2_1)
                                         _037_ (net)
                  0.07    0.00    2.01 ^ _213_/B (sky130_fd_sc_hd__nand2_1)
     1    0.00    0.07    0.11    2.12 v _213_/Y (sky130_fd_sc_hd__nand2_1)
                                         _038_ (net)
                  0.07    0.00    2.12 v _214_/A (sky130_fd_sc_hd__nor2_1)
     1    0.00    0.11    0.15    2.27 ^ _214_/Y (sky130_fd_sc_hd__nor2_1)
                                         _005_ (net)
                  0.11    0.00    2.27 ^ _241_/D (sky130_fd_sc_hd__dfrtp_1)
                                  2.27   data arrival time

                          0.00    0.00   clock clk (rise edge)
                          0.50    0.50   clock source latency
     1    0.02    0.10    0.07    0.57 ^ clk (in)
                                         clk (net)
                  0.10    0.00    0.57 ^ clkbuf_0_clk/A (sky130_fd_sc_hd__clkbuf_16)
     2    0.02    0.07    0.23    0.80 ^ clkbuf_0_clk/X (sky130_fd_sc_hd__clkbuf_16)
                                         clknet_0_clk (net)
                  0.07    0.00    0.80 ^ clkbuf_1_1__f_clk/A (sky130_fd_sc_hd__clkbuf_16)
    13    0.05    0.10    0.26    1.06 ^ clkbuf_1_1__f_clk/X (sky130_fd_sc_hd__clkbuf_16)
                                         clknet_1_1__leaf_clk (net)
                  0.10    0.00    1.06 ^ _241_/CLK (sky130_fd_sc_hd__dfrtp_1)
                          0.10    1.16   clock uncertainty
                          0.00    1.16   clock reconvergence pessimism
                         -0.08    1.08   library hold time
                                  1.08   data required time
-----------------------------------------------------------------------------
                                  1.08   data required time
                                 -2.27   data arrival time
-----------------------------------------------------------------------------
                                  1.19   slack (MET)


Startpoint: _243_ (rising edge-triggered flip-flop clocked by clk)
Endpoint: _243_ (rising edge-triggered flip-flop clocked by clk)
Path Group: clk
Path Type: min
Corner: Slowest

Fanout     Cap    Slew   Delay    Time   Description
-----------------------------------------------------------------------------
                          0.00    0.00   clock clk (rise edge)
                          0.50    0.50   clock source latency
     1    0.02    0.10    0.07    0.57 ^ clk (in)
                                         clk (net)
                  0.10    0.00    0.57 ^ clkbuf_0_clk/A (sky130_fd_sc_hd__clkbuf_16)
     2    0.02    0.07    0.23    0.80 ^ clkbuf_0_clk/X (sky130_fd_sc_hd__clkbuf_16)
                                         clknet_0_clk (net)
                  0.07    0.00    0.80 ^ clkbuf_1_1__f_clk/A (sky130_fd_sc_hd__clkbuf_16)
    13    0.05    0.10    0.26    1.06 ^ clkbuf_1_1__f_clk/X (sky130_fd_sc_hd__clkbuf_16)
                                         clknet_1_1__leaf_clk (net)
                  0.10    0.00    1.06 ^ _243_/CLK (sky130_fd_sc_hd__dfrtp_1)
     3    0.01    0.14    0.82    1.88 v _243_/Q (sky130_fd_sc_hd__dfrtp_1)
                                         seq_timer[3] (net)
                  0.14    0.00    1.88 v _133_/A (sky130_fd_sc_hd__inv_2)
     2    0.01    0.06    0.11    2.00 ^ _133_/Y (sky130_fd_sc_hd__inv_2)
                                         _073_ (net)
                  0.06    0.00    2.00 ^ _220_/B (sky130_fd_sc_hd__nand2_1)
     1    0.00    0.07    0.10    2.10 v _220_/Y (sky130_fd_sc_hd__nand2_1)
                                         _043_ (net)
                  0.07    0.00    2.10 v _222_/A (sky130_fd_sc_hd__nand2_1)
     1    0.00    0.06    0.09    2.19 ^ _222_/Y (sky130_fd_sc_hd__nand2_1)
                                         _045_ (net)
                  0.06    0.00    2.19 ^ _223_/A (sky130_fd_sc_hd__nor2_1)
     1    0.00    0.05    0.08    2.27 v _223_/Y (sky130_fd_sc_hd__nor2_1)
                                         _007_ (net)
                  0.05    0.00    2.27 v _243_/D (sky130_fd_sc_hd__dfrtp_1)
                                  2.27   data arrival time

                          0.00    0.00   clock clk (rise edge)
                          0.50    0.50   clock source latency
     1    0.02    0.10    0.07    0.57 ^ clk (in)
                                         clk (net)
                  0.10    0.00    0.57 ^ clkbuf_0_clk/A (sky130_fd_sc_hd__clkbuf_16)
     2    0.02    0.07    0.23    0.80 ^ clkbuf_0_clk/X (sky130_fd_sc_hd__clkbuf_16)
                                         clknet_0_clk (net)
                  0.07    0.00    0.80 ^ clkbuf_1_1__f_clk/A (sky130_fd_sc_hd__clkbuf_16)
    13    0.05    0.10    0.26    1.06 ^ clkbuf_1_1__f_clk/X (sky130_fd_sc_hd__clkbuf_16)
                                         clknet_1_1__leaf_clk (net)
                  0.10    0.00    1.06 ^ _243_/CLK (sky130_fd_sc_hd__dfrtp_1)
                          0.10    1.16   clock uncertainty
                          0.00    1.16   clock reconvergence pessimism
                         -0.08    1.08   library hold time
                                  1.08   data required time
-----------------------------------------------------------------------------
                                  1.08   data required time
                                 -2.27   data arrival time
-----------------------------------------------------------------------------
                                  1.19   slack (MET)


Startpoint: retention_ready (input port clocked by clk)
Endpoint: _258_ (rising edge-triggered flip-flop clocked by clk)
Path Group: clk
Path Type: min
Corner: Slowest

Fanout     Cap    Slew   Delay    Time   Description
-----------------------------------------------------------------------------
                          0.00    0.00   clock clk (rise edge)
                          0.50    0.50   clock network delay (propagated)
                          1.00    1.50 v input external delay
     1    0.00    0.04    0.01    1.51 v retention_ready (in)
                                         retention_ready (net)
                  0.04    0.00    1.51 v input6/A (sky130_fd_sc_hd__buf_1)
     1    0.01    0.11    0.19    1.71 v input6/X (sky130_fd_sc_hd__buf_1)
                                         net6 (net)
                  0.11    0.00    1.71 v _164_/A (sky130_fd_sc_hd__inv_2)
     3    0.01    0.09    0.12    1.83 ^ _164_/Y (sky130_fd_sc_hd__inv_2)
                                         _101_ (net)
                  0.09    0.00    1.83 ^ _168_/A (sky130_fd_sc_hd__nor2_1)
     2    0.01    0.07    0.11    1.94 v _168_/Y (sky130_fd_sc_hd__nor2_1)
                                         _105_ (net)
                  0.07    0.00    1.94 v _177_/B (sky130_fd_sc_hd__nor2_1)
     1    0.00    0.13    0.14    2.08 ^ _177_/Y (sky130_fd_sc_hd__nor2_1)
                                         _013_ (net)
                  0.13    0.00    2.08 ^ _178_/A (sky130_fd_sc_hd__nor2_1)
     2    0.01    0.06    0.12    2.20 v _178_/Y (sky130_fd_sc_hd__nor2_1)
                                         _014_ (net)
                  0.06    0.00    2.20 v _187_/A (sky130_fd_sc_hd__nand2_1)
     1    0.00    0.06    0.09    2.29 ^ _187_/Y (sky130_fd_sc_hd__nand2_1)
                                         next_state[2] (net)
                  0.06    0.00    2.29 ^ _258_/D (sky130_fd_sc_hd__dfrtp_4)
                                  2.29   data arrival time

                          0.00    0.00   clock clk (rise edge)
                          0.50    0.50   clock source latency
     1    0.02    0.10    0.07    0.57 ^ clk (in)
                                         clk (net)
                  0.10    0.00    0.57 ^ clkbuf_0_clk/A (sky130_fd_sc_hd__clkbuf_16)
     2    0.02    0.07    0.23    0.80 ^ clkbuf_0_clk/X (sky130_fd_sc_hd__clkbuf_16)
                                         clknet_0_clk (net)
                  0.07    0.00    0.80 ^ clkbuf_1_0__f_clk/A (sky130_fd_sc_hd__clkbuf_16)
    16    0.05    0.10    0.26    1.06 ^ clkbuf_1_0__f_clk/X (sky130_fd_sc_hd__clkbuf_16)
                                         clknet_1_0__leaf_clk (net)
                  0.10    0.00    1.06 ^ _258_/CLK (sky130_fd_sc_hd__dfrtp_4)
                          0.10    1.16   clock uncertainty
                          0.00    1.16   clock reconvergence pessimism
                         -0.07    1.09   library hold time
                                  1.09   data required time
-----------------------------------------------------------------------------
                                  1.09   data required time
                                 -2.29   data arrival time
-----------------------------------------------------------------------------
                                  1.20   slack (MET)


Startpoint: _256_ (rising edge-triggered flip-flop clocked by clk)
Endpoint: _248_ (rising edge-triggered flip-flop clocked by clk)
Path Group: clk
Path Type: min
Corner: Slowest

Fanout     Cap    Slew   Delay    Time   Description
-----------------------------------------------------------------------------
                          0.00    0.00   clock clk (rise edge)
                          0.50    0.50   clock source latency
     1    0.02    0.10    0.07    0.57 ^ clk (in)
                                         clk (net)
                  0.10    0.00    0.57 ^ clkbuf_0_clk/A (sky130_fd_sc_hd__clkbuf_16)
     2    0.02    0.07    0.23    0.80 ^ clkbuf_0_clk/X (sky130_fd_sc_hd__clkbuf_16)
                                         clknet_0_clk (net)
                  0.07    0.00    0.80 ^ clkbuf_1_0__f_clk/A (sky130_fd_sc_hd__clkbuf_16)
    16    0.05    0.10    0.26    1.06 ^ clkbuf_1_0__f_clk/X (sky130_fd_sc_hd__clkbuf_16)
                                         clknet_1_0__leaf_clk (net)
                  0.10    0.00    1.06 ^ _256_/CLK (sky130_fd_sc_hd__dfrtp_4)
     8    0.03    0.20    0.94    2.00 ^ _256_/Q (sky130_fd_sc_hd__dfrtp_4)
                                         curr_state[0] (net)
                  0.20    0.00    2.00 ^ _188_/A1 (sky130_fd_sc_hd__o21a_1)
     1    0.00    0.08    0.29    2.29 ^ _188_/X (sky130_fd_sc_hd__o21a_1)
                                         _000_ (net)
                  0.08    0.00    2.29 ^ _248_/D (sky130_fd_sc_hd__dfrtp_1)
                                  2.29   data arrival time

                          0.00    0.00   clock clk (rise edge)
                          0.50    0.50   clock source latency
     1    0.02    0.10    0.07    0.57 ^ clk (in)
                                         clk (net)
                  0.10    0.00    0.57 ^ clkbuf_0_clk/A (sky130_fd_sc_hd__clkbuf_16)
     2    0.02    0.07    0.23    0.80 ^ clkbuf_0_clk/X (sky130_fd_sc_hd__clkbuf_16)
                                         clknet_0_clk (net)
                  0.07    0.00    0.80 ^ clkbuf_1_0__f_clk/A (sky130_fd_sc_hd__clkbuf_16)
    16    0.05    0.10    0.26    1.06 ^ clkbuf_1_0__f_clk/X (sky130_fd_sc_hd__clkbuf_16)
                                         clknet_1_0__leaf_clk (net)
                  0.10    0.00    1.06 ^ _248_/CLK (sky130_fd_sc_hd__dfrtp_1)
                          0.10    1.16   clock uncertainty
                          0.00    1.16   clock reconvergence pessimism
                         -0.07    1.09   library hold time
                                  1.09   data required time
-----------------------------------------------------------------------------
                                  1.09   data required time
                                 -2.29   data arrival time
-----------------------------------------------------------------------------
                                  1.20   slack (MET)


Startpoint: _240_ (rising edge-triggered flip-flop clocked by clk)
Endpoint: _240_ (rising edge-triggered flip-flop clocked by clk)
Path Group: clk
Path Type: min
Corner: Slowest

Fanout     Cap    Slew   Delay    Time   Description
-----------------------------------------------------------------------------
                          0.00    0.00   clock clk (rise edge)
                          0.50    0.50   clock source latency
     1    0.02    0.10    0.07    0.57 ^ clk (in)
                                         clk (net)
                  0.10    0.00    0.57 ^ clkbuf_0_clk/A (sky130_fd_sc_hd__clkbuf_16)
     2    0.02    0.07    0.23    0.80 ^ clkbuf_0_clk/X (sky130_fd_sc_hd__clkbuf_16)
                                         clknet_0_clk (net)
                  0.07    0.00    0.80 ^ clkbuf_1_1__f_clk/A (sky130_fd_sc_hd__clkbuf_16)
    13    0.05    0.10    0.26    1.06 ^ clkbuf_1_1__f_clk/X (sky130_fd_sc_hd__clkbuf_16)
                                         clknet_1_1__leaf_clk (net)
                  0.10    0.00    1.06 ^ _240_/CLK (sky130_fd_sc_hd__dfrtp_1)
     5    0.02    0.28    0.82    1.89 ^ _240_/Q (sky130_fd_sc_hd__dfrtp_1)
                                         seq_timer[0] (net)
                  0.28    0.00    1.89 ^ _202_/B (sky130_fd_sc_hd__nand2_1)
     3    0.01    0.14    0.23    2.12 v _202_/Y (sky130_fd_sc_hd__nand2_1)
                                         _028_ (net)
                  0.14    0.00    2.12 v _203_/B (sky130_fd_sc_hd__nand2_1)
     1    0.00    0.07    0.14    2.25 ^ _203_/Y (sky130_fd_sc_hd__nand2_1)
                                         _029_ (net)
                  0.07    0.00    2.25 ^ _210_/A (sky130_fd_sc_hd__nor2_1)
     1    0.00    0.04    0.08    2.33 v _210_/Y (sky130_fd_sc_hd__nor2_1)
                                         _004_ (net)
                  0.04    0.00    2.33 v _240_/D (sky130_fd_sc_hd__dfrtp_1)
                                  2.33   data arrival time

                          0.00    0.00   clock clk (rise edge)
                          0.50    0.50   clock source latency
     1    0.02    0.10    0.07    0.57 ^ clk (in)
                                         clk (net)
                  0.10    0.00    0.57 ^ clkbuf_0_clk/A (sky130_fd_sc_hd__clkbuf_16)
     2    0.02    0.07    0.23    0.80 ^ clkbuf_0_clk/X (sky130_fd_sc_hd__clkbuf_16)
                                         clknet_0_clk (net)
                  0.07    0.00    0.80 ^ clkbuf_1_1__f_clk/A (sky130_fd_sc_hd__clkbuf_16)
    13    0.05    0.10    0.26    1.06 ^ clkbuf_1_1__f_clk/X (sky130_fd_sc_hd__clkbuf_16)
                                         clknet_1_1__leaf_clk (net)
                  0.10    0.00    1.06 ^ _240_/CLK (sky130_fd_sc_hd__dfrtp_1)
                          0.10    1.16   clock uncertainty
                          0.00    1.16   clock reconvergence pessimism
                         -0.08    1.08   library hold time
                                  1.08   data required time
-----------------------------------------------------------------------------
                                  1.08   data required time
                                 -2.33   data arrival time
-----------------------------------------------------------------------------
                                  1.25   slack (MET)


Startpoint: _242_ (rising edge-triggered flip-flop clocked by clk)
Endpoint: _242_ (rising edge-triggered flip-flop clocked by clk)
Path Group: clk
Path Type: min
Corner: Slowest

Fanout     Cap    Slew   Delay    Time   Description
-----------------------------------------------------------------------------
                          0.00    0.00   clock clk (rise edge)
                          0.50    0.50   clock source latency
     1    0.02    0.10    0.07    0.57 ^ clk (in)
                                         clk (net)
                  0.10    0.00    0.57 ^ clkbuf_0_clk/A (sky130_fd_sc_hd__clkbuf_16)
     2    0.02    0.07    0.23    0.80 ^ clkbuf_0_clk/X (sky130_fd_sc_hd__clkbuf_16)
                                         clknet_0_clk (net)
                  0.07    0.00    0.80 ^ clkbuf_1_1__f_clk/A (sky130_fd_sc_hd__clkbuf_16)
    13    0.05    0.10    0.26    1.06 ^ clkbuf_1_1__f_clk/X (sky130_fd_sc_hd__clkbuf_16)
                                         clknet_1_1__leaf_clk (net)
                  0.10    0.00    1.06 ^ _242_/CLK (sky130_fd_sc_hd__dfrtp_1)
     5    0.01    0.17    0.86    1.92 v _242_/Q (sky130_fd_sc_hd__dfrtp_1)
                                         seq_timer[2] (net)
                  0.17    0.00    1.92 v _215_/A (sky130_fd_sc_hd__inv_2)
     2    0.01    0.07    0.12    2.04 ^ _215_/Y (sky130_fd_sc_hd__inv_2)
                                         _039_ (net)
                  0.07    0.00    2.05 ^ _217_/B (sky130_fd_sc_hd__nand2_1)
     1    0.00    0.06    0.10    2.15 v _217_/Y (sky130_fd_sc_hd__nand2_1)
                                         _041_ (net)
                  0.06    0.00    2.15 v _218_/B (sky130_fd_sc_hd__nand2_1)
     1    0.00    0.08    0.11    2.25 ^ _218_/Y (sky130_fd_sc_hd__nand2_1)
                                         _042_ (net)
                  0.08    0.00    2.25 ^ _219_/A (sky130_fd_sc_hd__nor2_1)
     1    0.00    0.04    0.08    2.33 v _219_/Y (sky130_fd_sc_hd__nor2_1)
                                         _006_ (net)
                  0.04    0.00    2.33 v _242_/D (sky130_fd_sc_hd__dfrtp_1)
                                  2.33   data arrival time

                          0.00    0.00   clock clk (rise edge)
                          0.50    0.50   clock source latency
     1    0.02    0.10    0.07    0.57 ^ clk (in)
                                         clk (net)
                  0.10    0.00    0.57 ^ clkbuf_0_clk/A (sky130_fd_sc_hd__clkbuf_16)
     2    0.02    0.07    0.23    0.80 ^ clkbuf_0_clk/X (sky130_fd_sc_hd__clkbuf_16)
                                         clknet_0_clk (net)
                  0.07    0.00    0.80 ^ clkbuf_1_1__f_clk/A (sky130_fd_sc_hd__clkbuf_16)
    13    0.05    0.10    0.26    1.06 ^ clkbuf_1_1__f_clk/X (sky130_fd_sc_hd__clkbuf_16)
                                         clknet_1_1__leaf_clk (net)
                  0.10    0.00    1.06 ^ _242_/CLK (sky130_fd_sc_hd__dfrtp_1)
                          0.10    1.16   clock uncertainty
                          0.00    1.16   clock reconvergence pessimism
                         -0.08    1.08   library hold time
                                  1.08   data required time
-----------------------------------------------------------------------------
                                  1.08   data required time
                                 -2.33   data arrival time
-----------------------------------------------------------------------------
                                  1.25   slack (MET)


Startpoint: _258_ (rising edge-triggered flip-flop clocked by clk)
Endpoint: _254_ (rising edge-triggered flip-flop clocked by clk)
Path Group: clk
Path Type: min
Corner: Slowest

Fanout     Cap    Slew   Delay    Time   Description
-----------------------------------------------------------------------------
                          0.00    0.00   clock clk (rise edge)
                          0.50    0.50   clock source latency
     1    0.02    0.10    0.07    0.57 ^ clk (in)
                                         clk (net)
                  0.10    0.00    0.57 ^ clkbuf_0_clk/A (sky130_fd_sc_hd__clkbuf_16)
     2    0.02    0.07    0.23    0.80 ^ clkbuf_0_clk/X (sky130_fd_sc_hd__clkbuf_16)
                                         clknet_0_clk (net)
                  0.07    0.00    0.80 ^ clkbuf_1_0__f_clk/A (sky130_fd_sc_hd__clkbuf_16)
    16    0.05    0.10    0.26    1.06 ^ clkbuf_1_0__f_clk/X (sky130_fd_sc_hd__clkbuf_16)
                                         clknet_1_0__leaf_clk (net)
                  0.10    0.00    1.06 ^ _258_/CLK (sky130_fd_sc_hd__dfrtp_4)
     8    0.04    0.25    0.98    2.04 ^ _258_/Q (sky130_fd_sc_hd__dfrtp_4)
                                         curr_state[2] (net)
                  0.25    0.00    2.04 ^ _191_/A1 (sky130_fd_sc_hd__a21oi_1)
     1    0.01    0.11    0.28    2.32 v _191_/Y (sky130_fd_sc_hd__a21oi_1)
                                         _112_ (net)
                  0.11    0.00    2.32 v _254_/D (sky130_fd_sc_hd__dfrtp_1)
                                  2.32   data arrival time

                          0.00    0.00   clock clk (rise edge)
                          0.50    0.50   clock source latency
     1    0.02    0.10    0.07    0.57 ^ clk (in)
                                         clk (net)
                  0.10    0.00    0.57 ^ clkbuf_0_clk/A (sky130_fd_sc_hd__clkbuf_16)
     2    0.02    0.07    0.23    0.80 ^ clkbuf_0_clk/X (sky130_fd_sc_hd__clkbuf_16)
                                         clknet_0_clk (net)
                  0.07    0.00    0.80 ^ clkbuf_1_1__f_clk/A (sky130_fd_sc_hd__clkbuf_16)
    13    0.05    0.10    0.26    1.06 ^ clkbuf_1_1__f_clk/X (sky130_fd_sc_hd__clkbuf_16)
                                         clknet_1_1__leaf_clk (net)
                  0.10    0.00    1.06 ^ _254_/CLK (sky130_fd_sc_hd__dfrtp_1)
                          0.10    1.16   clock uncertainty
                          0.00    1.16   clock reconvergence pessimism
                         -0.10    1.06   library hold time
                                  1.06   data required time
-----------------------------------------------------------------------------
                                  1.06   data required time
                                 -2.32   data arrival time
-----------------------------------------------------------------------------
                                  1.26   slack (MET)


Startpoint: _263_ (rising edge-triggered flip-flop clocked by clk)
Endpoint: _256_ (rising edge-triggered flip-flop clocked by clk)
Path Group: clk
Path Type: min
Corner: Slowest

Fanout     Cap    Slew   Delay    Time   Description
-----------------------------------------------------------------------------
                          0.00    0.00   clock clk (rise edge)
                          0.50    0.50   clock source latency
     1    0.02    0.10    0.07    0.57 ^ clk (in)
                                         clk (net)
                  0.10    0.00    0.57 ^ clkbuf_0_clk/A (sky130_fd_sc_hd__clkbuf_16)
     2    0.02    0.07    0.23    0.80 ^ clkbuf_0_clk/X (sky130_fd_sc_hd__clkbuf_16)
                                         clknet_0_clk (net)
                  0.07    0.00    0.80 ^ clkbuf_1_0__f_clk/A (sky130_fd_sc_hd__clkbuf_16)
    16    0.05    0.10    0.26    1.06 ^ clkbuf_1_0__f_clk/X (sky130_fd_sc_hd__clkbuf_16)
                                         clknet_1_0__leaf_clk (net)
                  0.10    0.00    1.06 ^ _263_/CLK (sky130_fd_sc_hd__dfrtp_1)
     2    0.01    0.15    0.72    1.78 ^ _263_/Q (sky130_fd_sc_hd__dfrtp_1)
                                         wake_up_sync (net)
                  0.15    0.00    1.78 ^ _150_/A (sky130_fd_sc_hd__inv_2)
     3    0.01    0.06    0.11    1.89 v _150_/Y (sky130_fd_sc_hd__inv_2)
                                         _088_ (net)
                  0.06    0.00    1.89 v _151_/B (sky130_fd_sc_hd__nand2_1)
     1    0.00    0.08    0.11    2.00 ^ _151_/Y (sky130_fd_sc_hd__nand2_1)
                                         _089_ (net)
                  0.08    0.00    2.00 ^ _154_/A (sky130_fd_sc_hd__nand2_1)
     2    0.01    0.10    0.13    2.13 v _154_/Y (sky130_fd_sc_hd__nand2_1)
                                         _092_ (net)
                  0.10    0.00    2.13 v _156_/A (sky130_fd_sc_hd__nand2_1)
     2    0.01    0.14    0.16    2.29 ^ _156_/Y (sky130_fd_sc_hd__nand2_1)
                                         _094_ (net)
                  0.14    0.00    2.29 ^ _157_/A (sky130_fd_sc_hd__inv_2)
     1    0.00    0.03    0.07    2.36 v _157_/Y (sky130_fd_sc_hd__inv_2)
                                         next_state[0] (net)
                  0.03    0.00    2.36 v _256_/D (sky130_fd_sc_hd__dfrtp_4)
                                  2.36   data arrival time

                          0.00    0.00   clock clk (rise edge)
                          0.50    0.50   clock source latency
     1    0.02    0.10    0.07    0.57 ^ clk (in)
                                         clk (net)
                  0.10    0.00    0.57 ^ clkbuf_0_clk/A (sky130_fd_sc_hd__clkbuf_16)
     2    0.02    0.07    0.23    0.80 ^ clkbuf_0_clk/X (sky130_fd_sc_hd__clkbuf_16)
                                         clknet_0_clk (net)
                  0.07    0.00    0.80 ^ clkbuf_1_0__f_clk/A (sky130_fd_sc_hd__clkbuf_16)
    16    0.05    0.10    0.26    1.06 ^ clkbuf_1_0__f_clk/X (sky130_fd_sc_hd__clkbuf_16)
                                         clknet_1_0__leaf_clk (net)
                  0.10    0.00    1.06 ^ _256_/CLK (sky130_fd_sc_hd__dfrtp_4)
                          0.10    1.16   clock uncertainty
                          0.00    1.16   clock reconvergence pessimism
                         -0.07    1.09   library hold time
                                  1.09   data required time
-----------------------------------------------------------------------------
                                  1.09   data required time
                                 -2.36   data arrival time
-----------------------------------------------------------------------------
                                  1.27   slack (MET)


Startpoint: _242_ (rising edge-triggered flip-flop clocked by clk)
Endpoint: _252_ (rising edge-triggered flip-flop clocked by clk)
Path Group: clk
Path Type: min
Corner: Slowest

Fanout     Cap    Slew   Delay    Time   Description
-----------------------------------------------------------------------------
                          0.00    0.00   clock clk (rise edge)
                          0.50    0.50   clock source latency
     1    0.02    0.10    0.07    0.57 ^ clk (in)
                                         clk (net)
                  0.10    0.00    0.57 ^ clkbuf_0_clk/A (sky130_fd_sc_hd__clkbuf_16)
     2    0.02    0.07    0.23    0.80 ^ clkbuf_0_clk/X (sky130_fd_sc_hd__clkbuf_16)
                                         clknet_0_clk (net)
                  0.07    0.00    0.80 ^ clkbuf_1_1__f_clk/A (sky130_fd_sc_hd__clkbuf_16)
    13    0.05    0.10    0.26    1.06 ^ clkbuf_1_1__f_clk/X (sky130_fd_sc_hd__clkbuf_16)
                                         clknet_1_1__leaf_clk (net)
                  0.10    0.00    1.06 ^ _242_/CLK (sky130_fd_sc_hd__dfrtp_1)
     5    0.02    0.24    0.79    1.85 ^ _242_/Q (sky130_fd_sc_hd__dfrtp_1)
                                         seq_timer[2] (net)
                  0.24    0.00    1.85 ^ _135_/A (sky130_fd_sc_hd__or3_1)
     1    0.01    0.11    0.29    2.14 ^ _135_/X (sky130_fd_sc_hd__or3_1)
                                         _075_ (net)
                  0.11    0.00    2.14 ^ _136_/A (sky130_fd_sc_hd__inv_2)
     3    0.01    0.06    0.09    2.23 v _136_/Y (sky130_fd_sc_hd__inv_2)
                                         _076_ (net)
                  0.06    0.00    2.23 v _137_/B (sky130_fd_sc_hd__nor2_1)
     1    0.00    0.13    0.13    2.37 ^ _137_/Y (sky130_fd_sc_hd__nor2_1)
                                         _114_ (net)
                  0.13    0.00    2.37 ^ _252_/D (sky130_fd_sc_hd__dfrtp_1)
                                  2.37   data arrival time

                          0.00    0.00   clock clk (rise edge)
                          0.50    0.50   clock source latency
     1    0.02    0.10    0.07    0.57 ^ clk (in)
                                         clk (net)
                  0.10    0.00    0.57 ^ clkbuf_0_clk/A (sky130_fd_sc_hd__clkbuf_16)
     2    0.02    0.07    0.23    0.80 ^ clkbuf_0_clk/X (sky130_fd_sc_hd__clkbuf_16)
                                         clknet_0_clk (net)
                  0.07    0.00    0.80 ^ clkbuf_1_0__f_clk/A (sky130_fd_sc_hd__clkbuf_16)
    16    0.05    0.10    0.26    1.06 ^ clkbuf_1_0__f_clk/X (sky130_fd_sc_hd__clkbuf_16)
                                         clknet_1_0__leaf_clk (net)
                  0.10    0.00    1.06 ^ _252_/CLK (sky130_fd_sc_hd__dfrtp_1)
                          0.10    1.16   clock uncertainty
                          0.00    1.16   clock reconvergence pessimism
                         -0.08    1.08   library hold time
                                  1.08   data required time
-----------------------------------------------------------------------------
                                  1.08   data required time
                                 -2.37   data arrival time
-----------------------------------------------------------------------------
                                  1.29   slack (MET)


Startpoint: _245_ (rising edge-triggered flip-flop clocked by clk)
Endpoint: _245_ (rising edge-triggered flip-flop clocked by clk)
Path Group: clk
Path Type: min
Corner: Slowest

Fanout     Cap    Slew   Delay    Time   Description
-----------------------------------------------------------------------------
                          0.00    0.00   clock clk (rise edge)
                          0.50    0.50   clock source latency
     1    0.02    0.10    0.07    0.57 ^ clk (in)
                                         clk (net)
                  0.10    0.00    0.57 ^ clkbuf_0_clk/A (sky130_fd_sc_hd__clkbuf_16)
     2    0.02    0.07    0.23    0.80 ^ clkbuf_0_clk/X (sky130_fd_sc_hd__clkbuf_16)
                                         clknet_0_clk (net)
                  0.07    0.00    0.80 ^ clkbuf_1_1__f_clk/A (sky130_fd_sc_hd__clkbuf_16)
    13    0.05    0.10    0.26    1.06 ^ clkbuf_1_1__f_clk/X (sky130_fd_sc_hd__clkbuf_16)
                                         clknet_1_1__leaf_clk (net)
                  0.10    0.00    1.06 ^ _245_/CLK (sky130_fd_sc_hd__dfrtp_1)
     2    0.01    0.11    0.79    1.86 v _245_/Q (sky130_fd_sc_hd__dfrtp_1)
                                         seq_timer[5] (net)
                  0.11    0.00    1.86 v _228_/A (sky130_fd_sc_hd__inv_2)
     2    0.01    0.06    0.10    1.96 ^ _228_/Y (sky130_fd_sc_hd__inv_2)
                                         _049_ (net)
                  0.06    0.00    1.96 ^ _230_/B (sky130_fd_sc_hd__nand2_1)
     1    0.00    0.05    0.09    2.05 v _230_/Y (sky130_fd_sc_hd__nand2_1)
                                         _051_ (net)
                  0.05    0.00    2.05 v _231_/B_N (sky130_fd_sc_hd__or2b_1)
     1    0.00    0.06    0.27    2.32 ^ _231_/X (sky130_fd_sc_hd__or2b_1)
                                         _052_ (net)
                  0.06    0.00    2.32 ^ _232_/A (sky130_fd_sc_hd__nor2_1)
     1    0.00    0.04    0.07    2.39 v _232_/Y (sky130_fd_sc_hd__nor2_1)
                                         _009_ (net)
                  0.04    0.00    2.39 v _245_/D (sky130_fd_sc_hd__dfrtp_1)
                                  2.39   data arrival time

                          0.00    0.00   clock clk (rise edge)
                          0.50    0.50   clock source latency
     1    0.02    0.10    0.07    0.57 ^ clk (in)
                                         clk (net)
                  0.10    0.00    0.57 ^ clkbuf_0_clk/A (sky130_fd_sc_hd__clkbuf_16)
     2    0.02    0.07    0.23    0.80 ^ clkbuf_0_clk/X (sky130_fd_sc_hd__clkbuf_16)
                                         clknet_0_clk (net)
                  0.07    0.00    0.80 ^ clkbuf_1_1__f_clk/A (sky130_fd_sc_hd__clkbuf_16)
    13    0.05    0.10    0.26    1.06 ^ clkbuf_1_1__f_clk/X (sky130_fd_sc_hd__clkbuf_16)
                                         clknet_1_1__leaf_clk (net)
                  0.10    0.00    1.06 ^ _245_/CLK (sky130_fd_sc_hd__dfrtp_1)
                          0.10    1.16   clock uncertainty
                          0.00    1.16   clock reconvergence pessimism
                         -0.08    1.08   library hold time
                                  1.08   data required time
-----------------------------------------------------------------------------
                                  1.08   data required time
                                 -2.39   data arrival time
-----------------------------------------------------------------------------
                                  1.31   slack (MET)


Startpoint: _242_ (rising edge-triggered flip-flop clocked by clk)
Endpoint: _250_ (rising edge-triggered flip-flop clocked by clk)
Path Group: clk
Path Type: min
Corner: Slowest

Fanout     Cap    Slew   Delay    Time   Description
-----------------------------------------------------------------------------
                          0.00    0.00   clock clk (rise edge)
                          0.50    0.50   clock source latency
     1    0.02    0.10    0.07    0.57 ^ clk (in)
                                         clk (net)
                  0.10    0.00    0.57 ^ clkbuf_0_clk/A (sky130_fd_sc_hd__clkbuf_16)
     2    0.02    0.07    0.23    0.80 ^ clkbuf_0_clk/X (sky130_fd_sc_hd__clkbuf_16)
                                         clknet_0_clk (net)
                  0.07    0.00    0.80 ^ clkbuf_1_1__f_clk/A (sky130_fd_sc_hd__clkbuf_16)
    13    0.05    0.10    0.26    1.06 ^ clkbuf_1_1__f_clk/X (sky130_fd_sc_hd__clkbuf_16)
                                         clknet_1_1__leaf_clk (net)
                  0.10    0.00    1.06 ^ _242_/CLK (sky130_fd_sc_hd__dfrtp_1)
     5    0.02    0.24    0.79    1.85 ^ _242_/Q (sky130_fd_sc_hd__dfrtp_1)
                                         seq_timer[2] (net)
                  0.24    0.00    1.85 ^ _135_/A (sky130_fd_sc_hd__or3_1)
     1    0.01    0.11    0.29    2.14 ^ _135_/X (sky130_fd_sc_hd__or3_1)
                                         _075_ (net)
                  0.11    0.00    2.14 ^ _136_/A (sky130_fd_sc_hd__inv_2)
     3    0.01    0.06    0.09    2.23 v _136_/Y (sky130_fd_sc_hd__inv_2)
                                         _076_ (net)
                  0.06    0.00    2.23 v _197_/A2 (sky130_fd_sc_hd__o21ai_1)
     1    0.00    0.15    0.21    2.44 ^ _197_/Y (sky130_fd_sc_hd__o21ai_1)
                                         _116_ (net)
                  0.15    0.00    2.44 ^ _250_/D (sky130_fd_sc_hd__dfrtp_1)
                                  2.44   data arrival time

                          0.00    0.00   clock clk (rise edge)
                          0.50    0.50   clock source latency
     1    0.02    0.10    0.07    0.57 ^ clk (in)
                                         clk (net)
                  0.10    0.00    0.57 ^ clkbuf_0_clk/A (sky130_fd_sc_hd__clkbuf_16)
     2    0.02    0.07    0.23    0.80 ^ clkbuf_0_clk/X (sky130_fd_sc_hd__clkbuf_16)
                                         clknet_0_clk (net)
                  0.07    0.00    0.80 ^ clkbuf_1_0__f_clk/A (sky130_fd_sc_hd__clkbuf_16)
    16    0.05    0.10    0.26    1.06 ^ clkbuf_1_0__f_clk/X (sky130_fd_sc_hd__clkbuf_16)
                                         clknet_1_0__leaf_clk (net)
                  0.10    0.00    1.06 ^ _250_/CLK (sky130_fd_sc_hd__dfrtp_1)
                          0.10    1.16   clock uncertainty
                          0.00    1.16   clock reconvergence pessimism
                         -0.09    1.07   library hold time
                                  1.07   data required time
-----------------------------------------------------------------------------
                                  1.07   data required time
                                 -2.44   data arrival time
-----------------------------------------------------------------------------
                                  1.37   slack (MET)


Startpoint: _263_ (rising edge-triggered flip-flop clocked by clk)
Endpoint: _257_ (rising edge-triggered flip-flop clocked by clk)
Path Group: clk
Path Type: min
Corner: Slowest

Fanout     Cap    Slew   Delay    Time   Description
-----------------------------------------------------------------------------
                          0.00    0.00   clock clk (rise edge)
                          0.50    0.50   clock source latency
     1    0.02    0.10    0.07    0.57 ^ clk (in)
                                         clk (net)
                  0.10    0.00    0.57 ^ clkbuf_0_clk/A (sky130_fd_sc_hd__clkbuf_16)
     2    0.02    0.07    0.23    0.80 ^ clkbuf_0_clk/X (sky130_fd_sc_hd__clkbuf_16)
                                         clknet_0_clk (net)
                  0.07    0.00    0.80 ^ clkbuf_1_0__f_clk/A (sky130_fd_sc_hd__clkbuf_16)
    16    0.05    0.10    0.26    1.06 ^ clkbuf_1_0__f_clk/X (sky130_fd_sc_hd__clkbuf_16)
                                         clknet_1_0__leaf_clk (net)
                  0.10    0.00    1.06 ^ _263_/CLK (sky130_fd_sc_hd__dfrtp_1)
     2    0.01    0.15    0.72    1.78 ^ _263_/Q (sky130_fd_sc_hd__dfrtp_1)
                                         wake_up_sync (net)
                  0.15    0.00    1.78 ^ _173_/A2 (sky130_fd_sc_hd__o311a_1)
     1    0.00    0.08    0.36    2.14 ^ _173_/X (sky130_fd_sc_hd__o311a_1)
                                         _110_ (net)
                  0.08    0.00    2.14 ^ _174_/C (sky130_fd_sc_hd__or3_1)
     1    0.00    0.06    0.17    2.31 ^ _174_/X (sky130_fd_sc_hd__or3_1)
                                         _111_ (net)
                  0.06    0.00    2.31 ^ _175_/A (sky130_fd_sc_hd__clkbuf_1)
     1    0.00    0.09    0.16    2.47 ^ _175_/X (sky130_fd_sc_hd__clkbuf_1)
                                         next_state[1] (net)
                  0.09    0.00    2.47 ^ _257_/D (sky130_fd_sc_hd__dfrtp_1)
                                  2.47   data arrival time

                          0.00    0.00   clock clk (rise edge)
                          0.50    0.50   clock source latency
     1    0.02    0.10    0.07    0.57 ^ clk (in)
                                         clk (net)
                  0.10    0.00    0.57 ^ clkbuf_0_clk/A (sky130_fd_sc_hd__clkbuf_16)
     2    0.02    0.07    0.23    0.80 ^ clkbuf_0_clk/X (sky130_fd_sc_hd__clkbuf_16)
                                         clknet_0_clk (net)
                  0.07    0.00    0.80 ^ clkbuf_1_0__f_clk/A (sky130_fd_sc_hd__clkbuf_16)
    16    0.05    0.10    0.26    1.06 ^ clkbuf_1_0__f_clk/X (sky130_fd_sc_hd__clkbuf_16)
                                         clknet_1_0__leaf_clk (net)
                  0.10    0.00    1.06 ^ _257_/CLK (sky130_fd_sc_hd__dfrtp_1)
                          0.10    1.16   clock uncertainty
                          0.00    1.16   clock reconvergence pessimism
                         -0.08    1.09   library hold time
                                  1.09   data required time
-----------------------------------------------------------------------------
                                  1.09   data required time
                                 -2.47   data arrival time
-----------------------------------------------------------------------------
                                  1.38   slack (MET)


Startpoint: _258_ (rising edge-triggered flip-flop clocked by clk)
Endpoint: _253_ (rising edge-triggered flip-flop clocked by clk)
Path Group: clk
Path Type: min
Corner: Slowest

Fanout     Cap    Slew   Delay    Time   Description
-----------------------------------------------------------------------------
                          0.00    0.00   clock clk (rise edge)
                          0.50    0.50   clock source latency
     1    0.02    0.10    0.07    0.57 ^ clk (in)
                                         clk (net)
                  0.10    0.00    0.57 ^ clkbuf_0_clk/A (sky130_fd_sc_hd__clkbuf_16)
     2    0.02    0.07    0.23    0.80 ^ clkbuf_0_clk/X (sky130_fd_sc_hd__clkbuf_16)
                                         clknet_0_clk (net)
                  0.07    0.00    0.80 ^ clkbuf_1_0__f_clk/A (sky130_fd_sc_hd__clkbuf_16)
    16    0.05    0.10    0.26    1.06 ^ clkbuf_1_0__f_clk/X (sky130_fd_sc_hd__clkbuf_16)
                                         clknet_1_0__leaf_clk (net)
                  0.10    0.00    1.06 ^ _258_/CLK (sky130_fd_sc_hd__dfrtp_4)
     8    0.04    0.25    0.98    2.04 ^ _258_/Q (sky130_fd_sc_hd__dfrtp_4)
                                         curr_state[2] (net)
                  0.25    0.00    2.04 ^ _192_/A (sky130_fd_sc_hd__nor2_1)
     2    0.01    0.08    0.18    2.22 v _192_/Y (sky130_fd_sc_hd__nor2_1)
                                         _023_ (net)
                  0.08    0.00    2.22 v _196_/B1 (sky130_fd_sc_hd__a21o_1)
     1    0.00    0.05    0.27    2.49 v _196_/X (sky130_fd_sc_hd__a21o_1)
                                         _115_ (net)
                  0.05    0.00    2.49 v _253_/D (sky130_fd_sc_hd__dfrtp_1)
                                  2.49   data arrival time

                          0.00    0.00   clock clk (rise edge)
                          0.50    0.50   clock source latency
     1    0.02    0.10    0.07    0.57 ^ clk (in)
                                         clk (net)
                  0.10    0.00    0.57 ^ clkbuf_0_clk/A (sky130_fd_sc_hd__clkbuf_16)
     2    0.02    0.07    0.23    0.80 ^ clkbuf_0_clk/X (sky130_fd_sc_hd__clkbuf_16)
                                         clknet_0_clk (net)
                  0.07    0.00    0.80 ^ clkbuf_1_1__f_clk/A (sky130_fd_sc_hd__clkbuf_16)
    13    0.05    0.10    0.26    1.06 ^ clkbuf_1_1__f_clk/X (sky130_fd_sc_hd__clkbuf_16)
                                         clknet_1_1__leaf_clk (net)
                  0.10    0.00    1.06 ^ _253_/CLK (sky130_fd_sc_hd__dfrtp_1)
                          0.10    1.16   clock uncertainty
                          0.00    1.16   clock reconvergence pessimism
                         -0.08    1.08   library hold time
                                  1.08   data required time
-----------------------------------------------------------------------------
                                  1.08   data required time
                                 -2.49   data arrival time
-----------------------------------------------------------------------------
                                  1.41   slack (MET)


Startpoint: _256_ (rising edge-triggered flip-flop clocked by clk)
Endpoint: _255_ (rising edge-triggered flip-flop clocked by clk)
Path Group: clk
Path Type: min
Corner: Slowest

Fanout     Cap    Slew   Delay    Time   Description
-----------------------------------------------------------------------------
                          0.00    0.00   clock clk (rise edge)
                          0.50    0.50   clock source latency
     1    0.02    0.10    0.07    0.57 ^ clk (in)
                                         clk (net)
                  0.10    0.00    0.57 ^ clkbuf_0_clk/A (sky130_fd_sc_hd__clkbuf_16)
     2    0.02    0.07    0.23    0.80 ^ clkbuf_0_clk/X (sky130_fd_sc_hd__clkbuf_16)
                                         clknet_0_clk (net)
                  0.07    0.00    0.80 ^ clkbuf_1_0__f_clk/A (sky130_fd_sc_hd__clkbuf_16)
    16    0.05    0.10    0.26    1.06 ^ clkbuf_1_0__f_clk/X (sky130_fd_sc_hd__clkbuf_16)
                                         clknet_1_0__leaf_clk (net)
                  0.10    0.00    1.06 ^ _256_/CLK (sky130_fd_sc_hd__dfrtp_4)
     8    0.03    0.20    0.94    2.00 ^ _256_/Q (sky130_fd_sc_hd__dfrtp_4)
                                         curr_state[0] (net)
                  0.20    0.00    2.00 ^ _153_/B (sky130_fd_sc_hd__nand2_1)
     3    0.01    0.20    0.26    2.26 v _153_/Y (sky130_fd_sc_hd__nand2_1)
                                         _091_ (net)
                  0.20    0.00    2.26 v _179_/A (sky130_fd_sc_hd__inv_2)
     2    0.01    0.08    0.14    2.40 ^ _179_/Y (sky130_fd_sc_hd__inv_2)
                                         _015_ (net)
                  0.08    0.00    2.40 ^ _194_/A (sky130_fd_sc_hd__or3b_1)
     1    0.01    0.12    0.22    2.62 ^ _194_/X (sky130_fd_sc_hd__or3b_1)
                                         _025_ (net)
                  0.12    0.00    2.62 ^ _195_/A (sky130_fd_sc_hd__clkbuf_1)
     1    0.00    0.07    0.17    2.80 ^ _195_/X (sky130_fd_sc_hd__clkbuf_1)
                                         _113_ (net)
                  0.07    0.00    2.80 ^ _255_/D (sky130_fd_sc_hd__dfrtp_1)
                                  2.80   data arrival time

                          0.00    0.00   clock clk (rise edge)
                          0.50    0.50   clock source latency
     1    0.02    0.10    0.07    0.57 ^ clk (in)
                                         clk (net)
                  0.10    0.00    0.57 ^ clkbuf_0_clk/A (sky130_fd_sc_hd__clkbuf_16)
     2    0.02    0.07    0.23    0.80 ^ clkbuf_0_clk/X (sky130_fd_sc_hd__clkbuf_16)
                                         clknet_0_clk (net)
                  0.07    0.00    0.80 ^ clkbuf_1_1__f_clk/A (sky130_fd_sc_hd__clkbuf_16)
    13    0.05    0.10    0.26    1.06 ^ clkbuf_1_1__f_clk/X (sky130_fd_sc_hd__clkbuf_16)
                                         clknet_1_1__leaf_clk (net)
                  0.10    0.00    1.06 ^ _255_/CLK (sky130_fd_sc_hd__dfrtp_1)
                          0.10    1.16   clock uncertainty
                          0.00    1.16   clock reconvergence pessimism
                         -0.07    1.09   library hold time
                                  1.09   data required time
-----------------------------------------------------------------------------
                                  1.09   data required time
                                 -2.80   data arrival time
-----------------------------------------------------------------------------
                                  1.70   slack (MET)


Startpoint: _255_ (rising edge-triggered flip-flop clocked by clk)
Endpoint: pwr_state[1] (output port clocked by clk)
Path Group: clk
Path Type: min
Corner: Slowest

Fanout     Cap    Slew   Delay    Time   Description
-----------------------------------------------------------------------------
                          0.00    0.00   clock clk (rise edge)
                          0.50    0.50   clock source latency
     1    0.02    0.10    0.07    0.57 ^ clk (in)
                                         clk (net)
                  0.10    0.00    0.57 ^ clkbuf_0_clk/A (sky130_fd_sc_hd__clkbuf_16)
     2    0.02    0.07    0.23    0.80 ^ clkbuf_0_clk/X (sky130_fd_sc_hd__clkbuf_16)
                                         clknet_0_clk (net)
                  0.07    0.00    0.80 ^ clkbuf_1_1__f_clk/A (sky130_fd_sc_hd__clkbuf_16)
    13    0.05    0.10    0.26    1.06 ^ clkbuf_1_1__f_clk/X (sky130_fd_sc_hd__clkbuf_16)
                                         clknet_1_1__leaf_clk (net)
                  0.10    0.00    1.06 ^ _255_/CLK (sky130_fd_sc_hd__dfrtp_1)
     1    0.00    0.08    0.65    1.71 ^ _255_/Q (sky130_fd_sc_hd__dfrtp_1)
                                         net13 (net)
                  0.08    0.00    1.71 ^ output13/A (sky130_fd_sc_hd__clkbuf_2)
     1    0.02    0.18    0.28    1.99 ^ output13/X (sky130_fd_sc_hd__clkbuf_2)
                                         pwr_state[1] (net)
                  0.18    0.00    1.99 ^ pwr_state[1] (out)
                                  1.99   data arrival time

                          0.00    0.00   clock clk (rise edge)
                          0.50    0.50   clock network delay (propagated)
                          0.10    0.60   clock uncertainty
                          0.00    0.60   clock reconvergence pessimism
                         -0.50    0.10   output external delay
                                  0.10   data required time
-----------------------------------------------------------------------------
                                  0.10   data required time
                                 -1.99   data arrival time
-----------------------------------------------------------------------------
                                  1.89   slack (MET)


Startpoint: _254_ (rising edge-triggered flip-flop clocked by clk)
Endpoint: pwr_state[0] (output port clocked by clk)
Path Group: clk
Path Type: min
Corner: Slowest

Fanout     Cap    Slew   Delay    Time   Description
-----------------------------------------------------------------------------
                          0.00    0.00   clock clk (rise edge)
                          0.50    0.50   clock source latency
     1    0.02    0.10    0.07    0.57 ^ clk (in)
                                         clk (net)
                  0.10    0.00    0.57 ^ clkbuf_0_clk/A (sky130_fd_sc_hd__clkbuf_16)
     2    0.02    0.07    0.23    0.80 ^ clkbuf_0_clk/X (sky130_fd_sc_hd__clkbuf_16)
                                         clknet_0_clk (net)
                  0.07    0.00    0.80 ^ clkbuf_1_1__f_clk/A (sky130_fd_sc_hd__clkbuf_16)
    13    0.05    0.10    0.26    1.06 ^ clkbuf_1_1__f_clk/X (sky130_fd_sc_hd__clkbuf_16)
                                         clknet_1_1__leaf_clk (net)
                  0.10    0.00    1.06 ^ _254_/CLK (sky130_fd_sc_hd__dfrtp_1)
     1    0.00    0.08    0.65    1.71 ^ _254_/Q (sky130_fd_sc_hd__dfrtp_1)
                                         net12 (net)
                  0.08    0.00    1.71 ^ output12/A (sky130_fd_sc_hd__clkbuf_2)
     1    0.02    0.18    0.28    1.99 ^ output12/X (sky130_fd_sc_hd__clkbuf_2)
                                         pwr_state[0] (net)
                  0.18    0.00    1.99 ^ pwr_state[0] (out)
                                  1.99   data arrival time

                          0.00    0.00   clock clk (rise edge)
                          0.50    0.50   clock network delay (propagated)
                          0.10    0.60   clock uncertainty
                          0.00    0.60   clock reconvergence pessimism
                         -0.50    0.10   output external delay
                                  0.10   data required time
-----------------------------------------------------------------------------
                                  0.10   data required time
                                 -1.99   data arrival time
-----------------------------------------------------------------------------
                                  1.89   slack (MET)


Startpoint: _252_ (rising edge-triggered flip-flop clocked by clk)
Endpoint: retention_restore (output port clocked by clk)
Path Group: clk
Path Type: min
Corner: Slowest

Fanout     Cap    Slew   Delay    Time   Description
-----------------------------------------------------------------------------
                          0.00    0.00   clock clk (rise edge)
                          0.50    0.50   clock source latency
     1    0.02    0.10    0.07    0.57 ^ clk (in)
                                         clk (net)
                  0.10    0.00    0.57 ^ clkbuf_0_clk/A (sky130_fd_sc_hd__clkbuf_16)
     2    0.02    0.07    0.23    0.80 ^ clkbuf_0_clk/X (sky130_fd_sc_hd__clkbuf_16)
                                         clknet_0_clk (net)
                  0.07    0.00    0.80 ^ clkbuf_1_0__f_clk/A (sky130_fd_sc_hd__clkbuf_16)
    16    0.05    0.10    0.26    1.06 ^ clkbuf_1_0__f_clk/X (sky130_fd_sc_hd__clkbuf_16)
                                         clknet_1_0__leaf_clk (net)
                  0.10    0.00    1.06 ^ _252_/CLK (sky130_fd_sc_hd__dfrtp_1)
     1    0.00    0.07    0.64    1.70 ^ _252_/Q (sky130_fd_sc_hd__dfrtp_1)
                                         net16 (net)
                  0.07    0.00    1.70 ^ output16/A (sky130_fd_sc_hd__buf_2)
     1    0.03    0.25    0.32    2.03 ^ output16/X (sky130_fd_sc_hd__buf_2)
                                         retention_restore (net)
                  0.25    0.00    2.03 ^ retention_restore (out)
                                  2.03   data arrival time

                          0.00    0.00   clock clk (rise edge)
                          0.50    0.50   clock network delay (propagated)
                          0.10    0.60   clock uncertainty
                          0.00    0.60   clock reconvergence pessimism
                         -0.50    0.10   output external delay
                                  0.10   data required time
-----------------------------------------------------------------------------
                                  0.10   data required time
                                 -2.03   data arrival time
-----------------------------------------------------------------------------
                                  1.93   slack (MET)


Startpoint: _253_ (rising edge-triggered flip-flop clocked by clk)
Endpoint: reset_ctrl (output port clocked by clk)
Path Group: clk
Path Type: min
Corner: Slowest

Fanout     Cap    Slew   Delay    Time   Description
-----------------------------------------------------------------------------
                          0.00    0.00   clock clk (rise edge)
                          0.50    0.50   clock source latency
     1    0.02    0.10    0.07    0.57 ^ clk (in)
                                         clk (net)
                  0.10    0.00    0.57 ^ clkbuf_0_clk/A (sky130_fd_sc_hd__clkbuf_16)
     2    0.02    0.07    0.23    0.80 ^ clkbuf_0_clk/X (sky130_fd_sc_hd__clkbuf_16)
                                         clknet_0_clk (net)
                  0.07    0.00    0.80 ^ clkbuf_1_1__f_clk/A (sky130_fd_sc_hd__clkbuf_16)
    13    0.05    0.10    0.26    1.06 ^ clkbuf_1_1__f_clk/X (sky130_fd_sc_hd__clkbuf_16)
                                         clknet_1_1__leaf_clk (net)
                  0.10    0.00    1.06 ^ _253_/CLK (sky130_fd_sc_hd__dfrtp_1)
     1    0.00    0.07    0.64    1.70 ^ _253_/Q (sky130_fd_sc_hd__dfrtp_1)
                                         net14 (net)
                  0.07    0.00    1.70 ^ output14/A (sky130_fd_sc_hd__buf_2)
     1    0.03    0.25    0.32    2.03 ^ output14/X (sky130_fd_sc_hd__buf_2)
                                         reset_ctrl (net)
                  0.25    0.00    2.03 ^ reset_ctrl (out)
                                  2.03   data arrival time

                          0.00    0.00   clock clk (rise edge)
                          0.50    0.50   clock network delay (propagated)
                          0.10    0.60   clock uncertainty
                          0.00    0.60   clock reconvergence pessimism
                         -0.50    0.10   output external delay
                                  0.10   data required time
-----------------------------------------------------------------------------
                                  0.10   data required time
                                 -2.03   data arrival time
-----------------------------------------------------------------------------
                                  1.93   slack (MET)


Startpoint: _251_ (rising edge-triggered flip-flop clocked by clk)
Endpoint: retention_save (output port clocked by clk)
Path Group: clk
Path Type: min
Corner: Slowest

Fanout     Cap    Slew   Delay    Time   Description
-----------------------------------------------------------------------------
                          0.00    0.00   clock clk (rise edge)
                          0.50    0.50   clock source latency
     1    0.02    0.10    0.07    0.57 ^ clk (in)
                                         clk (net)
                  0.10    0.00    0.57 ^ clkbuf_0_clk/A (sky130_fd_sc_hd__clkbuf_16)
     2    0.02    0.07    0.23    0.80 ^ clkbuf_0_clk/X (sky130_fd_sc_hd__clkbuf_16)
                                         clknet_0_clk (net)
                  0.07    0.00    0.80 ^ clkbuf_1_0__f_clk/A (sky130_fd_sc_hd__clkbuf_16)
    16    0.05    0.10    0.26    1.06 ^ clkbuf_1_0__f_clk/X (sky130_fd_sc_hd__clkbuf_16)
                                         clknet_1_0__leaf_clk (net)
                  0.10    0.00    1.06 ^ _251_/CLK (sky130_fd_sc_hd__dfrtp_1)
     1    0.00    0.07    0.64    1.70 ^ _251_/Q (sky130_fd_sc_hd__dfrtp_1)
                                         net17 (net)
                  0.07    0.00    1.70 ^ output17/A (sky130_fd_sc_hd__buf_2)
     1    0.03    0.25    0.32    2.03 ^ output17/X (sky130_fd_sc_hd__buf_2)
                                         retention_save (net)
                  0.25    0.00    2.03 ^ retention_save (out)
                                  2.03   data arrival time

                          0.00    0.00   clock clk (rise edge)
                          0.50    0.50   clock network delay (propagated)
                          0.10    0.60   clock uncertainty
                          0.00    0.60   clock reconvergence pessimism
                         -0.50    0.10   output external delay
                                  0.10   data required time
-----------------------------------------------------------------------------
                                  0.10   data required time
                                 -2.03   data arrival time
-----------------------------------------------------------------------------
                                  1.93   slack (MET)


Startpoint: _239_ (rising edge-triggered flip-flop clocked by clk)
Endpoint: dvfs_ctrl[1] (output port clocked by clk)
Path Group: clk
Path Type: min
Corner: Slowest

Fanout     Cap    Slew   Delay    Time   Description
-----------------------------------------------------------------------------
                          0.00    0.00   clock clk (rise edge)
                          0.50    0.50   clock source latency
     1    0.02    0.10    0.07    0.57 ^ clk (in)
                                         clk (net)
                  0.10    0.00    0.57 ^ clkbuf_0_clk/A (sky130_fd_sc_hd__clkbuf_16)
     2    0.02    0.07    0.23    0.80 ^ clkbuf_0_clk/X (sky130_fd_sc_hd__clkbuf_16)
                                         clknet_0_clk (net)
                  0.07    0.00    0.80 ^ clkbuf_1_1__f_clk/A (sky130_fd_sc_hd__clkbuf_16)
    13    0.05    0.10    0.26    1.06 ^ clkbuf_1_1__f_clk/X (sky130_fd_sc_hd__clkbuf_16)
                                         clknet_1_1__leaf_clk (net)
                  0.10    0.00    1.06 ^ _239_/CLK (sky130_fd_sc_hd__dfstp_1)
     1    0.00    0.05    0.72    1.78 v _239_/Q (sky130_fd_sc_hd__dfstp_1)
                                         net9 (net)
                  0.05    0.00    1.78 v output9/A (sky130_fd_sc_hd__clkbuf_2)
     1    0.02    0.15    0.26    2.04 v output9/X (sky130_fd_sc_hd__clkbuf_2)
                                         dvfs_ctrl[1] (net)
                  0.15    0.00    2.04 v dvfs_ctrl[1] (out)
                                  2.04   data arrival time

                          0.00    0.00   clock clk (rise edge)
                          0.50    0.50   clock network delay (propagated)
                          0.10    0.60   clock uncertainty
                          0.00    0.60   clock reconvergence pessimism
                         -0.50    0.10   output external delay
                                  0.10   data required time
-----------------------------------------------------------------------------
                                  0.10   data required time
                                 -2.04   data arrival time
-----------------------------------------------------------------------------
                                  1.94   slack (MET)


Startpoint: _249_ (rising edge-triggered flip-flop clocked by clk)
Endpoint: pwr_gate_en (output port clocked by clk)
Path Group: clk
Path Type: min
Corner: Slowest

Fanout     Cap    Slew   Delay    Time   Description
-----------------------------------------------------------------------------
                          0.00    0.00   clock clk (rise edge)
                          0.50    0.50   clock source latency
     1    0.02    0.10    0.07    0.57 ^ clk (in)
                                         clk (net)
                  0.10    0.00    0.57 ^ clkbuf_0_clk/A (sky130_fd_sc_hd__clkbuf_16)
     2    0.02    0.07    0.23    0.80 ^ clkbuf_0_clk/X (sky130_fd_sc_hd__clkbuf_16)
                                         clknet_0_clk (net)
                  0.07    0.00    0.80 ^ clkbuf_1_0__f_clk/A (sky130_fd_sc_hd__clkbuf_16)
    16    0.05    0.10    0.26    1.06 ^ clkbuf_1_0__f_clk/X (sky130_fd_sc_hd__clkbuf_16)
                                         clknet_1_0__leaf_clk (net)
                  0.10    0.00    1.06 ^ _249_/CLK (sky130_fd_sc_hd__dfrtp_1)
     1    0.00    0.08    0.65    1.71 ^ _249_/Q (sky130_fd_sc_hd__dfrtp_1)
                                         net11 (net)
                  0.08    0.00    1.71 ^ output11/A (sky130_fd_sc_hd__buf_4)
     1    0.05    0.24    0.34    2.05 ^ output11/X (sky130_fd_sc_hd__buf_4)
                                         pwr_gate_en (net)
                  0.24    0.00    2.05 ^ pwr_gate_en (out)
                                  2.05   data arrival time

                          0.00    0.00   clock clk (rise edge)
                          0.50    0.50   clock network delay (propagated)
                          0.10    0.60   clock uncertainty
                          0.00    0.60   clock reconvergence pessimism
                         -0.50    0.10   output external delay
                                  0.10   data required time
-----------------------------------------------------------------------------
                                  0.10   data required time
                                 -2.05   data arrival time
-----------------------------------------------------------------------------
                                  1.95   slack (MET)


Startpoint: _250_ (rising edge-triggered flip-flop clocked by clk)
Endpoint: retention_en (output port clocked by clk)
Path Group: clk
Path Type: min
Corner: Slowest

Fanout     Cap    Slew   Delay    Time   Description
-----------------------------------------------------------------------------
                          0.00    0.00   clock clk (rise edge)
                          0.50    0.50   clock source latency
     1    0.02    0.10    0.07    0.57 ^ clk (in)
                                         clk (net)
                  0.10    0.00    0.57 ^ clkbuf_0_clk/A (sky130_fd_sc_hd__clkbuf_16)
     2    0.02    0.07    0.23    0.80 ^ clkbuf_0_clk/X (sky130_fd_sc_hd__clkbuf_16)
                                         clknet_0_clk (net)
                  0.07    0.00    0.80 ^ clkbuf_1_0__f_clk/A (sky130_fd_sc_hd__clkbuf_16)
    16    0.05    0.10    0.26    1.06 ^ clkbuf_1_0__f_clk/X (sky130_fd_sc_hd__clkbuf_16)
                                         clknet_1_0__leaf_clk (net)
                  0.10    0.00    1.06 ^ _250_/CLK (sky130_fd_sc_hd__dfrtp_1)
     1    0.00    0.08    0.66    1.72 ^ _250_/Q (sky130_fd_sc_hd__dfrtp_1)
                                         net15 (net)
                  0.08    0.00    1.72 ^ output15/A (sky130_fd_sc_hd__buf_4)
     1    0.05    0.23    0.34    2.06 ^ output15/X (sky130_fd_sc_hd__buf_4)
                                         retention_en (net)
                  0.23    0.00    2.06 ^ retention_en (out)
                                  2.06   data arrival time

                          0.00    0.00   clock clk (rise edge)
                          0.50    0.50   clock network delay (propagated)
                          0.10    0.60   clock uncertainty
                          0.00    0.60   clock reconvergence pessimism
                         -0.50    0.10   output external delay
                                  0.10   data required time
-----------------------------------------------------------------------------
                                  0.10   data required time
                                 -2.06   data arrival time
-----------------------------------------------------------------------------
                                  1.96   slack (MET)


Startpoint: _248_ (rising edge-triggered flip-flop clocked by clk)
Endpoint: clk_gate_en (output port clocked by clk)
Path Group: clk
Path Type: min
Corner: Slowest

Fanout     Cap    Slew   Delay    Time   Description
-----------------------------------------------------------------------------
                          0.00    0.00   clock clk (rise edge)
                          0.50    0.50   clock source latency
     1    0.02    0.10    0.07    0.57 ^ clk (in)
                                         clk (net)
                  0.10    0.00    0.57 ^ clkbuf_0_clk/A (sky130_fd_sc_hd__clkbuf_16)
     2    0.02    0.07    0.23    0.80 ^ clkbuf_0_clk/X (sky130_fd_sc_hd__clkbuf_16)
                                         clknet_0_clk (net)
                  0.07    0.00    0.80 ^ clkbuf_1_0__f_clk/A (sky130_fd_sc_hd__clkbuf_16)
    16    0.05    0.10    0.26    1.06 ^ clkbuf_1_0__f_clk/X (sky130_fd_sc_hd__clkbuf_16)
                                         clknet_1_0__leaf_clk (net)
                  0.10    0.00    1.06 ^ _248_/CLK (sky130_fd_sc_hd__dfrtp_1)
     1    0.00    0.08    0.65    1.72 ^ _248_/Q (sky130_fd_sc_hd__dfrtp_1)
                                         net8 (net)
                  0.08    0.00    1.72 ^ output8/A (sky130_fd_sc_hd__buf_4)
     1    0.05    0.25    0.34    2.06 ^ output8/X (sky130_fd_sc_hd__buf_4)
                                         clk_gate_en (net)
                  0.25    0.00    2.07 ^ clk_gate_en (out)
                                  2.07   data arrival time

                          0.00    0.00   clock clk (rise edge)
                          0.50    0.50   clock network delay (propagated)
                          0.10    0.60   clock uncertainty
                          0.00    0.60   clock reconvergence pessimism
                         -0.50    0.10   output external delay
                                  0.10   data required time
-----------------------------------------------------------------------------
                                  0.10   data required time
                                 -2.07   data arrival time
-----------------------------------------------------------------------------
                                  1.97   slack (MET)


Startpoint: clk_stable (input port clocked by clk)
Endpoint: error (output port clocked by clk)
Path Group: clk
Path Type: min
Corner: Slowest

Fanout     Cap    Slew   Delay    Time   Description
-----------------------------------------------------------------------------
                          0.00    0.00   clock clk (rise edge)
                          0.50    0.50   clock network delay (propagated)
                          1.00    1.50 v input external delay
     1    0.00    0.04    0.01    1.51 v clk_stable (in)
                                         clk_stable (net)
                  0.04    0.00    1.51 v input1/A (sky130_fd_sc_hd__clkbuf_1)
     1    0.00    0.05    0.15    1.66 v input1/X (sky130_fd_sc_hd__clkbuf_1)
                                         net1 (net)
                  0.05    0.00    1.66 v _158_/B (sky130_fd_sc_hd__nand2_1)
     2    0.01    0.12    0.13    1.79 ^ _158_/Y (sky130_fd_sc_hd__nand2_1)
                                         _095_ (net)
                  0.12    0.00    1.79 ^ _200_/A2 (sky130_fd_sc_hd__a211oi_1)
     1    0.01    0.09    0.21    2.00 v _200_/Y (sky130_fd_sc_hd__a211oi_1)
                                         net10 (net)
                  0.09    0.00    2.00 v wire19/A (sky130_fd_sc_hd__clkbuf_1)
     1    0.01    0.08    0.20    2.19 v wire19/X (sky130_fd_sc_hd__clkbuf_1)
                                         net19 (net)
                  0.08    0.00    2.20 v output10/A (sky130_fd_sc_hd__clkbuf_2)
     1    0.02    0.16    0.28    2.48 v output10/X (sky130_fd_sc_hd__clkbuf_2)
                                         error (net)
                  0.16    0.00    2.48 v error (out)
                                  2.48   data arrival time

                          0.00    0.00   clock clk (rise edge)
                          0.50    0.50   clock network delay (propagated)
                          0.10    0.60   clock uncertainty
                          0.00    0.60   clock reconvergence pessimism
                         -0.50    0.10   output external delay
                                  0.10   data required time
-----------------------------------------------------------------------------
                                  0.10   data required time
                                 -2.48   data arrival time
-----------------------------------------------------------------------------
                                  2.38   slack (MET)


Startpoint: _257_ (rising edge-triggered flip-flop clocked by clk)
Endpoint: seq_busy (output port clocked by clk)
Path Group: clk
Path Type: min
Corner: Slowest

Fanout     Cap    Slew   Delay    Time   Description
-----------------------------------------------------------------------------
                          0.00    0.00   clock clk (rise edge)
                          0.50    0.50   clock source latency
     1    0.02    0.10    0.07    0.57 ^ clk (in)
                                         clk (net)
                  0.10    0.00    0.57 ^ clkbuf_0_clk/A (sky130_fd_sc_hd__clkbuf_16)
     2    0.02    0.07    0.23    0.80 ^ clkbuf_0_clk/X (sky130_fd_sc_hd__clkbuf_16)
                                         clknet_0_clk (net)
                  0.07    0.00    0.80 ^ clkbuf_1_0__f_clk/A (sky130_fd_sc_hd__clkbuf_16)
    16    0.05    0.10    0.26    1.06 ^ clkbuf_1_0__f_clk/X (sky130_fd_sc_hd__clkbuf_16)
                                         clknet_1_0__leaf_clk (net)
                  0.10    0.00    1.06 ^ _257_/CLK (sky130_fd_sc_hd__dfrtp_1)
     3    0.01    0.18    0.74    1.80 ^ _257_/Q (sky130_fd_sc_hd__dfrtp_1)
                                         curr_state[1] (net)
                  0.18    0.00    1.80 ^ _138_/B (sky130_fd_sc_hd__nand2_1)
     3    0.01    0.24    0.27    2.08 v _138_/Y (sky130_fd_sc_hd__nand2_1)
                                         _077_ (net)
                  0.24    0.00    2.08 v _139_/A (sky130_fd_sc_hd__inv_2)
     2    0.01    0.09    0.16    2.24 ^ _139_/Y (sky130_fd_sc_hd__inv_2)
                                         _078_ (net)
                  0.09    0.00    2.24 ^ _140_/B (sky130_fd_sc_hd__nor2_1)
     1    0.00    0.05    0.09    2.32 v _140_/Y (sky130_fd_sc_hd__nor2_1)
                                         net18 (net)
                  0.05    0.00    2.32 v wire20/A (sky130_fd_sc_hd__buf_1)
     4    0.02    0.20    0.27    2.59 v wire20/X (sky130_fd_sc_hd__buf_1)
                                         net20 (net)
                  0.20    0.00    2.59 v output18/A (sky130_fd_sc_hd__clkbuf_2)
     1    0.02    0.16    0.33    2.93 v output18/X (sky130_fd_sc_hd__clkbuf_2)
                                         seq_busy (net)
                  0.16    0.00    2.93 v seq_busy (out)
                                  2.93   data arrival time

                          0.00    0.00   clock clk (rise edge)
                          0.50    0.50   clock network delay (propagated)
                          0.10    0.60   clock uncertainty
                          0.00    0.60   clock reconvergence pessimism
                         -0.50    0.10   output external delay
                                  0.10   data required time
-----------------------------------------------------------------------------
                                  0.10   data required time
                                 -2.93   data arrival time
-----------------------------------------------------------------------------
                                  2.83   slack (MET)



worst slack corner Slowest: 0.0541
======================= Typical Corner ===================================

Startpoint: req_off (input port clocked by clk)
Endpoint: _260_ (rising edge-triggered flip-flop clocked by clk)
Path Group: clk
Path Type: min
Corner: Typical

Fanout     Cap    Slew   Delay    Time   Description
-----------------------------------------------------------------------------
                          0.00    0.00   clock clk (rise edge)
                          0.50    0.50   clock network delay (propagated)
                          0.50    1.00 ^ input external delay
     1    0.00    0.02    0.01    1.01 ^ req_off (in)
                                         req_off (net)
                  0.02    0.00    1.01 ^ input4/A (sky130_fd_sc_hd__clkbuf_1)
     1    0.00    0.04    0.07    1.08 ^ input4/X (sky130_fd_sc_hd__clkbuf_1)
                                         net4 (net)
                  0.04    0.00    1.08 ^ _260_/D (sky130_fd_sc_hd__dfrtp_1)
                                  1.08   data arrival time

                          0.00    0.00   clock clk (rise edge)
                          0.50    0.50   clock source latency
     1    0.02    0.06    0.04    0.54 ^ clk (in)
                                         clk (net)
                  0.06    0.00    0.54 ^ clkbuf_0_clk/A (sky130_fd_sc_hd__clkbuf_16)
     2    0.02    0.04    0.13    0.67 ^ clkbuf_0_clk/X (sky130_fd_sc_hd__clkbuf_16)
                                         clknet_0_clk (net)
                  0.04    0.00    0.67 ^ clkbuf_1_0__f_clk/A (sky130_fd_sc_hd__clkbuf_16)
    16    0.05    0.07    0.15    0.82 ^ clkbuf_1_0__f_clk/X (sky130_fd_sc_hd__clkbuf_16)
                                         clknet_1_0__leaf_clk (net)
                  0.07    0.00    0.82 ^ _260_/CLK (sky130_fd_sc_hd__dfrtp_1)
                          0.10    0.92   clock uncertainty
                          0.00    0.92   clock reconvergence pessimism
                         -0.03    0.89   library hold time
                                  0.89   data required time
-----------------------------------------------------------------------------
                                  0.89   data required time
                                 -1.08   data arrival time
-----------------------------------------------------------------------------
                                  0.19   slack (MET)


Startpoint: req_idle (input port clocked by clk)
Endpoint: _262_ (rising edge-triggered flip-flop clocked by clk)
Path Group: clk
Path Type: min
Corner: Typical

Fanout     Cap    Slew   Delay    Time   Description
-----------------------------------------------------------------------------
                          0.00    0.00   clock clk (rise edge)
                          0.50    0.50   clock network delay (propagated)
                          0.50    1.00 ^ input external delay
     1    0.00    0.02    0.01    1.01 ^ req_idle (in)
                                         req_idle (net)
                  0.02    0.00    1.01 ^ input3/A (sky130_fd_sc_hd__clkbuf_1)
     1    0.00    0.04    0.07    1.08 ^ input3/X (sky130_fd_sc_hd__clkbuf_1)
                                         net3 (net)
                  0.04    0.00    1.08 ^ _262_/D (sky130_fd_sc_hd__dfrtp_1)
                                  1.08   data arrival time

                          0.00    0.00   clock clk (rise edge)
                          0.50    0.50   clock source latency
     1    0.02    0.06    0.04    0.54 ^ clk (in)
                                         clk (net)
                  0.06    0.00    0.54 ^ clkbuf_0_clk/A (sky130_fd_sc_hd__clkbuf_16)
     2    0.02    0.04    0.13    0.67 ^ clkbuf_0_clk/X (sky130_fd_sc_hd__clkbuf_16)
                                         clknet_0_clk (net)
                  0.04    0.00    0.67 ^ clkbuf_1_0__f_clk/A (sky130_fd_sc_hd__clkbuf_16)
    16    0.05    0.07    0.15    0.82 ^ clkbuf_1_0__f_clk/X (sky130_fd_sc_hd__clkbuf_16)
                                         clknet_1_0__leaf_clk (net)
                  0.07    0.00    0.82 ^ _262_/CLK (sky130_fd_sc_hd__dfrtp_1)
                          0.10    0.92   clock uncertainty
                          0.00    0.92   clock reconvergence pessimism
                         -0.03    0.89   library hold time
                                  0.89   data required time
-----------------------------------------------------------------------------
                                  0.89   data required time
                                 -1.08   data arrival time
-----------------------------------------------------------------------------
                                  0.19   slack (MET)


Startpoint: req_sleep (input port clocked by clk)
Endpoint: _261_ (rising edge-triggered flip-flop clocked by clk)
Path Group: clk
Path Type: min
Corner: Typical

Fanout     Cap    Slew   Delay    Time   Description
-----------------------------------------------------------------------------
                          0.00    0.00   clock clk (rise edge)
                          0.50    0.50   clock network delay (propagated)
                          0.50    1.00 ^ input external delay
     1    0.00    0.03    0.01    1.01 ^ req_sleep (in)
                                         req_sleep (net)
                  0.03    0.00    1.01 ^ input5/A (sky130_fd_sc_hd__clkbuf_1)
     1    0.00    0.05    0.08    1.09 ^ input5/X (sky130_fd_sc_hd__clkbuf_1)
                                         net5 (net)
                  0.05    0.00    1.09 ^ _261_/D (sky130_fd_sc_hd__dfrtp_1)
                                  1.09   data arrival time

                          0.00    0.00   clock clk (rise edge)
                          0.50    0.50   clock source latency
     1    0.02    0.06    0.04    0.54 ^ clk (in)
                                         clk (net)
                  0.06    0.00    0.54 ^ clkbuf_0_clk/A (sky130_fd_sc_hd__clkbuf_16)
     2    0.02    0.04    0.13    0.67 ^ clkbuf_0_clk/X (sky130_fd_sc_hd__clkbuf_16)
                                         clknet_0_clk (net)
                  0.04    0.00    0.67 ^ clkbuf_1_0__f_clk/A (sky130_fd_sc_hd__clkbuf_16)
    16    0.05    0.07    0.15    0.82 ^ clkbuf_1_0__f_clk/X (sky130_fd_sc_hd__clkbuf_16)
                                         clknet_1_0__leaf_clk (net)
                  0.07    0.00    0.82 ^ _261_/CLK (sky130_fd_sc_hd__dfrtp_1)
                          0.10    0.92   clock uncertainty
                          0.00    0.92   clock reconvergence pessimism
                         -0.03    0.89   library hold time
                                  0.89   data required time
-----------------------------------------------------------------------------
                                  0.89   data required time
                                 -1.09   data arrival time
-----------------------------------------------------------------------------
                                  0.20   slack (MET)


Startpoint: wake_up (input port clocked by clk)
Endpoint: _259_ (rising edge-triggered flip-flop clocked by clk)
Path Group: clk
Path Type: min
Corner: Typical

Fanout     Cap    Slew   Delay    Time   Description
-----------------------------------------------------------------------------
                          0.00    0.00   clock clk (rise edge)
                          0.50    0.50   clock network delay (propagated)
                          0.50    1.00 ^ input external delay
     1    0.00    0.02    0.01    1.01 ^ wake_up (in)
                                         wake_up (net)
                  0.02    0.00    1.01 ^ input7/A (sky130_fd_sc_hd__clkbuf_1)
     1    0.00    0.05    0.08    1.09 ^ input7/X (sky130_fd_sc_hd__clkbuf_1)
                                         net7 (net)
                  0.05    0.00    1.09 ^ _259_/D (sky130_fd_sc_hd__dfrtp_1)
                                  1.09   data arrival time

                          0.00    0.00   clock clk (rise edge)
                          0.50    0.50   clock source latency
     1    0.02    0.06    0.04    0.54 ^ clk (in)
                                         clk (net)
                  0.06    0.00    0.54 ^ clkbuf_0_clk/A (sky130_fd_sc_hd__clkbuf_16)
     2    0.02    0.04    0.13    0.67 ^ clkbuf_0_clk/X (sky130_fd_sc_hd__clkbuf_16)
                                         clknet_0_clk (net)
                  0.04    0.00    0.67 ^ clkbuf_1_0__f_clk/A (sky130_fd_sc_hd__clkbuf_16)
    16    0.05    0.07    0.15    0.82 ^ clkbuf_1_0__f_clk/X (sky130_fd_sc_hd__clkbuf_16)
                                         clknet_1_0__leaf_clk (net)
                  0.07    0.00    0.82 ^ _259_/CLK (sky130_fd_sc_hd__dfrtp_1)
                          0.10    0.92   clock uncertainty
                          0.00    0.92   clock reconvergence pessimism
                         -0.03    0.89   library hold time
                                  0.89   data required time
-----------------------------------------------------------------------------
                                  0.89   data required time
                                 -1.09   data arrival time
-----------------------------------------------------------------------------
                                  0.20   slack (MET)


Startpoint: _262_ (rising edge-triggered flip-flop clocked by clk)
Endpoint: _266_ (rising edge-triggered flip-flop clocked by clk)
Path Group: clk
Path Type: min
Corner: Typical

Fanout     Cap    Slew   Delay    Time   Description
-----------------------------------------------------------------------------
                          0.00    0.00   clock clk (rise edge)
                          0.50    0.50   clock source latency
     1    0.02    0.06    0.04    0.54 ^ clk (in)
                                         clk (net)
                  0.06    0.00    0.54 ^ clkbuf_0_clk/A (sky130_fd_sc_hd__clkbuf_16)
     2    0.02    0.04    0.13    0.67 ^ clkbuf_0_clk/X (sky130_fd_sc_hd__clkbuf_16)
                                         clknet_0_clk (net)
                  0.04    0.00    0.67 ^ clkbuf_1_0__f_clk/A (sky130_fd_sc_hd__clkbuf_16)
    16    0.05    0.07    0.15    0.82 ^ clkbuf_1_0__f_clk/X (sky130_fd_sc_hd__clkbuf_16)
                                         clknet_1_0__leaf_clk (net)
                  0.07    0.00    0.82 ^ _262_/CLK (sky130_fd_sc_hd__dfrtp_1)
     1    0.00    0.04    0.32    1.14 ^ _262_/Q (sky130_fd_sc_hd__dfrtp_1)
                                         sync_stage1[3] (net)
                  0.04    0.00    1.14 ^ _266_/D (sky130_fd_sc_hd__dfrtp_1)
                                  1.14   data arrival time

                          0.00    0.00   clock clk (rise edge)
                          0.50    0.50   clock source latency
     1    0.02    0.06    0.04    0.54 ^ clk (in)
                                         clk (net)
                  0.06    0.00    0.54 ^ clkbuf_0_clk/A (sky130_fd_sc_hd__clkbuf_16)
     2    0.02    0.04    0.13    0.67 ^ clkbuf_0_clk/X (sky130_fd_sc_hd__clkbuf_16)
                                         clknet_0_clk (net)
                  0.04    0.00    0.67 ^ clkbuf_1_0__f_clk/A (sky130_fd_sc_hd__clkbuf_16)
    16    0.05    0.07    0.15    0.82 ^ clkbuf_1_0__f_clk/X (sky130_fd_sc_hd__clkbuf_16)
                                         clknet_1_0__leaf_clk (net)
                  0.07    0.00    0.82 ^ _266_/CLK (sky130_fd_sc_hd__dfrtp_1)
                          0.10    0.92   clock uncertainty
                          0.00    0.92   clock reconvergence pessimism
                         -0.03    0.89   library hold time
                                  0.89   data required time
-----------------------------------------------------------------------------
                                  0.89   data required time
                                 -1.14   data arrival time
-----------------------------------------------------------------------------
                                  0.25   slack (MET)


Startpoint: _261_ (rising edge-triggered flip-flop clocked by clk)
Endpoint: _265_ (rising edge-triggered flip-flop clocked by clk)
Path Group: clk
Path Type: min
Corner: Typical

Fanout     Cap    Slew   Delay    Time   Description
-----------------------------------------------------------------------------
                          0.00    0.00   clock clk (rise edge)
                          0.50    0.50   clock source latency
     1    0.02    0.06    0.04    0.54 ^ clk (in)
                                         clk (net)
                  0.06    0.00    0.54 ^ clkbuf_0_clk/A (sky130_fd_sc_hd__clkbuf_16)
     2    0.02    0.04    0.13    0.67 ^ clkbuf_0_clk/X (sky130_fd_sc_hd__clkbuf_16)
                                         clknet_0_clk (net)
                  0.04    0.00    0.67 ^ clkbuf_1_0__f_clk/A (sky130_fd_sc_hd__clkbuf_16)
    16    0.05    0.07    0.15    0.82 ^ clkbuf_1_0__f_clk/X (sky130_fd_sc_hd__clkbuf_16)
                                         clknet_1_0__leaf_clk (net)
                  0.07    0.00    0.82 ^ _261_/CLK (sky130_fd_sc_hd__dfrtp_1)
     1    0.00    0.04    0.32    1.14 ^ _261_/Q (sky130_fd_sc_hd__dfrtp_1)
                                         sync_stage1[2] (net)
                  0.04    0.00    1.14 ^ _265_/D (sky130_fd_sc_hd__dfrtp_1)
                                  1.14   data arrival time

                          0.00    0.00   clock clk (rise edge)
                          0.50    0.50   clock source latency
     1    0.02    0.06    0.04    0.54 ^ clk (in)
                                         clk (net)
                  0.06    0.00    0.54 ^ clkbuf_0_clk/A (sky130_fd_sc_hd__clkbuf_16)
     2    0.02    0.04    0.13    0.67 ^ clkbuf_0_clk/X (sky130_fd_sc_hd__clkbuf_16)
                                         clknet_0_clk (net)
                  0.04    0.00    0.67 ^ clkbuf_1_0__f_clk/A (sky130_fd_sc_hd__clkbuf_16)
    16    0.05    0.07    0.15    0.82 ^ clkbuf_1_0__f_clk/X (sky130_fd_sc_hd__clkbuf_16)
                                         clknet_1_0__leaf_clk (net)
                  0.07    0.00    0.82 ^ _265_/CLK (sky130_fd_sc_hd__dfrtp_1)
                          0.10    0.92   clock uncertainty
                          0.00    0.92   clock reconvergence pessimism
                         -0.03    0.89   library hold time
                                  0.89   data required time
-----------------------------------------------------------------------------
                                  0.89   data required time
                                 -1.14   data arrival time
-----------------------------------------------------------------------------
                                  0.25   slack (MET)


Startpoint: _260_ (rising edge-triggered flip-flop clocked by clk)
Endpoint: _264_ (rising edge-triggered flip-flop clocked by clk)
Path Group: clk
Path Type: min
Corner: Typical

Fanout     Cap    Slew   Delay    Time   Description
-----------------------------------------------------------------------------
                          0.00    0.00   clock clk (rise edge)
                          0.50    0.50   clock source latency
     1    0.02    0.06    0.04    0.54 ^ clk (in)
                                         clk (net)
                  0.06    0.00    0.54 ^ clkbuf_0_clk/A (sky130_fd_sc_hd__clkbuf_16)
     2    0.02    0.04    0.13    0.67 ^ clkbuf_0_clk/X (sky130_fd_sc_hd__clkbuf_16)
                                         clknet_0_clk (net)
                  0.04    0.00    0.67 ^ clkbuf_1_0__f_clk/A (sky130_fd_sc_hd__clkbuf_16)
    16    0.05    0.07    0.15    0.82 ^ clkbuf_1_0__f_clk/X (sky130_fd_sc_hd__clkbuf_16)
                                         clknet_1_0__leaf_clk (net)
                  0.07    0.00    0.82 ^ _260_/CLK (sky130_fd_sc_hd__dfrtp_1)
     1    0.00    0.05    0.32    1.14 ^ _260_/Q (sky130_fd_sc_hd__dfrtp_1)
                                         sync_stage1[1] (net)
                  0.05    0.00    1.14 ^ _264_/D (sky130_fd_sc_hd__dfrtp_1)
                                  1.14   data arrival time

                          0.00    0.00   clock clk (rise edge)
                          0.50    0.50   clock source latency
     1    0.02    0.06    0.04    0.54 ^ clk (in)
                                         clk (net)
                  0.06    0.00    0.54 ^ clkbuf_0_clk/A (sky130_fd_sc_hd__clkbuf_16)
     2    0.02    0.04    0.13    0.67 ^ clkbuf_0_clk/X (sky130_fd_sc_hd__clkbuf_16)
                                         clknet_0_clk (net)
                  0.04    0.00    0.67 ^ clkbuf_1_0__f_clk/A (sky130_fd_sc_hd__clkbuf_16)
    16    0.05    0.07    0.15    0.82 ^ clkbuf_1_0__f_clk/X (sky130_fd_sc_hd__clkbuf_16)
                                         clknet_1_0__leaf_clk (net)
                  0.07    0.00    0.82 ^ _264_/CLK (sky130_fd_sc_hd__dfrtp_1)
                          0.10    0.92   clock uncertainty
                          0.00    0.92   clock reconvergence pessimism
                         -0.03    0.89   library hold time
                                  0.89   data required time
-----------------------------------------------------------------------------
                                  0.89   data required time
                                 -1.14   data arrival time
-----------------------------------------------------------------------------
                                  0.26   slack (MET)


Startpoint: _259_ (rising edge-triggered flip-flop clocked by clk)
Endpoint: _263_ (rising edge-triggered flip-flop clocked by clk)
Path Group: clk
Path Type: min
Corner: Typical

Fanout     Cap    Slew   Delay    Time   Description
-----------------------------------------------------------------------------
                          0.00    0.00   clock clk (rise edge)
                          0.50    0.50   clock source latency
     1    0.02    0.06    0.04    0.54 ^ clk (in)
                                         clk (net)
                  0.06    0.00    0.54 ^ clkbuf_0_clk/A (sky130_fd_sc_hd__clkbuf_16)
     2    0.02    0.04    0.13    0.67 ^ clkbuf_0_clk/X (sky130_fd_sc_hd__clkbuf_16)
                                         clknet_0_clk (net)
                  0.04    0.00    0.67 ^ clkbuf_1_0__f_clk/A (sky130_fd_sc_hd__clkbuf_16)
    16    0.05    0.07    0.15    0.82 ^ clkbuf_1_0__f_clk/X (sky130_fd_sc_hd__clkbuf_16)
                                         clknet_1_0__leaf_clk (net)
                  0.07    0.00    0.82 ^ _259_/CLK (sky130_fd_sc_hd__dfrtp_1)
     1    0.00    0.06    0.33    1.15 ^ _259_/Q (sky130_fd_sc_hd__dfrtp_1)
                                         sync_stage1[0] (net)
                  0.06    0.00    1.15 ^ _263_/D (sky130_fd_sc_hd__dfrtp_1)
                                  1.15   data arrival time

                          0.00    0.00   clock clk (rise edge)
                          0.50    0.50   clock source latency
     1    0.02    0.06    0.04    0.54 ^ clk (in)
                                         clk (net)
                  0.06    0.00    0.54 ^ clkbuf_0_clk/A (sky130_fd_sc_hd__clkbuf_16)
     2    0.02    0.04    0.13    0.67 ^ clkbuf_0_clk/X (sky130_fd_sc_hd__clkbuf_16)
                                         clknet_0_clk (net)
                  0.04    0.00    0.67 ^ clkbuf_1_0__f_clk/A (sky130_fd_sc_hd__clkbuf_16)
    16    0.05    0.07    0.15    0.82 ^ clkbuf_1_0__f_clk/X (sky130_fd_sc_hd__clkbuf_16)
                                         clknet_1_0__leaf_clk (net)
                  0.07    0.00    0.82 ^ _263_/CLK (sky130_fd_sc_hd__dfrtp_1)
                          0.10    0.92   clock uncertainty
                          0.00    0.92   clock reconvergence pessimism
                         -0.03    0.89   library hold time
                                  0.89   data required time
-----------------------------------------------------------------------------
                                  0.89   data required time
                                 -1.15   data arrival time
-----------------------------------------------------------------------------
                                  0.27   slack (MET)


Startpoint: _257_ (rising edge-triggered flip-flop clocked by clk)
Endpoint: _249_ (rising edge-triggered flip-flop clocked by clk)
Path Group: clk
Path Type: min
Corner: Typical

Fanout     Cap    Slew   Delay    Time   Description
-----------------------------------------------------------------------------
                          0.00    0.00   clock clk (rise edge)
                          0.50    0.50   clock source latency
     1    0.02    0.06    0.04    0.54 ^ clk (in)
                                         clk (net)
                  0.06    0.00    0.54 ^ clkbuf_0_clk/A (sky130_fd_sc_hd__clkbuf_16)
     2    0.02    0.04    0.13    0.67 ^ clkbuf_0_clk/X (sky130_fd_sc_hd__clkbuf_16)
                                         clknet_0_clk (net)
                  0.04    0.00    0.67 ^ clkbuf_1_0__f_clk/A (sky130_fd_sc_hd__clkbuf_16)
    16    0.05    0.07    0.15    0.82 ^ clkbuf_1_0__f_clk/X (sky130_fd_sc_hd__clkbuf_16)
                                         clknet_1_0__leaf_clk (net)
                  0.07    0.00    0.82 ^ _257_/CLK (sky130_fd_sc_hd__dfrtp_1)
     3    0.01    0.07    0.40    1.22 v _257_/Q (sky130_fd_sc_hd__dfrtp_1)
                                         curr_state[1] (net)
                  0.07    0.00    1.22 v _169_/A (sky130_fd_sc_hd__inv_2)
     2    0.01    0.04    0.06    1.28 ^ _169_/Y (sky130_fd_sc_hd__inv_2)
                                         _106_ (net)
                  0.04    0.00    1.28 ^ _183_/B (sky130_fd_sc_hd__nor2_1)
     2    0.01    0.05    0.06    1.34 v _183_/Y (sky130_fd_sc_hd__nor2_1)
                                         _002_ (net)
                  0.05    0.00    1.34 v _249_/D (sky130_fd_sc_hd__dfrtp_1)
                                  1.34   data arrival time

                          0.00    0.00   clock clk (rise edge)
                          0.50    0.50   clock source latency
     1    0.02    0.06    0.04    0.54 ^ clk (in)
                                         clk (net)
                  0.06    0.00    0.54 ^ clkbuf_0_clk/A (sky130_fd_sc_hd__clkbuf_16)
     2    0.02    0.04    0.13    0.67 ^ clkbuf_0_clk/X (sky130_fd_sc_hd__clkbuf_16)
                                         clknet_0_clk (net)
                  0.04    0.00    0.67 ^ clkbuf_1_0__f_clk/A (sky130_fd_sc_hd__clkbuf_16)
    16    0.05    0.07    0.15    0.82 ^ clkbuf_1_0__f_clk/X (sky130_fd_sc_hd__clkbuf_16)
                                         clknet_1_0__leaf_clk (net)
                  0.07    0.00    0.82 ^ _249_/CLK (sky130_fd_sc_hd__dfrtp_1)
                          0.10    0.92   clock uncertainty
                          0.00    0.92   clock reconvergence pessimism
                         -0.04    0.88   library hold time
                                  0.88   data required time
-----------------------------------------------------------------------------
                                  0.88   data required time
                                 -1.34   data arrival time
-----------------------------------------------------------------------------
                                  0.46   slack (MET)


Startpoint: _247_ (rising edge-triggered flip-flop clocked by clk)
Endpoint: _247_ (rising edge-triggered flip-flop clocked by clk)
Path Group: clk
Path Type: min
Corner: Typical

Fanout     Cap    Slew   Delay    Time   Description
-----------------------------------------------------------------------------
                          0.00    0.00   clock clk (rise edge)
                          0.50    0.50   clock source latency
     1    0.02    0.06    0.04    0.54 ^ clk (in)
                                         clk (net)
                  0.06    0.00    0.54 ^ clkbuf_0_clk/A (sky130_fd_sc_hd__clkbuf_16)
     2    0.02    0.04    0.13    0.67 ^ clkbuf_0_clk/X (sky130_fd_sc_hd__clkbuf_16)
                                         clknet_0_clk (net)
                  0.04    0.00    0.67 ^ clkbuf_1_1__f_clk/A (sky130_fd_sc_hd__clkbuf_16)
    13    0.05    0.07    0.15    0.82 ^ clkbuf_1_1__f_clk/X (sky130_fd_sc_hd__clkbuf_16)
                                         clknet_1_1__leaf_clk (net)
                  0.07    0.00    0.82 ^ _247_/CLK (sky130_fd_sc_hd__dfrtp_1)
     2    0.01    0.09    0.37    1.19 ^ _247_/Q (sky130_fd_sc_hd__dfrtp_1)
                                         seq_timer[7] (net)
                  0.09    0.00    1.19 ^ _237_/A (sky130_fd_sc_hd__xor2_1)
     1    0.00    0.04    0.07    1.26 v _237_/X (sky130_fd_sc_hd__xor2_1)
                                         _056_ (net)
                  0.04    0.00    1.26 v _238_/A (sky130_fd_sc_hd__nor2_1)
     1    0.00    0.08    0.10    1.36 ^ _238_/Y (sky130_fd_sc_hd__nor2_1)
                                         _011_ (net)
                  0.08    0.00    1.36 ^ _247_/D (sky130_fd_sc_hd__dfrtp_1)
                                  1.36   data arrival time

                          0.00    0.00   clock clk (rise edge)
                          0.50    0.50   clock source latency
     1    0.02    0.06    0.04    0.54 ^ clk (in)
                                         clk (net)
                  0.06    0.00    0.54 ^ clkbuf_0_clk/A (sky130_fd_sc_hd__clkbuf_16)
     2    0.02    0.04    0.13    0.67 ^ clkbuf_0_clk/X (sky130_fd_sc_hd__clkbuf_16)
                                         clknet_0_clk (net)
                  0.04    0.00    0.67 ^ clkbuf_1_1__f_clk/A (sky130_fd_sc_hd__clkbuf_16)
    13    0.05    0.07    0.15    0.82 ^ clkbuf_1_1__f_clk/X (sky130_fd_sc_hd__clkbuf_16)
                                         clknet_1_1__leaf_clk (net)
                  0.07    0.00    0.82 ^ _247_/CLK (sky130_fd_sc_hd__dfrtp_1)
                          0.10    0.92   clock uncertainty
                          0.00    0.92   clock reconvergence pessimism
                         -0.04    0.88   library hold time
                                  0.88   data required time
-----------------------------------------------------------------------------
                                  0.88   data required time
                                 -1.36   data arrival time
-----------------------------------------------------------------------------
                                  0.48   slack (MET)


Startpoint: _246_ (rising edge-triggered flip-flop clocked by clk)
Endpoint: _246_ (rising edge-triggered flip-flop clocked by clk)
Path Group: clk
Path Type: min
Corner: Typical

Fanout     Cap    Slew   Delay    Time   Description
-----------------------------------------------------------------------------
                          0.00    0.00   clock clk (rise edge)
                          0.50    0.50   clock source latency
     1    0.02    0.06    0.04    0.54 ^ clk (in)
                                         clk (net)
                  0.06    0.00    0.54 ^ clkbuf_0_clk/A (sky130_fd_sc_hd__clkbuf_16)
     2    0.02    0.04    0.13    0.67 ^ clkbuf_0_clk/X (sky130_fd_sc_hd__clkbuf_16)
                                         clknet_0_clk (net)
                  0.04    0.00    0.67 ^ clkbuf_1_1__f_clk/A (sky130_fd_sc_hd__clkbuf_16)
    13    0.05    0.07    0.15    0.82 ^ clkbuf_1_1__f_clk/X (sky130_fd_sc_hd__clkbuf_16)
                                         clknet_1_1__leaf_clk (net)
                  0.07    0.00    0.82 ^ _246_/CLK (sky130_fd_sc_hd__dfrtp_1)
     3    0.01    0.10    0.37    1.19 ^ _246_/Q (sky130_fd_sc_hd__dfrtp_1)
                                         seq_timer[6] (net)
                  0.10    0.00    1.19 ^ _234_/B (sky130_fd_sc_hd__nand2_1)
     2    0.01    0.08    0.10    1.29 v _234_/Y (sky130_fd_sc_hd__nand2_1)
                                         _054_ (net)
                  0.08    0.00    1.29 v _235_/B (sky130_fd_sc_hd__nand2_1)
     1    0.00    0.05    0.08    1.37 ^ _235_/Y (sky130_fd_sc_hd__nand2_1)
                                         _055_ (net)
                  0.05    0.00    1.37 ^ _236_/A (sky130_fd_sc_hd__nor2_1)
     1    0.00    0.02    0.04    1.41 v _236_/Y (sky130_fd_sc_hd__nor2_1)
                                         _010_ (net)
                  0.02    0.00    1.41 v _246_/D (sky130_fd_sc_hd__dfrtp_1)
                                  1.41   data arrival time

                          0.00    0.00   clock clk (rise edge)
                          0.50    0.50   clock source latency
     1    0.02    0.06    0.04    0.54 ^ clk (in)
                                         clk (net)
                  0.06    0.00    0.54 ^ clkbuf_0_clk/A (sky130_fd_sc_hd__clkbuf_16)
     2    0.02    0.04    0.13    0.67 ^ clkbuf_0_clk/X (sky130_fd_sc_hd__clkbuf_16)
                                         clknet_0_clk (net)
                  0.04    0.00    0.67 ^ clkbuf_1_1__f_clk/A (sky130_fd_sc_hd__clkbuf_16)
    13    0.05    0.07    0.15    0.82 ^ clkbuf_1_1__f_clk/X (sky130_fd_sc_hd__clkbuf_16)
                                         clknet_1_1__leaf_clk (net)
                  0.07    0.00    0.82 ^ _246_/CLK (sky130_fd_sc_hd__dfrtp_1)
                          0.10    0.92   clock uncertainty
                          0.00    0.92   clock reconvergence pessimism
                         -0.03    0.89   library hold time
                                  0.89   data required time
-----------------------------------------------------------------------------
                                  0.89   data required time
                                 -1.41   data arrival time
-----------------------------------------------------------------------------
                                  0.52   slack (MET)


Startpoint: _243_ (rising edge-triggered flip-flop clocked by clk)
Endpoint: _243_ (rising edge-triggered flip-flop clocked by clk)
Path Group: clk
Path Type: min
Corner: Typical

Fanout     Cap    Slew   Delay    Time   Description
-----------------------------------------------------------------------------
                          0.00    0.00   clock clk (rise edge)
                          0.50    0.50   clock source latency
     1    0.02    0.06    0.04    0.54 ^ clk (in)
                                         clk (net)
                  0.06    0.00    0.54 ^ clkbuf_0_clk/A (sky130_fd_sc_hd__clkbuf_16)
     2    0.02    0.04    0.13    0.67 ^ clkbuf_0_clk/X (sky130_fd_sc_hd__clkbuf_16)
                                         clknet_0_clk (net)
                  0.04    0.00    0.67 ^ clkbuf_1_1__f_clk/A (sky130_fd_sc_hd__clkbuf_16)
    13    0.05    0.07    0.15    0.82 ^ clkbuf_1_1__f_clk/X (sky130_fd_sc_hd__clkbuf_16)
                                         clknet_1_1__leaf_clk (net)
                  0.07    0.00    0.82 ^ _243_/CLK (sky130_fd_sc_hd__dfrtp_1)
     3    0.01    0.07    0.40    1.22 v _243_/Q (sky130_fd_sc_hd__dfrtp_1)
                                         seq_timer[3] (net)
                  0.07    0.00    1.22 v _133_/A (sky130_fd_sc_hd__inv_2)
     2    0.01    0.04    0.06    1.28 ^ _133_/Y (sky130_fd_sc_hd__inv_2)
                                         _073_ (net)
                  0.04    0.00    1.28 ^ _220_/B (sky130_fd_sc_hd__nand2_1)
     1    0.00    0.03    0.05    1.33 v _220_/Y (sky130_fd_sc_hd__nand2_1)
                                         _043_ (net)
                  0.03    0.00    1.33 v _222_/A (sky130_fd_sc_hd__nand2_1)
     1    0.00    0.04    0.05    1.38 ^ _222_/Y (sky130_fd_sc_hd__nand2_1)
                                         _045_ (net)
                  0.04    0.00    1.38 ^ _223_/A (sky130_fd_sc_hd__nor2_1)
     1    0.00    0.03    0.04    1.42 v _223_/Y (sky130_fd_sc_hd__nor2_1)
                                         _007_ (net)
                  0.03    0.00    1.42 v _243_/D (sky130_fd_sc_hd__dfrtp_1)
                                  1.42   data arrival time

                          0.00    0.00   clock clk (rise edge)
                          0.50    0.50   clock source latency
     1    0.02    0.06    0.04    0.54 ^ clk (in)
                                         clk (net)
                  0.06    0.00    0.54 ^ clkbuf_0_clk/A (sky130_fd_sc_hd__clkbuf_16)
     2    0.02    0.04    0.13    0.67 ^ clkbuf_0_clk/X (sky130_fd_sc_hd__clkbuf_16)
                                         clknet_0_clk (net)
                  0.04    0.00    0.67 ^ clkbuf_1_1__f_clk/A (sky130_fd_sc_hd__clkbuf_16)
    13    0.05    0.07    0.15    0.82 ^ clkbuf_1_1__f_clk/X (sky130_fd_sc_hd__clkbuf_16)
                                         clknet_1_1__leaf_clk (net)
                  0.07    0.00    0.82 ^ _243_/CLK (sky130_fd_sc_hd__dfrtp_1)
                          0.10    0.92   clock uncertainty
                          0.00    0.92   clock reconvergence pessimism
                         -0.03    0.89   library hold time
                                  0.89   data required time
-----------------------------------------------------------------------------
                                  0.89   data required time
                                 -1.42   data arrival time
-----------------------------------------------------------------------------
                                  0.53   slack (MET)


Startpoint: _240_ (rising edge-triggered flip-flop clocked by clk)
Endpoint: _251_ (rising edge-triggered flip-flop clocked by clk)
Path Group: clk
Path Type: min
Corner: Typical

Fanout     Cap    Slew   Delay    Time   Description
-----------------------------------------------------------------------------
                          0.00    0.00   clock clk (rise edge)
                          0.50    0.50   clock source latency
     1    0.02    0.06    0.04    0.54 ^ clk (in)
                                         clk (net)
                  0.06    0.00    0.54 ^ clkbuf_0_clk/A (sky130_fd_sc_hd__clkbuf_16)
     2    0.02    0.04    0.13    0.67 ^ clkbuf_0_clk/X (sky130_fd_sc_hd__clkbuf_16)
                                         clknet_0_clk (net)
                  0.04    0.00    0.67 ^ clkbuf_1_1__f_clk/A (sky130_fd_sc_hd__clkbuf_16)
    13    0.05    0.07    0.15    0.82 ^ clkbuf_1_1__f_clk/X (sky130_fd_sc_hd__clkbuf_16)
                                         clknet_1_1__leaf_clk (net)
                  0.07    0.00    0.82 ^ _240_/CLK (sky130_fd_sc_hd__dfrtp_1)
     5    0.02    0.18    0.43    1.25 ^ _240_/Q (sky130_fd_sc_hd__dfrtp_1)
                                         seq_timer[0] (net)
                  0.18    0.00    1.25 ^ _198_/A2 (sky130_fd_sc_hd__o211a_1)
     1    0.01    0.06    0.17    1.42 ^ _198_/X (sky130_fd_sc_hd__o211a_1)
                                         _003_ (net)
                  0.06    0.00    1.42 ^ _251_/D (sky130_fd_sc_hd__dfrtp_1)
                                  1.42   data arrival time

                          0.00    0.00   clock clk (rise edge)
                          0.50    0.50   clock source latency
     1    0.02    0.06    0.04    0.54 ^ clk (in)
                                         clk (net)
                  0.06    0.00    0.54 ^ clkbuf_0_clk/A (sky130_fd_sc_hd__clkbuf_16)
     2    0.02    0.04    0.13    0.67 ^ clkbuf_0_clk/X (sky130_fd_sc_hd__clkbuf_16)
                                         clknet_0_clk (net)
                  0.04    0.00    0.67 ^ clkbuf_1_0__f_clk/A (sky130_fd_sc_hd__clkbuf_16)
    16    0.05    0.07    0.15    0.82 ^ clkbuf_1_0__f_clk/X (sky130_fd_sc_hd__clkbuf_16)
                                         clknet_1_0__leaf_clk (net)
                  0.07    0.00    0.82 ^ _251_/CLK (sky130_fd_sc_hd__dfrtp_1)
                          0.10    0.92   clock uncertainty
                          0.00    0.92   clock reconvergence pessimism
                         -0.03    0.89   library hold time
                                  0.89   data required time
-----------------------------------------------------------------------------
                                  0.89   data required time
                                 -1.42   data arrival time
-----------------------------------------------------------------------------
                                  0.53   slack (MET)


Startpoint: _256_ (rising edge-triggered flip-flop clocked by clk)
Endpoint: _239_ (rising edge-triggered flip-flop clocked by clk)
Path Group: clk
Path Type: min
Corner: Typical

Fanout     Cap    Slew   Delay    Time   Description
-----------------------------------------------------------------------------
                          0.00    0.00   clock clk (rise edge)
                          0.50    0.50   clock source latency
     1    0.02    0.06    0.04    0.54 ^ clk (in)
                                         clk (net)
                  0.06    0.00    0.54 ^ clkbuf_0_clk/A (sky130_fd_sc_hd__clkbuf_16)
     2    0.02    0.04    0.13    0.67 ^ clkbuf_0_clk/X (sky130_fd_sc_hd__clkbuf_16)
                                         clknet_0_clk (net)
                  0.04    0.00    0.67 ^ clkbuf_1_0__f_clk/A (sky130_fd_sc_hd__clkbuf_16)
    16    0.05    0.07    0.15    0.82 ^ clkbuf_1_0__f_clk/X (sky130_fd_sc_hd__clkbuf_16)
                                         clknet_1_0__leaf_clk (net)
                  0.07    0.00    0.82 ^ _256_/CLK (sky130_fd_sc_hd__dfrtp_4)
     8    0.03    0.12    0.47    1.29 ^ _256_/Q (sky130_fd_sc_hd__dfrtp_4)
                                         curr_state[0] (net)
                  0.12    0.00    1.29 ^ _189_/A (sky130_fd_sc_hd__nor2_1)
     2    0.01    0.06    0.09    1.38 v _189_/Y (sky130_fd_sc_hd__nor2_1)
                                         _022_ (net)
                  0.06    0.00    1.38 v _190_/A (sky130_fd_sc_hd__inv_2)
     1    0.00    0.03    0.05    1.43 ^ _190_/Y (sky130_fd_sc_hd__inv_2)
                                         _001_ (net)
                  0.03    0.00    1.43 ^ _239_/D (sky130_fd_sc_hd__dfstp_1)
                                  1.43   data arrival time

                          0.00    0.00   clock clk (rise edge)
                          0.50    0.50   clock source latency
     1    0.02    0.06    0.04    0.54 ^ clk (in)
                                         clk (net)
                  0.06    0.00    0.54 ^ clkbuf_0_clk/A (sky130_fd_sc_hd__clkbuf_16)
     2    0.02    0.04    0.13    0.67 ^ clkbuf_0_clk/X (sky130_fd_sc_hd__clkbuf_16)
                                         clknet_0_clk (net)
                  0.04    0.00    0.67 ^ clkbuf_1_1__f_clk/A (sky130_fd_sc_hd__clkbuf_16)
    13    0.05    0.07    0.15    0.82 ^ clkbuf_1_1__f_clk/X (sky130_fd_sc_hd__clkbuf_16)
                                         clknet_1_1__leaf_clk (net)
                  0.07    0.00    0.82 ^ _239_/CLK (sky130_fd_sc_hd__dfstp_1)
                          0.10    0.92   clock uncertainty
                          0.00    0.92   clock reconvergence pessimism
                         -0.03    0.89   library hold time
                                  0.89   data required time
-----------------------------------------------------------------------------
                                  0.89   data required time
                                 -1.43   data arrival time
-----------------------------------------------------------------------------
                                  0.54   slack (MET)


Startpoint: _256_ (rising edge-triggered flip-flop clocked by clk)
Endpoint: _248_ (rising edge-triggered flip-flop clocked by clk)
Path Group: clk
Path Type: min
Corner: Typical

Fanout     Cap    Slew   Delay    Time   Description
-----------------------------------------------------------------------------
                          0.00    0.00   clock clk (rise edge)
                          0.50    0.50   clock source latency
     1    0.02    0.06    0.04    0.54 ^ clk (in)
                                         clk (net)
                  0.06    0.00    0.54 ^ clkbuf_0_clk/A (sky130_fd_sc_hd__clkbuf_16)
     2    0.02    0.04    0.13    0.67 ^ clkbuf_0_clk/X (sky130_fd_sc_hd__clkbuf_16)
                                         clknet_0_clk (net)
                  0.04    0.00    0.67 ^ clkbuf_1_0__f_clk/A (sky130_fd_sc_hd__clkbuf_16)
    16    0.05    0.07    0.15    0.82 ^ clkbuf_1_0__f_clk/X (sky130_fd_sc_hd__clkbuf_16)
                                         clknet_1_0__leaf_clk (net)
                  0.07    0.00    0.82 ^ _256_/CLK (sky130_fd_sc_hd__dfrtp_4)
     8    0.03    0.12    0.47    1.29 ^ _256_/Q (sky130_fd_sc_hd__dfrtp_4)
                                         curr_state[0] (net)
                  0.12    0.00    1.29 ^ _188_/A1 (sky130_fd_sc_hd__o21a_1)
     1    0.00    0.05    0.14    1.43 ^ _188_/X (sky130_fd_sc_hd__o21a_1)
                                         _000_ (net)
                  0.05    0.00    1.43 ^ _248_/D (sky130_fd_sc_hd__dfrtp_1)
                                  1.43   data arrival time

                          0.00    0.00   clock clk (rise edge)
                          0.50    0.50   clock source latency
     1    0.02    0.06    0.04    0.54 ^ clk (in)
                                         clk (net)
                  0.06    0.00    0.54 ^ clkbuf_0_clk/A (sky130_fd_sc_hd__clkbuf_16)
     2    0.02    0.04    0.13    0.67 ^ clkbuf_0_clk/X (sky130_fd_sc_hd__clkbuf_16)
                                         clknet_0_clk (net)
                  0.04    0.00    0.67 ^ clkbuf_1_0__f_clk/A (sky130_fd_sc_hd__clkbuf_16)
    16    0.05    0.07    0.15    0.82 ^ clkbuf_1_0__f_clk/X (sky130_fd_sc_hd__clkbuf_16)
                                         clknet_1_0__leaf_clk (net)
                  0.07    0.00    0.82 ^ _248_/CLK (sky130_fd_sc_hd__dfrtp_1)
                          0.10    0.92   clock uncertainty
                          0.00    0.92   clock reconvergence pessimism
                         -0.03    0.89   library hold time
                                  0.89   data required time
-----------------------------------------------------------------------------
                                  0.89   data required time
                                 -1.43   data arrival time
-----------------------------------------------------------------------------
                                  0.54   slack (MET)


Startpoint: _244_ (rising edge-triggered flip-flop clocked by clk)
Endpoint: _244_ (rising edge-triggered flip-flop clocked by clk)
Path Group: clk
Path Type: min
Corner: Typical

Fanout     Cap    Slew   Delay    Time   Description
-----------------------------------------------------------------------------
                          0.00    0.00   clock clk (rise edge)
                          0.50    0.50   clock source latency
     1    0.02    0.06    0.04    0.54 ^ clk (in)
                                         clk (net)
                  0.06    0.00    0.54 ^ clkbuf_0_clk/A (sky130_fd_sc_hd__clkbuf_16)
     2    0.02    0.04    0.13    0.67 ^ clkbuf_0_clk/X (sky130_fd_sc_hd__clkbuf_16)
                                         clknet_0_clk (net)
                  0.04    0.00    0.67 ^ clkbuf_1_1__f_clk/A (sky130_fd_sc_hd__clkbuf_16)
    13    0.05    0.07    0.15    0.82 ^ clkbuf_1_1__f_clk/X (sky130_fd_sc_hd__clkbuf_16)
                                         clknet_1_1__leaf_clk (net)
                  0.07    0.00    0.82 ^ _244_/CLK (sky130_fd_sc_hd__dfrtp_1)
     3    0.01    0.09    0.36    1.18 ^ _244_/Q (sky130_fd_sc_hd__dfrtp_1)
                                         seq_timer[4] (net)
                  0.09    0.00    1.18 ^ _224_/A_N (sky130_fd_sc_hd__nand2b_1)
     1    0.00    0.04    0.10    1.29 ^ _224_/Y (sky130_fd_sc_hd__nand2b_1)
                                         _046_ (net)
                  0.04    0.00    1.29 ^ _226_/A (sky130_fd_sc_hd__nand2_1)
     1    0.00    0.04    0.05    1.34 v _226_/Y (sky130_fd_sc_hd__nand2_1)
                                         _048_ (net)
                  0.04    0.00    1.34 v _227_/A (sky130_fd_sc_hd__nor2_1)
     1    0.00    0.07    0.09    1.43 ^ _227_/Y (sky130_fd_sc_hd__nor2_1)
                                         _008_ (net)
                  0.07    0.00    1.43 ^ _244_/D (sky130_fd_sc_hd__dfrtp_1)
                                  1.43   data arrival time

                          0.00    0.00   clock clk (rise edge)
                          0.50    0.50   clock source latency
     1    0.02    0.06    0.04    0.54 ^ clk (in)
                                         clk (net)
                  0.06    0.00    0.54 ^ clkbuf_0_clk/A (sky130_fd_sc_hd__clkbuf_16)
     2    0.02    0.04    0.13    0.67 ^ clkbuf_0_clk/X (sky130_fd_sc_hd__clkbuf_16)
                                         clknet_0_clk (net)
                  0.04    0.00    0.67 ^ clkbuf_1_1__f_clk/A (sky130_fd_sc_hd__clkbuf_16)
    13    0.05    0.07    0.15    0.82 ^ clkbuf_1_1__f_clk/X (sky130_fd_sc_hd__clkbuf_16)
                                         clknet_1_1__leaf_clk (net)
                  0.07    0.00    0.82 ^ _244_/CLK (sky130_fd_sc_hd__dfrtp_1)
                          0.10    0.92   clock uncertainty
                          0.00    0.92   clock reconvergence pessimism
                         -0.04    0.88   library hold time
                                  0.88   data required time
-----------------------------------------------------------------------------
                                  0.88   data required time
                                 -1.43   data arrival time
-----------------------------------------------------------------------------
                                  0.55   slack (MET)


Startpoint: _241_ (rising edge-triggered flip-flop clocked by clk)
Endpoint: _241_ (rising edge-triggered flip-flop clocked by clk)
Path Group: clk
Path Type: min
Corner: Typical

Fanout     Cap    Slew   Delay    Time   Description
-----------------------------------------------------------------------------
                          0.00    0.00   clock clk (rise edge)
                          0.50    0.50   clock source latency
     1    0.02    0.06    0.04    0.54 ^ clk (in)
                                         clk (net)
                  0.06    0.00    0.54 ^ clkbuf_0_clk/A (sky130_fd_sc_hd__clkbuf_16)
     2    0.02    0.04    0.13    0.67 ^ clkbuf_0_clk/X (sky130_fd_sc_hd__clkbuf_16)
                                         clknet_0_clk (net)
                  0.04    0.00    0.67 ^ clkbuf_1_1__f_clk/A (sky130_fd_sc_hd__clkbuf_16)
    13    0.05    0.07    0.15    0.82 ^ clkbuf_1_1__f_clk/X (sky130_fd_sc_hd__clkbuf_16)
                                         clknet_1_1__leaf_clk (net)
                  0.07    0.00    0.82 ^ _241_/CLK (sky130_fd_sc_hd__dfrtp_1)
     2    0.01    0.09    0.37    1.19 ^ _241_/Q (sky130_fd_sc_hd__dfrtp_1)
                                         seq_timer[1] (net)
                  0.09    0.00    1.19 ^ _130_/A (sky130_fd_sc_hd__inv_2)
     4    0.01    0.04    0.06    1.25 v _130_/Y (sky130_fd_sc_hd__inv_2)
                                         _070_ (net)
                  0.04    0.00    1.25 v _212_/B (sky130_fd_sc_hd__nand2_1)
     1    0.00    0.04    0.06    1.31 ^ _212_/Y (sky130_fd_sc_hd__nand2_1)
                                         _037_ (net)
                  0.04    0.00    1.31 ^ _213_/B (sky130_fd_sc_hd__nand2_1)
     1    0.00    0.03    0.05    1.36 v _213_/Y (sky130_fd_sc_hd__nand2_1)
                                         _038_ (net)
                  0.03    0.00    1.36 v _214_/A (sky130_fd_sc_hd__nor2_1)
     1    0.00    0.07    0.09    1.44 ^ _214_/Y (sky130_fd_sc_hd__nor2_1)
                                         _005_ (net)
                  0.07    0.00    1.44 ^ _241_/D (sky130_fd_sc_hd__dfrtp_1)
                                  1.44   data arrival time

                          0.00    0.00   clock clk (rise edge)
                          0.50    0.50   clock source latency
     1    0.02    0.06    0.04    0.54 ^ clk (in)
                                         clk (net)
                  0.06    0.00    0.54 ^ clkbuf_0_clk/A (sky130_fd_sc_hd__clkbuf_16)
     2    0.02    0.04    0.13    0.67 ^ clkbuf_0_clk/X (sky130_fd_sc_hd__clkbuf_16)
                                         clknet_0_clk (net)
                  0.04    0.00    0.67 ^ clkbuf_1_1__f_clk/A (sky130_fd_sc_hd__clkbuf_16)
    13    0.05    0.07    0.15    0.82 ^ clkbuf_1_1__f_clk/X (sky130_fd_sc_hd__clkbuf_16)
                                         clknet_1_1__leaf_clk (net)
                  0.07    0.00    0.82 ^ _241_/CLK (sky130_fd_sc_hd__dfrtp_1)
                          0.10    0.92   clock uncertainty
                          0.00    0.92   clock reconvergence pessimism
                         -0.04    0.89   library hold time
                                  0.89   data required time
-----------------------------------------------------------------------------
                                  0.89   data required time
                                 -1.44   data arrival time
-----------------------------------------------------------------------------
                                  0.56   slack (MET)


Startpoint: _242_ (rising edge-triggered flip-flop clocked by clk)
Endpoint: _242_ (rising edge-triggered flip-flop clocked by clk)
Path Group: clk
Path Type: min
Corner: Typical

Fanout     Cap    Slew   Delay    Time   Description
-----------------------------------------------------------------------------
                          0.00    0.00   clock clk (rise edge)
                          0.50    0.50   clock source latency
     1    0.02    0.06    0.04    0.54 ^ clk (in)
                                         clk (net)
                  0.06    0.00    0.54 ^ clkbuf_0_clk/A (sky130_fd_sc_hd__clkbuf_16)
     2    0.02    0.04    0.13    0.67 ^ clkbuf_0_clk/X (sky130_fd_sc_hd__clkbuf_16)
                                         clknet_0_clk (net)
                  0.04    0.00    0.67 ^ clkbuf_1_1__f_clk/A (sky130_fd_sc_hd__clkbuf_16)
    13    0.05    0.07    0.15    0.82 ^ clkbuf_1_1__f_clk/X (sky130_fd_sc_hd__clkbuf_16)
                                         clknet_1_1__leaf_clk (net)
                  0.07    0.00    0.82 ^ _242_/CLK (sky130_fd_sc_hd__dfrtp_1)
     5    0.01    0.09    0.42    1.24 v _242_/Q (sky130_fd_sc_hd__dfrtp_1)
                                         seq_timer[2] (net)
                  0.09    0.00    1.24 v _215_/A (sky130_fd_sc_hd__inv_2)
     2    0.01    0.04    0.07    1.31 ^ _215_/Y (sky130_fd_sc_hd__inv_2)
                                         _039_ (net)
                  0.04    0.00    1.31 ^ _217_/B (sky130_fd_sc_hd__nand2_1)
     1    0.00    0.03    0.05    1.35 v _217_/Y (sky130_fd_sc_hd__nand2_1)
                                         _041_ (net)
                  0.03    0.00    1.35 v _218_/B (sky130_fd_sc_hd__nand2_1)
     1    0.00    0.05    0.06    1.41 ^ _218_/Y (sky130_fd_sc_hd__nand2_1)
                                         _042_ (net)
                  0.05    0.00    1.41 ^ _219_/A (sky130_fd_sc_hd__nor2_1)
     1    0.00    0.03    0.04    1.45 v _219_/Y (sky130_fd_sc_hd__nor2_1)
                                         _006_ (net)
                  0.03    0.00    1.45 v _242_/D (sky130_fd_sc_hd__dfrtp_1)
                                  1.45   data arrival time

                          0.00    0.00   clock clk (rise edge)
                          0.50    0.50   clock source latency
     1    0.02    0.06    0.04    0.54 ^ clk (in)
                                         clk (net)
                  0.06    0.00    0.54 ^ clkbuf_0_clk/A (sky130_fd_sc_hd__clkbuf_16)
     2    0.02    0.04    0.13    0.67 ^ clkbuf_0_clk/X (sky130_fd_sc_hd__clkbuf_16)
                                         clknet_0_clk (net)
                  0.04    0.00    0.67 ^ clkbuf_1_1__f_clk/A (sky130_fd_sc_hd__clkbuf_16)
    13    0.05    0.07    0.15    0.82 ^ clkbuf_1_1__f_clk/X (sky130_fd_sc_hd__clkbuf_16)
                                         clknet_1_1__leaf_clk (net)
                  0.07    0.00    0.82 ^ _242_/CLK (sky130_fd_sc_hd__dfrtp_1)
                          0.10    0.92   clock uncertainty
                          0.00    0.92   clock reconvergence pessimism
                         -0.03    0.89   library hold time
                                  0.89   data required time
-----------------------------------------------------------------------------
                                  0.89   data required time
                                 -1.45   data arrival time
-----------------------------------------------------------------------------
                                  0.56   slack (MET)


Startpoint: _258_ (rising edge-triggered flip-flop clocked by clk)
Endpoint: _254_ (rising edge-triggered flip-flop clocked by clk)
Path Group: clk
Path Type: min
Corner: Typical

Fanout     Cap    Slew   Delay    Time   Description
-----------------------------------------------------------------------------
                          0.00    0.00   clock clk (rise edge)
                          0.50    0.50   clock source latency
     1    0.02    0.06    0.04    0.54 ^ clk (in)
                                         clk (net)
                  0.06    0.00    0.54 ^ clkbuf_0_clk/A (sky130_fd_sc_hd__clkbuf_16)
     2    0.02    0.04    0.13    0.67 ^ clkbuf_0_clk/X (sky130_fd_sc_hd__clkbuf_16)
                                         clknet_0_clk (net)
                  0.04    0.00    0.67 ^ clkbuf_1_0__f_clk/A (sky130_fd_sc_hd__clkbuf_16)
    16    0.05    0.07    0.15    0.82 ^ clkbuf_1_0__f_clk/X (sky130_fd_sc_hd__clkbuf_16)
                                         clknet_1_0__leaf_clk (net)
                  0.07    0.00    0.82 ^ _258_/CLK (sky130_fd_sc_hd__dfrtp_4)
     8    0.04    0.15    0.49    1.31 ^ _258_/Q (sky130_fd_sc_hd__dfrtp_4)
                                         curr_state[2] (net)
                  0.15    0.00    1.32 ^ _191_/A1 (sky130_fd_sc_hd__a21oi_1)
     1    0.01    0.06    0.13    1.44 v _191_/Y (sky130_fd_sc_hd__a21oi_1)
                                         _112_ (net)
                  0.06    0.00    1.45 v _254_/D (sky130_fd_sc_hd__dfrtp_1)
                                  1.45   data arrival time

                          0.00    0.00   clock clk (rise edge)
                          0.50    0.50   clock source latency
     1    0.02    0.06    0.04    0.54 ^ clk (in)
                                         clk (net)
                  0.06    0.00    0.54 ^ clkbuf_0_clk/A (sky130_fd_sc_hd__clkbuf_16)
     2    0.02    0.04    0.13    0.67 ^ clkbuf_0_clk/X (sky130_fd_sc_hd__clkbuf_16)
                                         clknet_0_clk (net)
                  0.04    0.00    0.67 ^ clkbuf_1_1__f_clk/A (sky130_fd_sc_hd__clkbuf_16)
    13    0.05    0.07    0.15    0.82 ^ clkbuf_1_1__f_clk/X (sky130_fd_sc_hd__clkbuf_16)
                                         clknet_1_1__leaf_clk (net)
                  0.07    0.00    0.82 ^ _254_/CLK (sky130_fd_sc_hd__dfrtp_1)
                          0.10    0.92   clock uncertainty
                          0.00    0.92   clock reconvergence pessimism
                         -0.05    0.88   library hold time
                                  0.88   data required time
-----------------------------------------------------------------------------
                                  0.88   data required time
                                 -1.45   data arrival time
-----------------------------------------------------------------------------
                                  0.57   slack (MET)


Startpoint: _240_ (rising edge-triggered flip-flop clocked by clk)
Endpoint: _240_ (rising edge-triggered flip-flop clocked by clk)
Path Group: clk
Path Type: min
Corner: Typical

Fanout     Cap    Slew   Delay    Time   Description
-----------------------------------------------------------------------------
                          0.00    0.00   clock clk (rise edge)
                          0.50    0.50   clock source latency
     1    0.02    0.06    0.04    0.54 ^ clk (in)
                                         clk (net)
                  0.06    0.00    0.54 ^ clkbuf_0_clk/A (sky130_fd_sc_hd__clkbuf_16)
     2    0.02    0.04    0.13    0.67 ^ clkbuf_0_clk/X (sky130_fd_sc_hd__clkbuf_16)
                                         clknet_0_clk (net)
                  0.04    0.00    0.67 ^ clkbuf_1_1__f_clk/A (sky130_fd_sc_hd__clkbuf_16)
    13    0.05    0.07    0.15    0.82 ^ clkbuf_1_1__f_clk/X (sky130_fd_sc_hd__clkbuf_16)
                                         clknet_1_1__leaf_clk (net)
                  0.07    0.00    0.82 ^ _240_/CLK (sky130_fd_sc_hd__dfrtp_1)
     5    0.02    0.18    0.43    1.25 ^ _240_/Q (sky130_fd_sc_hd__dfrtp_1)
                                         seq_timer[0] (net)
                  0.18    0.00    1.25 ^ _202_/B (sky130_fd_sc_hd__nand2_1)
     3    0.01    0.07    0.10    1.35 v _202_/Y (sky130_fd_sc_hd__nand2_1)
                                         _028_ (net)
                  0.07    0.00    1.35 v _203_/B (sky130_fd_sc_hd__nand2_1)
     1    0.00    0.04    0.07    1.43 ^ _203_/Y (sky130_fd_sc_hd__nand2_1)
                                         _029_ (net)
                  0.04    0.00    1.43 ^ _210_/A (sky130_fd_sc_hd__nor2_1)
     1    0.00    0.02    0.04    1.47 v _210_/Y (sky130_fd_sc_hd__nor2_1)
                                         _004_ (net)
                  0.02    0.00    1.47 v _240_/D (sky130_fd_sc_hd__dfrtp_1)
                                  1.47   data arrival time

                          0.00    0.00   clock clk (rise edge)
                          0.50    0.50   clock source latency
     1    0.02    0.06    0.04    0.54 ^ clk (in)
                                         clk (net)
                  0.06    0.00    0.54 ^ clkbuf_0_clk/A (sky130_fd_sc_hd__clkbuf_16)
     2    0.02    0.04    0.13    0.67 ^ clkbuf_0_clk/X (sky130_fd_sc_hd__clkbuf_16)
                                         clknet_0_clk (net)
                  0.04    0.00    0.67 ^ clkbuf_1_1__f_clk/A (sky130_fd_sc_hd__clkbuf_16)
    13    0.05    0.07    0.15    0.82 ^ clkbuf_1_1__f_clk/X (sky130_fd_sc_hd__clkbuf_16)
                                         clknet_1_1__leaf_clk (net)
                  0.07    0.00    0.82 ^ _240_/CLK (sky130_fd_sc_hd__dfrtp_1)
                          0.10    0.92   clock uncertainty
                          0.00    0.92   clock reconvergence pessimism
                         -0.03    0.89   library hold time
                                  0.89   data required time
-----------------------------------------------------------------------------
                                  0.89   data required time
                                 -1.47   data arrival time
-----------------------------------------------------------------------------
                                  0.58   slack (MET)


Startpoint: _263_ (rising edge-triggered flip-flop clocked by clk)
Endpoint: _256_ (rising edge-triggered flip-flop clocked by clk)
Path Group: clk
Path Type: min
Corner: Typical

Fanout     Cap    Slew   Delay    Time   Description
-----------------------------------------------------------------------------
                          0.00    0.00   clock clk (rise edge)
                          0.50    0.50   clock source latency
     1    0.02    0.06    0.04    0.54 ^ clk (in)
                                         clk (net)
                  0.06    0.00    0.54 ^ clkbuf_0_clk/A (sky130_fd_sc_hd__clkbuf_16)
     2    0.02    0.04    0.13    0.67 ^ clkbuf_0_clk/X (sky130_fd_sc_hd__clkbuf_16)
                                         clknet_0_clk (net)
                  0.04    0.00    0.67 ^ clkbuf_1_0__f_clk/A (sky130_fd_sc_hd__clkbuf_16)
    16    0.05    0.07    0.15    0.82 ^ clkbuf_1_0__f_clk/X (sky130_fd_sc_hd__clkbuf_16)
                                         clknet_1_0__leaf_clk (net)
                  0.07    0.00    0.82 ^ _263_/CLK (sky130_fd_sc_hd__dfrtp_1)
     2    0.01    0.09    0.36    1.18 ^ _263_/Q (sky130_fd_sc_hd__dfrtp_1)
                                         wake_up_sync (net)
                  0.09    0.00    1.18 ^ _150_/A (sky130_fd_sc_hd__inv_2)
     3    0.01    0.04    0.05    1.24 v _150_/Y (sky130_fd_sc_hd__inv_2)
                                         _088_ (net)
                  0.04    0.00    1.24 v _151_/B (sky130_fd_sc_hd__nand2_1)
     1    0.00    0.05    0.07    1.31 ^ _151_/Y (sky130_fd_sc_hd__nand2_1)
                                         _089_ (net)
                  0.05    0.00    1.31 ^ _154_/A (sky130_fd_sc_hd__nand2_1)
     2    0.01    0.04    0.06    1.36 v _154_/Y (sky130_fd_sc_hd__nand2_1)
                                         _092_ (net)
                  0.04    0.00    1.36 v _156_/A (sky130_fd_sc_hd__nand2_1)
     2    0.01    0.09    0.09    1.45 ^ _156_/Y (sky130_fd_sc_hd__nand2_1)
                                         _094_ (net)
                  0.09    0.00    1.45 ^ _157_/A (sky130_fd_sc_hd__inv_2)
     1    0.00    0.02    0.03    1.48 v _157_/Y (sky130_fd_sc_hd__inv_2)
                                         next_state[0] (net)
                  0.02    0.00    1.48 v _256_/D (sky130_fd_sc_hd__dfrtp_4)
                                  1.48   data arrival time

                          0.00    0.00   clock clk (rise edge)
                          0.50    0.50   clock source latency
     1    0.02    0.06    0.04    0.54 ^ clk (in)
                                         clk (net)
                  0.06    0.00    0.54 ^ clkbuf_0_clk/A (sky130_fd_sc_hd__clkbuf_16)
     2    0.02    0.04    0.13    0.67 ^ clkbuf_0_clk/X (sky130_fd_sc_hd__clkbuf_16)
                                         clknet_0_clk (net)
                  0.04    0.00    0.67 ^ clkbuf_1_0__f_clk/A (sky130_fd_sc_hd__clkbuf_16)
    16    0.05    0.07    0.15    0.82 ^ clkbuf_1_0__f_clk/X (sky130_fd_sc_hd__clkbuf_16)
                                         clknet_1_0__leaf_clk (net)
                  0.07    0.00    0.82 ^ _256_/CLK (sky130_fd_sc_hd__dfrtp_4)
                          0.10    0.92   clock uncertainty
                          0.00    0.92   clock reconvergence pessimism
                         -0.03    0.90   library hold time
                                  0.90   data required time
-----------------------------------------------------------------------------
                                  0.90   data required time
                                 -1.48   data arrival time
-----------------------------------------------------------------------------
                                  0.59   slack (MET)


Startpoint: _245_ (rising edge-triggered flip-flop clocked by clk)
Endpoint: _245_ (rising edge-triggered flip-flop clocked by clk)
Path Group: clk
Path Type: min
Corner: Typical

Fanout     Cap    Slew   Delay    Time   Description
-----------------------------------------------------------------------------
                          0.00    0.00   clock clk (rise edge)
                          0.50    0.50   clock source latency
     1    0.02    0.06    0.04    0.54 ^ clk (in)
                                         clk (net)
                  0.06    0.00    0.54 ^ clkbuf_0_clk/A (sky130_fd_sc_hd__clkbuf_16)
     2    0.02    0.04    0.13    0.67 ^ clkbuf_0_clk/X (sky130_fd_sc_hd__clkbuf_16)
                                         clknet_0_clk (net)
                  0.04    0.00    0.67 ^ clkbuf_1_1__f_clk/A (sky130_fd_sc_hd__clkbuf_16)
    13    0.05    0.07    0.15    0.82 ^ clkbuf_1_1__f_clk/X (sky130_fd_sc_hd__clkbuf_16)
                                         clknet_1_1__leaf_clk (net)
                  0.07    0.00    0.82 ^ _245_/CLK (sky130_fd_sc_hd__dfrtp_1)
     2    0.01    0.06    0.39    1.21 v _245_/Q (sky130_fd_sc_hd__dfrtp_1)
                                         seq_timer[5] (net)
                  0.06    0.00    1.21 v _228_/A (sky130_fd_sc_hd__inv_2)
     2    0.01    0.04    0.06    1.26 ^ _228_/Y (sky130_fd_sc_hd__inv_2)
                                         _049_ (net)
                  0.04    0.00    1.27 ^ _230_/B (sky130_fd_sc_hd__nand2_1)
     1    0.00    0.02    0.04    1.31 v _230_/Y (sky130_fd_sc_hd__nand2_1)
                                         _051_ (net)
                  0.02    0.00    1.31 v _231_/B_N (sky130_fd_sc_hd__or2b_1)
     1    0.00    0.04    0.14    1.44 ^ _231_/X (sky130_fd_sc_hd__or2b_1)
                                         _052_ (net)
                  0.04    0.00    1.44 ^ _232_/A (sky130_fd_sc_hd__nor2_1)
     1    0.00    0.02    0.04    1.48 v _232_/Y (sky130_fd_sc_hd__nor2_1)
                                         _009_ (net)
                  0.02    0.00    1.48 v _245_/D (sky130_fd_sc_hd__dfrtp_1)
                                  1.48   data arrival time

                          0.00    0.00   clock clk (rise edge)
                          0.50    0.50   clock source latency
     1    0.02    0.06    0.04    0.54 ^ clk (in)
                                         clk (net)
                  0.06    0.00    0.54 ^ clkbuf_0_clk/A (sky130_fd_sc_hd__clkbuf_16)
     2    0.02    0.04    0.13    0.67 ^ clkbuf_0_clk/X (sky130_fd_sc_hd__clkbuf_16)
                                         clknet_0_clk (net)
                  0.04    0.00    0.67 ^ clkbuf_1_1__f_clk/A (sky130_fd_sc_hd__clkbuf_16)
    13    0.05    0.07    0.15    0.82 ^ clkbuf_1_1__f_clk/X (sky130_fd_sc_hd__clkbuf_16)
                                         clknet_1_1__leaf_clk (net)
                  0.07    0.00    0.82 ^ _245_/CLK (sky130_fd_sc_hd__dfrtp_1)
                          0.10    0.92   clock uncertainty
                          0.00    0.92   clock reconvergence pessimism
                         -0.03    0.89   library hold time
                                  0.89   data required time
-----------------------------------------------------------------------------
                                  0.89   data required time
                                 -1.48   data arrival time
-----------------------------------------------------------------------------
                                  0.59   slack (MET)


Startpoint: _264_ (rising edge-triggered flip-flop clocked by clk)
Endpoint: _258_ (rising edge-triggered flip-flop clocked by clk)
Path Group: clk
Path Type: min
Corner: Typical

Fanout     Cap    Slew   Delay    Time   Description
-----------------------------------------------------------------------------
                          0.00    0.00   clock clk (rise edge)
                          0.50    0.50   clock source latency
     1    0.02    0.06    0.04    0.54 ^ clk (in)
                                         clk (net)
                  0.06    0.00    0.54 ^ clkbuf_0_clk/A (sky130_fd_sc_hd__clkbuf_16)
     2    0.02    0.04    0.13    0.67 ^ clkbuf_0_clk/X (sky130_fd_sc_hd__clkbuf_16)
                                         clknet_0_clk (net)
                  0.04    0.00    0.67 ^ clkbuf_1_0__f_clk/A (sky130_fd_sc_hd__clkbuf_16)
    16    0.05    0.07    0.15    0.82 ^ clkbuf_1_0__f_clk/X (sky130_fd_sc_hd__clkbuf_16)
                                         clknet_1_0__leaf_clk (net)
                  0.07    0.00    0.82 ^ _264_/CLK (sky130_fd_sc_hd__dfrtp_1)
     2    0.01    0.10    0.37    1.19 ^ _264_/Q (sky130_fd_sc_hd__dfrtp_1)
                                         req_off_sync (net)
                  0.10    0.00    1.19 ^ _184_/C (sky130_fd_sc_hd__nand3_1)
     1    0.00    0.07    0.10    1.29 v _184_/Y (sky130_fd_sc_hd__nand3_1)
                                         _019_ (net)
                  0.07    0.00    1.29 v _185_/C1 (sky130_fd_sc_hd__o211ai_2)
     2    0.01    0.09    0.09    1.38 ^ _185_/Y (sky130_fd_sc_hd__o211ai_2)
                                         _020_ (net)
                  0.09    0.00    1.38 ^ _186_/B1 (sky130_fd_sc_hd__a21oi_1)
     2    0.01    0.05    0.07    1.45 v _186_/Y (sky130_fd_sc_hd__a21oi_1)
                                         _021_ (net)
                  0.05    0.00    1.45 v _187_/B (sky130_fd_sc_hd__nand2_1)
     1    0.00    0.04    0.06    1.51 ^ _187_/Y (sky130_fd_sc_hd__nand2_1)
                                         next_state[2] (net)
                  0.04    0.00    1.51 ^ _258_/D (sky130_fd_sc_hd__dfrtp_4)
                                  1.51   data arrival time

                          0.00    0.00   clock clk (rise edge)
                          0.50    0.50   clock source latency
     1    0.02    0.06    0.04    0.54 ^ clk (in)
                                         clk (net)
                  0.06    0.00    0.54 ^ clkbuf_0_clk/A (sky130_fd_sc_hd__clkbuf_16)
     2    0.02    0.04    0.13    0.67 ^ clkbuf_0_clk/X (sky130_fd_sc_hd__clkbuf_16)
                                         clknet_0_clk (net)
                  0.04    0.00    0.67 ^ clkbuf_1_0__f_clk/A (sky130_fd_sc_hd__clkbuf_16)
    16    0.05    0.07    0.15    0.82 ^ clkbuf_1_0__f_clk/X (sky130_fd_sc_hd__clkbuf_16)
                                         clknet_1_0__leaf_clk (net)
                  0.07    0.00    0.82 ^ _258_/CLK (sky130_fd_sc_hd__dfrtp_4)
                          0.10    0.92   clock uncertainty
                          0.00    0.92   clock reconvergence pessimism
                         -0.03    0.89   library hold time
                                  0.89   data required time
-----------------------------------------------------------------------------
                                  0.89   data required time
                                 -1.51   data arrival time
-----------------------------------------------------------------------------
                                  0.62   slack (MET)


Startpoint: _242_ (rising edge-triggered flip-flop clocked by clk)
Endpoint: _252_ (rising edge-triggered flip-flop clocked by clk)
Path Group: clk
Path Type: min
Corner: Typical

Fanout     Cap    Slew   Delay    Time   Description
-----------------------------------------------------------------------------
                          0.00    0.00   clock clk (rise edge)
                          0.50    0.50   clock source latency
     1    0.02    0.06    0.04    0.54 ^ clk (in)
                                         clk (net)
                  0.06    0.00    0.54 ^ clkbuf_0_clk/A (sky130_fd_sc_hd__clkbuf_16)
     2    0.02    0.04    0.13    0.67 ^ clkbuf_0_clk/X (sky130_fd_sc_hd__clkbuf_16)
                                         clknet_0_clk (net)
                  0.04    0.00    0.67 ^ clkbuf_1_1__f_clk/A (sky130_fd_sc_hd__clkbuf_16)
    13    0.05    0.07    0.15    0.82 ^ clkbuf_1_1__f_clk/X (sky130_fd_sc_hd__clkbuf_16)
                                         clknet_1_1__leaf_clk (net)
                  0.07    0.00    0.82 ^ _242_/CLK (sky130_fd_sc_hd__dfrtp_1)
     5    0.02    0.15    0.41    1.23 ^ _242_/Q (sky130_fd_sc_hd__dfrtp_1)
                                         seq_timer[2] (net)
                  0.15    0.00    1.23 ^ _135_/A (sky130_fd_sc_hd__or3_1)
     1    0.01    0.07    0.15    1.38 ^ _135_/X (sky130_fd_sc_hd__or3_1)
                                         _075_ (net)
                  0.07    0.00    1.38 ^ _136_/A (sky130_fd_sc_hd__inv_2)
     3    0.01    0.03    0.05    1.43 v _136_/Y (sky130_fd_sc_hd__inv_2)
                                         _076_ (net)
                  0.03    0.00    1.43 v _137_/B (sky130_fd_sc_hd__nor2_1)
     1    0.00    0.08    0.08    1.51 ^ _137_/Y (sky130_fd_sc_hd__nor2_1)
                                         _114_ (net)
                  0.08    0.00    1.51 ^ _252_/D (sky130_fd_sc_hd__dfrtp_1)
                                  1.51   data arrival time

                          0.00    0.00   clock clk (rise edge)
                          0.50    0.50   clock source latency
     1    0.02    0.06    0.04    0.54 ^ clk (in)
                                         clk (net)
                  0.06    0.00    0.54 ^ clkbuf_0_clk/A (sky130_fd_sc_hd__clkbuf_16)
     2    0.02    0.04    0.13    0.67 ^ clkbuf_0_clk/X (sky130_fd_sc_hd__clkbuf_16)
                                         clknet_0_clk (net)
                  0.04    0.00    0.67 ^ clkbuf_1_0__f_clk/A (sky130_fd_sc_hd__clkbuf_16)
    16    0.05    0.07    0.15    0.82 ^ clkbuf_1_0__f_clk/X (sky130_fd_sc_hd__clkbuf_16)
                                         clknet_1_0__leaf_clk (net)
                  0.07    0.01    0.82 ^ _252_/CLK (sky130_fd_sc_hd__dfrtp_1)
                          0.10    0.92   clock uncertainty
                          0.00    0.92   clock reconvergence pessimism
                         -0.04    0.88   library hold time
                                  0.88   data required time
-----------------------------------------------------------------------------
                                  0.88   data required time
                                 -1.51   data arrival time
-----------------------------------------------------------------------------
                                  0.62   slack (MET)


Startpoint: _263_ (rising edge-triggered flip-flop clocked by clk)
Endpoint: _257_ (rising edge-triggered flip-flop clocked by clk)
Path Group: clk
Path Type: min
Corner: Typical

Fanout     Cap    Slew   Delay    Time   Description
-----------------------------------------------------------------------------
                          0.00    0.00   clock clk (rise edge)
                          0.50    0.50   clock source latency
     1    0.02    0.06    0.04    0.54 ^ clk (in)
                                         clk (net)
                  0.06    0.00    0.54 ^ clkbuf_0_clk/A (sky130_fd_sc_hd__clkbuf_16)
     2    0.02    0.04    0.13    0.67 ^ clkbuf_0_clk/X (sky130_fd_sc_hd__clkbuf_16)
                                         clknet_0_clk (net)
                  0.04    0.00    0.67 ^ clkbuf_1_0__f_clk/A (sky130_fd_sc_hd__clkbuf_16)
    16    0.05    0.07    0.15    0.82 ^ clkbuf_1_0__f_clk/X (sky130_fd_sc_hd__clkbuf_16)
                                         clknet_1_0__leaf_clk (net)
                  0.07    0.00    0.82 ^ _263_/CLK (sky130_fd_sc_hd__dfrtp_1)
     2    0.01    0.09    0.36    1.18 ^ _263_/Q (sky130_fd_sc_hd__dfrtp_1)
                                         wake_up_sync (net)
                  0.09    0.00    1.18 ^ _173_/A2 (sky130_fd_sc_hd__o311a_1)
     1    0.00    0.05    0.16    1.35 ^ _173_/X (sky130_fd_sc_hd__o311a_1)
                                         _110_ (net)
                  0.05    0.00    1.35 ^ _174_/C (sky130_fd_sc_hd__or3_1)
     1    0.00    0.04    0.09    1.44 ^ _174_/X (sky130_fd_sc_hd__or3_1)
                                         _111_ (net)
                  0.04    0.00    1.44 ^ _175_/A (sky130_fd_sc_hd__clkbuf_1)
     1    0.00    0.05    0.09    1.53 ^ _175_/X (sky130_fd_sc_hd__clkbuf_1)
                                         next_state[1] (net)
                  0.05    0.00    1.53 ^ _257_/D (sky130_fd_sc_hd__dfrtp_1)
                                  1.53   data arrival time

                          0.00    0.00   clock clk (rise edge)
                          0.50    0.50   clock source latency
     1    0.02    0.06    0.04    0.54 ^ clk (in)
                                         clk (net)
                  0.06    0.00    0.54 ^ clkbuf_0_clk/A (sky130_fd_sc_hd__clkbuf_16)
     2    0.02    0.04    0.13    0.67 ^ clkbuf_0_clk/X (sky130_fd_sc_hd__clkbuf_16)
                                         clknet_0_clk (net)
                  0.04    0.00    0.67 ^ clkbuf_1_0__f_clk/A (sky130_fd_sc_hd__clkbuf_16)
    16    0.05    0.07    0.15    0.82 ^ clkbuf_1_0__f_clk/X (sky130_fd_sc_hd__clkbuf_16)
                                         clknet_1_0__leaf_clk (net)
                  0.07    0.00    0.82 ^ _257_/CLK (sky130_fd_sc_hd__dfrtp_1)
                          0.10    0.92   clock uncertainty
                          0.00    0.92   clock reconvergence pessimism
                         -0.03    0.89   library hold time
                                  0.89   data required time
-----------------------------------------------------------------------------
                                  0.89   data required time
                                 -1.53   data arrival time
-----------------------------------------------------------------------------
                                  0.64   slack (MET)


Startpoint: _258_ (rising edge-triggered flip-flop clocked by clk)
Endpoint: _253_ (rising edge-triggered flip-flop clocked by clk)
Path Group: clk
Path Type: min
Corner: Typical

Fanout     Cap    Slew   Delay    Time   Description
-----------------------------------------------------------------------------
                          0.00    0.00   clock clk (rise edge)
                          0.50    0.50   clock source latency
     1    0.02    0.06    0.04    0.54 ^ clk (in)
                                         clk (net)
                  0.06    0.00    0.54 ^ clkbuf_0_clk/A (sky130_fd_sc_hd__clkbuf_16)
     2    0.02    0.04    0.13    0.67 ^ clkbuf_0_clk/X (sky130_fd_sc_hd__clkbuf_16)
                                         clknet_0_clk (net)
                  0.04    0.00    0.67 ^ clkbuf_1_0__f_clk/A (sky130_fd_sc_hd__clkbuf_16)
    16    0.05    0.07    0.15    0.82 ^ clkbuf_1_0__f_clk/X (sky130_fd_sc_hd__clkbuf_16)
                                         clknet_1_0__leaf_clk (net)
                  0.07    0.00    0.82 ^ _258_/CLK (sky130_fd_sc_hd__dfrtp_4)
     8    0.04    0.15    0.49    1.31 ^ _258_/Q (sky130_fd_sc_hd__dfrtp_4)
                                         curr_state[2] (net)
                  0.15    0.00    1.32 ^ _192_/A (sky130_fd_sc_hd__nor2_1)
     2    0.01    0.05    0.08    1.40 v _192_/Y (sky130_fd_sc_hd__nor2_1)
                                         _023_ (net)
                  0.05    0.00    1.40 v _196_/B1 (sky130_fd_sc_hd__a21o_1)
     1    0.00    0.03    0.15    1.55 v _196_/X (sky130_fd_sc_hd__a21o_1)
                                         _115_ (net)
                  0.03    0.00    1.55 v _253_/D (sky130_fd_sc_hd__dfrtp_1)
                                  1.55   data arrival time

                          0.00    0.00   clock clk (rise edge)
                          0.50    0.50   clock source latency
     1    0.02    0.06    0.04    0.54 ^ clk (in)
                                         clk (net)
                  0.06    0.00    0.54 ^ clkbuf_0_clk/A (sky130_fd_sc_hd__clkbuf_16)
     2    0.02    0.04    0.13    0.67 ^ clkbuf_0_clk/X (sky130_fd_sc_hd__clkbuf_16)
                                         clknet_0_clk (net)
                  0.04    0.00    0.67 ^ clkbuf_1_1__f_clk/A (sky130_fd_sc_hd__clkbuf_16)
    13    0.05    0.07    0.15    0.82 ^ clkbuf_1_1__f_clk/X (sky130_fd_sc_hd__clkbuf_16)
                                         clknet_1_1__leaf_clk (net)
                  0.07    0.00    0.82 ^ _253_/CLK (sky130_fd_sc_hd__dfrtp_1)
                          0.10    0.92   clock uncertainty
                          0.00    0.92   clock reconvergence pessimism
                         -0.03    0.89   library hold time
                                  0.89   data required time
-----------------------------------------------------------------------------
                                  0.89   data required time
                                 -1.55   data arrival time
-----------------------------------------------------------------------------
                                  0.66   slack (MET)


Startpoint: _242_ (rising edge-triggered flip-flop clocked by clk)
Endpoint: _250_ (rising edge-triggered flip-flop clocked by clk)
Path Group: clk
Path Type: min
Corner: Typical

Fanout     Cap    Slew   Delay    Time   Description
-----------------------------------------------------------------------------
                          0.00    0.00   clock clk (rise edge)
                          0.50    0.50   clock source latency
     1    0.02    0.06    0.04    0.54 ^ clk (in)
                                         clk (net)
                  0.06    0.00    0.54 ^ clkbuf_0_clk/A (sky130_fd_sc_hd__clkbuf_16)
     2    0.02    0.04    0.13    0.67 ^ clkbuf_0_clk/X (sky130_fd_sc_hd__clkbuf_16)
                                         clknet_0_clk (net)
                  0.04    0.00    0.67 ^ clkbuf_1_1__f_clk/A (sky130_fd_sc_hd__clkbuf_16)
    13    0.05    0.07    0.15    0.82 ^ clkbuf_1_1__f_clk/X (sky130_fd_sc_hd__clkbuf_16)
                                         clknet_1_1__leaf_clk (net)
                  0.07    0.00    0.82 ^ _242_/CLK (sky130_fd_sc_hd__dfrtp_1)
     5    0.02    0.15    0.41    1.23 ^ _242_/Q (sky130_fd_sc_hd__dfrtp_1)
                                         seq_timer[2] (net)
                  0.15    0.00    1.23 ^ _135_/A (sky130_fd_sc_hd__or3_1)
     1    0.01    0.07    0.15    1.38 ^ _135_/X (sky130_fd_sc_hd__or3_1)
                                         _075_ (net)
                  0.07    0.00    1.38 ^ _136_/A (sky130_fd_sc_hd__inv_2)
     3    0.01    0.03    0.05    1.43 v _136_/Y (sky130_fd_sc_hd__inv_2)
                                         _076_ (net)
                  0.03    0.00    1.43 v _197_/A2 (sky130_fd_sc_hd__o21ai_1)
     1    0.00    0.09    0.12    1.55 ^ _197_/Y (sky130_fd_sc_hd__o21ai_1)
                                         _116_ (net)
                  0.09    0.00    1.55 ^ _250_/D (sky130_fd_sc_hd__dfrtp_1)
                                  1.55   data arrival time

                          0.00    0.00   clock clk (rise edge)
                          0.50    0.50   clock source latency
     1    0.02    0.06    0.04    0.54 ^ clk (in)
                                         clk (net)
                  0.06    0.00    0.54 ^ clkbuf_0_clk/A (sky130_fd_sc_hd__clkbuf_16)
     2    0.02    0.04    0.13    0.67 ^ clkbuf_0_clk/X (sky130_fd_sc_hd__clkbuf_16)
                                         clknet_0_clk (net)
                  0.04    0.00    0.67 ^ clkbuf_1_0__f_clk/A (sky130_fd_sc_hd__clkbuf_16)
    16    0.05    0.07    0.15    0.82 ^ clkbuf_1_0__f_clk/X (sky130_fd_sc_hd__clkbuf_16)
                                         clknet_1_0__leaf_clk (net)
                  0.07    0.00    0.82 ^ _250_/CLK (sky130_fd_sc_hd__dfrtp_1)
                          0.10    0.92   clock uncertainty
                          0.00    0.92   clock reconvergence pessimism
                         -0.04    0.88   library hold time
                                  0.88   data required time
-----------------------------------------------------------------------------
                                  0.88   data required time
                                 -1.55   data arrival time
-----------------------------------------------------------------------------
                                  0.67   slack (MET)


Startpoint: _256_ (rising edge-triggered flip-flop clocked by clk)
Endpoint: _255_ (rising edge-triggered flip-flop clocked by clk)
Path Group: clk
Path Type: min
Corner: Typical

Fanout     Cap    Slew   Delay    Time   Description
-----------------------------------------------------------------------------
                          0.00    0.00   clock clk (rise edge)
                          0.50    0.50   clock source latency
     1    0.02    0.06    0.04    0.54 ^ clk (in)
                                         clk (net)
                  0.06    0.00    0.54 ^ clkbuf_0_clk/A (sky130_fd_sc_hd__clkbuf_16)
     2    0.02    0.04    0.13    0.67 ^ clkbuf_0_clk/X (sky130_fd_sc_hd__clkbuf_16)
                                         clknet_0_clk (net)
                  0.04    0.00    0.67 ^ clkbuf_1_0__f_clk/A (sky130_fd_sc_hd__clkbuf_16)
    16    0.05    0.07    0.15    0.82 ^ clkbuf_1_0__f_clk/X (sky130_fd_sc_hd__clkbuf_16)
                                         clknet_1_0__leaf_clk (net)
                  0.07    0.00    0.82 ^ _256_/CLK (sky130_fd_sc_hd__dfrtp_4)
     8    0.03    0.12    0.47    1.29 ^ _256_/Q (sky130_fd_sc_hd__dfrtp_4)
                                         curr_state[0] (net)
                  0.12    0.00    1.29 ^ _153_/B (sky130_fd_sc_hd__nand2_1)
     3    0.01    0.09    0.11    1.41 v _153_/Y (sky130_fd_sc_hd__nand2_1)
                                         _091_ (net)
                  0.09    0.00    1.41 v _179_/A (sky130_fd_sc_hd__inv_2)
     2    0.01    0.04    0.07    1.48 ^ _179_/Y (sky130_fd_sc_hd__inv_2)
                                         _015_ (net)
                  0.04    0.00    1.48 ^ _194_/A (sky130_fd_sc_hd__or3b_1)
     1    0.01    0.08    0.12    1.60 ^ _194_/X (sky130_fd_sc_hd__or3b_1)
                                         _025_ (net)
                  0.08    0.00    1.60 ^ _195_/A (sky130_fd_sc_hd__clkbuf_1)
     1    0.00    0.05    0.09    1.69 ^ _195_/X (sky130_fd_sc_hd__clkbuf_1)
                                         _113_ (net)
                  0.05    0.00    1.69 ^ _255_/D (sky130_fd_sc_hd__dfrtp_1)
                                  1.69   data arrival time

                          0.00    0.00   clock clk (rise edge)
                          0.50    0.50   clock source latency
     1    0.02    0.06    0.04    0.54 ^ clk (in)
                                         clk (net)
                  0.06    0.00    0.54 ^ clkbuf_0_clk/A (sky130_fd_sc_hd__clkbuf_16)
     2    0.02    0.04    0.13    0.67 ^ clkbuf_0_clk/X (sky130_fd_sc_hd__clkbuf_16)
                                         clknet_0_clk (net)
                  0.04    0.00    0.67 ^ clkbuf_1_1__f_clk/A (sky130_fd_sc_hd__clkbuf_16)
    13    0.05    0.07    0.15    0.82 ^ clkbuf_1_1__f_clk/X (sky130_fd_sc_hd__clkbuf_16)
                                         clknet_1_1__leaf_clk (net)
                  0.07    0.00    0.82 ^ _255_/CLK (sky130_fd_sc_hd__dfrtp_1)
                          0.10    0.92   clock uncertainty
                          0.00    0.92   clock reconvergence pessimism
                         -0.03    0.89   library hold time
                                  0.89   data required time
-----------------------------------------------------------------------------
                                  0.89   data required time
                                 -1.69   data arrival time
-----------------------------------------------------------------------------
                                  0.80   slack (MET)


Startpoint: _255_ (rising edge-triggered flip-flop clocked by clk)
Endpoint: pwr_state[1] (output port clocked by clk)
Path Group: clk
Path Type: min
Corner: Typical

Fanout     Cap    Slew   Delay    Time   Description
-----------------------------------------------------------------------------
                          0.00    0.00   clock clk (rise edge)
                          0.50    0.50   clock source latency
     1    0.02    0.06    0.04    0.54 ^ clk (in)
                                         clk (net)
                  0.06    0.00    0.54 ^ clkbuf_0_clk/A (sky130_fd_sc_hd__clkbuf_16)
     2    0.02    0.04    0.13    0.67 ^ clkbuf_0_clk/X (sky130_fd_sc_hd__clkbuf_16)
                                         clknet_0_clk (net)
                  0.04    0.00    0.67 ^ clkbuf_1_1__f_clk/A (sky130_fd_sc_hd__clkbuf_16)
    13    0.05    0.07    0.15    0.82 ^ clkbuf_1_1__f_clk/X (sky130_fd_sc_hd__clkbuf_16)
                                         clknet_1_1__leaf_clk (net)
                  0.07    0.00    0.82 ^ _255_/CLK (sky130_fd_sc_hd__dfrtp_1)
     1    0.00    0.04    0.32    1.14 ^ _255_/Q (sky130_fd_sc_hd__dfrtp_1)
                                         net13 (net)
                  0.04    0.00    1.14 ^ output13/A (sky130_fd_sc_hd__clkbuf_2)
     1    0.02    0.12    0.16    1.30 ^ output13/X (sky130_fd_sc_hd__clkbuf_2)
                                         pwr_state[1] (net)
                  0.12    0.00    1.30 ^ pwr_state[1] (out)
                                  1.30   data arrival time

                          0.00    0.00   clock clk (rise edge)
                          0.50    0.50   clock network delay (propagated)
                          0.10    0.60   clock uncertainty
                          0.00    0.60   clock reconvergence pessimism
                         -0.50    0.10   output external delay
                                  0.10   data required time
-----------------------------------------------------------------------------
                                  0.10   data required time
                                 -1.30   data arrival time
-----------------------------------------------------------------------------
                                  1.20   slack (MET)


Startpoint: _254_ (rising edge-triggered flip-flop clocked by clk)
Endpoint: pwr_state[0] (output port clocked by clk)
Path Group: clk
Path Type: min
Corner: Typical

Fanout     Cap    Slew   Delay    Time   Description
-----------------------------------------------------------------------------
                          0.00    0.00   clock clk (rise edge)
                          0.50    0.50   clock source latency
     1    0.02    0.06    0.04    0.54 ^ clk (in)
                                         clk (net)
                  0.06    0.00    0.54 ^ clkbuf_0_clk/A (sky130_fd_sc_hd__clkbuf_16)
     2    0.02    0.04    0.13    0.67 ^ clkbuf_0_clk/X (sky130_fd_sc_hd__clkbuf_16)
                                         clknet_0_clk (net)
                  0.04    0.00    0.67 ^ clkbuf_1_1__f_clk/A (sky130_fd_sc_hd__clkbuf_16)
    13    0.05    0.07    0.15    0.82 ^ clkbuf_1_1__f_clk/X (sky130_fd_sc_hd__clkbuf_16)
                                         clknet_1_1__leaf_clk (net)
                  0.07    0.00    0.82 ^ _254_/CLK (sky130_fd_sc_hd__dfrtp_1)
     1    0.00    0.04    0.32    1.14 ^ _254_/Q (sky130_fd_sc_hd__dfrtp_1)
                                         net12 (net)
                  0.04    0.00    1.14 ^ output12/A (sky130_fd_sc_hd__clkbuf_2)
     1    0.02    0.12    0.16    1.30 ^ output12/X (sky130_fd_sc_hd__clkbuf_2)
                                         pwr_state[0] (net)
                  0.12    0.00    1.30 ^ pwr_state[0] (out)
                                  1.30   data arrival time

                          0.00    0.00   clock clk (rise edge)
                          0.50    0.50   clock network delay (propagated)
                          0.10    0.60   clock uncertainty
                          0.00    0.60   clock reconvergence pessimism
                         -0.50    0.10   output external delay
                                  0.10   data required time
-----------------------------------------------------------------------------
                                  0.10   data required time
                                 -1.30   data arrival time
-----------------------------------------------------------------------------
                                  1.20   slack (MET)


Startpoint: _239_ (rising edge-triggered flip-flop clocked by clk)
Endpoint: dvfs_ctrl[1] (output port clocked by clk)
Path Group: clk
Path Type: min
Corner: Typical

Fanout     Cap    Slew   Delay    Time   Description
-----------------------------------------------------------------------------
                          0.00    0.00   clock clk (rise edge)
                          0.50    0.50   clock source latency
     1    0.02    0.06    0.04    0.54 ^ clk (in)
                                         clk (net)
                  0.06    0.00    0.54 ^ clkbuf_0_clk/A (sky130_fd_sc_hd__clkbuf_16)
     2    0.02    0.04    0.13    0.67 ^ clkbuf_0_clk/X (sky130_fd_sc_hd__clkbuf_16)
                                         clknet_0_clk (net)
                  0.04    0.00    0.67 ^ clkbuf_1_1__f_clk/A (sky130_fd_sc_hd__clkbuf_16)
    13    0.05    0.07    0.15    0.82 ^ clkbuf_1_1__f_clk/X (sky130_fd_sc_hd__clkbuf_16)
                                         clknet_1_1__leaf_clk (net)
                  0.07    0.00    0.82 ^ _239_/CLK (sky130_fd_sc_hd__dfstp_1)
     1    0.00    0.03    0.35    1.18 v _239_/Q (sky130_fd_sc_hd__dfstp_1)
                                         net9 (net)
                  0.03    0.00    1.18 v output9/A (sky130_fd_sc_hd__clkbuf_2)
     1    0.02    0.08    0.14    1.32 v output9/X (sky130_fd_sc_hd__clkbuf_2)
                                         dvfs_ctrl[1] (net)
                  0.08    0.00    1.32 v dvfs_ctrl[1] (out)
                                  1.32   data arrival time

                          0.00    0.00   clock clk (rise edge)
                          0.50    0.50   clock network delay (propagated)
                          0.10    0.60   clock uncertainty
                          0.00    0.60   clock reconvergence pessimism
                         -0.50    0.10   output external delay
                                  0.10   data required time
-----------------------------------------------------------------------------
                                  0.10   data required time
                                 -1.32   data arrival time
-----------------------------------------------------------------------------
                                  1.22   slack (MET)


Startpoint: _253_ (rising edge-triggered flip-flop clocked by clk)
Endpoint: reset_ctrl (output port clocked by clk)
Path Group: clk
Path Type: min
Corner: Typical

Fanout     Cap    Slew   Delay    Time   Description
-----------------------------------------------------------------------------
                          0.00    0.00   clock clk (rise edge)
                          0.50    0.50   clock source latency
     1    0.02    0.06    0.04    0.54 ^ clk (in)
                                         clk (net)
                  0.06    0.00    0.54 ^ clkbuf_0_clk/A (sky130_fd_sc_hd__clkbuf_16)
     2    0.02    0.04    0.13    0.67 ^ clkbuf_0_clk/X (sky130_fd_sc_hd__clkbuf_16)
                                         clknet_0_clk (net)
                  0.04    0.00    0.67 ^ clkbuf_1_1__f_clk/A (sky130_fd_sc_hd__clkbuf_16)
    13    0.05    0.07    0.15    0.82 ^ clkbuf_1_1__f_clk/X (sky130_fd_sc_hd__clkbuf_16)
                                         clknet_1_1__leaf_clk (net)
                  0.07    0.00    0.82 ^ _253_/CLK (sky130_fd_sc_hd__dfrtp_1)
     1    0.00    0.04    0.32    1.14 ^ _253_/Q (sky130_fd_sc_hd__dfrtp_1)
                                         net14 (net)
                  0.04    0.00    1.14 ^ output14/A (sky130_fd_sc_hd__buf_2)
     1    0.03    0.15    0.18    1.32 ^ output14/X (sky130_fd_sc_hd__buf_2)
                                         reset_ctrl (net)
                  0.15    0.00    1.32 ^ reset_ctrl (out)
                                  1.32   data arrival time

                          0.00    0.00   clock clk (rise edge)
                          0.50    0.50   clock network delay (propagated)
                          0.10    0.60   clock uncertainty
                          0.00    0.60   clock reconvergence pessimism
                         -0.50    0.10   output external delay
                                  0.10   data required time
-----------------------------------------------------------------------------
                                  0.10   data required time
                                 -1.32   data arrival time
-----------------------------------------------------------------------------
                                  1.22   slack (MET)


Startpoint: _252_ (rising edge-triggered flip-flop clocked by clk)
Endpoint: retention_restore (output port clocked by clk)
Path Group: clk
Path Type: min
Corner: Typical

Fanout     Cap    Slew   Delay    Time   Description
-----------------------------------------------------------------------------
                          0.00    0.00   clock clk (rise edge)
                          0.50    0.50   clock source latency
     1    0.02    0.06    0.04    0.54 ^ clk (in)
                                         clk (net)
                  0.06    0.00    0.54 ^ clkbuf_0_clk/A (sky130_fd_sc_hd__clkbuf_16)
     2    0.02    0.04    0.13    0.67 ^ clkbuf_0_clk/X (sky130_fd_sc_hd__clkbuf_16)
                                         clknet_0_clk (net)
                  0.04    0.00    0.67 ^ clkbuf_1_0__f_clk/A (sky130_fd_sc_hd__clkbuf_16)
    16    0.05    0.07    0.15    0.82 ^ clkbuf_1_0__f_clk/X (sky130_fd_sc_hd__clkbuf_16)
                                         clknet_1_0__leaf_clk (net)
                  0.07    0.01    0.82 ^ _252_/CLK (sky130_fd_sc_hd__dfrtp_1)
     1    0.00    0.04    0.32    1.14 ^ _252_/Q (sky130_fd_sc_hd__dfrtp_1)
                                         net16 (net)
                  0.04    0.00    1.14 ^ output16/A (sky130_fd_sc_hd__buf_2)
     1    0.03    0.15    0.18    1.32 ^ output16/X (sky130_fd_sc_hd__buf_2)
                                         retention_restore (net)
                  0.15    0.00    1.32 ^ retention_restore (out)
                                  1.32   data arrival time

                          0.00    0.00   clock clk (rise edge)
                          0.50    0.50   clock network delay (propagated)
                          0.10    0.60   clock uncertainty
                          0.00    0.60   clock reconvergence pessimism
                         -0.50    0.10   output external delay
                                  0.10   data required time
-----------------------------------------------------------------------------
                                  0.10   data required time
                                 -1.32   data arrival time
-----------------------------------------------------------------------------
                                  1.22   slack (MET)


Startpoint: _251_ (rising edge-triggered flip-flop clocked by clk)
Endpoint: retention_save (output port clocked by clk)
Path Group: clk
Path Type: min
Corner: Typical

Fanout     Cap    Slew   Delay    Time   Description
-----------------------------------------------------------------------------
                          0.00    0.00   clock clk (rise edge)
                          0.50    0.50   clock source latency
     1    0.02    0.06    0.04    0.54 ^ clk (in)
                                         clk (net)
                  0.06    0.00    0.54 ^ clkbuf_0_clk/A (sky130_fd_sc_hd__clkbuf_16)
     2    0.02    0.04    0.13    0.67 ^ clkbuf_0_clk/X (sky130_fd_sc_hd__clkbuf_16)
                                         clknet_0_clk (net)
                  0.04    0.00    0.67 ^ clkbuf_1_0__f_clk/A (sky130_fd_sc_hd__clkbuf_16)
    16    0.05    0.07    0.15    0.82 ^ clkbuf_1_0__f_clk/X (sky130_fd_sc_hd__clkbuf_16)
                                         clknet_1_0__leaf_clk (net)
                  0.07    0.00    0.82 ^ _251_/CLK (sky130_fd_sc_hd__dfrtp_1)
     1    0.00    0.04    0.32    1.14 ^ _251_/Q (sky130_fd_sc_hd__dfrtp_1)
                                         net17 (net)
                  0.04    0.00    1.14 ^ output17/A (sky130_fd_sc_hd__buf_2)
     1    0.03    0.15    0.18    1.32 ^ output17/X (sky130_fd_sc_hd__buf_2)
                                         retention_save (net)
                  0.16    0.00    1.32 ^ retention_save (out)
                                  1.32   data arrival time

                          0.00    0.00   clock clk (rise edge)
                          0.50    0.50   clock network delay (propagated)
                          0.10    0.60   clock uncertainty
                          0.00    0.60   clock reconvergence pessimism
                         -0.50    0.10   output external delay
                                  0.10   data required time
-----------------------------------------------------------------------------
                                  0.10   data required time
                                 -1.32   data arrival time
-----------------------------------------------------------------------------
                                  1.22   slack (MET)


Startpoint: _249_ (rising edge-triggered flip-flop clocked by clk)
Endpoint: pwr_gate_en (output port clocked by clk)
Path Group: clk
Path Type: min
Corner: Typical

Fanout     Cap    Slew   Delay    Time   Description
-----------------------------------------------------------------------------
                          0.00    0.00   clock clk (rise edge)
                          0.50    0.50   clock source latency
     1    0.02    0.06    0.04    0.54 ^ clk (in)
                                         clk (net)
                  0.06    0.00    0.54 ^ clkbuf_0_clk/A (sky130_fd_sc_hd__clkbuf_16)
     2    0.02    0.04    0.13    0.67 ^ clkbuf_0_clk/X (sky130_fd_sc_hd__clkbuf_16)
                                         clknet_0_clk (net)
                  0.04    0.00    0.67 ^ clkbuf_1_0__f_clk/A (sky130_fd_sc_hd__clkbuf_16)
    16    0.05    0.07    0.15    0.82 ^ clkbuf_1_0__f_clk/X (sky130_fd_sc_hd__clkbuf_16)
                                         clknet_1_0__leaf_clk (net)
                  0.07    0.00    0.82 ^ _249_/CLK (sky130_fd_sc_hd__dfrtp_1)
     1    0.00    0.04    0.32    1.14 ^ _249_/Q (sky130_fd_sc_hd__dfrtp_1)
                                         net11 (net)
                  0.04    0.00    1.14 ^ output11/A (sky130_fd_sc_hd__buf_4)
     1    0.05    0.15    0.19    1.33 ^ output11/X (sky130_fd_sc_hd__buf_4)
                                         pwr_gate_en (net)
                  0.15    0.00    1.34 ^ pwr_gate_en (out)
                                  1.34   data arrival time

                          0.00    0.00   clock clk (rise edge)
                          0.50    0.50   clock network delay (propagated)
                          0.10    0.60   clock uncertainty
                          0.00    0.60   clock reconvergence pessimism
                         -0.50    0.10   output external delay
                                  0.10   data required time
-----------------------------------------------------------------------------
                                  0.10   data required time
                                 -1.34   data arrival time
-----------------------------------------------------------------------------
                                  1.24   slack (MET)


Startpoint: _250_ (rising edge-triggered flip-flop clocked by clk)
Endpoint: retention_en (output port clocked by clk)
Path Group: clk
Path Type: min
Corner: Typical

Fanout     Cap    Slew   Delay    Time   Description
-----------------------------------------------------------------------------
                          0.00    0.00   clock clk (rise edge)
                          0.50    0.50   clock source latency
     1    0.02    0.06    0.04    0.54 ^ clk (in)
                                         clk (net)
                  0.06    0.00    0.54 ^ clkbuf_0_clk/A (sky130_fd_sc_hd__clkbuf_16)
     2    0.02    0.04    0.13    0.67 ^ clkbuf_0_clk/X (sky130_fd_sc_hd__clkbuf_16)
                                         clknet_0_clk (net)
                  0.04    0.00    0.67 ^ clkbuf_1_0__f_clk/A (sky130_fd_sc_hd__clkbuf_16)
    16    0.05    0.07    0.15    0.82 ^ clkbuf_1_0__f_clk/X (sky130_fd_sc_hd__clkbuf_16)
                                         clknet_1_0__leaf_clk (net)
                  0.07    0.00    0.82 ^ _250_/CLK (sky130_fd_sc_hd__dfrtp_1)
     1    0.00    0.05    0.33    1.15 ^ _250_/Q (sky130_fd_sc_hd__dfrtp_1)
                                         net15 (net)
                  0.05    0.00    1.15 ^ output15/A (sky130_fd_sc_hd__buf_4)
     1    0.05    0.15    0.19    1.34 ^ output15/X (sky130_fd_sc_hd__buf_4)
                                         retention_en (net)
                  0.15    0.00    1.34 ^ retention_en (out)
                                  1.34   data arrival time

                          0.00    0.00   clock clk (rise edge)
                          0.50    0.50   clock network delay (propagated)
                          0.10    0.60   clock uncertainty
                          0.00    0.60   clock reconvergence pessimism
                         -0.50    0.10   output external delay
                                  0.10   data required time
-----------------------------------------------------------------------------
                                  0.10   data required time
                                 -1.34   data arrival time
-----------------------------------------------------------------------------
                                  1.24   slack (MET)


Startpoint: _248_ (rising edge-triggered flip-flop clocked by clk)
Endpoint: clk_gate_en (output port clocked by clk)
Path Group: clk
Path Type: min
Corner: Typical

Fanout     Cap    Slew   Delay    Time   Description
-----------------------------------------------------------------------------
                          0.00    0.00   clock clk (rise edge)
                          0.50    0.50   clock source latency
     1    0.02    0.06    0.04    0.54 ^ clk (in)
                                         clk (net)
                  0.06    0.00    0.54 ^ clkbuf_0_clk/A (sky130_fd_sc_hd__clkbuf_16)
     2    0.02    0.04    0.13    0.67 ^ clkbuf_0_clk/X (sky130_fd_sc_hd__clkbuf_16)
                                         clknet_0_clk (net)
                  0.04    0.00    0.67 ^ clkbuf_1_0__f_clk/A (sky130_fd_sc_hd__clkbuf_16)
    16    0.05    0.07    0.15    0.82 ^ clkbuf_1_0__f_clk/X (sky130_fd_sc_hd__clkbuf_16)
                                         clknet_1_0__leaf_clk (net)
                  0.07    0.00    0.82 ^ _248_/CLK (sky130_fd_sc_hd__dfrtp_1)
     1    0.00    0.05    0.32    1.15 ^ _248_/Q (sky130_fd_sc_hd__dfrtp_1)
                                         net8 (net)
                  0.05    0.00    1.15 ^ output8/A (sky130_fd_sc_hd__buf_4)
     1    0.05    0.16    0.19    1.34 ^ output8/X (sky130_fd_sc_hd__buf_4)
                                         clk_gate_en (net)
                  0.16    0.00    1.34 ^ clk_gate_en (out)
                                  1.34   data arrival time

                          0.00    0.00   clock clk (rise edge)
                          0.50    0.50   clock network delay (propagated)
                          0.10    0.60   clock uncertainty
                          0.00    0.60   clock reconvergence pessimism
                         -0.50    0.10   output external delay
                                  0.10   data required time
-----------------------------------------------------------------------------
                                  0.10   data required time
                                 -1.34   data arrival time
-----------------------------------------------------------------------------
                                  1.24   slack (MET)


Startpoint: _256_ (rising edge-triggered flip-flop clocked by clk)
Endpoint: error (output port clocked by clk)
Path Group: clk
Path Type: min
Corner: Typical

Fanout     Cap    Slew   Delay    Time   Description
-----------------------------------------------------------------------------
                          0.00    0.00   clock clk (rise edge)
                          0.50    0.50   clock source latency
     1    0.02    0.06    0.04    0.54 ^ clk (in)
                                         clk (net)
                  0.06    0.00    0.54 ^ clkbuf_0_clk/A (sky130_fd_sc_hd__clkbuf_16)
     2    0.02    0.04    0.13    0.67 ^ clkbuf_0_clk/X (sky130_fd_sc_hd__clkbuf_16)
                                         clknet_0_clk (net)
                  0.04    0.00    0.67 ^ clkbuf_1_0__f_clk/A (sky130_fd_sc_hd__clkbuf_16)
    16    0.05    0.07    0.15    0.82 ^ clkbuf_1_0__f_clk/X (sky130_fd_sc_hd__clkbuf_16)
                                         clknet_1_0__leaf_clk (net)
                  0.07    0.00    0.82 ^ _256_/CLK (sky130_fd_sc_hd__dfrtp_4)
     8    0.03    0.12    0.47    1.29 ^ _256_/Q (sky130_fd_sc_hd__dfrtp_4)
                                         curr_state[0] (net)
                  0.12    0.00    1.29 ^ _125_/A (sky130_fd_sc_hd__nor2_1)
     3    0.01    0.05    0.09    1.38 v _125_/Y (sky130_fd_sc_hd__nor2_1)
                                         _065_ (net)
                  0.05    0.00    1.38 v _199_/A (sky130_fd_sc_hd__nand2_1)
     1    0.00    0.04    0.06    1.44 ^ _199_/Y (sky130_fd_sc_hd__nand2_1)
                                         _026_ (net)
                  0.04    0.00    1.44 ^ _200_/B1 (sky130_fd_sc_hd__a211oi_1)
     1    0.01    0.05    0.05    1.49 v _200_/Y (sky130_fd_sc_hd__a211oi_1)
                                         net10 (net)
                  0.05    0.00    1.49 v wire19/A (sky130_fd_sc_hd__clkbuf_1)
     1    0.01    0.04    0.10    1.59 v wire19/X (sky130_fd_sc_hd__clkbuf_1)
                                         net19 (net)
                  0.04    0.00    1.60 v output10/A (sky130_fd_sc_hd__clkbuf_2)
     1    0.02    0.09    0.15    1.75 v output10/X (sky130_fd_sc_hd__clkbuf_2)
                                         error (net)
                  0.09    0.00    1.75 v error (out)
                                  1.75   data arrival time

                          0.00    0.00   clock clk (rise edge)
                          0.50    0.50   clock network delay (propagated)
                          0.10    0.60   clock uncertainty
                          0.00    0.60   clock reconvergence pessimism
                         -0.50    0.10   output external delay
                                  0.10   data required time
-----------------------------------------------------------------------------
                                  0.10   data required time
                                 -1.75   data arrival time
-----------------------------------------------------------------------------
                                  1.65   slack (MET)


Startpoint: _257_ (rising edge-triggered flip-flop clocked by clk)
Endpoint: seq_busy (output port clocked by clk)
Path Group: clk
Path Type: min
Corner: Typical

Fanout     Cap    Slew   Delay    Time   Description
-----------------------------------------------------------------------------
                          0.00    0.00   clock clk (rise edge)
                          0.50    0.50   clock source latency
     1    0.02    0.06    0.04    0.54 ^ clk (in)
                                         clk (net)
                  0.06    0.00    0.54 ^ clkbuf_0_clk/A (sky130_fd_sc_hd__clkbuf_16)
     2    0.02    0.04    0.13    0.67 ^ clkbuf_0_clk/X (sky130_fd_sc_hd__clkbuf_16)
                                         clknet_0_clk (net)
                  0.04    0.00    0.67 ^ clkbuf_1_0__f_clk/A (sky130_fd_sc_hd__clkbuf_16)
    16    0.05    0.07    0.15    0.82 ^ clkbuf_1_0__f_clk/X (sky130_fd_sc_hd__clkbuf_16)
                                         clknet_1_0__leaf_clk (net)
                  0.07    0.00    0.82 ^ _257_/CLK (sky130_fd_sc_hd__dfrtp_1)
     3    0.01    0.11    0.38    1.20 ^ _257_/Q (sky130_fd_sc_hd__dfrtp_1)
                                         curr_state[1] (net)
                  0.11    0.00    1.20 ^ _138_/B (sky130_fd_sc_hd__nand2_1)
     3    0.01    0.10    0.12    1.32 v _138_/Y (sky130_fd_sc_hd__nand2_1)
                                         _077_ (net)
                  0.10    0.00    1.32 v _139_/A (sky130_fd_sc_hd__inv_2)
     2    0.01    0.05    0.08    1.40 ^ _139_/Y (sky130_fd_sc_hd__inv_2)
                                         _078_ (net)
                  0.05    0.00    1.40 ^ _140_/B (sky130_fd_sc_hd__nor2_1)
     1    0.00    0.03    0.04    1.44 v _140_/Y (sky130_fd_sc_hd__nor2_1)
                                         net18 (net)
                  0.03    0.00    1.44 v wire20/A (sky130_fd_sc_hd__buf_1)
     4    0.02    0.10    0.14    1.58 v wire20/X (sky130_fd_sc_hd__buf_1)
                                         net20 (net)
                  0.10    0.00    1.58 v output18/A (sky130_fd_sc_hd__clkbuf_2)
     1    0.02    0.09    0.18    1.76 v output18/X (sky130_fd_sc_hd__clkbuf_2)
                                         seq_busy (net)
                  0.09    0.00    1.76 v seq_busy (out)
                                  1.76   data arrival time

                          0.00    0.00   clock clk (rise edge)
                          0.50    0.50   clock network delay (propagated)
                          0.10    0.60   clock uncertainty
                          0.00    0.60   clock reconvergence pessimism
                         -0.50    0.10   output external delay
                                  0.10   data required time
-----------------------------------------------------------------------------
                                  0.10   data required time
                                 -1.76   data arrival time
-----------------------------------------------------------------------------
                                  1.66   slack (MET)



worst slack corner Typical: 0.1884
