OpenROAD b16bda7e82721d10566ff7e2b68f1ff0be9f9e38 
Features included (+) or not (-): +Charts +GPU +GUI +Python
This program is licensed under the BSD-3 license. See the LICENSE file for details.
Components of this program may be licensed under more restrictive licenses which must be honored.
define_corners Typical
read_liberty -corner Typical /home/djspit/.volare/sky130A/libs.ref/sky130_fd_sc_hd/lib/sky130_fd_sc_hd__tt_025C_1v80.lib
Using 1e-12 for capacitance...
Using 1e+03 for resistance...
Using 1e-09 for time...
Using 1e+00 for voltage...
Using 1e-03 for current...
Using 1e-09 for power...
Using 1e-06 for distance...
[INFO]: Reading ODB at '/openlane/designs/pmu_fsm/runs/run_1_10_13_2025/tmp/routing/21-global.odb'…
Reading design constraints file at '/openlane/designs/pmu_fsm/src/pmu_constraints.sdc'…
[INFO]: No (un)set_propagated_clock found in /openlane/designs/pmu_fsm/src/pmu_constraints.sdc
[INFO]: Propagating all clocks
min_report

===========================================================================
report_checks -path_delay min (Hold)
============================================================================
======================= Typical Corner ===================================

Startpoint: wake_up (input port clocked by clk)
Endpoint: _259_ (rising edge-triggered flip-flop clocked by clk)
Path Group: clk
Path Type: min

Fanout     Cap    Slew   Delay    Time   Description
-----------------------------------------------------------------------------
                          0.00    0.00   clock clk (rise edge)
                          0.50    0.50   clock network delay (propagated)
                          0.50    1.00 ^ input external delay
     1    0.00    0.02    0.01    1.01 ^ wake_up (in)
                                         wake_up (net)
                  0.02    0.00    1.01 ^ input7/A (sky130_fd_sc_hd__clkbuf_1)
     1    0.00    0.04    0.07    1.07 ^ input7/X (sky130_fd_sc_hd__clkbuf_1)
                                         net7 (net)
                  0.04    0.00    1.07 ^ _259_/D (sky130_fd_sc_hd__dfrtp_1)
                                  1.07   data arrival time

                          0.00    0.00   clock clk (rise edge)
                          0.50    0.50   clock source latency
     1    0.01    0.04    0.02    0.52 ^ clk (in)
                                         clk (net)
                  0.04    0.00    0.52 ^ clkbuf_0_clk/A (sky130_fd_sc_hd__clkbuf_16)
     2    0.02    0.04    0.12    0.64 ^ clkbuf_0_clk/X (sky130_fd_sc_hd__clkbuf_16)
                                         clknet_0_clk (net)
                  0.04    0.00    0.64 ^ clkbuf_1_0__f_clk/A (sky130_fd_sc_hd__clkbuf_16)
    16    0.03    0.05    0.13    0.77 ^ clkbuf_1_0__f_clk/X (sky130_fd_sc_hd__clkbuf_16)
                                         clknet_1_0__leaf_clk (net)
                  0.05    0.00    0.77 ^ _259_/CLK (sky130_fd_sc_hd__dfrtp_1)
                          0.10    0.87   clock uncertainty
                          0.00    0.87   clock reconvergence pessimism
                         -0.03    0.84   library hold time
                                  0.84   data required time
-----------------------------------------------------------------------------
                                  0.84   data required time
                                 -1.07   data arrival time
-----------------------------------------------------------------------------
                                  0.23   slack (MET)


Startpoint: req_off (input port clocked by clk)
Endpoint: _260_ (rising edge-triggered flip-flop clocked by clk)
Path Group: clk
Path Type: min

Fanout     Cap    Slew   Delay    Time   Description
-----------------------------------------------------------------------------
                          0.00    0.00   clock clk (rise edge)
                          0.50    0.50   clock network delay (propagated)
                          0.50    1.00 ^ input external delay
     1    0.00    0.02    0.01    1.01 ^ req_off (in)
                                         req_off (net)
                  0.02    0.00    1.01 ^ input4/A (sky130_fd_sc_hd__clkbuf_1)
     1    0.00    0.04    0.07    1.07 ^ input4/X (sky130_fd_sc_hd__clkbuf_1)
                                         net4 (net)
                  0.04    0.00    1.07 ^ _260_/D (sky130_fd_sc_hd__dfrtp_1)
                                  1.07   data arrival time

                          0.00    0.00   clock clk (rise edge)
                          0.50    0.50   clock source latency
     1    0.01    0.04    0.02    0.52 ^ clk (in)
                                         clk (net)
                  0.04    0.00    0.52 ^ clkbuf_0_clk/A (sky130_fd_sc_hd__clkbuf_16)
     2    0.02    0.04    0.12    0.64 ^ clkbuf_0_clk/X (sky130_fd_sc_hd__clkbuf_16)
                                         clknet_0_clk (net)
                  0.04    0.00    0.64 ^ clkbuf_1_0__f_clk/A (sky130_fd_sc_hd__clkbuf_16)
    16    0.03    0.05    0.13    0.77 ^ clkbuf_1_0__f_clk/X (sky130_fd_sc_hd__clkbuf_16)
                                         clknet_1_0__leaf_clk (net)
                  0.05    0.00    0.77 ^ _260_/CLK (sky130_fd_sc_hd__dfrtp_1)
                          0.10    0.87   clock uncertainty
                          0.00    0.87   clock reconvergence pessimism
                         -0.03    0.84   library hold time
                                  0.84   data required time
-----------------------------------------------------------------------------
                                  0.84   data required time
                                 -1.07   data arrival time
-----------------------------------------------------------------------------
                                  0.23   slack (MET)


Startpoint: req_sleep (input port clocked by clk)
Endpoint: _261_ (rising edge-triggered flip-flop clocked by clk)
Path Group: clk
Path Type: min

Fanout     Cap    Slew   Delay    Time   Description
-----------------------------------------------------------------------------
                          0.00    0.00   clock clk (rise edge)
                          0.50    0.50   clock network delay (propagated)
                          0.50    1.00 ^ input external delay
     1    0.00    0.02    0.01    1.01 ^ req_sleep (in)
                                         req_sleep (net)
                  0.02    0.00    1.01 ^ input5/A (sky130_fd_sc_hd__clkbuf_1)
     1    0.00    0.04    0.07    1.07 ^ input5/X (sky130_fd_sc_hd__clkbuf_1)
                                         net5 (net)
                  0.04    0.00    1.07 ^ _261_/D (sky130_fd_sc_hd__dfrtp_1)
                                  1.07   data arrival time

                          0.00    0.00   clock clk (rise edge)
                          0.50    0.50   clock source latency
     1    0.01    0.04    0.02    0.52 ^ clk (in)
                                         clk (net)
                  0.04    0.00    0.52 ^ clkbuf_0_clk/A (sky130_fd_sc_hd__clkbuf_16)
     2    0.02    0.04    0.12    0.64 ^ clkbuf_0_clk/X (sky130_fd_sc_hd__clkbuf_16)
                                         clknet_0_clk (net)
                  0.04    0.00    0.64 ^ clkbuf_1_0__f_clk/A (sky130_fd_sc_hd__clkbuf_16)
    16    0.03    0.05    0.13    0.77 ^ clkbuf_1_0__f_clk/X (sky130_fd_sc_hd__clkbuf_16)
                                         clknet_1_0__leaf_clk (net)
                  0.05    0.00    0.77 ^ _261_/CLK (sky130_fd_sc_hd__dfrtp_1)
                          0.10    0.87   clock uncertainty
                          0.00    0.87   clock reconvergence pessimism
                         -0.03    0.84   library hold time
                                  0.84   data required time
-----------------------------------------------------------------------------
                                  0.84   data required time
                                 -1.07   data arrival time
-----------------------------------------------------------------------------
                                  0.23   slack (MET)


Startpoint: req_idle (input port clocked by clk)
Endpoint: _262_ (rising edge-triggered flip-flop clocked by clk)
Path Group: clk
Path Type: min

Fanout     Cap    Slew   Delay    Time   Description
-----------------------------------------------------------------------------
                          0.00    0.00   clock clk (rise edge)
                          0.50    0.50   clock network delay (propagated)
                          0.50    1.00 ^ input external delay
     1    0.00    0.02    0.01    1.01 ^ req_idle (in)
                                         req_idle (net)
                  0.02    0.00    1.01 ^ input3/A (sky130_fd_sc_hd__clkbuf_1)
     1    0.00    0.04    0.07    1.07 ^ input3/X (sky130_fd_sc_hd__clkbuf_1)
                                         net3 (net)
                  0.04    0.00    1.07 ^ _262_/D (sky130_fd_sc_hd__dfrtp_1)
                                  1.07   data arrival time

                          0.00    0.00   clock clk (rise edge)
                          0.50    0.50   clock source latency
     1    0.01    0.04    0.02    0.52 ^ clk (in)
                                         clk (net)
                  0.04    0.00    0.52 ^ clkbuf_0_clk/A (sky130_fd_sc_hd__clkbuf_16)
     2    0.02    0.04    0.12    0.64 ^ clkbuf_0_clk/X (sky130_fd_sc_hd__clkbuf_16)
                                         clknet_0_clk (net)
                  0.04    0.00    0.64 ^ clkbuf_1_0__f_clk/A (sky130_fd_sc_hd__clkbuf_16)
    16    0.03    0.05    0.13    0.77 ^ clkbuf_1_0__f_clk/X (sky130_fd_sc_hd__clkbuf_16)
                                         clknet_1_0__leaf_clk (net)
                  0.05    0.00    0.77 ^ _262_/CLK (sky130_fd_sc_hd__dfrtp_1)
                          0.10    0.87   clock uncertainty
                          0.00    0.87   clock reconvergence pessimism
                         -0.03    0.84   library hold time
                                  0.84   data required time
-----------------------------------------------------------------------------
                                  0.84   data required time
                                 -1.07   data arrival time
-----------------------------------------------------------------------------
                                  0.23   slack (MET)


Startpoint: _259_ (rising edge-triggered flip-flop clocked by clk)
Endpoint: _263_ (rising edge-triggered flip-flop clocked by clk)
Path Group: clk
Path Type: min

Fanout     Cap    Slew   Delay    Time   Description
-----------------------------------------------------------------------------
                          0.00    0.00   clock clk (rise edge)
                          0.50    0.50   clock source latency
     1    0.01    0.04    0.02    0.52 ^ clk (in)
                                         clk (net)
                  0.04    0.00    0.52 ^ clkbuf_0_clk/A (sky130_fd_sc_hd__clkbuf_16)
     2    0.02    0.04    0.12    0.64 ^ clkbuf_0_clk/X (sky130_fd_sc_hd__clkbuf_16)
                                         clknet_0_clk (net)
                  0.04    0.00    0.64 ^ clkbuf_1_0__f_clk/A (sky130_fd_sc_hd__clkbuf_16)
    16    0.03    0.05    0.13    0.77 ^ clkbuf_1_0__f_clk/X (sky130_fd_sc_hd__clkbuf_16)
                                         clknet_1_0__leaf_clk (net)
                  0.05    0.00    0.77 ^ _259_/CLK (sky130_fd_sc_hd__dfrtp_1)
     1    0.00    0.04    0.31    1.08 ^ _259_/Q (sky130_fd_sc_hd__dfrtp_1)
                                         sync_stage1[0] (net)
                  0.04    0.00    1.08 ^ _263_/D (sky130_fd_sc_hd__dfrtp_1)
                                  1.08   data arrival time

                          0.00    0.00   clock clk (rise edge)
                          0.50    0.50   clock source latency
     1    0.01    0.04    0.02    0.52 ^ clk (in)
                                         clk (net)
                  0.04    0.00    0.52 ^ clkbuf_0_clk/A (sky130_fd_sc_hd__clkbuf_16)
     2    0.02    0.04    0.12    0.64 ^ clkbuf_0_clk/X (sky130_fd_sc_hd__clkbuf_16)
                                         clknet_0_clk (net)
                  0.04    0.00    0.64 ^ clkbuf_1_0__f_clk/A (sky130_fd_sc_hd__clkbuf_16)
    16    0.03    0.05    0.13    0.77 ^ clkbuf_1_0__f_clk/X (sky130_fd_sc_hd__clkbuf_16)
                                         clknet_1_0__leaf_clk (net)
                  0.05    0.00    0.77 ^ _263_/CLK (sky130_fd_sc_hd__dfrtp_1)
                          0.10    0.87   clock uncertainty
                          0.00    0.87   clock reconvergence pessimism
                         -0.03    0.84   library hold time
                                  0.84   data required time
-----------------------------------------------------------------------------
                                  0.84   data required time
                                 -1.08   data arrival time
-----------------------------------------------------------------------------
                                  0.24   slack (MET)


Startpoint: _260_ (rising edge-triggered flip-flop clocked by clk)
Endpoint: _264_ (rising edge-triggered flip-flop clocked by clk)
Path Group: clk
Path Type: min

Fanout     Cap    Slew   Delay    Time   Description
-----------------------------------------------------------------------------
                          0.00    0.00   clock clk (rise edge)
                          0.50    0.50   clock source latency
     1    0.01    0.04    0.02    0.52 ^ clk (in)
                                         clk (net)
                  0.04    0.00    0.52 ^ clkbuf_0_clk/A (sky130_fd_sc_hd__clkbuf_16)
     2    0.02    0.04    0.12    0.64 ^ clkbuf_0_clk/X (sky130_fd_sc_hd__clkbuf_16)
                                         clknet_0_clk (net)
                  0.04    0.00    0.64 ^ clkbuf_1_0__f_clk/A (sky130_fd_sc_hd__clkbuf_16)
    16    0.03    0.05    0.13    0.77 ^ clkbuf_1_0__f_clk/X (sky130_fd_sc_hd__clkbuf_16)
                                         clknet_1_0__leaf_clk (net)
                  0.05    0.00    0.77 ^ _260_/CLK (sky130_fd_sc_hd__dfrtp_1)
     1    0.00    0.04    0.31    1.08 ^ _260_/Q (sky130_fd_sc_hd__dfrtp_1)
                                         sync_stage1[1] (net)
                  0.04    0.00    1.08 ^ _264_/D (sky130_fd_sc_hd__dfrtp_1)
                                  1.08   data arrival time

                          0.00    0.00   clock clk (rise edge)
                          0.50    0.50   clock source latency
     1    0.01    0.04    0.02    0.52 ^ clk (in)
                                         clk (net)
                  0.04    0.00    0.52 ^ clkbuf_0_clk/A (sky130_fd_sc_hd__clkbuf_16)
     2    0.02    0.04    0.12    0.64 ^ clkbuf_0_clk/X (sky130_fd_sc_hd__clkbuf_16)
                                         clknet_0_clk (net)
                  0.04    0.00    0.64 ^ clkbuf_1_0__f_clk/A (sky130_fd_sc_hd__clkbuf_16)
    16    0.03    0.05    0.13    0.77 ^ clkbuf_1_0__f_clk/X (sky130_fd_sc_hd__clkbuf_16)
                                         clknet_1_0__leaf_clk (net)
                  0.05    0.00    0.77 ^ _264_/CLK (sky130_fd_sc_hd__dfrtp_1)
                          0.10    0.87   clock uncertainty
                          0.00    0.87   clock reconvergence pessimism
                         -0.03    0.84   library hold time
                                  0.84   data required time
-----------------------------------------------------------------------------
                                  0.84   data required time
                                 -1.08   data arrival time
-----------------------------------------------------------------------------
                                  0.24   slack (MET)


Startpoint: _261_ (rising edge-triggered flip-flop clocked by clk)
Endpoint: _265_ (rising edge-triggered flip-flop clocked by clk)
Path Group: clk
Path Type: min

Fanout     Cap    Slew   Delay    Time   Description
-----------------------------------------------------------------------------
                          0.00    0.00   clock clk (rise edge)
                          0.50    0.50   clock source latency
     1    0.01    0.04    0.02    0.52 ^ clk (in)
                                         clk (net)
                  0.04    0.00    0.52 ^ clkbuf_0_clk/A (sky130_fd_sc_hd__clkbuf_16)
     2    0.02    0.04    0.12    0.64 ^ clkbuf_0_clk/X (sky130_fd_sc_hd__clkbuf_16)
                                         clknet_0_clk (net)
                  0.04    0.00    0.64 ^ clkbuf_1_0__f_clk/A (sky130_fd_sc_hd__clkbuf_16)
    16    0.03    0.05    0.13    0.77 ^ clkbuf_1_0__f_clk/X (sky130_fd_sc_hd__clkbuf_16)
                                         clknet_1_0__leaf_clk (net)
                  0.05    0.00    0.77 ^ _261_/CLK (sky130_fd_sc_hd__dfrtp_1)
     1    0.00    0.04    0.31    1.08 ^ _261_/Q (sky130_fd_sc_hd__dfrtp_1)
                                         sync_stage1[2] (net)
                  0.04    0.00    1.08 ^ _265_/D (sky130_fd_sc_hd__dfrtp_1)
                                  1.08   data arrival time

                          0.00    0.00   clock clk (rise edge)
                          0.50    0.50   clock source latency
     1    0.01    0.04    0.02    0.52 ^ clk (in)
                                         clk (net)
                  0.04    0.00    0.52 ^ clkbuf_0_clk/A (sky130_fd_sc_hd__clkbuf_16)
     2    0.02    0.04    0.12    0.64 ^ clkbuf_0_clk/X (sky130_fd_sc_hd__clkbuf_16)
                                         clknet_0_clk (net)
                  0.04    0.00    0.64 ^ clkbuf_1_0__f_clk/A (sky130_fd_sc_hd__clkbuf_16)
    16    0.03    0.05    0.13    0.77 ^ clkbuf_1_0__f_clk/X (sky130_fd_sc_hd__clkbuf_16)
                                         clknet_1_0__leaf_clk (net)
                  0.05    0.00    0.77 ^ _265_/CLK (sky130_fd_sc_hd__dfrtp_1)
                          0.10    0.87   clock uncertainty
                          0.00    0.87   clock reconvergence pessimism
                         -0.03    0.84   library hold time
                                  0.84   data required time
-----------------------------------------------------------------------------
                                  0.84   data required time
                                 -1.08   data arrival time
-----------------------------------------------------------------------------
                                  0.24   slack (MET)


Startpoint: _262_ (rising edge-triggered flip-flop clocked by clk)
Endpoint: _266_ (rising edge-triggered flip-flop clocked by clk)
Path Group: clk
Path Type: min

Fanout     Cap    Slew   Delay    Time   Description
-----------------------------------------------------------------------------
                          0.00    0.00   clock clk (rise edge)
                          0.50    0.50   clock source latency
     1    0.01    0.04    0.02    0.52 ^ clk (in)
                                         clk (net)
                  0.04    0.00    0.52 ^ clkbuf_0_clk/A (sky130_fd_sc_hd__clkbuf_16)
     2    0.02    0.04    0.12    0.64 ^ clkbuf_0_clk/X (sky130_fd_sc_hd__clkbuf_16)
                                         clknet_0_clk (net)
                  0.04    0.00    0.64 ^ clkbuf_1_0__f_clk/A (sky130_fd_sc_hd__clkbuf_16)
    16    0.03    0.05    0.13    0.77 ^ clkbuf_1_0__f_clk/X (sky130_fd_sc_hd__clkbuf_16)
                                         clknet_1_0__leaf_clk (net)
                  0.05    0.00    0.77 ^ _262_/CLK (sky130_fd_sc_hd__dfrtp_1)
     1    0.00    0.04    0.31    1.08 ^ _262_/Q (sky130_fd_sc_hd__dfrtp_1)
                                         sync_stage1[3] (net)
                  0.04    0.00    1.08 ^ _266_/D (sky130_fd_sc_hd__dfrtp_1)
                                  1.08   data arrival time

                          0.00    0.00   clock clk (rise edge)
                          0.50    0.50   clock source latency
     1    0.01    0.04    0.02    0.52 ^ clk (in)
                                         clk (net)
                  0.04    0.00    0.52 ^ clkbuf_0_clk/A (sky130_fd_sc_hd__clkbuf_16)
     2    0.02    0.04    0.12    0.64 ^ clkbuf_0_clk/X (sky130_fd_sc_hd__clkbuf_16)
                                         clknet_0_clk (net)
                  0.04    0.00    0.64 ^ clkbuf_1_0__f_clk/A (sky130_fd_sc_hd__clkbuf_16)
    16    0.03    0.05    0.13    0.77 ^ clkbuf_1_0__f_clk/X (sky130_fd_sc_hd__clkbuf_16)
                                         clknet_1_0__leaf_clk (net)
                  0.05    0.00    0.77 ^ _266_/CLK (sky130_fd_sc_hd__dfrtp_1)
                          0.10    0.87   clock uncertainty
                          0.00    0.87   clock reconvergence pessimism
                         -0.03    0.84   library hold time
                                  0.84   data required time
-----------------------------------------------------------------------------
                                  0.84   data required time
                                 -1.08   data arrival time
-----------------------------------------------------------------------------
                                  0.24   slack (MET)


Startpoint: _257_ (rising edge-triggered flip-flop clocked by clk)
Endpoint: _249_ (rising edge-triggered flip-flop clocked by clk)
Path Group: clk
Path Type: min

Fanout     Cap    Slew   Delay    Time   Description
-----------------------------------------------------------------------------
                          0.00    0.00   clock clk (rise edge)
                          0.50    0.50   clock source latency
     1    0.01    0.04    0.02    0.52 ^ clk (in)
                                         clk (net)
                  0.04    0.00    0.52 ^ clkbuf_0_clk/A (sky130_fd_sc_hd__clkbuf_16)
     2    0.02    0.04    0.12    0.64 ^ clkbuf_0_clk/X (sky130_fd_sc_hd__clkbuf_16)
                                         clknet_0_clk (net)
                  0.04    0.00    0.64 ^ clkbuf_1_0__f_clk/A (sky130_fd_sc_hd__clkbuf_16)
    16    0.03    0.05    0.13    0.77 ^ clkbuf_1_0__f_clk/X (sky130_fd_sc_hd__clkbuf_16)
                                         clknet_1_0__leaf_clk (net)
                  0.05    0.00    0.77 ^ _257_/CLK (sky130_fd_sc_hd__dfrtp_1)
     3    0.01    0.07    0.39    1.16 v _257_/Q (sky130_fd_sc_hd__dfrtp_1)
                                         curr_state[1] (net)
                  0.07    0.00    1.16 v _169_/A (sky130_fd_sc_hd__inv_2)
     2    0.00    0.03    0.05    1.21 ^ _169_/Y (sky130_fd_sc_hd__inv_2)
                                         _106_ (net)
                  0.03    0.00    1.21 ^ _183_/B (sky130_fd_sc_hd__nor2_1)
     2    0.00    0.03    0.04    1.25 v _183_/Y (sky130_fd_sc_hd__nor2_1)
                                         _002_ (net)
                  0.03    0.00    1.25 v _249_/D (sky130_fd_sc_hd__dfrtp_1)
                                  1.25   data arrival time

                          0.00    0.00   clock clk (rise edge)
                          0.50    0.50   clock source latency
     1    0.01    0.04    0.02    0.52 ^ clk (in)
                                         clk (net)
                  0.04    0.00    0.52 ^ clkbuf_0_clk/A (sky130_fd_sc_hd__clkbuf_16)
     2    0.02    0.04    0.12    0.64 ^ clkbuf_0_clk/X (sky130_fd_sc_hd__clkbuf_16)
                                         clknet_0_clk (net)
                  0.04    0.00    0.64 ^ clkbuf_1_0__f_clk/A (sky130_fd_sc_hd__clkbuf_16)
    16    0.03    0.05    0.13    0.77 ^ clkbuf_1_0__f_clk/X (sky130_fd_sc_hd__clkbuf_16)
                                         clknet_1_0__leaf_clk (net)
                  0.05    0.00    0.77 ^ _249_/CLK (sky130_fd_sc_hd__dfrtp_1)
                          0.10    0.87   clock uncertainty
                          0.00    0.87   clock reconvergence pessimism
                         -0.04    0.84   library hold time
                                  0.84   data required time
-----------------------------------------------------------------------------
                                  0.84   data required time
                                 -1.25   data arrival time
-----------------------------------------------------------------------------
                                  0.41   slack (MET)


Startpoint: _247_ (rising edge-triggered flip-flop clocked by clk)
Endpoint: _247_ (rising edge-triggered flip-flop clocked by clk)
Path Group: clk
Path Type: min

Fanout     Cap    Slew   Delay    Time   Description
-----------------------------------------------------------------------------
                          0.00    0.00   clock clk (rise edge)
                          0.50    0.50   clock source latency
     1    0.01    0.04    0.02    0.52 ^ clk (in)
                                         clk (net)
                  0.04    0.00    0.52 ^ clkbuf_0_clk/A (sky130_fd_sc_hd__clkbuf_16)
     2    0.02    0.04    0.12    0.64 ^ clkbuf_0_clk/X (sky130_fd_sc_hd__clkbuf_16)
                                         clknet_0_clk (net)
                  0.04    0.00    0.64 ^ clkbuf_1_1__f_clk/A (sky130_fd_sc_hd__clkbuf_16)
    13    0.03    0.05    0.13    0.77 ^ clkbuf_1_1__f_clk/X (sky130_fd_sc_hd__clkbuf_16)
                                         clknet_1_1__leaf_clk (net)
                  0.05    0.00    0.77 ^ _247_/CLK (sky130_fd_sc_hd__dfrtp_1)
     2    0.01    0.08    0.35    1.12 ^ _247_/Q (sky130_fd_sc_hd__dfrtp_1)
                                         seq_timer[7] (net)
                  0.08    0.00    1.12 ^ _237_/A (sky130_fd_sc_hd__xor2_1)
     1    0.00    0.03    0.07    1.18 v _237_/X (sky130_fd_sc_hd__xor2_1)
                                         _056_ (net)
                  0.03    0.00    1.18 v _238_/A (sky130_fd_sc_hd__nor2_1)
     1    0.00    0.07    0.08    1.27 ^ _238_/Y (sky130_fd_sc_hd__nor2_1)
                                         _011_ (net)
                  0.07    0.00    1.27 ^ _247_/D (sky130_fd_sc_hd__dfrtp_1)
                                  1.27   data arrival time

                          0.00    0.00   clock clk (rise edge)
                          0.50    0.50   clock source latency
     1    0.01    0.04    0.02    0.52 ^ clk (in)
                                         clk (net)
                  0.04    0.00    0.52 ^ clkbuf_0_clk/A (sky130_fd_sc_hd__clkbuf_16)
     2    0.02    0.04    0.12    0.64 ^ clkbuf_0_clk/X (sky130_fd_sc_hd__clkbuf_16)
                                         clknet_0_clk (net)
                  0.04    0.00    0.64 ^ clkbuf_1_1__f_clk/A (sky130_fd_sc_hd__clkbuf_16)
    13    0.03    0.05    0.13    0.77 ^ clkbuf_1_1__f_clk/X (sky130_fd_sc_hd__clkbuf_16)
                                         clknet_1_1__leaf_clk (net)
                  0.05    0.00    0.77 ^ _247_/CLK (sky130_fd_sc_hd__dfrtp_1)
                          0.10    0.87   clock uncertainty
                          0.00    0.87   clock reconvergence pessimism
                         -0.04    0.83   library hold time
                                  0.83   data required time
-----------------------------------------------------------------------------
                                  0.83   data required time
                                 -1.27   data arrival time
-----------------------------------------------------------------------------
                                  0.43   slack (MET)


Startpoint: _246_ (rising edge-triggered flip-flop clocked by clk)
Endpoint: _246_ (rising edge-triggered flip-flop clocked by clk)
Path Group: clk
Path Type: min

Fanout     Cap    Slew   Delay    Time   Description
-----------------------------------------------------------------------------
                          0.00    0.00   clock clk (rise edge)
                          0.50    0.50   clock source latency
     1    0.01    0.04    0.02    0.52 ^ clk (in)
                                         clk (net)
                  0.04    0.00    0.52 ^ clkbuf_0_clk/A (sky130_fd_sc_hd__clkbuf_16)
     2    0.02    0.04    0.12    0.64 ^ clkbuf_0_clk/X (sky130_fd_sc_hd__clkbuf_16)
                                         clknet_0_clk (net)
                  0.04    0.00    0.64 ^ clkbuf_1_1__f_clk/A (sky130_fd_sc_hd__clkbuf_16)
    13    0.03    0.05    0.13    0.77 ^ clkbuf_1_1__f_clk/X (sky130_fd_sc_hd__clkbuf_16)
                                         clknet_1_1__leaf_clk (net)
                  0.05    0.00    0.77 ^ _246_/CLK (sky130_fd_sc_hd__dfrtp_1)
     3    0.01    0.08    0.34    1.11 ^ _246_/Q (sky130_fd_sc_hd__dfrtp_1)
                                         seq_timer[6] (net)
                  0.08    0.00    1.11 ^ _234_/B (sky130_fd_sc_hd__nand2_1)
     2    0.01    0.06    0.08    1.19 v _234_/Y (sky130_fd_sc_hd__nand2_1)
                                         _054_ (net)
                  0.06    0.00    1.19 v _235_/B (sky130_fd_sc_hd__nand2_1)
     1    0.00    0.04    0.06    1.25 ^ _235_/Y (sky130_fd_sc_hd__nand2_1)
                                         _055_ (net)
                  0.04    0.00    1.25 ^ _236_/A (sky130_fd_sc_hd__nor2_1)
     1    0.00    0.02    0.03    1.29 v _236_/Y (sky130_fd_sc_hd__nor2_1)
                                         _010_ (net)
                  0.02    0.00    1.29 v _246_/D (sky130_fd_sc_hd__dfrtp_1)
                                  1.29   data arrival time

                          0.00    0.00   clock clk (rise edge)
                          0.50    0.50   clock source latency
     1    0.01    0.04    0.02    0.52 ^ clk (in)
                                         clk (net)
                  0.04    0.00    0.52 ^ clkbuf_0_clk/A (sky130_fd_sc_hd__clkbuf_16)
     2    0.02    0.04    0.12    0.64 ^ clkbuf_0_clk/X (sky130_fd_sc_hd__clkbuf_16)
                                         clknet_0_clk (net)
                  0.04    0.00    0.64 ^ clkbuf_1_1__f_clk/A (sky130_fd_sc_hd__clkbuf_16)
    13    0.03    0.05    0.13    0.77 ^ clkbuf_1_1__f_clk/X (sky130_fd_sc_hd__clkbuf_16)
                                         clknet_1_1__leaf_clk (net)
                  0.05    0.00    0.77 ^ _246_/CLK (sky130_fd_sc_hd__dfrtp_1)
                          0.10    0.87   clock uncertainty
                          0.00    0.87   clock reconvergence pessimism
                         -0.03    0.84   library hold time
                                  0.84   data required time
-----------------------------------------------------------------------------
                                  0.84   data required time
                                 -1.29   data arrival time
-----------------------------------------------------------------------------
                                  0.45   slack (MET)


Startpoint: _240_ (rising edge-triggered flip-flop clocked by clk)
Endpoint: _251_ (rising edge-triggered flip-flop clocked by clk)
Path Group: clk
Path Type: min

Fanout     Cap    Slew   Delay    Time   Description
-----------------------------------------------------------------------------
                          0.00    0.00   clock clk (rise edge)
                          0.50    0.50   clock source latency
     1    0.01    0.04    0.02    0.52 ^ clk (in)
                                         clk (net)
                  0.04    0.00    0.52 ^ clkbuf_0_clk/A (sky130_fd_sc_hd__clkbuf_16)
     2    0.02    0.04    0.12    0.64 ^ clkbuf_0_clk/X (sky130_fd_sc_hd__clkbuf_16)
                                         clknet_0_clk (net)
                  0.04    0.00    0.64 ^ clkbuf_1_1__f_clk/A (sky130_fd_sc_hd__clkbuf_16)
    13    0.03    0.05    0.13    0.77 ^ clkbuf_1_1__f_clk/X (sky130_fd_sc_hd__clkbuf_16)
                                         clknet_1_1__leaf_clk (net)
                  0.05    0.00    0.77 ^ _240_/CLK (sky130_fd_sc_hd__dfrtp_1)
     5    0.01    0.13    0.39    1.16 ^ _240_/Q (sky130_fd_sc_hd__dfrtp_1)
                                         seq_timer[0] (net)
                  0.13    0.00    1.16 ^ _198_/A2 (sky130_fd_sc_hd__o211a_1)
     1    0.00    0.04    0.14    1.30 ^ _198_/X (sky130_fd_sc_hd__o211a_1)
                                         _003_ (net)
                  0.04    0.00    1.30 ^ _251_/D (sky130_fd_sc_hd__dfrtp_1)
                                  1.30   data arrival time

                          0.00    0.00   clock clk (rise edge)
                          0.50    0.50   clock source latency
     1    0.01    0.04    0.02    0.52 ^ clk (in)
                                         clk (net)
                  0.04    0.00    0.52 ^ clkbuf_0_clk/A (sky130_fd_sc_hd__clkbuf_16)
     2    0.02    0.04    0.12    0.64 ^ clkbuf_0_clk/X (sky130_fd_sc_hd__clkbuf_16)
                                         clknet_0_clk (net)
                  0.04    0.00    0.64 ^ clkbuf_1_0__f_clk/A (sky130_fd_sc_hd__clkbuf_16)
    16    0.03    0.05    0.13    0.77 ^ clkbuf_1_0__f_clk/X (sky130_fd_sc_hd__clkbuf_16)
                                         clknet_1_0__leaf_clk (net)
                  0.05    0.00    0.77 ^ _251_/CLK (sky130_fd_sc_hd__dfrtp_1)
                          0.10    0.87   clock uncertainty
                          0.00    0.87   clock reconvergence pessimism
                         -0.03    0.84   library hold time
                                  0.84   data required time
-----------------------------------------------------------------------------
                                  0.84   data required time
                                 -1.30   data arrival time
-----------------------------------------------------------------------------
                                  0.46   slack (MET)


Startpoint: _258_ (rising edge-triggered flip-flop clocked by clk)
Endpoint: _254_ (rising edge-triggered flip-flop clocked by clk)
Path Group: clk
Path Type: min

Fanout     Cap    Slew   Delay    Time   Description
-----------------------------------------------------------------------------
                          0.00    0.00   clock clk (rise edge)
                          0.50    0.50   clock source latency
     1    0.01    0.04    0.02    0.52 ^ clk (in)
                                         clk (net)
                  0.04    0.00    0.52 ^ clkbuf_0_clk/A (sky130_fd_sc_hd__clkbuf_16)
     2    0.02    0.04    0.12    0.64 ^ clkbuf_0_clk/X (sky130_fd_sc_hd__clkbuf_16)
                                         clknet_0_clk (net)
                  0.04    0.00    0.64 ^ clkbuf_1_0__f_clk/A (sky130_fd_sc_hd__clkbuf_16)
    16    0.03    0.05    0.13    0.77 ^ clkbuf_1_0__f_clk/X (sky130_fd_sc_hd__clkbuf_16)
                                         clknet_1_0__leaf_clk (net)
                  0.05    0.00    0.77 ^ _258_/CLK (sky130_fd_sc_hd__dfrtp_4)
     8    0.03    0.12    0.46    1.23 ^ _258_/Q (sky130_fd_sc_hd__dfrtp_4)
                                         curr_state[2] (net)
                  0.12    0.00    1.23 ^ _191_/A1 (sky130_fd_sc_hd__a21oi_1)
     1    0.00    0.03    0.07    1.31 v _191_/Y (sky130_fd_sc_hd__a21oi_1)
                                         _112_ (net)
                  0.03    0.00    1.31 v _254_/D (sky130_fd_sc_hd__dfrtp_1)
                                  1.31   data arrival time

                          0.00    0.00   clock clk (rise edge)
                          0.50    0.50   clock source latency
     1    0.01    0.04    0.02    0.52 ^ clk (in)
                                         clk (net)
                  0.04    0.00    0.52 ^ clkbuf_0_clk/A (sky130_fd_sc_hd__clkbuf_16)
     2    0.02    0.04    0.12    0.64 ^ clkbuf_0_clk/X (sky130_fd_sc_hd__clkbuf_16)
                                         clknet_0_clk (net)
                  0.04    0.00    0.64 ^ clkbuf_1_1__f_clk/A (sky130_fd_sc_hd__clkbuf_16)
    13    0.03    0.05    0.13    0.77 ^ clkbuf_1_1__f_clk/X (sky130_fd_sc_hd__clkbuf_16)
                                         clknet_1_1__leaf_clk (net)
                  0.05    0.00    0.77 ^ _254_/CLK (sky130_fd_sc_hd__dfrtp_1)
                          0.10    0.87   clock uncertainty
                          0.00    0.87   clock reconvergence pessimism
                         -0.04    0.84   library hold time
                                  0.84   data required time
-----------------------------------------------------------------------------
                                  0.84   data required time
                                 -1.31   data arrival time
-----------------------------------------------------------------------------
                                  0.47   slack (MET)


Startpoint: _256_ (rising edge-triggered flip-flop clocked by clk)
Endpoint: _239_ (rising edge-triggered flip-flop clocked by clk)
Path Group: clk
Path Type: min

Fanout     Cap    Slew   Delay    Time   Description
-----------------------------------------------------------------------------
                          0.00    0.00   clock clk (rise edge)
                          0.50    0.50   clock source latency
     1    0.01    0.04    0.02    0.52 ^ clk (in)
                                         clk (net)
                  0.04    0.00    0.52 ^ clkbuf_0_clk/A (sky130_fd_sc_hd__clkbuf_16)
     2    0.02    0.04    0.12    0.64 ^ clkbuf_0_clk/X (sky130_fd_sc_hd__clkbuf_16)
                                         clknet_0_clk (net)
                  0.04    0.00    0.64 ^ clkbuf_1_0__f_clk/A (sky130_fd_sc_hd__clkbuf_16)
    16    0.03    0.05    0.13    0.77 ^ clkbuf_1_0__f_clk/X (sky130_fd_sc_hd__clkbuf_16)
                                         clknet_1_0__leaf_clk (net)
                  0.05    0.00    0.77 ^ _256_/CLK (sky130_fd_sc_hd__dfrtp_4)
     8    0.02    0.10    0.44    1.21 ^ _256_/Q (sky130_fd_sc_hd__dfrtp_4)
                                         curr_state[0] (net)
                  0.10    0.00    1.21 ^ _189_/A (sky130_fd_sc_hd__nor2_1)
     2    0.01    0.04    0.07    1.28 v _189_/Y (sky130_fd_sc_hd__nor2_1)
                                         _022_ (net)
                  0.04    0.00    1.28 v _190_/A (sky130_fd_sc_hd__inv_2)
     1    0.00    0.02    0.04    1.32 ^ _190_/Y (sky130_fd_sc_hd__inv_2)
                                         _001_ (net)
                  0.02    0.00    1.32 ^ _239_/D (sky130_fd_sc_hd__dfstp_1)
                                  1.32   data arrival time

                          0.00    0.00   clock clk (rise edge)
                          0.50    0.50   clock source latency
     1    0.01    0.04    0.02    0.52 ^ clk (in)
                                         clk (net)
                  0.04    0.00    0.52 ^ clkbuf_0_clk/A (sky130_fd_sc_hd__clkbuf_16)
     2    0.02    0.04    0.12    0.64 ^ clkbuf_0_clk/X (sky130_fd_sc_hd__clkbuf_16)
                                         clknet_0_clk (net)
                  0.04    0.00    0.64 ^ clkbuf_1_1__f_clk/A (sky130_fd_sc_hd__clkbuf_16)
    13    0.03    0.05    0.13    0.77 ^ clkbuf_1_1__f_clk/X (sky130_fd_sc_hd__clkbuf_16)
                                         clknet_1_1__leaf_clk (net)
                  0.05    0.00    0.77 ^ _239_/CLK (sky130_fd_sc_hd__dfstp_1)
                          0.10    0.87   clock uncertainty
                          0.00    0.87   clock reconvergence pessimism
                         -0.03    0.84   library hold time
                                  0.84   data required time
-----------------------------------------------------------------------------
                                  0.84   data required time
                                 -1.32   data arrival time
-----------------------------------------------------------------------------
                                  0.48   slack (MET)


Startpoint: _244_ (rising edge-triggered flip-flop clocked by clk)
Endpoint: _244_ (rising edge-triggered flip-flop clocked by clk)
Path Group: clk
Path Type: min

Fanout     Cap    Slew   Delay    Time   Description
-----------------------------------------------------------------------------
                          0.00    0.00   clock clk (rise edge)
                          0.50    0.50   clock source latency
     1    0.01    0.04    0.02    0.52 ^ clk (in)
                                         clk (net)
                  0.04    0.00    0.52 ^ clkbuf_0_clk/A (sky130_fd_sc_hd__clkbuf_16)
     2    0.02    0.04    0.12    0.64 ^ clkbuf_0_clk/X (sky130_fd_sc_hd__clkbuf_16)
                                         clknet_0_clk (net)
                  0.04    0.00    0.64 ^ clkbuf_1_1__f_clk/A (sky130_fd_sc_hd__clkbuf_16)
    13    0.03    0.05    0.13    0.77 ^ clkbuf_1_1__f_clk/X (sky130_fd_sc_hd__clkbuf_16)
                                         clknet_1_1__leaf_clk (net)
                  0.05    0.00    0.77 ^ _244_/CLK (sky130_fd_sc_hd__dfrtp_1)
     3    0.01    0.08    0.34    1.11 ^ _244_/Q (sky130_fd_sc_hd__dfrtp_1)
                                         seq_timer[4] (net)
                  0.08    0.00    1.11 ^ _225_/B (sky130_fd_sc_hd__nand3_1)
     3    0.01    0.09    0.10    1.22 v _225_/Y (sky130_fd_sc_hd__nand3_1)
                                         _047_ (net)
                  0.09    0.00    1.22 v _226_/B (sky130_fd_sc_hd__nand2_1)
     1    0.00    0.04    0.08    1.29 ^ _226_/Y (sky130_fd_sc_hd__nand2_1)
                                         _048_ (net)
                  0.04    0.00    1.29 ^ _227_/A (sky130_fd_sc_hd__nor2_1)
     1    0.00    0.02    0.03    1.33 v _227_/Y (sky130_fd_sc_hd__nor2_1)
                                         _008_ (net)
                  0.02    0.00    1.33 v _244_/D (sky130_fd_sc_hd__dfrtp_1)
                                  1.33   data arrival time

                          0.00    0.00   clock clk (rise edge)
                          0.50    0.50   clock source latency
     1    0.01    0.04    0.02    0.52 ^ clk (in)
                                         clk (net)
                  0.04    0.00    0.52 ^ clkbuf_0_clk/A (sky130_fd_sc_hd__clkbuf_16)
     2    0.02    0.04    0.12    0.64 ^ clkbuf_0_clk/X (sky130_fd_sc_hd__clkbuf_16)
                                         clknet_0_clk (net)
                  0.04    0.00    0.64 ^ clkbuf_1_1__f_clk/A (sky130_fd_sc_hd__clkbuf_16)
    13    0.03    0.05    0.13    0.77 ^ clkbuf_1_1__f_clk/X (sky130_fd_sc_hd__clkbuf_16)
                                         clknet_1_1__leaf_clk (net)
                  0.05    0.00    0.77 ^ _244_/CLK (sky130_fd_sc_hd__dfrtp_1)
                          0.10    0.87   clock uncertainty
                          0.00    0.87   clock reconvergence pessimism
                         -0.03    0.84   library hold time
                                  0.84   data required time
-----------------------------------------------------------------------------
                                  0.84   data required time
                                 -1.33   data arrival time
-----------------------------------------------------------------------------
                                  0.49   slack (MET)


Startpoint: _256_ (rising edge-triggered flip-flop clocked by clk)
Endpoint: _248_ (rising edge-triggered flip-flop clocked by clk)
Path Group: clk
Path Type: min

Fanout     Cap    Slew   Delay    Time   Description
-----------------------------------------------------------------------------
                          0.00    0.00   clock clk (rise edge)
                          0.50    0.50   clock source latency
     1    0.01    0.04    0.02    0.52 ^ clk (in)
                                         clk (net)
                  0.04    0.00    0.52 ^ clkbuf_0_clk/A (sky130_fd_sc_hd__clkbuf_16)
     2    0.02    0.04    0.12    0.64 ^ clkbuf_0_clk/X (sky130_fd_sc_hd__clkbuf_16)
                                         clknet_0_clk (net)
                  0.04    0.00    0.64 ^ clkbuf_1_0__f_clk/A (sky130_fd_sc_hd__clkbuf_16)
    16    0.03    0.05    0.13    0.77 ^ clkbuf_1_0__f_clk/X (sky130_fd_sc_hd__clkbuf_16)
                                         clknet_1_0__leaf_clk (net)
                  0.05    0.00    0.77 ^ _256_/CLK (sky130_fd_sc_hd__dfrtp_4)
     8    0.02    0.10    0.44    1.21 ^ _256_/Q (sky130_fd_sc_hd__dfrtp_4)
                                         curr_state[0] (net)
                  0.10    0.00    1.21 ^ _188_/A1 (sky130_fd_sc_hd__o21a_1)
     1    0.00    0.03    0.12    1.34 ^ _188_/X (sky130_fd_sc_hd__o21a_1)
                                         _000_ (net)
                  0.03    0.00    1.34 ^ _248_/D (sky130_fd_sc_hd__dfrtp_1)
                                  1.34   data arrival time

                          0.00    0.00   clock clk (rise edge)
                          0.50    0.50   clock source latency
     1    0.01    0.04    0.02    0.52 ^ clk (in)
                                         clk (net)
                  0.04    0.00    0.52 ^ clkbuf_0_clk/A (sky130_fd_sc_hd__clkbuf_16)
     2    0.02    0.04    0.12    0.64 ^ clkbuf_0_clk/X (sky130_fd_sc_hd__clkbuf_16)
                                         clknet_0_clk (net)
                  0.04    0.00    0.64 ^ clkbuf_1_0__f_clk/A (sky130_fd_sc_hd__clkbuf_16)
    16    0.03    0.05    0.13    0.77 ^ clkbuf_1_0__f_clk/X (sky130_fd_sc_hd__clkbuf_16)
                                         clknet_1_0__leaf_clk (net)
                  0.05    0.00    0.77 ^ _248_/CLK (sky130_fd_sc_hd__dfrtp_1)
                          0.10    0.87   clock uncertainty
                          0.00    0.87   clock reconvergence pessimism
                         -0.03    0.84   library hold time
                                  0.84   data required time
-----------------------------------------------------------------------------
                                  0.84   data required time
                                 -1.34   data arrival time
-----------------------------------------------------------------------------
                                  0.50   slack (MET)


Startpoint: _243_ (rising edge-triggered flip-flop clocked by clk)
Endpoint: _243_ (rising edge-triggered flip-flop clocked by clk)
Path Group: clk
Path Type: min

Fanout     Cap    Slew   Delay    Time   Description
-----------------------------------------------------------------------------
                          0.00    0.00   clock clk (rise edge)
                          0.50    0.50   clock source latency
     1    0.01    0.04    0.02    0.52 ^ clk (in)
                                         clk (net)
                  0.04    0.00    0.52 ^ clkbuf_0_clk/A (sky130_fd_sc_hd__clkbuf_16)
     2    0.02    0.04    0.12    0.64 ^ clkbuf_0_clk/X (sky130_fd_sc_hd__clkbuf_16)
                                         clknet_0_clk (net)
                  0.04    0.00    0.64 ^ clkbuf_1_1__f_clk/A (sky130_fd_sc_hd__clkbuf_16)
    13    0.03    0.05    0.13    0.77 ^ clkbuf_1_1__f_clk/X (sky130_fd_sc_hd__clkbuf_16)
                                         clknet_1_1__leaf_clk (net)
                  0.05    0.00    0.77 ^ _243_/CLK (sky130_fd_sc_hd__dfrtp_1)
     3    0.01    0.07    0.39    1.16 v _243_/Q (sky130_fd_sc_hd__dfrtp_1)
                                         seq_timer[3] (net)
                  0.07    0.00    1.16 v _133_/A (sky130_fd_sc_hd__inv_2)
     2    0.00    0.04    0.06    1.22 ^ _133_/Y (sky130_fd_sc_hd__inv_2)
                                         _073_ (net)
                  0.04    0.00    1.22 ^ _220_/B (sky130_fd_sc_hd__nand2_1)
     1    0.00    0.03    0.04    1.26 v _220_/Y (sky130_fd_sc_hd__nand2_1)
                                         _043_ (net)
                  0.03    0.00    1.26 v _222_/A (sky130_fd_sc_hd__nand2_1)
     1    0.00    0.04    0.04    1.30 ^ _222_/Y (sky130_fd_sc_hd__nand2_1)
                                         _045_ (net)
                  0.04    0.00    1.30 ^ _223_/A (sky130_fd_sc_hd__nor2_1)
     1    0.00    0.02    0.03    1.34 v _223_/Y (sky130_fd_sc_hd__nor2_1)
                                         _007_ (net)
                  0.02    0.00    1.34 v _243_/D (sky130_fd_sc_hd__dfrtp_1)
                                  1.34   data arrival time

                          0.00    0.00   clock clk (rise edge)
                          0.50    0.50   clock source latency
     1    0.01    0.04    0.02    0.52 ^ clk (in)
                                         clk (net)
                  0.04    0.00    0.52 ^ clkbuf_0_clk/A (sky130_fd_sc_hd__clkbuf_16)
     2    0.02    0.04    0.12    0.64 ^ clkbuf_0_clk/X (sky130_fd_sc_hd__clkbuf_16)
                                         clknet_0_clk (net)
                  0.04    0.00    0.64 ^ clkbuf_1_1__f_clk/A (sky130_fd_sc_hd__clkbuf_16)
    13    0.03    0.05    0.13    0.77 ^ clkbuf_1_1__f_clk/X (sky130_fd_sc_hd__clkbuf_16)
                                         clknet_1_1__leaf_clk (net)
                  0.05    0.00    0.77 ^ _243_/CLK (sky130_fd_sc_hd__dfrtp_1)
                          0.10    0.87   clock uncertainty
                          0.00    0.87   clock reconvergence pessimism
                         -0.03    0.84   library hold time
                                  0.84   data required time
-----------------------------------------------------------------------------
                                  0.84   data required time
                                 -1.34   data arrival time
-----------------------------------------------------------------------------
                                  0.50   slack (MET)


Startpoint: _241_ (rising edge-triggered flip-flop clocked by clk)
Endpoint: _241_ (rising edge-triggered flip-flop clocked by clk)
Path Group: clk
Path Type: min

Fanout     Cap    Slew   Delay    Time   Description
-----------------------------------------------------------------------------
                          0.00    0.00   clock clk (rise edge)
                          0.50    0.50   clock source latency
     1    0.01    0.04    0.02    0.52 ^ clk (in)
                                         clk (net)
                  0.04    0.00    0.52 ^ clkbuf_0_clk/A (sky130_fd_sc_hd__clkbuf_16)
     2    0.02    0.04    0.12    0.64 ^ clkbuf_0_clk/X (sky130_fd_sc_hd__clkbuf_16)
                                         clknet_0_clk (net)
                  0.04    0.00    0.64 ^ clkbuf_1_1__f_clk/A (sky130_fd_sc_hd__clkbuf_16)
    13    0.03    0.05    0.13    0.77 ^ clkbuf_1_1__f_clk/X (sky130_fd_sc_hd__clkbuf_16)
                                         clknet_1_1__leaf_clk (net)
                  0.05    0.00    0.77 ^ _241_/CLK (sky130_fd_sc_hd__dfrtp_1)
     2    0.01    0.08    0.35    1.12 ^ _241_/Q (sky130_fd_sc_hd__dfrtp_1)
                                         seq_timer[1] (net)
                  0.08    0.00    1.12 ^ _130_/A (sky130_fd_sc_hd__inv_2)
     4    0.01    0.03    0.05    1.16 v _130_/Y (sky130_fd_sc_hd__inv_2)
                                         _070_ (net)
                  0.03    0.00    1.16 v _212_/B (sky130_fd_sc_hd__nand2_1)
     1    0.00    0.04    0.05    1.22 ^ _212_/Y (sky130_fd_sc_hd__nand2_1)
                                         _037_ (net)
                  0.04    0.00    1.22 ^ _213_/B (sky130_fd_sc_hd__nand2_1)
     1    0.00    0.03    0.04    1.26 v _213_/Y (sky130_fd_sc_hd__nand2_1)
                                         _038_ (net)
                  0.03    0.00    1.26 v _214_/A (sky130_fd_sc_hd__nor2_1)
     1    0.00    0.07    0.08    1.34 ^ _214_/Y (sky130_fd_sc_hd__nor2_1)
                                         _005_ (net)
                  0.07    0.00    1.34 ^ _241_/D (sky130_fd_sc_hd__dfrtp_1)
                                  1.34   data arrival time

                          0.00    0.00   clock clk (rise edge)
                          0.50    0.50   clock source latency
     1    0.01    0.04    0.02    0.52 ^ clk (in)
                                         clk (net)
                  0.04    0.00    0.52 ^ clkbuf_0_clk/A (sky130_fd_sc_hd__clkbuf_16)
     2    0.02    0.04    0.12    0.64 ^ clkbuf_0_clk/X (sky130_fd_sc_hd__clkbuf_16)
                                         clknet_0_clk (net)
                  0.04    0.00    0.64 ^ clkbuf_1_1__f_clk/A (sky130_fd_sc_hd__clkbuf_16)
    13    0.03    0.05    0.13    0.77 ^ clkbuf_1_1__f_clk/X (sky130_fd_sc_hd__clkbuf_16)
                                         clknet_1_1__leaf_clk (net)
                  0.05    0.00    0.77 ^ _241_/CLK (sky130_fd_sc_hd__dfrtp_1)
                          0.10    0.87   clock uncertainty
                          0.00    0.87   clock reconvergence pessimism
                         -0.04    0.83   library hold time
                                  0.83   data required time
-----------------------------------------------------------------------------
                                  0.83   data required time
                                 -1.34   data arrival time
-----------------------------------------------------------------------------
                                  0.50   slack (MET)


Startpoint: _240_ (rising edge-triggered flip-flop clocked by clk)
Endpoint: _240_ (rising edge-triggered flip-flop clocked by clk)
Path Group: clk
Path Type: min

Fanout     Cap    Slew   Delay    Time   Description
-----------------------------------------------------------------------------
                          0.00    0.00   clock clk (rise edge)
                          0.50    0.50   clock source latency
     1    0.01    0.04    0.02    0.52 ^ clk (in)
                                         clk (net)
                  0.04    0.00    0.52 ^ clkbuf_0_clk/A (sky130_fd_sc_hd__clkbuf_16)
     2    0.02    0.04    0.12    0.64 ^ clkbuf_0_clk/X (sky130_fd_sc_hd__clkbuf_16)
                                         clknet_0_clk (net)
                  0.04    0.00    0.64 ^ clkbuf_1_1__f_clk/A (sky130_fd_sc_hd__clkbuf_16)
    13    0.03    0.05    0.13    0.77 ^ clkbuf_1_1__f_clk/X (sky130_fd_sc_hd__clkbuf_16)
                                         clknet_1_1__leaf_clk (net)
                  0.05    0.00    0.77 ^ _240_/CLK (sky130_fd_sc_hd__dfrtp_1)
     5    0.01    0.13    0.39    1.16 ^ _240_/Q (sky130_fd_sc_hd__dfrtp_1)
                                         seq_timer[0] (net)
                  0.13    0.00    1.16 ^ _202_/B (sky130_fd_sc_hd__nand2_1)
     3    0.01    0.06    0.09    1.25 v _202_/Y (sky130_fd_sc_hd__nand2_1)
                                         _028_ (net)
                  0.06    0.00    1.25 v _203_/B (sky130_fd_sc_hd__nand2_1)
     1    0.00    0.04    0.07    1.31 ^ _203_/Y (sky130_fd_sc_hd__nand2_1)
                                         _029_ (net)
                  0.04    0.00    1.31 ^ _210_/A (sky130_fd_sc_hd__nor2_1)
     1    0.00    0.02    0.03    1.35 v _210_/Y (sky130_fd_sc_hd__nor2_1)
                                         _004_ (net)
                  0.02    0.00    1.35 v _240_/D (sky130_fd_sc_hd__dfrtp_1)
                                  1.35   data arrival time

                          0.00    0.00   clock clk (rise edge)
                          0.50    0.50   clock source latency
     1    0.01    0.04    0.02    0.52 ^ clk (in)
                                         clk (net)
                  0.04    0.00    0.52 ^ clkbuf_0_clk/A (sky130_fd_sc_hd__clkbuf_16)
     2    0.02    0.04    0.12    0.64 ^ clkbuf_0_clk/X (sky130_fd_sc_hd__clkbuf_16)
                                         clknet_0_clk (net)
                  0.04    0.00    0.64 ^ clkbuf_1_1__f_clk/A (sky130_fd_sc_hd__clkbuf_16)
    13    0.03    0.05    0.13    0.77 ^ clkbuf_1_1__f_clk/X (sky130_fd_sc_hd__clkbuf_16)
                                         clknet_1_1__leaf_clk (net)
                  0.05    0.00    0.77 ^ _240_/CLK (sky130_fd_sc_hd__dfrtp_1)
                          0.10    0.87   clock uncertainty
                          0.00    0.87   clock reconvergence pessimism
                         -0.03    0.84   library hold time
                                  0.84   data required time
-----------------------------------------------------------------------------
                                  0.84   data required time
                                 -1.35   data arrival time
-----------------------------------------------------------------------------
                                  0.51   slack (MET)


Startpoint: _242_ (rising edge-triggered flip-flop clocked by clk)
Endpoint: _242_ (rising edge-triggered flip-flop clocked by clk)
Path Group: clk
Path Type: min

Fanout     Cap    Slew   Delay    Time   Description
-----------------------------------------------------------------------------
                          0.00    0.00   clock clk (rise edge)
                          0.50    0.50   clock source latency
     1    0.01    0.04    0.02    0.52 ^ clk (in)
                                         clk (net)
                  0.04    0.00    0.52 ^ clkbuf_0_clk/A (sky130_fd_sc_hd__clkbuf_16)
     2    0.02    0.04    0.12    0.64 ^ clkbuf_0_clk/X (sky130_fd_sc_hd__clkbuf_16)
                                         clknet_0_clk (net)
                  0.04    0.00    0.64 ^ clkbuf_1_1__f_clk/A (sky130_fd_sc_hd__clkbuf_16)
    13    0.03    0.05    0.13    0.77 ^ clkbuf_1_1__f_clk/X (sky130_fd_sc_hd__clkbuf_16)
                                         clknet_1_1__leaf_clk (net)
                  0.05    0.00    0.77 ^ _242_/CLK (sky130_fd_sc_hd__dfrtp_1)
     5    0.01    0.08    0.40    1.18 v _242_/Q (sky130_fd_sc_hd__dfrtp_1)
                                         seq_timer[2] (net)
                  0.08    0.00    1.18 v _215_/A (sky130_fd_sc_hd__inv_2)
     2    0.00    0.04    0.06    1.23 ^ _215_/Y (sky130_fd_sc_hd__inv_2)
                                         _039_ (net)
                  0.04    0.00    1.23 ^ _217_/B (sky130_fd_sc_hd__nand2_1)
     1    0.00    0.03    0.04    1.28 v _217_/Y (sky130_fd_sc_hd__nand2_1)
                                         _041_ (net)
                  0.03    0.00    1.28 v _218_/B (sky130_fd_sc_hd__nand2_1)
     1    0.00    0.04    0.05    1.33 ^ _218_/Y (sky130_fd_sc_hd__nand2_1)
                                         _042_ (net)
                  0.04    0.00    1.33 ^ _219_/A (sky130_fd_sc_hd__nor2_1)
     1    0.00    0.02    0.03    1.36 v _219_/Y (sky130_fd_sc_hd__nor2_1)
                                         _006_ (net)
                  0.02    0.00    1.36 v _242_/D (sky130_fd_sc_hd__dfrtp_1)
                                  1.36   data arrival time

                          0.00    0.00   clock clk (rise edge)
                          0.50    0.50   clock source latency
     1    0.01    0.04    0.02    0.52 ^ clk (in)
                                         clk (net)
                  0.04    0.00    0.52 ^ clkbuf_0_clk/A (sky130_fd_sc_hd__clkbuf_16)
     2    0.02    0.04    0.12    0.64 ^ clkbuf_0_clk/X (sky130_fd_sc_hd__clkbuf_16)
                                         clknet_0_clk (net)
                  0.04    0.00    0.64 ^ clkbuf_1_1__f_clk/A (sky130_fd_sc_hd__clkbuf_16)
    13    0.03    0.05    0.13    0.77 ^ clkbuf_1_1__f_clk/X (sky130_fd_sc_hd__clkbuf_16)
                                         clknet_1_1__leaf_clk (net)
                  0.05    0.00    0.77 ^ _242_/CLK (sky130_fd_sc_hd__dfrtp_1)
                          0.10    0.87   clock uncertainty
                          0.00    0.87   clock reconvergence pessimism
                         -0.03    0.84   library hold time
                                  0.84   data required time
-----------------------------------------------------------------------------
                                  0.84   data required time
                                 -1.36   data arrival time
-----------------------------------------------------------------------------
                                  0.52   slack (MET)


Startpoint: _263_ (rising edge-triggered flip-flop clocked by clk)
Endpoint: _256_ (rising edge-triggered flip-flop clocked by clk)
Path Group: clk
Path Type: min

Fanout     Cap    Slew   Delay    Time   Description
-----------------------------------------------------------------------------
                          0.00    0.00   clock clk (rise edge)
                          0.50    0.50   clock source latency
     1    0.01    0.04    0.02    0.52 ^ clk (in)
                                         clk (net)
                  0.04    0.00    0.52 ^ clkbuf_0_clk/A (sky130_fd_sc_hd__clkbuf_16)
     2    0.02    0.04    0.12    0.64 ^ clkbuf_0_clk/X (sky130_fd_sc_hd__clkbuf_16)
                                         clknet_0_clk (net)
                  0.04    0.00    0.64 ^ clkbuf_1_0__f_clk/A (sky130_fd_sc_hd__clkbuf_16)
    16    0.03    0.05    0.13    0.77 ^ clkbuf_1_0__f_clk/X (sky130_fd_sc_hd__clkbuf_16)
                                         clknet_1_0__leaf_clk (net)
                  0.05    0.00    0.77 ^ _263_/CLK (sky130_fd_sc_hd__dfrtp_1)
     2    0.01    0.08    0.35    1.12 ^ _263_/Q (sky130_fd_sc_hd__dfrtp_1)
                                         wake_up_sync (net)
                  0.08    0.00    1.12 ^ _150_/A (sky130_fd_sc_hd__inv_2)
     3    0.01    0.03    0.05    1.17 v _150_/Y (sky130_fd_sc_hd__inv_2)
                                         _088_ (net)
                  0.03    0.00    1.17 v _151_/B (sky130_fd_sc_hd__nand2_1)
     1    0.00    0.03    0.05    1.22 ^ _151_/Y (sky130_fd_sc_hd__nand2_1)
                                         _089_ (net)
                  0.03    0.00    1.22 ^ _154_/A (sky130_fd_sc_hd__nand2_1)
     2    0.00    0.04    0.05    1.27 v _154_/Y (sky130_fd_sc_hd__nand2_1)
                                         _092_ (net)
                  0.04    0.00    1.27 v _156_/A (sky130_fd_sc_hd__nand2_1)
     2    0.01    0.08    0.08    1.35 ^ _156_/Y (sky130_fd_sc_hd__nand2_1)
                                         _094_ (net)
                  0.08    0.00    1.35 ^ _157_/A (sky130_fd_sc_hd__inv_2)
     1    0.00    0.02    0.03    1.38 v _157_/Y (sky130_fd_sc_hd__inv_2)
                                         next_state[0] (net)
                  0.02    0.00    1.38 v _256_/D (sky130_fd_sc_hd__dfrtp_4)
                                  1.38   data arrival time

                          0.00    0.00   clock clk (rise edge)
                          0.50    0.50   clock source latency
     1    0.01    0.04    0.02    0.52 ^ clk (in)
                                         clk (net)
                  0.04    0.00    0.52 ^ clkbuf_0_clk/A (sky130_fd_sc_hd__clkbuf_16)
     2    0.02    0.04    0.12    0.64 ^ clkbuf_0_clk/X (sky130_fd_sc_hd__clkbuf_16)
                                         clknet_0_clk (net)
                  0.04    0.00    0.64 ^ clkbuf_1_0__f_clk/A (sky130_fd_sc_hd__clkbuf_16)
    16    0.03    0.05    0.13    0.77 ^ clkbuf_1_0__f_clk/X (sky130_fd_sc_hd__clkbuf_16)
                                         clknet_1_0__leaf_clk (net)
                  0.05    0.00    0.77 ^ _256_/CLK (sky130_fd_sc_hd__dfrtp_4)
                          0.10    0.87   clock uncertainty
                          0.00    0.87   clock reconvergence pessimism
                         -0.03    0.84   library hold time
                                  0.84   data required time
-----------------------------------------------------------------------------
                                  0.84   data required time
                                 -1.38   data arrival time
-----------------------------------------------------------------------------
                                  0.53   slack (MET)


Startpoint: _264_ (rising edge-triggered flip-flop clocked by clk)
Endpoint: _258_ (rising edge-triggered flip-flop clocked by clk)
Path Group: clk
Path Type: min

Fanout     Cap    Slew   Delay    Time   Description
-----------------------------------------------------------------------------
                          0.00    0.00   clock clk (rise edge)
                          0.50    0.50   clock source latency
     1    0.01    0.04    0.02    0.52 ^ clk (in)
                                         clk (net)
                  0.04    0.00    0.52 ^ clkbuf_0_clk/A (sky130_fd_sc_hd__clkbuf_16)
     2    0.02    0.04    0.12    0.64 ^ clkbuf_0_clk/X (sky130_fd_sc_hd__clkbuf_16)
                                         clknet_0_clk (net)
                  0.04    0.00    0.64 ^ clkbuf_1_0__f_clk/A (sky130_fd_sc_hd__clkbuf_16)
    16    0.03    0.05    0.13    0.77 ^ clkbuf_1_0__f_clk/X (sky130_fd_sc_hd__clkbuf_16)
                                         clknet_1_0__leaf_clk (net)
                  0.05    0.00    0.77 ^ _264_/CLK (sky130_fd_sc_hd__dfrtp_1)
     2    0.01    0.08    0.35    1.12 ^ _264_/Q (sky130_fd_sc_hd__dfrtp_1)
                                         req_off_sync (net)
                  0.08    0.00    1.12 ^ _184_/C (sky130_fd_sc_hd__nand3_1)
     1    0.00    0.06    0.09    1.21 v _184_/Y (sky130_fd_sc_hd__nand3_1)
                                         _019_ (net)
                  0.06    0.00    1.21 v _185_/C1 (sky130_fd_sc_hd__o211ai_2)
     2    0.01    0.07    0.08    1.29 ^ _185_/Y (sky130_fd_sc_hd__o211ai_2)
                                         _020_ (net)
                  0.07    0.00    1.29 ^ _186_/B1 (sky130_fd_sc_hd__a21oi_1)
     2    0.00    0.04    0.05    1.34 v _186_/Y (sky130_fd_sc_hd__a21oi_1)
                                         _021_ (net)
                  0.04    0.00    1.34 v _187_/B (sky130_fd_sc_hd__nand2_1)
     1    0.00    0.03    0.05    1.39 ^ _187_/Y (sky130_fd_sc_hd__nand2_1)
                                         next_state[2] (net)
                  0.03    0.00    1.39 ^ _258_/D (sky130_fd_sc_hd__dfrtp_4)
                                  1.39   data arrival time

                          0.00    0.00   clock clk (rise edge)
                          0.50    0.50   clock source latency
     1    0.01    0.04    0.02    0.52 ^ clk (in)
                                         clk (net)
                  0.04    0.00    0.52 ^ clkbuf_0_clk/A (sky130_fd_sc_hd__clkbuf_16)
     2    0.02    0.04    0.12    0.64 ^ clkbuf_0_clk/X (sky130_fd_sc_hd__clkbuf_16)
                                         clknet_0_clk (net)
                  0.04    0.00    0.64 ^ clkbuf_1_0__f_clk/A (sky130_fd_sc_hd__clkbuf_16)
    16    0.03    0.05    0.13    0.77 ^ clkbuf_1_0__f_clk/X (sky130_fd_sc_hd__clkbuf_16)
                                         clknet_1_0__leaf_clk (net)
                  0.05    0.00    0.77 ^ _258_/CLK (sky130_fd_sc_hd__dfrtp_4)
                          0.10    0.87   clock uncertainty
                          0.00    0.87   clock reconvergence pessimism
                         -0.03    0.84   library hold time
                                  0.84   data required time
-----------------------------------------------------------------------------
                                  0.84   data required time
                                 -1.39   data arrival time
-----------------------------------------------------------------------------
                                  0.55   slack (MET)


Startpoint: _242_ (rising edge-triggered flip-flop clocked by clk)
Endpoint: _252_ (rising edge-triggered flip-flop clocked by clk)
Path Group: clk
Path Type: min

Fanout     Cap    Slew   Delay    Time   Description
-----------------------------------------------------------------------------
                          0.00    0.00   clock clk (rise edge)
                          0.50    0.50   clock source latency
     1    0.01    0.04    0.02    0.52 ^ clk (in)
                                         clk (net)
                  0.04    0.00    0.52 ^ clkbuf_0_clk/A (sky130_fd_sc_hd__clkbuf_16)
     2    0.02    0.04    0.12    0.64 ^ clkbuf_0_clk/X (sky130_fd_sc_hd__clkbuf_16)
                                         clknet_0_clk (net)
                  0.04    0.00    0.64 ^ clkbuf_1_1__f_clk/A (sky130_fd_sc_hd__clkbuf_16)
    13    0.03    0.05    0.13    0.77 ^ clkbuf_1_1__f_clk/X (sky130_fd_sc_hd__clkbuf_16)
                                         clknet_1_1__leaf_clk (net)
                  0.05    0.00    0.77 ^ _242_/CLK (sky130_fd_sc_hd__dfrtp_1)
     5    0.01    0.13    0.39    1.16 ^ _242_/Q (sky130_fd_sc_hd__dfrtp_1)
                                         seq_timer[2] (net)
                  0.13    0.00    1.16 ^ _135_/A (sky130_fd_sc_hd__or3_1)
     1    0.00    0.05    0.14    1.30 ^ _135_/X (sky130_fd_sc_hd__or3_1)
                                         _075_ (net)
                  0.05    0.00    1.30 ^ _136_/A (sky130_fd_sc_hd__inv_2)
     3    0.01    0.02    0.04    1.33 v _136_/Y (sky130_fd_sc_hd__inv_2)
                                         _076_ (net)
                  0.02    0.00    1.33 v _137_/B (sky130_fd_sc_hd__nor2_1)
     1    0.00    0.06    0.06    1.40 ^ _137_/Y (sky130_fd_sc_hd__nor2_1)
                                         _114_ (net)
                  0.06    0.00    1.40 ^ _252_/D (sky130_fd_sc_hd__dfrtp_1)
                                  1.40   data arrival time

                          0.00    0.00   clock clk (rise edge)
                          0.50    0.50   clock source latency
     1    0.01    0.04    0.02    0.52 ^ clk (in)
                                         clk (net)
                  0.04    0.00    0.52 ^ clkbuf_0_clk/A (sky130_fd_sc_hd__clkbuf_16)
     2    0.02    0.04    0.12    0.64 ^ clkbuf_0_clk/X (sky130_fd_sc_hd__clkbuf_16)
                                         clknet_0_clk (net)
                  0.04    0.00    0.64 ^ clkbuf_1_0__f_clk/A (sky130_fd_sc_hd__clkbuf_16)
    16    0.03    0.05    0.13    0.77 ^ clkbuf_1_0__f_clk/X (sky130_fd_sc_hd__clkbuf_16)
                                         clknet_1_0__leaf_clk (net)
                  0.05    0.00    0.77 ^ _252_/CLK (sky130_fd_sc_hd__dfrtp_1)
                          0.10    0.87   clock uncertainty
                          0.00    0.87   clock reconvergence pessimism
                         -0.04    0.83   library hold time
                                  0.83   data required time
-----------------------------------------------------------------------------
                                  0.83   data required time
                                 -1.40   data arrival time
-----------------------------------------------------------------------------
                                  0.56   slack (MET)


Startpoint: _245_ (rising edge-triggered flip-flop clocked by clk)
Endpoint: _245_ (rising edge-triggered flip-flop clocked by clk)
Path Group: clk
Path Type: min

Fanout     Cap    Slew   Delay    Time   Description
-----------------------------------------------------------------------------
                          0.00    0.00   clock clk (rise edge)
                          0.50    0.50   clock source latency
     1    0.01    0.04    0.02    0.52 ^ clk (in)
                                         clk (net)
                  0.04    0.00    0.52 ^ clkbuf_0_clk/A (sky130_fd_sc_hd__clkbuf_16)
     2    0.02    0.04    0.12    0.64 ^ clkbuf_0_clk/X (sky130_fd_sc_hd__clkbuf_16)
                                         clknet_0_clk (net)
                  0.04    0.00    0.64 ^ clkbuf_1_1__f_clk/A (sky130_fd_sc_hd__clkbuf_16)
    13    0.03    0.05    0.13    0.77 ^ clkbuf_1_1__f_clk/X (sky130_fd_sc_hd__clkbuf_16)
                                         clknet_1_1__leaf_clk (net)
                  0.05    0.00    0.77 ^ _245_/CLK (sky130_fd_sc_hd__dfrtp_1)
     2    0.01    0.06    0.38    1.15 v _245_/Q (sky130_fd_sc_hd__dfrtp_1)
                                         seq_timer[5] (net)
                  0.06    0.00    1.15 v _228_/A (sky130_fd_sc_hd__inv_2)
     2    0.00    0.03    0.05    1.20 ^ _228_/Y (sky130_fd_sc_hd__inv_2)
                                         _049_ (net)
                  0.03    0.00    1.20 ^ _230_/B (sky130_fd_sc_hd__nand2_1)
     1    0.00    0.02    0.04    1.24 v _230_/Y (sky130_fd_sc_hd__nand2_1)
                                         _051_ (net)
                  0.02    0.00    1.24 v _231_/B_N (sky130_fd_sc_hd__or2b_1)
     1    0.00    0.04    0.13    1.37 ^ _231_/X (sky130_fd_sc_hd__or2b_1)
                                         _052_ (net)
                  0.04    0.00    1.37 ^ _232_/A (sky130_fd_sc_hd__nor2_1)
     1    0.00    0.02    0.03    1.40 v _232_/Y (sky130_fd_sc_hd__nor2_1)
                                         _009_ (net)
                  0.02    0.00    1.40 v _245_/D (sky130_fd_sc_hd__dfrtp_1)
                                  1.40   data arrival time

                          0.00    0.00   clock clk (rise edge)
                          0.50    0.50   clock source latency
     1    0.01    0.04    0.02    0.52 ^ clk (in)
                                         clk (net)
                  0.04    0.00    0.52 ^ clkbuf_0_clk/A (sky130_fd_sc_hd__clkbuf_16)
     2    0.02    0.04    0.12    0.64 ^ clkbuf_0_clk/X (sky130_fd_sc_hd__clkbuf_16)
                                         clknet_0_clk (net)
                  0.04    0.00    0.64 ^ clkbuf_1_1__f_clk/A (sky130_fd_sc_hd__clkbuf_16)
    13    0.03    0.05    0.13    0.77 ^ clkbuf_1_1__f_clk/X (sky130_fd_sc_hd__clkbuf_16)
                                         clknet_1_1__leaf_clk (net)
                  0.05    0.00    0.77 ^ _245_/CLK (sky130_fd_sc_hd__dfrtp_1)
                          0.10    0.87   clock uncertainty
                          0.00    0.87   clock reconvergence pessimism
                         -0.03    0.84   library hold time
                                  0.84   data required time
-----------------------------------------------------------------------------
                                  0.84   data required time
                                 -1.40   data arrival time
-----------------------------------------------------------------------------
                                  0.57   slack (MET)


Startpoint: _263_ (rising edge-triggered flip-flop clocked by clk)
Endpoint: _257_ (rising edge-triggered flip-flop clocked by clk)
Path Group: clk
Path Type: min

Fanout     Cap    Slew   Delay    Time   Description
-----------------------------------------------------------------------------
                          0.00    0.00   clock clk (rise edge)
                          0.50    0.50   clock source latency
     1    0.01    0.04    0.02    0.52 ^ clk (in)
                                         clk (net)
                  0.04    0.00    0.52 ^ clkbuf_0_clk/A (sky130_fd_sc_hd__clkbuf_16)
     2    0.02    0.04    0.12    0.64 ^ clkbuf_0_clk/X (sky130_fd_sc_hd__clkbuf_16)
                                         clknet_0_clk (net)
                  0.04    0.00    0.64 ^ clkbuf_1_0__f_clk/A (sky130_fd_sc_hd__clkbuf_16)
    16    0.03    0.05    0.13    0.77 ^ clkbuf_1_0__f_clk/X (sky130_fd_sc_hd__clkbuf_16)
                                         clknet_1_0__leaf_clk (net)
                  0.05    0.00    0.77 ^ _263_/CLK (sky130_fd_sc_hd__dfrtp_1)
     2    0.01    0.08    0.35    1.12 ^ _263_/Q (sky130_fd_sc_hd__dfrtp_1)
                                         wake_up_sync (net)
                  0.08    0.00    1.12 ^ _173_/A2 (sky130_fd_sc_hd__o311a_1)
     1    0.00    0.04    0.15    1.27 ^ _173_/X (sky130_fd_sc_hd__o311a_1)
                                         _110_ (net)
                  0.04    0.00    1.27 ^ _174_/C (sky130_fd_sc_hd__or3_1)
     1    0.00    0.03    0.08    1.35 ^ _174_/X (sky130_fd_sc_hd__or3_1)
                                         _111_ (net)
                  0.03    0.00    1.35 ^ _175_/A (sky130_fd_sc_hd__clkbuf_1)
     1    0.00    0.04    0.07    1.42 ^ _175_/X (sky130_fd_sc_hd__clkbuf_1)
                                         next_state[1] (net)
                  0.04    0.00    1.42 ^ _257_/D (sky130_fd_sc_hd__dfrtp_1)
                                  1.42   data arrival time

                          0.00    0.00   clock clk (rise edge)
                          0.50    0.50   clock source latency
     1    0.01    0.04    0.02    0.52 ^ clk (in)
                                         clk (net)
                  0.04    0.00    0.52 ^ clkbuf_0_clk/A (sky130_fd_sc_hd__clkbuf_16)
     2    0.02    0.04    0.12    0.64 ^ clkbuf_0_clk/X (sky130_fd_sc_hd__clkbuf_16)
                                         clknet_0_clk (net)
                  0.04    0.00    0.64 ^ clkbuf_1_0__f_clk/A (sky130_fd_sc_hd__clkbuf_16)
    16    0.03    0.05    0.13    0.77 ^ clkbuf_1_0__f_clk/X (sky130_fd_sc_hd__clkbuf_16)
                                         clknet_1_0__leaf_clk (net)
                  0.05    0.00    0.77 ^ _257_/CLK (sky130_fd_sc_hd__dfrtp_1)
                          0.10    0.87   clock uncertainty
                          0.00    0.87   clock reconvergence pessimism
                         -0.03    0.84   library hold time
                                  0.84   data required time
-----------------------------------------------------------------------------
                                  0.84   data required time
                                 -1.42   data arrival time
-----------------------------------------------------------------------------
                                  0.58   slack (MET)


Startpoint: _257_ (rising edge-triggered flip-flop clocked by clk)
Endpoint: _253_ (rising edge-triggered flip-flop clocked by clk)
Path Group: clk
Path Type: min

Fanout     Cap    Slew   Delay    Time   Description
-----------------------------------------------------------------------------
                          0.00    0.00   clock clk (rise edge)
                          0.50    0.50   clock source latency
     1    0.01    0.04    0.02    0.52 ^ clk (in)
                                         clk (net)
                  0.04    0.00    0.52 ^ clkbuf_0_clk/A (sky130_fd_sc_hd__clkbuf_16)
     2    0.02    0.04    0.12    0.64 ^ clkbuf_0_clk/X (sky130_fd_sc_hd__clkbuf_16)
                                         clknet_0_clk (net)
                  0.04    0.00    0.64 ^ clkbuf_1_0__f_clk/A (sky130_fd_sc_hd__clkbuf_16)
    16    0.03    0.05    0.13    0.77 ^ clkbuf_1_0__f_clk/X (sky130_fd_sc_hd__clkbuf_16)
                                         clknet_1_0__leaf_clk (net)
                  0.05    0.00    0.77 ^ _257_/CLK (sky130_fd_sc_hd__dfrtp_1)
     3    0.01    0.10    0.36    1.13 ^ _257_/Q (sky130_fd_sc_hd__dfrtp_1)
                                         curr_state[1] (net)
                  0.10    0.00    1.13 ^ _138_/B (sky130_fd_sc_hd__nand2_1)
     3    0.01    0.07    0.10    1.23 v _138_/Y (sky130_fd_sc_hd__nand2_1)
                                         _077_ (net)
                  0.07    0.00    1.23 v _192_/B (sky130_fd_sc_hd__nor2_1)
     2    0.00    0.11    0.11    1.34 ^ _192_/Y (sky130_fd_sc_hd__nor2_1)
                                         _023_ (net)
                  0.11    0.00    1.34 ^ _196_/B1 (sky130_fd_sc_hd__a21o_1)
     1    0.00    0.03    0.09    1.43 ^ _196_/X (sky130_fd_sc_hd__a21o_1)
                                         _115_ (net)
                  0.03    0.00    1.43 ^ _253_/D (sky130_fd_sc_hd__dfrtp_1)
                                  1.43   data arrival time

                          0.00    0.00   clock clk (rise edge)
                          0.50    0.50   clock source latency
     1    0.01    0.04    0.02    0.52 ^ clk (in)
                                         clk (net)
                  0.04    0.00    0.52 ^ clkbuf_0_clk/A (sky130_fd_sc_hd__clkbuf_16)
     2    0.02    0.04    0.12    0.64 ^ clkbuf_0_clk/X (sky130_fd_sc_hd__clkbuf_16)
                                         clknet_0_clk (net)
                  0.04    0.00    0.64 ^ clkbuf_1_1__f_clk/A (sky130_fd_sc_hd__clkbuf_16)
    13    0.03    0.05    0.13    0.77 ^ clkbuf_1_1__f_clk/X (sky130_fd_sc_hd__clkbuf_16)
                                         clknet_1_1__leaf_clk (net)
                  0.05    0.00    0.77 ^ _253_/CLK (sky130_fd_sc_hd__dfrtp_1)
                          0.10    0.87   clock uncertainty
                          0.00    0.87   clock reconvergence pessimism
                         -0.03    0.84   library hold time
                                  0.84   data required time
-----------------------------------------------------------------------------
                                  0.84   data required time
                                 -1.43   data arrival time
-----------------------------------------------------------------------------
                                  0.59   slack (MET)


Startpoint: _242_ (rising edge-triggered flip-flop clocked by clk)
Endpoint: _250_ (rising edge-triggered flip-flop clocked by clk)
Path Group: clk
Path Type: min

Fanout     Cap    Slew   Delay    Time   Description
-----------------------------------------------------------------------------
                          0.00    0.00   clock clk (rise edge)
                          0.50    0.50   clock source latency
     1    0.01    0.04    0.02    0.52 ^ clk (in)
                                         clk (net)
                  0.04    0.00    0.52 ^ clkbuf_0_clk/A (sky130_fd_sc_hd__clkbuf_16)
     2    0.02    0.04    0.12    0.64 ^ clkbuf_0_clk/X (sky130_fd_sc_hd__clkbuf_16)
                                         clknet_0_clk (net)
                  0.04    0.00    0.64 ^ clkbuf_1_1__f_clk/A (sky130_fd_sc_hd__clkbuf_16)
    13    0.03    0.05    0.13    0.77 ^ clkbuf_1_1__f_clk/X (sky130_fd_sc_hd__clkbuf_16)
                                         clknet_1_1__leaf_clk (net)
                  0.05    0.00    0.77 ^ _242_/CLK (sky130_fd_sc_hd__dfrtp_1)
     5    0.01    0.13    0.39    1.16 ^ _242_/Q (sky130_fd_sc_hd__dfrtp_1)
                                         seq_timer[2] (net)
                  0.13    0.00    1.16 ^ _135_/A (sky130_fd_sc_hd__or3_1)
     1    0.00    0.05    0.14    1.30 ^ _135_/X (sky130_fd_sc_hd__or3_1)
                                         _075_ (net)
                  0.05    0.00    1.30 ^ _136_/A (sky130_fd_sc_hd__inv_2)
     3    0.01    0.02    0.04    1.33 v _136_/Y (sky130_fd_sc_hd__inv_2)
                                         _076_ (net)
                  0.02    0.00    1.33 v _197_/A2 (sky130_fd_sc_hd__o21ai_1)
     1    0.00    0.06    0.09    1.43 ^ _197_/Y (sky130_fd_sc_hd__o21ai_1)
                                         _116_ (net)
                  0.06    0.00    1.43 ^ _250_/D (sky130_fd_sc_hd__dfrtp_1)
                                  1.43   data arrival time

                          0.00    0.00   clock clk (rise edge)
                          0.50    0.50   clock source latency
     1    0.01    0.04    0.02    0.52 ^ clk (in)
                                         clk (net)
                  0.04    0.00    0.52 ^ clkbuf_0_clk/A (sky130_fd_sc_hd__clkbuf_16)
     2    0.02    0.04    0.12    0.64 ^ clkbuf_0_clk/X (sky130_fd_sc_hd__clkbuf_16)
                                         clknet_0_clk (net)
                  0.04    0.00    0.64 ^ clkbuf_1_0__f_clk/A (sky130_fd_sc_hd__clkbuf_16)
    16    0.03    0.05    0.13    0.77 ^ clkbuf_1_0__f_clk/X (sky130_fd_sc_hd__clkbuf_16)
                                         clknet_1_0__leaf_clk (net)
                  0.05    0.00    0.77 ^ _250_/CLK (sky130_fd_sc_hd__dfrtp_1)
                          0.10    0.87   clock uncertainty
                          0.00    0.87   clock reconvergence pessimism
                         -0.04    0.83   library hold time
                                  0.83   data required time
-----------------------------------------------------------------------------
                                  0.83   data required time
                                 -1.43   data arrival time
-----------------------------------------------------------------------------
                                  0.59   slack (MET)


Startpoint: _256_ (rising edge-triggered flip-flop clocked by clk)
Endpoint: _255_ (rising edge-triggered flip-flop clocked by clk)
Path Group: clk
Path Type: min

Fanout     Cap    Slew   Delay    Time   Description
-----------------------------------------------------------------------------
                          0.00    0.00   clock clk (rise edge)
                          0.50    0.50   clock source latency
     1    0.01    0.04    0.02    0.52 ^ clk (in)
                                         clk (net)
                  0.04    0.00    0.52 ^ clkbuf_0_clk/A (sky130_fd_sc_hd__clkbuf_16)
     2    0.02    0.04    0.12    0.64 ^ clkbuf_0_clk/X (sky130_fd_sc_hd__clkbuf_16)
                                         clknet_0_clk (net)
                  0.04    0.00    0.64 ^ clkbuf_1_0__f_clk/A (sky130_fd_sc_hd__clkbuf_16)
    16    0.03    0.05    0.13    0.77 ^ clkbuf_1_0__f_clk/X (sky130_fd_sc_hd__clkbuf_16)
                                         clknet_1_0__leaf_clk (net)
                  0.05    0.00    0.77 ^ _256_/CLK (sky130_fd_sc_hd__dfrtp_4)
     8    0.02    0.10    0.44    1.21 ^ _256_/Q (sky130_fd_sc_hd__dfrtp_4)
                                         curr_state[0] (net)
                  0.10    0.00    1.21 ^ _153_/B (sky130_fd_sc_hd__nand2_1)
     3    0.01    0.07    0.09    1.31 v _153_/Y (sky130_fd_sc_hd__nand2_1)
                                         _091_ (net)
                  0.07    0.00    1.31 v _179_/A (sky130_fd_sc_hd__inv_2)
     2    0.00    0.03    0.06    1.36 ^ _179_/Y (sky130_fd_sc_hd__inv_2)
                                         _015_ (net)
                  0.03    0.00    1.36 ^ _194_/A (sky130_fd_sc_hd__or3b_1)
     1    0.00    0.03    0.09    1.45 ^ _194_/X (sky130_fd_sc_hd__or3b_1)
                                         _025_ (net)
                  0.03    0.00    1.45 ^ _195_/A (sky130_fd_sc_hd__clkbuf_1)
     1    0.00    0.04    0.07    1.52 ^ _195_/X (sky130_fd_sc_hd__clkbuf_1)
                                         _113_ (net)
                  0.04    0.00    1.52 ^ _255_/D (sky130_fd_sc_hd__dfrtp_1)
                                  1.52   data arrival time

                          0.00    0.00   clock clk (rise edge)
                          0.50    0.50   clock source latency
     1    0.01    0.04    0.02    0.52 ^ clk (in)
                                         clk (net)
                  0.04    0.00    0.52 ^ clkbuf_0_clk/A (sky130_fd_sc_hd__clkbuf_16)
     2    0.02    0.04    0.12    0.64 ^ clkbuf_0_clk/X (sky130_fd_sc_hd__clkbuf_16)
                                         clknet_0_clk (net)
                  0.04    0.00    0.64 ^ clkbuf_1_1__f_clk/A (sky130_fd_sc_hd__clkbuf_16)
    13    0.03    0.05    0.13    0.77 ^ clkbuf_1_1__f_clk/X (sky130_fd_sc_hd__clkbuf_16)
                                         clknet_1_1__leaf_clk (net)
                  0.05    0.00    0.77 ^ _255_/CLK (sky130_fd_sc_hd__dfrtp_1)
                          0.10    0.87   clock uncertainty
                          0.00    0.87   clock reconvergence pessimism
                         -0.03    0.84   library hold time
                                  0.84   data required time
-----------------------------------------------------------------------------
                                  0.84   data required time
                                 -1.52   data arrival time
-----------------------------------------------------------------------------
                                  0.68   slack (MET)


Startpoint: _254_ (rising edge-triggered flip-flop clocked by clk)
Endpoint: pwr_state[0] (output port clocked by clk)
Path Group: clk
Path Type: min

Fanout     Cap    Slew   Delay    Time   Description
-----------------------------------------------------------------------------
                          0.00    0.00   clock clk (rise edge)
                          0.50    0.50   clock source latency
     1    0.01    0.04    0.02    0.52 ^ clk (in)
                                         clk (net)
                  0.04    0.00    0.52 ^ clkbuf_0_clk/A (sky130_fd_sc_hd__clkbuf_16)
     2    0.02    0.04    0.12    0.64 ^ clkbuf_0_clk/X (sky130_fd_sc_hd__clkbuf_16)
                                         clknet_0_clk (net)
                  0.04    0.00    0.64 ^ clkbuf_1_1__f_clk/A (sky130_fd_sc_hd__clkbuf_16)
    13    0.03    0.05    0.13    0.77 ^ clkbuf_1_1__f_clk/X (sky130_fd_sc_hd__clkbuf_16)
                                         clknet_1_1__leaf_clk (net)
                  0.05    0.00    0.77 ^ _254_/CLK (sky130_fd_sc_hd__dfrtp_1)
     1    0.00    0.04    0.31    1.08 ^ _254_/Q (sky130_fd_sc_hd__dfrtp_1)
                                         net12 (net)
                  0.04    0.00    1.08 ^ output12/A (sky130_fd_sc_hd__clkbuf_2)
     1    0.02    0.12    0.15    1.24 ^ output12/X (sky130_fd_sc_hd__clkbuf_2)
                                         pwr_state[0] (net)
                  0.12    0.00    1.24 ^ pwr_state[0] (out)
                                  1.24   data arrival time

                          0.00    0.00   clock clk (rise edge)
                          0.50    0.50   clock network delay (propagated)
                          0.10    0.60   clock uncertainty
                          0.00    0.60   clock reconvergence pessimism
                         -0.50    0.10   output external delay
                                  0.10   data required time
-----------------------------------------------------------------------------
                                  0.10   data required time
                                 -1.24   data arrival time
-----------------------------------------------------------------------------
                                  1.14   slack (MET)


Startpoint: _255_ (rising edge-triggered flip-flop clocked by clk)
Endpoint: pwr_state[1] (output port clocked by clk)
Path Group: clk
Path Type: min

Fanout     Cap    Slew   Delay    Time   Description
-----------------------------------------------------------------------------
                          0.00    0.00   clock clk (rise edge)
                          0.50    0.50   clock source latency
     1    0.01    0.04    0.02    0.52 ^ clk (in)
                                         clk (net)
                  0.04    0.00    0.52 ^ clkbuf_0_clk/A (sky130_fd_sc_hd__clkbuf_16)
     2    0.02    0.04    0.12    0.64 ^ clkbuf_0_clk/X (sky130_fd_sc_hd__clkbuf_16)
                                         clknet_0_clk (net)
                  0.04    0.00    0.64 ^ clkbuf_1_1__f_clk/A (sky130_fd_sc_hd__clkbuf_16)
    13    0.03    0.05    0.13    0.77 ^ clkbuf_1_1__f_clk/X (sky130_fd_sc_hd__clkbuf_16)
                                         clknet_1_1__leaf_clk (net)
                  0.05    0.00    0.77 ^ _255_/CLK (sky130_fd_sc_hd__dfrtp_1)
     1    0.00    0.04    0.31    1.08 ^ _255_/Q (sky130_fd_sc_hd__dfrtp_1)
                                         net13 (net)
                  0.04    0.00    1.08 ^ output13/A (sky130_fd_sc_hd__clkbuf_2)
     1    0.02    0.12    0.15    1.24 ^ output13/X (sky130_fd_sc_hd__clkbuf_2)
                                         pwr_state[1] (net)
                  0.12    0.00    1.24 ^ pwr_state[1] (out)
                                  1.24   data arrival time

                          0.00    0.00   clock clk (rise edge)
                          0.50    0.50   clock network delay (propagated)
                          0.10    0.60   clock uncertainty
                          0.00    0.60   clock reconvergence pessimism
                         -0.50    0.10   output external delay
                                  0.10   data required time
-----------------------------------------------------------------------------
                                  0.10   data required time
                                 -1.24   data arrival time
-----------------------------------------------------------------------------
                                  1.14   slack (MET)


Startpoint: _239_ (rising edge-triggered flip-flop clocked by clk)
Endpoint: dvfs_ctrl[1] (output port clocked by clk)
Path Group: clk
Path Type: min

Fanout     Cap    Slew   Delay    Time   Description
-----------------------------------------------------------------------------
                          0.00    0.00   clock clk (rise edge)
                          0.50    0.50   clock source latency
     1    0.01    0.04    0.02    0.52 ^ clk (in)
                                         clk (net)
                  0.04    0.00    0.52 ^ clkbuf_0_clk/A (sky130_fd_sc_hd__clkbuf_16)
     2    0.02    0.04    0.12    0.64 ^ clkbuf_0_clk/X (sky130_fd_sc_hd__clkbuf_16)
                                         clknet_0_clk (net)
                  0.04    0.00    0.64 ^ clkbuf_1_1__f_clk/A (sky130_fd_sc_hd__clkbuf_16)
    13    0.03    0.05    0.13    0.77 ^ clkbuf_1_1__f_clk/X (sky130_fd_sc_hd__clkbuf_16)
                                         clknet_1_1__leaf_clk (net)
                  0.05    0.00    0.77 ^ _239_/CLK (sky130_fd_sc_hd__dfstp_1)
     1    0.00    0.03    0.35    1.12 v _239_/Q (sky130_fd_sc_hd__dfstp_1)
                                         net9 (net)
                  0.03    0.00    1.12 v output9/A (sky130_fd_sc_hd__clkbuf_2)
     1    0.02    0.08    0.14    1.26 v output9/X (sky130_fd_sc_hd__clkbuf_2)
                                         dvfs_ctrl[1] (net)
                  0.08    0.00    1.26 v dvfs_ctrl[1] (out)
                                  1.26   data arrival time

                          0.00    0.00   clock clk (rise edge)
                          0.50    0.50   clock network delay (propagated)
                          0.10    0.60   clock uncertainty
                          0.00    0.60   clock reconvergence pessimism
                         -0.50    0.10   output external delay
                                  0.10   data required time
-----------------------------------------------------------------------------
                                  0.10   data required time
                                 -1.26   data arrival time
-----------------------------------------------------------------------------
                                  1.16   slack (MET)


Startpoint: _253_ (rising edge-triggered flip-flop clocked by clk)
Endpoint: reset_ctrl (output port clocked by clk)
Path Group: clk
Path Type: min

Fanout     Cap    Slew   Delay    Time   Description
-----------------------------------------------------------------------------
                          0.00    0.00   clock clk (rise edge)
                          0.50    0.50   clock source latency
     1    0.01    0.04    0.02    0.52 ^ clk (in)
                                         clk (net)
                  0.04    0.00    0.52 ^ clkbuf_0_clk/A (sky130_fd_sc_hd__clkbuf_16)
     2    0.02    0.04    0.12    0.64 ^ clkbuf_0_clk/X (sky130_fd_sc_hd__clkbuf_16)
                                         clknet_0_clk (net)
                  0.04    0.00    0.64 ^ clkbuf_1_1__f_clk/A (sky130_fd_sc_hd__clkbuf_16)
    13    0.03    0.05    0.13    0.77 ^ clkbuf_1_1__f_clk/X (sky130_fd_sc_hd__clkbuf_16)
                                         clknet_1_1__leaf_clk (net)
                  0.05    0.00    0.77 ^ _253_/CLK (sky130_fd_sc_hd__dfrtp_1)
     1    0.00    0.04    0.31    1.08 ^ _253_/Q (sky130_fd_sc_hd__dfrtp_1)
                                         net14 (net)
                  0.04    0.00    1.08 ^ output14/A (sky130_fd_sc_hd__buf_2)
     1    0.03    0.15    0.18    1.26 ^ output14/X (sky130_fd_sc_hd__buf_2)
                                         reset_ctrl (net)
                  0.15    0.00    1.26 ^ reset_ctrl (out)
                                  1.26   data arrival time

                          0.00    0.00   clock clk (rise edge)
                          0.50    0.50   clock network delay (propagated)
                          0.10    0.60   clock uncertainty
                          0.00    0.60   clock reconvergence pessimism
                         -0.50    0.10   output external delay
                                  0.10   data required time
-----------------------------------------------------------------------------
                                  0.10   data required time
                                 -1.26   data arrival time
-----------------------------------------------------------------------------
                                  1.16   slack (MET)


Startpoint: _252_ (rising edge-triggered flip-flop clocked by clk)
Endpoint: retention_restore (output port clocked by clk)
Path Group: clk
Path Type: min

Fanout     Cap    Slew   Delay    Time   Description
-----------------------------------------------------------------------------
                          0.00    0.00   clock clk (rise edge)
                          0.50    0.50   clock source latency
     1    0.01    0.04    0.02    0.52 ^ clk (in)
                                         clk (net)
                  0.04    0.00    0.52 ^ clkbuf_0_clk/A (sky130_fd_sc_hd__clkbuf_16)
     2    0.02    0.04    0.12    0.64 ^ clkbuf_0_clk/X (sky130_fd_sc_hd__clkbuf_16)
                                         clknet_0_clk (net)
                  0.04    0.00    0.64 ^ clkbuf_1_0__f_clk/A (sky130_fd_sc_hd__clkbuf_16)
    16    0.03    0.05    0.13    0.77 ^ clkbuf_1_0__f_clk/X (sky130_fd_sc_hd__clkbuf_16)
                                         clknet_1_0__leaf_clk (net)
                  0.05    0.00    0.77 ^ _252_/CLK (sky130_fd_sc_hd__dfrtp_1)
     1    0.00    0.04    0.31    1.08 ^ _252_/Q (sky130_fd_sc_hd__dfrtp_1)
                                         net16 (net)
                  0.04    0.00    1.08 ^ output16/A (sky130_fd_sc_hd__buf_2)
     1    0.03    0.15    0.18    1.26 ^ output16/X (sky130_fd_sc_hd__buf_2)
                                         retention_restore (net)
                  0.15    0.00    1.26 ^ retention_restore (out)
                                  1.26   data arrival time

                          0.00    0.00   clock clk (rise edge)
                          0.50    0.50   clock network delay (propagated)
                          0.10    0.60   clock uncertainty
                          0.00    0.60   clock reconvergence pessimism
                         -0.50    0.10   output external delay
                                  0.10   data required time
-----------------------------------------------------------------------------
                                  0.10   data required time
                                 -1.26   data arrival time
-----------------------------------------------------------------------------
                                  1.16   slack (MET)


Startpoint: _251_ (rising edge-triggered flip-flop clocked by clk)
Endpoint: retention_save (output port clocked by clk)
Path Group: clk
Path Type: min

Fanout     Cap    Slew   Delay    Time   Description
-----------------------------------------------------------------------------
                          0.00    0.00   clock clk (rise edge)
                          0.50    0.50   clock source latency
     1    0.01    0.04    0.02    0.52 ^ clk (in)
                                         clk (net)
                  0.04    0.00    0.52 ^ clkbuf_0_clk/A (sky130_fd_sc_hd__clkbuf_16)
     2    0.02    0.04    0.12    0.64 ^ clkbuf_0_clk/X (sky130_fd_sc_hd__clkbuf_16)
                                         clknet_0_clk (net)
                  0.04    0.00    0.64 ^ clkbuf_1_0__f_clk/A (sky130_fd_sc_hd__clkbuf_16)
    16    0.03    0.05    0.13    0.77 ^ clkbuf_1_0__f_clk/X (sky130_fd_sc_hd__clkbuf_16)
                                         clknet_1_0__leaf_clk (net)
                  0.05    0.00    0.77 ^ _251_/CLK (sky130_fd_sc_hd__dfrtp_1)
     1    0.00    0.04    0.31    1.08 ^ _251_/Q (sky130_fd_sc_hd__dfrtp_1)
                                         net17 (net)
                  0.04    0.00    1.08 ^ output17/A (sky130_fd_sc_hd__buf_2)
     1    0.03    0.15    0.18    1.26 ^ output17/X (sky130_fd_sc_hd__buf_2)
                                         retention_save (net)
                  0.15    0.00    1.26 ^ retention_save (out)
                                  1.26   data arrival time

                          0.00    0.00   clock clk (rise edge)
                          0.50    0.50   clock network delay (propagated)
                          0.10    0.60   clock uncertainty
                          0.00    0.60   clock reconvergence pessimism
                         -0.50    0.10   output external delay
                                  0.10   data required time
-----------------------------------------------------------------------------
                                  0.10   data required time
                                 -1.26   data arrival time
-----------------------------------------------------------------------------
                                  1.16   slack (MET)


Startpoint: _248_ (rising edge-triggered flip-flop clocked by clk)
Endpoint: clk_gate_en (output port clocked by clk)
Path Group: clk
Path Type: min

Fanout     Cap    Slew   Delay    Time   Description
-----------------------------------------------------------------------------
                          0.00    0.00   clock clk (rise edge)
                          0.50    0.50   clock source latency
     1    0.01    0.04    0.02    0.52 ^ clk (in)
                                         clk (net)
                  0.04    0.00    0.52 ^ clkbuf_0_clk/A (sky130_fd_sc_hd__clkbuf_16)
     2    0.02    0.04    0.12    0.64 ^ clkbuf_0_clk/X (sky130_fd_sc_hd__clkbuf_16)
                                         clknet_0_clk (net)
                  0.04    0.00    0.64 ^ clkbuf_1_0__f_clk/A (sky130_fd_sc_hd__clkbuf_16)
    16    0.03    0.05    0.13    0.77 ^ clkbuf_1_0__f_clk/X (sky130_fd_sc_hd__clkbuf_16)
                                         clknet_1_0__leaf_clk (net)
                  0.05    0.00    0.77 ^ _248_/CLK (sky130_fd_sc_hd__dfrtp_1)
     1    0.00    0.04    0.31    1.09 ^ _248_/Q (sky130_fd_sc_hd__dfrtp_1)
                                         net8 (net)
                  0.04    0.00    1.09 ^ output8/A (sky130_fd_sc_hd__buf_4)
     1    0.05    0.15    0.19    1.27 ^ output8/X (sky130_fd_sc_hd__buf_4)
                                         clk_gate_en (net)
                  0.15    0.00    1.27 ^ clk_gate_en (out)
                                  1.27   data arrival time

                          0.00    0.00   clock clk (rise edge)
                          0.50    0.50   clock network delay (propagated)
                          0.10    0.60   clock uncertainty
                          0.00    0.60   clock reconvergence pessimism
                         -0.50    0.10   output external delay
                                  0.10   data required time
-----------------------------------------------------------------------------
                                  0.10   data required time
                                 -1.27   data arrival time
-----------------------------------------------------------------------------
                                  1.17   slack (MET)


Startpoint: _249_ (rising edge-triggered flip-flop clocked by clk)
Endpoint: pwr_gate_en (output port clocked by clk)
Path Group: clk
Path Type: min

Fanout     Cap    Slew   Delay    Time   Description
-----------------------------------------------------------------------------
                          0.00    0.00   clock clk (rise edge)
                          0.50    0.50   clock source latency
     1    0.01    0.04    0.02    0.52 ^ clk (in)
                                         clk (net)
                  0.04    0.00    0.52 ^ clkbuf_0_clk/A (sky130_fd_sc_hd__clkbuf_16)
     2    0.02    0.04    0.12    0.64 ^ clkbuf_0_clk/X (sky130_fd_sc_hd__clkbuf_16)
                                         clknet_0_clk (net)
                  0.04    0.00    0.64 ^ clkbuf_1_0__f_clk/A (sky130_fd_sc_hd__clkbuf_16)
    16    0.03    0.05    0.13    0.77 ^ clkbuf_1_0__f_clk/X (sky130_fd_sc_hd__clkbuf_16)
                                         clknet_1_0__leaf_clk (net)
                  0.05    0.00    0.77 ^ _249_/CLK (sky130_fd_sc_hd__dfrtp_1)
     1    0.00    0.04    0.31    1.09 ^ _249_/Q (sky130_fd_sc_hd__dfrtp_1)
                                         net11 (net)
                  0.04    0.00    1.09 ^ output11/A (sky130_fd_sc_hd__buf_4)
     1    0.05    0.15    0.19    1.27 ^ output11/X (sky130_fd_sc_hd__buf_4)
                                         pwr_gate_en (net)
                  0.15    0.00    1.27 ^ pwr_gate_en (out)
                                  1.27   data arrival time

                          0.00    0.00   clock clk (rise edge)
                          0.50    0.50   clock network delay (propagated)
                          0.10    0.60   clock uncertainty
                          0.00    0.60   clock reconvergence pessimism
                         -0.50    0.10   output external delay
                                  0.10   data required time
-----------------------------------------------------------------------------
                                  0.10   data required time
                                 -1.27   data arrival time
-----------------------------------------------------------------------------
                                  1.17   slack (MET)


Startpoint: _250_ (rising edge-triggered flip-flop clocked by clk)
Endpoint: retention_en (output port clocked by clk)
Path Group: clk
Path Type: min

Fanout     Cap    Slew   Delay    Time   Description
-----------------------------------------------------------------------------
                          0.00    0.00   clock clk (rise edge)
                          0.50    0.50   clock source latency
     1    0.01    0.04    0.02    0.52 ^ clk (in)
                                         clk (net)
                  0.04    0.00    0.52 ^ clkbuf_0_clk/A (sky130_fd_sc_hd__clkbuf_16)
     2    0.02    0.04    0.12    0.64 ^ clkbuf_0_clk/X (sky130_fd_sc_hd__clkbuf_16)
                                         clknet_0_clk (net)
                  0.04    0.00    0.64 ^ clkbuf_1_0__f_clk/A (sky130_fd_sc_hd__clkbuf_16)
    16    0.03    0.05    0.13    0.77 ^ clkbuf_1_0__f_clk/X (sky130_fd_sc_hd__clkbuf_16)
                                         clknet_1_0__leaf_clk (net)
                  0.05    0.00    0.77 ^ _250_/CLK (sky130_fd_sc_hd__dfrtp_1)
     1    0.00    0.04    0.31    1.09 ^ _250_/Q (sky130_fd_sc_hd__dfrtp_1)
                                         net15 (net)
                  0.04    0.00    1.09 ^ output15/A (sky130_fd_sc_hd__buf_4)
     1    0.05    0.15    0.19    1.27 ^ output15/X (sky130_fd_sc_hd__buf_4)
                                         retention_en (net)
                  0.15    0.00    1.27 ^ retention_en (out)
                                  1.27   data arrival time

                          0.00    0.00   clock clk (rise edge)
                          0.50    0.50   clock network delay (propagated)
                          0.10    0.60   clock uncertainty
                          0.00    0.60   clock reconvergence pessimism
                         -0.50    0.10   output external delay
                                  0.10   data required time
-----------------------------------------------------------------------------
                                  0.10   data required time
                                 -1.27   data arrival time
-----------------------------------------------------------------------------
                                  1.17   slack (MET)


Startpoint: _257_ (rising edge-triggered flip-flop clocked by clk)
Endpoint: seq_busy (output port clocked by clk)
Path Group: clk
Path Type: min

Fanout     Cap    Slew   Delay    Time   Description
-----------------------------------------------------------------------------
                          0.00    0.00   clock clk (rise edge)
                          0.50    0.50   clock source latency
     1    0.01    0.04    0.02    0.52 ^ clk (in)
                                         clk (net)
                  0.04    0.00    0.52 ^ clkbuf_0_clk/A (sky130_fd_sc_hd__clkbuf_16)
     2    0.02    0.04    0.12    0.64 ^ clkbuf_0_clk/X (sky130_fd_sc_hd__clkbuf_16)
                                         clknet_0_clk (net)
                  0.04    0.00    0.64 ^ clkbuf_1_0__f_clk/A (sky130_fd_sc_hd__clkbuf_16)
    16    0.03    0.05    0.13    0.77 ^ clkbuf_1_0__f_clk/X (sky130_fd_sc_hd__clkbuf_16)
                                         clknet_1_0__leaf_clk (net)
                  0.05    0.00    0.77 ^ _257_/CLK (sky130_fd_sc_hd__dfrtp_1)
     3    0.01    0.10    0.36    1.13 ^ _257_/Q (sky130_fd_sc_hd__dfrtp_1)
                                         curr_state[1] (net)
                  0.10    0.00    1.13 ^ _138_/B (sky130_fd_sc_hd__nand2_1)
     3    0.01    0.07    0.10    1.23 v _138_/Y (sky130_fd_sc_hd__nand2_1)
                                         _077_ (net)
                  0.07    0.00    1.23 v _139_/A (sky130_fd_sc_hd__inv_2)
     2    0.00    0.04    0.06    1.29 ^ _139_/Y (sky130_fd_sc_hd__inv_2)
                                         _078_ (net)
                  0.04    0.00    1.29 ^ _140_/B (sky130_fd_sc_hd__nor2_1)
     1    0.00    0.02    0.03    1.32 v _140_/Y (sky130_fd_sc_hd__nor2_1)
                                         net18 (net)
                  0.02    0.00    1.32 v wire20/A (sky130_fd_sc_hd__buf_1)
     4    0.01    0.05    0.10    1.42 v wire20/X (sky130_fd_sc_hd__buf_1)
                                         net20 (net)
                  0.05    0.00    1.42 v output18/A (sky130_fd_sc_hd__clkbuf_2)
     1    0.02    0.08    0.15    1.57 v output18/X (sky130_fd_sc_hd__clkbuf_2)
                                         seq_busy (net)
                  0.08    0.00    1.57 v seq_busy (out)
                                  1.57   data arrival time

                          0.00    0.00   clock clk (rise edge)
                          0.50    0.50   clock network delay (propagated)
                          0.10    0.60   clock uncertainty
                          0.00    0.60   clock reconvergence pessimism
                         -0.50    0.10   output external delay
                                  0.10   data required time
-----------------------------------------------------------------------------
                                  0.10   data required time
                                 -1.57   data arrival time
-----------------------------------------------------------------------------
                                  1.47   slack (MET)


Startpoint: _256_ (rising edge-triggered flip-flop clocked by clk)
Endpoint: error (output port clocked by clk)
Path Group: clk
Path Type: min

Fanout     Cap    Slew   Delay    Time   Description
-----------------------------------------------------------------------------
                          0.00    0.00   clock clk (rise edge)
                          0.50    0.50   clock source latency
     1    0.01    0.04    0.02    0.52 ^ clk (in)
                                         clk (net)
                  0.04    0.00    0.52 ^ clkbuf_0_clk/A (sky130_fd_sc_hd__clkbuf_16)
     2    0.02    0.04    0.12    0.64 ^ clkbuf_0_clk/X (sky130_fd_sc_hd__clkbuf_16)
                                         clknet_0_clk (net)
                  0.04    0.00    0.64 ^ clkbuf_1_0__f_clk/A (sky130_fd_sc_hd__clkbuf_16)
    16    0.03    0.05    0.13    0.77 ^ clkbuf_1_0__f_clk/X (sky130_fd_sc_hd__clkbuf_16)
                                         clknet_1_0__leaf_clk (net)
                  0.05    0.00    0.77 ^ _256_/CLK (sky130_fd_sc_hd__dfrtp_4)
     8    0.02    0.10    0.44    1.21 ^ _256_/Q (sky130_fd_sc_hd__dfrtp_4)
                                         curr_state[0] (net)
                  0.10    0.00    1.21 ^ _125_/A (sky130_fd_sc_hd__nor2_1)
     3    0.01    0.03    0.07    1.28 v _125_/Y (sky130_fd_sc_hd__nor2_1)
                                         _065_ (net)
                  0.03    0.00    1.28 v _199_/A (sky130_fd_sc_hd__nand2_1)
     1    0.00    0.04    0.05    1.33 ^ _199_/Y (sky130_fd_sc_hd__nand2_1)
                                         _026_ (net)
                  0.04    0.00    1.33 ^ _200_/B1 (sky130_fd_sc_hd__a211oi_1)
     1    0.00    0.03    0.04    1.37 v _200_/Y (sky130_fd_sc_hd__a211oi_1)
                                         net10 (net)
                  0.03    0.00    1.37 v wire19/A (sky130_fd_sc_hd__clkbuf_1)
     1    0.00    0.02    0.08    1.44 v wire19/X (sky130_fd_sc_hd__clkbuf_1)
                                         net19 (net)
                  0.02    0.00    1.44 v output10/A (sky130_fd_sc_hd__clkbuf_2)
     1    0.02    0.08    0.14    1.58 v output10/X (sky130_fd_sc_hd__clkbuf_2)
                                         error (net)
                  0.08    0.00    1.58 v error (out)
                                  1.58   data arrival time

                          0.00    0.00   clock clk (rise edge)
                          0.50    0.50   clock network delay (propagated)
                          0.10    0.60   clock uncertainty
                          0.00    0.60   clock reconvergence pessimism
                         -0.50    0.10   output external delay
                                  0.10   data required time
-----------------------------------------------------------------------------
                                  0.10   data required time
                                 -1.58   data arrival time
-----------------------------------------------------------------------------
                                  1.48   slack (MET)



worst slack corner Typical: 0.2332
min_report_end
max_report

===========================================================================
report_checks -path_delay max (Setup)
============================================================================
======================= Typical Corner ===================================

Startpoint: retention_ready (input port clocked by clk)
Endpoint: error (output port clocked by clk)
Path Group: clk
Path Type: max

Fanout     Cap    Slew   Delay    Time   Description
-----------------------------------------------------------------------------
                          0.00    0.00   clock clk (rise edge)
                          0.50    0.50   clock network delay (propagated)
                          3.00    3.50 v input external delay
     1    0.00    0.02    0.01    3.51 v retention_ready (in)
                                         retention_ready (net)
                  0.02    0.00    3.51 v input6/A (sky130_fd_sc_hd__buf_1)
     1    0.00    0.04    0.08    3.59 v input6/X (sky130_fd_sc_hd__buf_1)
                                         net6 (net)
                  0.04    0.00    3.59 v _164_/A (sky130_fd_sc_hd__inv_2)
     3    0.01    0.04    0.05    3.64 ^ _164_/Y (sky130_fd_sc_hd__inv_2)
                                         _101_ (net)
                  0.04    0.00    3.64 ^ _199_/B (sky130_fd_sc_hd__nand2_1)
     1    0.00    0.05    0.04    3.69 v _199_/Y (sky130_fd_sc_hd__nand2_1)
                                         _026_ (net)
                  0.05    0.00    3.69 v _200_/B1 (sky130_fd_sc_hd__a211oi_1)
     1    0.00    0.17    0.19    3.88 ^ _200_/Y (sky130_fd_sc_hd__a211oi_1)
                                         net10 (net)
                  0.17    0.00    3.88 ^ wire19/A (sky130_fd_sc_hd__clkbuf_1)
     1    0.00    0.04    0.10    3.98 ^ wire19/X (sky130_fd_sc_hd__clkbuf_1)
                                         net19 (net)
                  0.04    0.00    3.98 ^ output10/A (sky130_fd_sc_hd__clkbuf_2)
     1    0.02    0.12    0.15    4.13 ^ output10/X (sky130_fd_sc_hd__clkbuf_2)
                                         error (net)
                  0.12    0.00    4.13 ^ error (out)
                                  4.13   data arrival time

                         10.00   10.00   clock clk (rise edge)
                          0.50   10.50   clock network delay (propagated)
                         -0.30   10.20   clock uncertainty
                          0.00   10.20   clock reconvergence pessimism
                         -2.00    8.20   output external delay
                                  8.20   data required time
-----------------------------------------------------------------------------
                                  8.20   data required time
                                 -4.13   data arrival time
-----------------------------------------------------------------------------
                                  4.07   slack (MET)


Startpoint: clk_stable (input port clocked by clk)
Endpoint: _257_ (rising edge-triggered flip-flop clocked by clk)
Path Group: clk
Path Type: max

Fanout     Cap    Slew   Delay    Time   Description
-----------------------------------------------------------------------------
                          0.00    0.00   clock clk (rise edge)
                          0.50    0.50   clock network delay (propagated)
                          3.00    3.50 ^ input external delay
     1    0.00    0.02    0.01    3.51 ^ clk_stable (in)
                                         clk_stable (net)
                  0.02    0.00    3.51 ^ input1/A (sky130_fd_sc_hd__clkbuf_1)
     1    0.00    0.04    0.07    3.58 ^ input1/X (sky130_fd_sc_hd__clkbuf_1)
                                         net1 (net)
                  0.04    0.00    3.58 ^ _158_/B (sky130_fd_sc_hd__nand2_1)
     2    0.00    0.04    0.05    3.63 v _158_/Y (sky130_fd_sc_hd__nand2_1)
                                         _095_ (net)
                  0.04    0.00    3.63 v _159_/B1_N (sky130_fd_sc_hd__o21bai_1)
     1    0.00    0.05    0.14    3.77 v _159_/Y (sky130_fd_sc_hd__o21bai_1)
                                         _096_ (net)
                  0.05    0.00    3.77 v _160_/A (sky130_fd_sc_hd__nand2_1)
     1    0.00    0.04    0.05    3.82 ^ _160_/Y (sky130_fd_sc_hd__nand2_1)
                                         _097_ (net)
                  0.04    0.00    3.82 ^ _166_/A (sky130_fd_sc_hd__nand2_1)
     2    0.00    0.04    0.05    3.87 v _166_/Y (sky130_fd_sc_hd__nand2_1)
                                         _103_ (net)
                  0.04    0.00    3.87 v _174_/A (sky130_fd_sc_hd__or3_1)
     1    0.00    0.06    0.35    4.22 v _174_/X (sky130_fd_sc_hd__or3_1)
                                         _111_ (net)
                  0.06    0.00    4.22 v _175_/A (sky130_fd_sc_hd__clkbuf_1)
     1    0.00    0.02    0.09    4.31 v _175_/X (sky130_fd_sc_hd__clkbuf_1)
                                         next_state[1] (net)
                  0.02    0.00    4.31 v _257_/D (sky130_fd_sc_hd__dfrtp_1)
                                  4.31   data arrival time

                         10.00   10.00   clock clk (rise edge)
                          0.50   10.50   clock source latency
     1    0.01    0.04    0.02   10.52 ^ clk (in)
                                         clk (net)
                  0.04    0.00   10.52 ^ clkbuf_0_clk/A (sky130_fd_sc_hd__clkbuf_16)
     2    0.02    0.04    0.12   10.64 ^ clkbuf_0_clk/X (sky130_fd_sc_hd__clkbuf_16)
                                         clknet_0_clk (net)
                  0.04    0.00   10.64 ^ clkbuf_1_0__f_clk/A (sky130_fd_sc_hd__clkbuf_16)
    16    0.03    0.05    0.13   10.77 ^ clkbuf_1_0__f_clk/X (sky130_fd_sc_hd__clkbuf_16)
                                         clknet_1_0__leaf_clk (net)
                  0.05    0.00   10.77 ^ _257_/CLK (sky130_fd_sc_hd__dfrtp_1)
                         -0.30   10.47   clock uncertainty
                          0.00   10.47   clock reconvergence pessimism
                         -0.10   10.37   library setup time
                                 10.37   data required time
-----------------------------------------------------------------------------
                                 10.37   data required time
                                 -4.31   data arrival time
-----------------------------------------------------------------------------
                                  6.06   slack (MET)


Startpoint: clk_stable (input port clocked by clk)
Endpoint: _247_ (rising edge-triggered flip-flop clocked by clk)
Path Group: clk
Path Type: max

Fanout     Cap    Slew   Delay    Time   Description
-----------------------------------------------------------------------------
                          0.00    0.00   clock clk (rise edge)
                          0.50    0.50   clock network delay (propagated)
                          3.00    3.50 ^ input external delay
     1    0.00    0.02    0.01    3.51 ^ clk_stable (in)
                                         clk_stable (net)
                  0.02    0.00    3.51 ^ input1/A (sky130_fd_sc_hd__clkbuf_1)
     1    0.00    0.04    0.07    3.58 ^ input1/X (sky130_fd_sc_hd__clkbuf_1)
                                         net1 (net)
                  0.04    0.00    3.58 ^ _158_/B (sky130_fd_sc_hd__nand2_1)
     2    0.00    0.04    0.05    3.63 v _158_/Y (sky130_fd_sc_hd__nand2_1)
                                         _095_ (net)
                  0.04    0.00    3.63 v _159_/B1_N (sky130_fd_sc_hd__o21bai_1)
     1    0.00    0.05    0.14    3.77 v _159_/Y (sky130_fd_sc_hd__o21bai_1)
                                         _096_ (net)
                  0.05    0.00    3.77 v _160_/A (sky130_fd_sc_hd__nand2_1)
     1    0.00    0.04    0.05    3.82 ^ _160_/Y (sky130_fd_sc_hd__nand2_1)
                                         _097_ (net)
                  0.04    0.00    3.82 ^ _166_/A (sky130_fd_sc_hd__nand2_1)
     2    0.00    0.04    0.05    3.87 v _166_/Y (sky130_fd_sc_hd__nand2_1)
                                         _103_ (net)
                  0.04    0.00    3.87 v _178_/B (sky130_fd_sc_hd__nor2_1)
     2    0.00    0.11    0.10    3.97 ^ _178_/Y (sky130_fd_sc_hd__nor2_1)
                                         _014_ (net)
                  0.11    0.00    3.97 ^ _204_/A (sky130_fd_sc_hd__nand3_1)
     1    0.01    0.11    0.12    4.09 v _204_/Y (sky130_fd_sc_hd__nand3_1)
                                         _030_ (net)
                  0.11    0.00    4.09 v _209_/A (sky130_fd_sc_hd__nand3_4)
     8    0.02    0.10    0.11    4.20 ^ _209_/Y (sky130_fd_sc_hd__nand3_4)
                                         _035_ (net)
                  0.10    0.00    4.20 ^ _238_/B (sky130_fd_sc_hd__nor2_1)
     1    0.00    0.03    0.04    4.24 v _238_/Y (sky130_fd_sc_hd__nor2_1)
                                         _011_ (net)
                  0.03    0.00    4.24 v _247_/D (sky130_fd_sc_hd__dfrtp_1)
                                  4.24   data arrival time

                         10.00   10.00   clock clk (rise edge)
                          0.50   10.50   clock source latency
     1    0.01    0.04    0.02   10.52 ^ clk (in)
                                         clk (net)
                  0.04    0.00   10.52 ^ clkbuf_0_clk/A (sky130_fd_sc_hd__clkbuf_16)
     2    0.02    0.04    0.12   10.64 ^ clkbuf_0_clk/X (sky130_fd_sc_hd__clkbuf_16)
                                         clknet_0_clk (net)
                  0.04    0.00   10.64 ^ clkbuf_1_1__f_clk/A (sky130_fd_sc_hd__clkbuf_16)
    13    0.03    0.05    0.13   10.77 ^ clkbuf_1_1__f_clk/X (sky130_fd_sc_hd__clkbuf_16)
                                         clknet_1_1__leaf_clk (net)
                  0.05    0.00   10.77 ^ _247_/CLK (sky130_fd_sc_hd__dfrtp_1)
                         -0.30   10.47   clock uncertainty
                          0.00   10.47   clock reconvergence pessimism
                         -0.11   10.36   library setup time
                                 10.36   data required time
-----------------------------------------------------------------------------
                                 10.36   data required time
                                 -4.24   data arrival time
-----------------------------------------------------------------------------
                                  6.12   slack (MET)


Startpoint: clk_stable (input port clocked by clk)
Endpoint: _240_ (rising edge-triggered flip-flop clocked by clk)
Path Group: clk
Path Type: max

Fanout     Cap    Slew   Delay    Time   Description
-----------------------------------------------------------------------------
                          0.00    0.00   clock clk (rise edge)
                          0.50    0.50   clock network delay (propagated)
                          3.00    3.50 ^ input external delay
     1    0.00    0.02    0.01    3.51 ^ clk_stable (in)
                                         clk_stable (net)
                  0.02    0.00    3.51 ^ input1/A (sky130_fd_sc_hd__clkbuf_1)
     1    0.00    0.04    0.07    3.58 ^ input1/X (sky130_fd_sc_hd__clkbuf_1)
                                         net1 (net)
                  0.04    0.00    3.58 ^ _158_/B (sky130_fd_sc_hd__nand2_1)
     2    0.00    0.04    0.05    3.63 v _158_/Y (sky130_fd_sc_hd__nand2_1)
                                         _095_ (net)
                  0.04    0.00    3.63 v _159_/B1_N (sky130_fd_sc_hd__o21bai_1)
     1    0.00    0.05    0.14    3.77 v _159_/Y (sky130_fd_sc_hd__o21bai_1)
                                         _096_ (net)
                  0.05    0.00    3.77 v _160_/A (sky130_fd_sc_hd__nand2_1)
     1    0.00    0.04    0.05    3.82 ^ _160_/Y (sky130_fd_sc_hd__nand2_1)
                                         _097_ (net)
                  0.04    0.00    3.82 ^ _166_/A (sky130_fd_sc_hd__nand2_1)
     2    0.00    0.04    0.05    3.87 v _166_/Y (sky130_fd_sc_hd__nand2_1)
                                         _103_ (net)
                  0.04    0.00    3.87 v _178_/B (sky130_fd_sc_hd__nor2_1)
     2    0.00    0.11    0.10    3.97 ^ _178_/Y (sky130_fd_sc_hd__nor2_1)
                                         _014_ (net)
                  0.11    0.00    3.97 ^ _204_/A (sky130_fd_sc_hd__nand3_1)
     1    0.01    0.11    0.12    4.09 v _204_/Y (sky130_fd_sc_hd__nand3_1)
                                         _030_ (net)
                  0.11    0.00    4.09 v _209_/A (sky130_fd_sc_hd__nand3_4)
     8    0.02    0.10    0.11    4.20 ^ _209_/Y (sky130_fd_sc_hd__nand3_4)
                                         _035_ (net)
                  0.10    0.00    4.20 ^ _210_/B (sky130_fd_sc_hd__nor2_1)
     1    0.00    0.03    0.04    4.24 v _210_/Y (sky130_fd_sc_hd__nor2_1)
                                         _004_ (net)
                  0.03    0.00    4.24 v _240_/D (sky130_fd_sc_hd__dfrtp_1)
                                  4.24   data arrival time

                         10.00   10.00   clock clk (rise edge)
                          0.50   10.50   clock source latency
     1    0.01    0.04    0.02   10.52 ^ clk (in)
                                         clk (net)
                  0.04    0.00   10.52 ^ clkbuf_0_clk/A (sky130_fd_sc_hd__clkbuf_16)
     2    0.02    0.04    0.12   10.64 ^ clkbuf_0_clk/X (sky130_fd_sc_hd__clkbuf_16)
                                         clknet_0_clk (net)
                  0.04    0.00   10.64 ^ clkbuf_1_1__f_clk/A (sky130_fd_sc_hd__clkbuf_16)
    13    0.03    0.05    0.13   10.77 ^ clkbuf_1_1__f_clk/X (sky130_fd_sc_hd__clkbuf_16)
                                         clknet_1_1__leaf_clk (net)
                  0.05    0.00   10.77 ^ _240_/CLK (sky130_fd_sc_hd__dfrtp_1)
                         -0.30   10.47   clock uncertainty
                          0.00   10.47   clock reconvergence pessimism
                         -0.11   10.37   library setup time
                                 10.37   data required time
-----------------------------------------------------------------------------
                                 10.37   data required time
                                 -4.24   data arrival time
-----------------------------------------------------------------------------
                                  6.12   slack (MET)


Startpoint: clk_stable (input port clocked by clk)
Endpoint: _241_ (rising edge-triggered flip-flop clocked by clk)
Path Group: clk
Path Type: max

Fanout     Cap    Slew   Delay    Time   Description
-----------------------------------------------------------------------------
                          0.00    0.00   clock clk (rise edge)
                          0.50    0.50   clock network delay (propagated)
                          3.00    3.50 ^ input external delay
     1    0.00    0.02    0.01    3.51 ^ clk_stable (in)
                                         clk_stable (net)
                  0.02    0.00    3.51 ^ input1/A (sky130_fd_sc_hd__clkbuf_1)
     1    0.00    0.04    0.07    3.58 ^ input1/X (sky130_fd_sc_hd__clkbuf_1)
                                         net1 (net)
                  0.04    0.00    3.58 ^ _158_/B (sky130_fd_sc_hd__nand2_1)
     2    0.00    0.04    0.05    3.63 v _158_/Y (sky130_fd_sc_hd__nand2_1)
                                         _095_ (net)
                  0.04    0.00    3.63 v _159_/B1_N (sky130_fd_sc_hd__o21bai_1)
     1    0.00    0.05    0.14    3.77 v _159_/Y (sky130_fd_sc_hd__o21bai_1)
                                         _096_ (net)
                  0.05    0.00    3.77 v _160_/A (sky130_fd_sc_hd__nand2_1)
     1    0.00    0.04    0.05    3.82 ^ _160_/Y (sky130_fd_sc_hd__nand2_1)
                                         _097_ (net)
                  0.04    0.00    3.82 ^ _166_/A (sky130_fd_sc_hd__nand2_1)
     2    0.00    0.04    0.05    3.87 v _166_/Y (sky130_fd_sc_hd__nand2_1)
                                         _103_ (net)
                  0.04    0.00    3.87 v _178_/B (sky130_fd_sc_hd__nor2_1)
     2    0.00    0.11    0.10    3.97 ^ _178_/Y (sky130_fd_sc_hd__nor2_1)
                                         _014_ (net)
                  0.11    0.00    3.97 ^ _204_/A (sky130_fd_sc_hd__nand3_1)
     1    0.01    0.11    0.12    4.09 v _204_/Y (sky130_fd_sc_hd__nand3_1)
                                         _030_ (net)
                  0.11    0.00    4.09 v _209_/A (sky130_fd_sc_hd__nand3_4)
     8    0.02    0.10    0.11    4.20 ^ _209_/Y (sky130_fd_sc_hd__nand3_4)
                                         _035_ (net)
                  0.10    0.00    4.20 ^ _214_/B (sky130_fd_sc_hd__nor2_1)
     1    0.00    0.03    0.04    4.24 v _214_/Y (sky130_fd_sc_hd__nor2_1)
                                         _005_ (net)
                  0.03    0.00    4.24 v _241_/D (sky130_fd_sc_hd__dfrtp_1)
                                  4.24   data arrival time

                         10.00   10.00   clock clk (rise edge)
                          0.50   10.50   clock source latency
     1    0.01    0.04    0.02   10.52 ^ clk (in)
                                         clk (net)
                  0.04    0.00   10.52 ^ clkbuf_0_clk/A (sky130_fd_sc_hd__clkbuf_16)
     2    0.02    0.04    0.12   10.64 ^ clkbuf_0_clk/X (sky130_fd_sc_hd__clkbuf_16)
                                         clknet_0_clk (net)
                  0.04    0.00   10.64 ^ clkbuf_1_1__f_clk/A (sky130_fd_sc_hd__clkbuf_16)
    13    0.03    0.05    0.13   10.77 ^ clkbuf_1_1__f_clk/X (sky130_fd_sc_hd__clkbuf_16)
                                         clknet_1_1__leaf_clk (net)
                  0.05    0.00   10.77 ^ _241_/CLK (sky130_fd_sc_hd__dfrtp_1)
                         -0.30   10.47   clock uncertainty
                          0.00   10.47   clock reconvergence pessimism
                         -0.11   10.37   library setup time
                                 10.37   data required time
-----------------------------------------------------------------------------
                                 10.37   data required time
                                 -4.24   data arrival time
-----------------------------------------------------------------------------
                                  6.12   slack (MET)


Startpoint: clk_stable (input port clocked by clk)
Endpoint: _242_ (rising edge-triggered flip-flop clocked by clk)
Path Group: clk
Path Type: max

Fanout     Cap    Slew   Delay    Time   Description
-----------------------------------------------------------------------------
                          0.00    0.00   clock clk (rise edge)
                          0.50    0.50   clock network delay (propagated)
                          3.00    3.50 ^ input external delay
     1    0.00    0.02    0.01    3.51 ^ clk_stable (in)
                                         clk_stable (net)
                  0.02    0.00    3.51 ^ input1/A (sky130_fd_sc_hd__clkbuf_1)
     1    0.00    0.04    0.07    3.58 ^ input1/X (sky130_fd_sc_hd__clkbuf_1)
                                         net1 (net)
                  0.04    0.00    3.58 ^ _158_/B (sky130_fd_sc_hd__nand2_1)
     2    0.00    0.04    0.05    3.63 v _158_/Y (sky130_fd_sc_hd__nand2_1)
                                         _095_ (net)
                  0.04    0.00    3.63 v _159_/B1_N (sky130_fd_sc_hd__o21bai_1)
     1    0.00    0.05    0.14    3.77 v _159_/Y (sky130_fd_sc_hd__o21bai_1)
                                         _096_ (net)
                  0.05    0.00    3.77 v _160_/A (sky130_fd_sc_hd__nand2_1)
     1    0.00    0.04    0.05    3.82 ^ _160_/Y (sky130_fd_sc_hd__nand2_1)
                                         _097_ (net)
                  0.04    0.00    3.82 ^ _166_/A (sky130_fd_sc_hd__nand2_1)
     2    0.00    0.04    0.05    3.87 v _166_/Y (sky130_fd_sc_hd__nand2_1)
                                         _103_ (net)
                  0.04    0.00    3.87 v _178_/B (sky130_fd_sc_hd__nor2_1)
     2    0.00    0.11    0.10    3.97 ^ _178_/Y (sky130_fd_sc_hd__nor2_1)
                                         _014_ (net)
                  0.11    0.00    3.97 ^ _204_/A (sky130_fd_sc_hd__nand3_1)
     1    0.01    0.11    0.12    4.09 v _204_/Y (sky130_fd_sc_hd__nand3_1)
                                         _030_ (net)
                  0.11    0.00    4.09 v _209_/A (sky130_fd_sc_hd__nand3_4)
     8    0.02    0.10    0.11    4.20 ^ _209_/Y (sky130_fd_sc_hd__nand3_4)
                                         _035_ (net)
                  0.10    0.00    4.20 ^ _219_/B (sky130_fd_sc_hd__nor2_1)
     1    0.00    0.03    0.04    4.24 v _219_/Y (sky130_fd_sc_hd__nor2_1)
                                         _006_ (net)
                  0.03    0.00    4.24 v _242_/D (sky130_fd_sc_hd__dfrtp_1)
                                  4.24   data arrival time

                         10.00   10.00   clock clk (rise edge)
                          0.50   10.50   clock source latency
     1    0.01    0.04    0.02   10.52 ^ clk (in)
                                         clk (net)
                  0.04    0.00   10.52 ^ clkbuf_0_clk/A (sky130_fd_sc_hd__clkbuf_16)
     2    0.02    0.04    0.12   10.64 ^ clkbuf_0_clk/X (sky130_fd_sc_hd__clkbuf_16)
                                         clknet_0_clk (net)
                  0.04    0.00   10.64 ^ clkbuf_1_1__f_clk/A (sky130_fd_sc_hd__clkbuf_16)
    13    0.03    0.05    0.13   10.77 ^ clkbuf_1_1__f_clk/X (sky130_fd_sc_hd__clkbuf_16)
                                         clknet_1_1__leaf_clk (net)
                  0.05    0.00   10.77 ^ _242_/CLK (sky130_fd_sc_hd__dfrtp_1)
                         -0.30   10.47   clock uncertainty
                          0.00   10.47   clock reconvergence pessimism
                         -0.11   10.37   library setup time
                                 10.37   data required time
-----------------------------------------------------------------------------
                                 10.37   data required time
                                 -4.24   data arrival time
-----------------------------------------------------------------------------
                                  6.12   slack (MET)


Startpoint: clk_stable (input port clocked by clk)
Endpoint: _243_ (rising edge-triggered flip-flop clocked by clk)
Path Group: clk
Path Type: max

Fanout     Cap    Slew   Delay    Time   Description
-----------------------------------------------------------------------------
                          0.00    0.00   clock clk (rise edge)
                          0.50    0.50   clock network delay (propagated)
                          3.00    3.50 ^ input external delay
     1    0.00    0.02    0.01    3.51 ^ clk_stable (in)
                                         clk_stable (net)
                  0.02    0.00    3.51 ^ input1/A (sky130_fd_sc_hd__clkbuf_1)
     1    0.00    0.04    0.07    3.58 ^ input1/X (sky130_fd_sc_hd__clkbuf_1)
                                         net1 (net)
                  0.04    0.00    3.58 ^ _158_/B (sky130_fd_sc_hd__nand2_1)
     2    0.00    0.04    0.05    3.63 v _158_/Y (sky130_fd_sc_hd__nand2_1)
                                         _095_ (net)
                  0.04    0.00    3.63 v _159_/B1_N (sky130_fd_sc_hd__o21bai_1)
     1    0.00    0.05    0.14    3.77 v _159_/Y (sky130_fd_sc_hd__o21bai_1)
                                         _096_ (net)
                  0.05    0.00    3.77 v _160_/A (sky130_fd_sc_hd__nand2_1)
     1    0.00    0.04    0.05    3.82 ^ _160_/Y (sky130_fd_sc_hd__nand2_1)
                                         _097_ (net)
                  0.04    0.00    3.82 ^ _166_/A (sky130_fd_sc_hd__nand2_1)
     2    0.00    0.04    0.05    3.87 v _166_/Y (sky130_fd_sc_hd__nand2_1)
                                         _103_ (net)
                  0.04    0.00    3.87 v _178_/B (sky130_fd_sc_hd__nor2_1)
     2    0.00    0.11    0.10    3.97 ^ _178_/Y (sky130_fd_sc_hd__nor2_1)
                                         _014_ (net)
                  0.11    0.00    3.97 ^ _204_/A (sky130_fd_sc_hd__nand3_1)
     1    0.01    0.11    0.12    4.09 v _204_/Y (sky130_fd_sc_hd__nand3_1)
                                         _030_ (net)
                  0.11    0.00    4.09 v _209_/A (sky130_fd_sc_hd__nand3_4)
     8    0.02    0.10    0.11    4.20 ^ _209_/Y (sky130_fd_sc_hd__nand3_4)
                                         _035_ (net)
                  0.10    0.00    4.20 ^ _223_/B (sky130_fd_sc_hd__nor2_1)
     1    0.00    0.03    0.04    4.24 v _223_/Y (sky130_fd_sc_hd__nor2_1)
                                         _007_ (net)
                  0.03    0.00    4.24 v _243_/D (sky130_fd_sc_hd__dfrtp_1)
                                  4.24   data arrival time

                         10.00   10.00   clock clk (rise edge)
                          0.50   10.50   clock source latency
     1    0.01    0.04    0.02   10.52 ^ clk (in)
                                         clk (net)
                  0.04    0.00   10.52 ^ clkbuf_0_clk/A (sky130_fd_sc_hd__clkbuf_16)
     2    0.02    0.04    0.12   10.64 ^ clkbuf_0_clk/X (sky130_fd_sc_hd__clkbuf_16)
                                         clknet_0_clk (net)
                  0.04    0.00   10.64 ^ clkbuf_1_1__f_clk/A (sky130_fd_sc_hd__clkbuf_16)
    13    0.03    0.05    0.13   10.77 ^ clkbuf_1_1__f_clk/X (sky130_fd_sc_hd__clkbuf_16)
                                         clknet_1_1__leaf_clk (net)
                  0.05    0.00   10.77 ^ _243_/CLK (sky130_fd_sc_hd__dfrtp_1)
                         -0.30   10.47   clock uncertainty
                          0.00   10.47   clock reconvergence pessimism
                         -0.11   10.37   library setup time
                                 10.37   data required time
-----------------------------------------------------------------------------
                                 10.37   data required time
                                 -4.24   data arrival time
-----------------------------------------------------------------------------
                                  6.12   slack (MET)


Startpoint: clk_stable (input port clocked by clk)
Endpoint: _244_ (rising edge-triggered flip-flop clocked by clk)
Path Group: clk
Path Type: max

Fanout     Cap    Slew   Delay    Time   Description
-----------------------------------------------------------------------------
                          0.00    0.00   clock clk (rise edge)
                          0.50    0.50   clock network delay (propagated)
                          3.00    3.50 ^ input external delay
     1    0.00    0.02    0.01    3.51 ^ clk_stable (in)
                                         clk_stable (net)
                  0.02    0.00    3.51 ^ input1/A (sky130_fd_sc_hd__clkbuf_1)
     1    0.00    0.04    0.07    3.58 ^ input1/X (sky130_fd_sc_hd__clkbuf_1)
                                         net1 (net)
                  0.04    0.00    3.58 ^ _158_/B (sky130_fd_sc_hd__nand2_1)
     2    0.00    0.04    0.05    3.63 v _158_/Y (sky130_fd_sc_hd__nand2_1)
                                         _095_ (net)
                  0.04    0.00    3.63 v _159_/B1_N (sky130_fd_sc_hd__o21bai_1)
     1    0.00    0.05    0.14    3.77 v _159_/Y (sky130_fd_sc_hd__o21bai_1)
                                         _096_ (net)
                  0.05    0.00    3.77 v _160_/A (sky130_fd_sc_hd__nand2_1)
     1    0.00    0.04    0.05    3.82 ^ _160_/Y (sky130_fd_sc_hd__nand2_1)
                                         _097_ (net)
                  0.04    0.00    3.82 ^ _166_/A (sky130_fd_sc_hd__nand2_1)
     2    0.00    0.04    0.05    3.87 v _166_/Y (sky130_fd_sc_hd__nand2_1)
                                         _103_ (net)
                  0.04    0.00    3.87 v _178_/B (sky130_fd_sc_hd__nor2_1)
     2    0.00    0.11    0.10    3.97 ^ _178_/Y (sky130_fd_sc_hd__nor2_1)
                                         _014_ (net)
                  0.11    0.00    3.97 ^ _204_/A (sky130_fd_sc_hd__nand3_1)
     1    0.01    0.11    0.12    4.09 v _204_/Y (sky130_fd_sc_hd__nand3_1)
                                         _030_ (net)
                  0.11    0.00    4.09 v _209_/A (sky130_fd_sc_hd__nand3_4)
     8    0.02    0.10    0.11    4.20 ^ _209_/Y (sky130_fd_sc_hd__nand3_4)
                                         _035_ (net)
                  0.10    0.00    4.20 ^ _227_/B (sky130_fd_sc_hd__nor2_1)
     1    0.00    0.03    0.04    4.24 v _227_/Y (sky130_fd_sc_hd__nor2_1)
                                         _008_ (net)
                  0.03    0.00    4.24 v _244_/D (sky130_fd_sc_hd__dfrtp_1)
                                  4.24   data arrival time

                         10.00   10.00   clock clk (rise edge)
                          0.50   10.50   clock source latency
     1    0.01    0.04    0.02   10.52 ^ clk (in)
                                         clk (net)
                  0.04    0.00   10.52 ^ clkbuf_0_clk/A (sky130_fd_sc_hd__clkbuf_16)
     2    0.02    0.04    0.12   10.64 ^ clkbuf_0_clk/X (sky130_fd_sc_hd__clkbuf_16)
                                         clknet_0_clk (net)
                  0.04    0.00   10.64 ^ clkbuf_1_1__f_clk/A (sky130_fd_sc_hd__clkbuf_16)
    13    0.03    0.05    0.13   10.77 ^ clkbuf_1_1__f_clk/X (sky130_fd_sc_hd__clkbuf_16)
                                         clknet_1_1__leaf_clk (net)
                  0.05    0.00   10.77 ^ _244_/CLK (sky130_fd_sc_hd__dfrtp_1)
                         -0.30   10.47   clock uncertainty
                          0.00   10.47   clock reconvergence pessimism
                         -0.11   10.37   library setup time
                                 10.37   data required time
-----------------------------------------------------------------------------
                                 10.37   data required time
                                 -4.24   data arrival time
-----------------------------------------------------------------------------
                                  6.12   slack (MET)


Startpoint: clk_stable (input port clocked by clk)
Endpoint: _245_ (rising edge-triggered flip-flop clocked by clk)
Path Group: clk
Path Type: max

Fanout     Cap    Slew   Delay    Time   Description
-----------------------------------------------------------------------------
                          0.00    0.00   clock clk (rise edge)
                          0.50    0.50   clock network delay (propagated)
                          3.00    3.50 ^ input external delay
     1    0.00    0.02    0.01    3.51 ^ clk_stable (in)
                                         clk_stable (net)
                  0.02    0.00    3.51 ^ input1/A (sky130_fd_sc_hd__clkbuf_1)
     1    0.00    0.04    0.07    3.58 ^ input1/X (sky130_fd_sc_hd__clkbuf_1)
                                         net1 (net)
                  0.04    0.00    3.58 ^ _158_/B (sky130_fd_sc_hd__nand2_1)
     2    0.00    0.04    0.05    3.63 v _158_/Y (sky130_fd_sc_hd__nand2_1)
                                         _095_ (net)
                  0.04    0.00    3.63 v _159_/B1_N (sky130_fd_sc_hd__o21bai_1)
     1    0.00    0.05    0.14    3.77 v _159_/Y (sky130_fd_sc_hd__o21bai_1)
                                         _096_ (net)
                  0.05    0.00    3.77 v _160_/A (sky130_fd_sc_hd__nand2_1)
     1    0.00    0.04    0.05    3.82 ^ _160_/Y (sky130_fd_sc_hd__nand2_1)
                                         _097_ (net)
                  0.04    0.00    3.82 ^ _166_/A (sky130_fd_sc_hd__nand2_1)
     2    0.00    0.04    0.05    3.87 v _166_/Y (sky130_fd_sc_hd__nand2_1)
                                         _103_ (net)
                  0.04    0.00    3.87 v _178_/B (sky130_fd_sc_hd__nor2_1)
     2    0.00    0.11    0.10    3.97 ^ _178_/Y (sky130_fd_sc_hd__nor2_1)
                                         _014_ (net)
                  0.11    0.00    3.97 ^ _204_/A (sky130_fd_sc_hd__nand3_1)
     1    0.01    0.11    0.12    4.09 v _204_/Y (sky130_fd_sc_hd__nand3_1)
                                         _030_ (net)
                  0.11    0.00    4.09 v _209_/A (sky130_fd_sc_hd__nand3_4)
     8    0.02    0.10    0.11    4.20 ^ _209_/Y (sky130_fd_sc_hd__nand3_4)
                                         _035_ (net)
                  0.10    0.00    4.20 ^ _232_/B (sky130_fd_sc_hd__nor2_1)
     1    0.00    0.03    0.04    4.24 v _232_/Y (sky130_fd_sc_hd__nor2_1)
                                         _009_ (net)
                  0.03    0.00    4.24 v _245_/D (sky130_fd_sc_hd__dfrtp_1)
                                  4.24   data arrival time

                         10.00   10.00   clock clk (rise edge)
                          0.50   10.50   clock source latency
     1    0.01    0.04    0.02   10.52 ^ clk (in)
                                         clk (net)
                  0.04    0.00   10.52 ^ clkbuf_0_clk/A (sky130_fd_sc_hd__clkbuf_16)
     2    0.02    0.04    0.12   10.64 ^ clkbuf_0_clk/X (sky130_fd_sc_hd__clkbuf_16)
                                         clknet_0_clk (net)
                  0.04    0.00   10.64 ^ clkbuf_1_1__f_clk/A (sky130_fd_sc_hd__clkbuf_16)
    13    0.03    0.05    0.13   10.77 ^ clkbuf_1_1__f_clk/X (sky130_fd_sc_hd__clkbuf_16)
                                         clknet_1_1__leaf_clk (net)
                  0.05    0.00   10.77 ^ _245_/CLK (sky130_fd_sc_hd__dfrtp_1)
                         -0.30   10.47   clock uncertainty
                          0.00   10.47   clock reconvergence pessimism
                         -0.11   10.37   library setup time
                                 10.37   data required time
-----------------------------------------------------------------------------
                                 10.37   data required time
                                 -4.24   data arrival time
-----------------------------------------------------------------------------
                                  6.12   slack (MET)


Startpoint: clk_stable (input port clocked by clk)
Endpoint: _246_ (rising edge-triggered flip-flop clocked by clk)
Path Group: clk
Path Type: max

Fanout     Cap    Slew   Delay    Time   Description
-----------------------------------------------------------------------------
                          0.00    0.00   clock clk (rise edge)
                          0.50    0.50   clock network delay (propagated)
                          3.00    3.50 ^ input external delay
     1    0.00    0.02    0.01    3.51 ^ clk_stable (in)
                                         clk_stable (net)
                  0.02    0.00    3.51 ^ input1/A (sky130_fd_sc_hd__clkbuf_1)
     1    0.00    0.04    0.07    3.58 ^ input1/X (sky130_fd_sc_hd__clkbuf_1)
                                         net1 (net)
                  0.04    0.00    3.58 ^ _158_/B (sky130_fd_sc_hd__nand2_1)
     2    0.00    0.04    0.05    3.63 v _158_/Y (sky130_fd_sc_hd__nand2_1)
                                         _095_ (net)
                  0.04    0.00    3.63 v _159_/B1_N (sky130_fd_sc_hd__o21bai_1)
     1    0.00    0.05    0.14    3.77 v _159_/Y (sky130_fd_sc_hd__o21bai_1)
                                         _096_ (net)
                  0.05    0.00    3.77 v _160_/A (sky130_fd_sc_hd__nand2_1)
     1    0.00    0.04    0.05    3.82 ^ _160_/Y (sky130_fd_sc_hd__nand2_1)
                                         _097_ (net)
                  0.04    0.00    3.82 ^ _166_/A (sky130_fd_sc_hd__nand2_1)
     2    0.00    0.04    0.05    3.87 v _166_/Y (sky130_fd_sc_hd__nand2_1)
                                         _103_ (net)
                  0.04    0.00    3.87 v _178_/B (sky130_fd_sc_hd__nor2_1)
     2    0.00    0.11    0.10    3.97 ^ _178_/Y (sky130_fd_sc_hd__nor2_1)
                                         _014_ (net)
                  0.11    0.00    3.97 ^ _204_/A (sky130_fd_sc_hd__nand3_1)
     1    0.01    0.11    0.12    4.09 v _204_/Y (sky130_fd_sc_hd__nand3_1)
                                         _030_ (net)
                  0.11    0.00    4.09 v _209_/A (sky130_fd_sc_hd__nand3_4)
     8    0.02    0.10    0.11    4.20 ^ _209_/Y (sky130_fd_sc_hd__nand3_4)
                                         _035_ (net)
                  0.10    0.00    4.20 ^ _236_/B (sky130_fd_sc_hd__nor2_1)
     1    0.00    0.03    0.04    4.24 v _236_/Y (sky130_fd_sc_hd__nor2_1)
                                         _010_ (net)
                  0.03    0.00    4.24 v _246_/D (sky130_fd_sc_hd__dfrtp_1)
                                  4.24   data arrival time

                         10.00   10.00   clock clk (rise edge)
                          0.50   10.50   clock source latency
     1    0.01    0.04    0.02   10.52 ^ clk (in)
                                         clk (net)
                  0.04    0.00   10.52 ^ clkbuf_0_clk/A (sky130_fd_sc_hd__clkbuf_16)
     2    0.02    0.04    0.12   10.64 ^ clkbuf_0_clk/X (sky130_fd_sc_hd__clkbuf_16)
                                         clknet_0_clk (net)
                  0.04    0.00   10.64 ^ clkbuf_1_1__f_clk/A (sky130_fd_sc_hd__clkbuf_16)
    13    0.03    0.05    0.13   10.77 ^ clkbuf_1_1__f_clk/X (sky130_fd_sc_hd__clkbuf_16)
                                         clknet_1_1__leaf_clk (net)
                  0.05    0.00   10.77 ^ _246_/CLK (sky130_fd_sc_hd__dfrtp_1)
                         -0.30   10.47   clock uncertainty
                          0.00   10.47   clock reconvergence pessimism
                         -0.11   10.37   library setup time
                                 10.37   data required time
-----------------------------------------------------------------------------
                                 10.37   data required time
                                 -4.24   data arrival time
-----------------------------------------------------------------------------
                                  6.12   slack (MET)


Startpoint: clk_stable (input port clocked by clk)
Endpoint: _258_ (rising edge-triggered flip-flop clocked by clk)
Path Group: clk
Path Type: max

Fanout     Cap    Slew   Delay    Time   Description
-----------------------------------------------------------------------------
                          0.00    0.00   clock clk (rise edge)
                          0.50    0.50   clock network delay (propagated)
                          3.00    3.50 ^ input external delay
     1    0.00    0.02    0.01    3.51 ^ clk_stable (in)
                                         clk_stable (net)
                  0.02    0.00    3.51 ^ input1/A (sky130_fd_sc_hd__clkbuf_1)
     1    0.00    0.04    0.07    3.58 ^ input1/X (sky130_fd_sc_hd__clkbuf_1)
                                         net1 (net)
                  0.04    0.00    3.58 ^ _158_/B (sky130_fd_sc_hd__nand2_1)
     2    0.00    0.04    0.05    3.63 v _158_/Y (sky130_fd_sc_hd__nand2_1)
                                         _095_ (net)
                  0.04    0.00    3.63 v _159_/B1_N (sky130_fd_sc_hd__o21bai_1)
     1    0.00    0.05    0.14    3.77 v _159_/Y (sky130_fd_sc_hd__o21bai_1)
                                         _096_ (net)
                  0.05    0.00    3.77 v _160_/A (sky130_fd_sc_hd__nand2_1)
     1    0.00    0.04    0.05    3.82 ^ _160_/Y (sky130_fd_sc_hd__nand2_1)
                                         _097_ (net)
                  0.04    0.00    3.82 ^ _166_/A (sky130_fd_sc_hd__nand2_1)
     2    0.00    0.04    0.05    3.87 v _166_/Y (sky130_fd_sc_hd__nand2_1)
                                         _103_ (net)
                  0.04    0.00    3.87 v _178_/B (sky130_fd_sc_hd__nor2_1)
     2    0.00    0.11    0.10    3.97 ^ _178_/Y (sky130_fd_sc_hd__nor2_1)
                                         _014_ (net)
                  0.11    0.00    3.97 ^ _187_/A (sky130_fd_sc_hd__nand2_1)
     1    0.00    0.04    0.05    4.02 v _187_/Y (sky130_fd_sc_hd__nand2_1)
                                         next_state[2] (net)
                  0.04    0.00    4.02 v _258_/D (sky130_fd_sc_hd__dfrtp_4)
                                  4.02   data arrival time

                         10.00   10.00   clock clk (rise edge)
                          0.50   10.50   clock source latency
     1    0.01    0.04    0.02   10.52 ^ clk (in)
                                         clk (net)
                  0.04    0.00   10.52 ^ clkbuf_0_clk/A (sky130_fd_sc_hd__clkbuf_16)
     2    0.02    0.04    0.12   10.64 ^ clkbuf_0_clk/X (sky130_fd_sc_hd__clkbuf_16)
                                         clknet_0_clk (net)
                  0.04    0.00   10.64 ^ clkbuf_1_0__f_clk/A (sky130_fd_sc_hd__clkbuf_16)
    16    0.03    0.05    0.13   10.77 ^ clkbuf_1_0__f_clk/X (sky130_fd_sc_hd__clkbuf_16)
                                         clknet_1_0__leaf_clk (net)
                  0.05    0.00   10.77 ^ _258_/CLK (sky130_fd_sc_hd__dfrtp_4)
                         -0.30   10.47   clock uncertainty
                          0.00   10.47   clock reconvergence pessimism
                         -0.11   10.36   library setup time
                                 10.36   data required time
-----------------------------------------------------------------------------
                                 10.36   data required time
                                 -4.02   data arrival time
-----------------------------------------------------------------------------
                                  6.34   slack (MET)


Startpoint: _256_ (rising edge-triggered flip-flop clocked by clk)
Endpoint: seq_busy (output port clocked by clk)
Path Group: clk
Path Type: max

Fanout     Cap    Slew   Delay    Time   Description
-----------------------------------------------------------------------------
                          0.00    0.00   clock clk (rise edge)
                          0.50    0.50   clock source latency
     1    0.01    0.04    0.02    0.52 ^ clk (in)
                                         clk (net)
                  0.04    0.00    0.52 ^ clkbuf_0_clk/A (sky130_fd_sc_hd__clkbuf_16)
     2    0.02    0.04    0.12    0.64 ^ clkbuf_0_clk/X (sky130_fd_sc_hd__clkbuf_16)
                                         clknet_0_clk (net)
                  0.04    0.00    0.64 ^ clkbuf_1_0__f_clk/A (sky130_fd_sc_hd__clkbuf_16)
    16    0.03    0.05    0.13    0.77 ^ clkbuf_1_0__f_clk/X (sky130_fd_sc_hd__clkbuf_16)
                                         clknet_1_0__leaf_clk (net)
                  0.05    0.00    0.77 ^ _256_/CLK (sky130_fd_sc_hd__dfrtp_4)
     8    0.02    0.08    0.50    1.27 v _256_/Q (sky130_fd_sc_hd__dfrtp_4)
                                         curr_state[0] (net)
                  0.08    0.00    1.27 v _138_/A (sky130_fd_sc_hd__nand2_1)
     3    0.01    0.10    0.11    1.39 ^ _138_/Y (sky130_fd_sc_hd__nand2_1)
                                         _077_ (net)
                  0.10    0.00    1.39 ^ _139_/A (sky130_fd_sc_hd__inv_2)
     2    0.00    0.03    0.04    1.43 v _139_/Y (sky130_fd_sc_hd__inv_2)
                                         _078_ (net)
                  0.03    0.00    1.43 v _140_/B (sky130_fd_sc_hd__nor2_1)
     1    0.00    0.07    0.07    1.50 ^ _140_/Y (sky130_fd_sc_hd__nor2_1)
                                         net18 (net)
                  0.07    0.00    1.50 ^ wire20/A (sky130_fd_sc_hd__buf_1)
     4    0.01    0.11    0.13    1.63 ^ wire20/X (sky130_fd_sc_hd__buf_1)
                                         net20 (net)
                  0.11    0.00    1.63 ^ output18/A (sky130_fd_sc_hd__clkbuf_2)
     1    0.02    0.12    0.18    1.81 ^ output18/X (sky130_fd_sc_hd__clkbuf_2)
                                         seq_busy (net)
                  0.12    0.00    1.81 ^ seq_busy (out)
                                  1.81   data arrival time

                         10.00   10.00   clock clk (rise edge)
                          0.50   10.50   clock network delay (propagated)
                         -0.30   10.20   clock uncertainty
                          0.00   10.20   clock reconvergence pessimism
                         -2.00    8.20   output external delay
                                  8.20   data required time
-----------------------------------------------------------------------------
                                  8.20   data required time
                                 -1.81   data arrival time
-----------------------------------------------------------------------------
                                  6.39   slack (MET)


Startpoint: _252_ (rising edge-triggered flip-flop clocked by clk)
Endpoint: retention_restore (output port clocked by clk)
Path Group: clk
Path Type: max

Fanout     Cap    Slew   Delay    Time   Description
-----------------------------------------------------------------------------
                          0.00    0.00   clock clk (rise edge)
                          0.50    0.50   clock source latency
     1    0.01    0.04    0.02    0.52 ^ clk (in)
                                         clk (net)
                  0.04    0.00    0.52 ^ clkbuf_0_clk/A (sky130_fd_sc_hd__clkbuf_16)
     2    0.02    0.04    0.12    0.64 ^ clkbuf_0_clk/X (sky130_fd_sc_hd__clkbuf_16)
                                         clknet_0_clk (net)
                  0.04    0.00    0.64 ^ clkbuf_1_0__f_clk/A (sky130_fd_sc_hd__clkbuf_16)
    16    0.03    0.05    0.13    0.77 ^ clkbuf_1_0__f_clk/X (sky130_fd_sc_hd__clkbuf_16)
                                         clknet_1_0__leaf_clk (net)
                  0.05    0.00    0.77 ^ _252_/CLK (sky130_fd_sc_hd__dfrtp_1)
     1    0.00    0.03    0.35    1.12 v _252_/Q (sky130_fd_sc_hd__dfrtp_1)
                                         net16 (net)
                  0.03    0.00    1.12 v output16/A (sky130_fd_sc_hd__buf_2)
     1    0.03    0.08    0.17    1.29 v output16/X (sky130_fd_sc_hd__buf_2)
                                         retention_restore (net)
                  0.08    0.00    1.29 v retention_restore (out)
                                  1.29   data arrival time

                         10.00   10.00   clock clk (rise edge)
                          0.50   10.50   clock network delay (propagated)
                         -0.30   10.20   clock uncertainty
                          0.00   10.20   clock reconvergence pessimism
                         -2.50    7.70   output external delay
                                  7.70   data required time
-----------------------------------------------------------------------------
                                  7.70   data required time
                                 -1.29   data arrival time
-----------------------------------------------------------------------------
                                  6.41   slack (MET)


Startpoint: _251_ (rising edge-triggered flip-flop clocked by clk)
Endpoint: retention_save (output port clocked by clk)
Path Group: clk
Path Type: max

Fanout     Cap    Slew   Delay    Time   Description
-----------------------------------------------------------------------------
                          0.00    0.00   clock clk (rise edge)
                          0.50    0.50   clock source latency
     1    0.01    0.04    0.02    0.52 ^ clk (in)
                                         clk (net)
                  0.04    0.00    0.52 ^ clkbuf_0_clk/A (sky130_fd_sc_hd__clkbuf_16)
     2    0.02    0.04    0.12    0.64 ^ clkbuf_0_clk/X (sky130_fd_sc_hd__clkbuf_16)
                                         clknet_0_clk (net)
                  0.04    0.00    0.64 ^ clkbuf_1_0__f_clk/A (sky130_fd_sc_hd__clkbuf_16)
    16    0.03    0.05    0.13    0.77 ^ clkbuf_1_0__f_clk/X (sky130_fd_sc_hd__clkbuf_16)
                                         clknet_1_0__leaf_clk (net)
                  0.05    0.00    0.77 ^ _251_/CLK (sky130_fd_sc_hd__dfrtp_1)
     1    0.00    0.03    0.35    1.12 v _251_/Q (sky130_fd_sc_hd__dfrtp_1)
                                         net17 (net)
                  0.03    0.00    1.12 v output17/A (sky130_fd_sc_hd__buf_2)
     1    0.03    0.08    0.17    1.29 v output17/X (sky130_fd_sc_hd__buf_2)
                                         retention_save (net)
                  0.08    0.00    1.29 v retention_save (out)
                                  1.29   data arrival time

                         10.00   10.00   clock clk (rise edge)
                          0.50   10.50   clock network delay (propagated)
                         -0.30   10.20   clock uncertainty
                          0.00   10.20   clock reconvergence pessimism
                         -2.50    7.70   output external delay
                                  7.70   data required time
-----------------------------------------------------------------------------
                                  7.70   data required time
                                 -1.29   data arrival time
-----------------------------------------------------------------------------
                                  6.41   slack (MET)


Startpoint: _253_ (rising edge-triggered flip-flop clocked by clk)
Endpoint: reset_ctrl (output port clocked by clk)
Path Group: clk
Path Type: max

Fanout     Cap    Slew   Delay    Time   Description
-----------------------------------------------------------------------------
                          0.00    0.00   clock clk (rise edge)
                          0.50    0.50   clock source latency
     1    0.01    0.04    0.02    0.52 ^ clk (in)
                                         clk (net)
                  0.04    0.00    0.52 ^ clkbuf_0_clk/A (sky130_fd_sc_hd__clkbuf_16)
     2    0.02    0.04    0.12    0.64 ^ clkbuf_0_clk/X (sky130_fd_sc_hd__clkbuf_16)
                                         clknet_0_clk (net)
                  0.04    0.00    0.64 ^ clkbuf_1_1__f_clk/A (sky130_fd_sc_hd__clkbuf_16)
    13    0.03    0.05    0.13    0.77 ^ clkbuf_1_1__f_clk/X (sky130_fd_sc_hd__clkbuf_16)
                                         clknet_1_1__leaf_clk (net)
                  0.05    0.00    0.77 ^ _253_/CLK (sky130_fd_sc_hd__dfrtp_1)
     1    0.00    0.03    0.35    1.12 v _253_/Q (sky130_fd_sc_hd__dfrtp_1)
                                         net14 (net)
                  0.03    0.00    1.12 v output14/A (sky130_fd_sc_hd__buf_2)
     1    0.03    0.08    0.17    1.29 v output14/X (sky130_fd_sc_hd__buf_2)
                                         reset_ctrl (net)
                  0.08    0.00    1.29 v reset_ctrl (out)
                                  1.29   data arrival time

                         10.00   10.00   clock clk (rise edge)
                          0.50   10.50   clock network delay (propagated)
                         -0.30   10.20   clock uncertainty
                          0.00   10.20   clock reconvergence pessimism
                         -2.50    7.70   output external delay
                                  7.70   data required time
-----------------------------------------------------------------------------
                                  7.70   data required time
                                 -1.29   data arrival time
-----------------------------------------------------------------------------
                                  6.41   slack (MET)


Startpoint: _239_ (rising edge-triggered flip-flop clocked by clk)
Endpoint: dvfs_ctrl[1] (output port clocked by clk)
Path Group: clk
Path Type: max

Fanout     Cap    Slew   Delay    Time   Description
-----------------------------------------------------------------------------
                          0.00    0.00   clock clk (rise edge)
                          0.50    0.50   clock source latency
     1    0.01    0.04    0.02    0.52 ^ clk (in)
                                         clk (net)
                  0.04    0.00    0.52 ^ clkbuf_0_clk/A (sky130_fd_sc_hd__clkbuf_16)
     2    0.02    0.04    0.12    0.64 ^ clkbuf_0_clk/X (sky130_fd_sc_hd__clkbuf_16)
                                         clknet_0_clk (net)
                  0.04    0.00    0.64 ^ clkbuf_1_1__f_clk/A (sky130_fd_sc_hd__clkbuf_16)
    13    0.03    0.05    0.13    0.77 ^ clkbuf_1_1__f_clk/X (sky130_fd_sc_hd__clkbuf_16)
                                         clknet_1_1__leaf_clk (net)
                  0.05    0.00    0.77 ^ _239_/CLK (sky130_fd_sc_hd__dfstp_1)
     1    0.00    0.04    0.49    1.26 ^ _239_/Q (sky130_fd_sc_hd__dfstp_1)
                                         net9 (net)
                  0.04    0.00    1.26 ^ output9/A (sky130_fd_sc_hd__clkbuf_2)
     1    0.02    0.12    0.15    1.42 ^ output9/X (sky130_fd_sc_hd__clkbuf_2)
                                         dvfs_ctrl[1] (net)
                  0.12    0.00    1.42 ^ dvfs_ctrl[1] (out)
                                  1.42   data arrival time

                         10.00   10.00   clock clk (rise edge)
                          0.50   10.50   clock network delay (propagated)
                         -0.30   10.20   clock uncertainty
                          0.00   10.20   clock reconvergence pessimism
                         -2.00    8.20   output external delay
                                  8.20   data required time
-----------------------------------------------------------------------------
                                  8.20   data required time
                                 -1.42   data arrival time
-----------------------------------------------------------------------------
                                  6.78   slack (MET)


Startpoint: _248_ (rising edge-triggered flip-flop clocked by clk)
Endpoint: clk_gate_en (output port clocked by clk)
Path Group: clk
Path Type: max

Fanout     Cap    Slew   Delay    Time   Description
-----------------------------------------------------------------------------
                          0.00    0.00   clock clk (rise edge)
                          0.50    0.50   clock source latency
     1    0.01    0.04    0.02    0.52 ^ clk (in)
                                         clk (net)
                  0.04    0.00    0.52 ^ clkbuf_0_clk/A (sky130_fd_sc_hd__clkbuf_16)
     2    0.02    0.04    0.12    0.64 ^ clkbuf_0_clk/X (sky130_fd_sc_hd__clkbuf_16)
                                         clknet_0_clk (net)
                  0.04    0.00    0.64 ^ clkbuf_1_0__f_clk/A (sky130_fd_sc_hd__clkbuf_16)
    16    0.03    0.05    0.13    0.77 ^ clkbuf_1_0__f_clk/X (sky130_fd_sc_hd__clkbuf_16)
                                         clknet_1_0__leaf_clk (net)
                  0.05    0.00    0.77 ^ _248_/CLK (sky130_fd_sc_hd__dfrtp_1)
     1    0.00    0.04    0.35    1.12 v _248_/Q (sky130_fd_sc_hd__dfrtp_1)
                                         net8 (net)
                  0.04    0.00    1.12 v output8/A (sky130_fd_sc_hd__buf_4)
     1    0.05    0.08    0.18    1.31 v output8/X (sky130_fd_sc_hd__buf_4)
                                         clk_gate_en (net)
                  0.08    0.00    1.31 v clk_gate_en (out)
                                  1.31   data arrival time

                         10.00   10.00   clock clk (rise edge)
                          0.50   10.50   clock network delay (propagated)
                         -0.30   10.20   clock uncertainty
                          0.00   10.20   clock reconvergence pessimism
                         -2.00    8.20   output external delay
                                  8.20   data required time
-----------------------------------------------------------------------------
                                  8.20   data required time
                                 -1.31   data arrival time
-----------------------------------------------------------------------------
                                  6.89   slack (MET)


Startpoint: _249_ (rising edge-triggered flip-flop clocked by clk)
Endpoint: pwr_gate_en (output port clocked by clk)
Path Group: clk
Path Type: max

Fanout     Cap    Slew   Delay    Time   Description
-----------------------------------------------------------------------------
                          0.00    0.00   clock clk (rise edge)
                          0.50    0.50   clock source latency
     1    0.01    0.04    0.02    0.52 ^ clk (in)
                                         clk (net)
                  0.04    0.00    0.52 ^ clkbuf_0_clk/A (sky130_fd_sc_hd__clkbuf_16)
     2    0.02    0.04    0.12    0.64 ^ clkbuf_0_clk/X (sky130_fd_sc_hd__clkbuf_16)
                                         clknet_0_clk (net)
                  0.04    0.00    0.64 ^ clkbuf_1_0__f_clk/A (sky130_fd_sc_hd__clkbuf_16)
    16    0.03    0.05    0.13    0.77 ^ clkbuf_1_0__f_clk/X (sky130_fd_sc_hd__clkbuf_16)
                                         clknet_1_0__leaf_clk (net)
                  0.05    0.00    0.77 ^ _249_/CLK (sky130_fd_sc_hd__dfrtp_1)
     1    0.00    0.04    0.35    1.12 v _249_/Q (sky130_fd_sc_hd__dfrtp_1)
                                         net11 (net)
                  0.04    0.00    1.12 v output11/A (sky130_fd_sc_hd__buf_4)
     1    0.05    0.08    0.18    1.31 v output11/X (sky130_fd_sc_hd__buf_4)
                                         pwr_gate_en (net)
                  0.08    0.00    1.31 v pwr_gate_en (out)
                                  1.31   data arrival time

                         10.00   10.00   clock clk (rise edge)
                          0.50   10.50   clock network delay (propagated)
                         -0.30   10.20   clock uncertainty
                          0.00   10.20   clock reconvergence pessimism
                         -2.00    8.20   output external delay
                                  8.20   data required time
-----------------------------------------------------------------------------
                                  8.20   data required time
                                 -1.31   data arrival time
-----------------------------------------------------------------------------
                                  6.89   slack (MET)


Startpoint: _250_ (rising edge-triggered flip-flop clocked by clk)
Endpoint: retention_en (output port clocked by clk)
Path Group: clk
Path Type: max

Fanout     Cap    Slew   Delay    Time   Description
-----------------------------------------------------------------------------
                          0.00    0.00   clock clk (rise edge)
                          0.50    0.50   clock source latency
     1    0.01    0.04    0.02    0.52 ^ clk (in)
                                         clk (net)
                  0.04    0.00    0.52 ^ clkbuf_0_clk/A (sky130_fd_sc_hd__clkbuf_16)
     2    0.02    0.04    0.12    0.64 ^ clkbuf_0_clk/X (sky130_fd_sc_hd__clkbuf_16)
                                         clknet_0_clk (net)
                  0.04    0.00    0.64 ^ clkbuf_1_0__f_clk/A (sky130_fd_sc_hd__clkbuf_16)
    16    0.03    0.05    0.13    0.77 ^ clkbuf_1_0__f_clk/X (sky130_fd_sc_hd__clkbuf_16)
                                         clknet_1_0__leaf_clk (net)
                  0.05    0.00    0.77 ^ _250_/CLK (sky130_fd_sc_hd__dfrtp_1)
     1    0.00    0.04    0.35    1.12 v _250_/Q (sky130_fd_sc_hd__dfrtp_1)
                                         net15 (net)
                  0.04    0.00    1.12 v output15/A (sky130_fd_sc_hd__buf_4)
     1    0.05    0.08    0.18    1.31 v output15/X (sky130_fd_sc_hd__buf_4)
                                         retention_en (net)
                  0.08    0.00    1.31 v retention_en (out)
                                  1.31   data arrival time

                         10.00   10.00   clock clk (rise edge)
                          0.50   10.50   clock network delay (propagated)
                         -0.30   10.20   clock uncertainty
                          0.00   10.20   clock reconvergence pessimism
                         -2.00    8.20   output external delay
                                  8.20   data required time
-----------------------------------------------------------------------------
                                  8.20   data required time
                                 -1.31   data arrival time
-----------------------------------------------------------------------------
                                  6.89   slack (MET)


Startpoint: _254_ (rising edge-triggered flip-flop clocked by clk)
Endpoint: pwr_state[0] (output port clocked by clk)
Path Group: clk
Path Type: max

Fanout     Cap    Slew   Delay    Time   Description
-----------------------------------------------------------------------------
                          0.00    0.00   clock clk (rise edge)
                          0.50    0.50   clock source latency
     1    0.01    0.04    0.02    0.52 ^ clk (in)
                                         clk (net)
                  0.04    0.00    0.52 ^ clkbuf_0_clk/A (sky130_fd_sc_hd__clkbuf_16)
     2    0.02    0.04    0.12    0.64 ^ clkbuf_0_clk/X (sky130_fd_sc_hd__clkbuf_16)
                                         clknet_0_clk (net)
                  0.04    0.00    0.64 ^ clkbuf_1_1__f_clk/A (sky130_fd_sc_hd__clkbuf_16)
    13    0.03    0.05    0.13    0.77 ^ clkbuf_1_1__f_clk/X (sky130_fd_sc_hd__clkbuf_16)
                                         clknet_1_1__leaf_clk (net)
                  0.05    0.00    0.77 ^ _254_/CLK (sky130_fd_sc_hd__dfrtp_1)
     1    0.00    0.04    0.35    1.12 v _254_/Q (sky130_fd_sc_hd__dfrtp_1)
                                         net12 (net)
                  0.04    0.00    1.12 v output12/A (sky130_fd_sc_hd__clkbuf_2)
     1    0.02    0.08    0.15    1.27 v output12/X (sky130_fd_sc_hd__clkbuf_2)
                                         pwr_state[0] (net)
                  0.08    0.00    1.27 v pwr_state[0] (out)
                                  1.27   data arrival time

                         10.00   10.00   clock clk (rise edge)
                          0.50   10.50   clock network delay (propagated)
                         -0.30   10.20   clock uncertainty
                          0.00   10.20   clock reconvergence pessimism
                         -2.00    8.20   output external delay
                                  8.20   data required time
-----------------------------------------------------------------------------
                                  8.20   data required time
                                 -1.27   data arrival time
-----------------------------------------------------------------------------
                                  6.93   slack (MET)


Startpoint: _255_ (rising edge-triggered flip-flop clocked by clk)
Endpoint: pwr_state[1] (output port clocked by clk)
Path Group: clk
Path Type: max

Fanout     Cap    Slew   Delay    Time   Description
-----------------------------------------------------------------------------
                          0.00    0.00   clock clk (rise edge)
                          0.50    0.50   clock source latency
     1    0.01    0.04    0.02    0.52 ^ clk (in)
                                         clk (net)
                  0.04    0.00    0.52 ^ clkbuf_0_clk/A (sky130_fd_sc_hd__clkbuf_16)
     2    0.02    0.04    0.12    0.64 ^ clkbuf_0_clk/X (sky130_fd_sc_hd__clkbuf_16)
                                         clknet_0_clk (net)
                  0.04    0.00    0.64 ^ clkbuf_1_1__f_clk/A (sky130_fd_sc_hd__clkbuf_16)
    13    0.03    0.05    0.13    0.77 ^ clkbuf_1_1__f_clk/X (sky130_fd_sc_hd__clkbuf_16)
                                         clknet_1_1__leaf_clk (net)
                  0.05    0.00    0.77 ^ _255_/CLK (sky130_fd_sc_hd__dfrtp_1)
     1    0.00    0.04    0.35    1.12 v _255_/Q (sky130_fd_sc_hd__dfrtp_1)
                                         net13 (net)
                  0.04    0.00    1.12 v output13/A (sky130_fd_sc_hd__clkbuf_2)
     1    0.02    0.08    0.15    1.27 v output13/X (sky130_fd_sc_hd__clkbuf_2)
                                         pwr_state[1] (net)
                  0.08    0.00    1.27 v pwr_state[1] (out)
                                  1.27   data arrival time

                         10.00   10.00   clock clk (rise edge)
                          0.50   10.50   clock network delay (propagated)
                         -0.30   10.20   clock uncertainty
                          0.00   10.20   clock reconvergence pessimism
                         -2.00    8.20   output external delay
                                  8.20   data required time
-----------------------------------------------------------------------------
                                  8.20   data required time
                                 -1.27   data arrival time
-----------------------------------------------------------------------------
                                  6.93   slack (MET)


Startpoint: wake_up (input port clocked by clk)
Endpoint: _259_ (rising edge-triggered flip-flop clocked by clk)
Path Group: clk
Path Type: max

Fanout     Cap    Slew   Delay    Time   Description
-----------------------------------------------------------------------------
                          0.00    0.00   clock clk (rise edge)
                          0.50    0.50   clock network delay (propagated)
                          2.00    2.50 v input external delay
     1    0.00    0.02    0.01    2.51 v wake_up (in)
                                         wake_up (net)
                  0.02    0.00    2.51 v input7/A (sky130_fd_sc_hd__clkbuf_1)
     1    0.00    0.02    0.07    2.58 v input7/X (sky130_fd_sc_hd__clkbuf_1)
                                         net7 (net)
                  0.02    0.00    2.58 v _259_/D (sky130_fd_sc_hd__dfrtp_1)
                                  2.58   data arrival time

                         10.00   10.00   clock clk (rise edge)
                          0.50   10.50   clock source latency
     1    0.01    0.04    0.02   10.52 ^ clk (in)
                                         clk (net)
                  0.04    0.00   10.52 ^ clkbuf_0_clk/A (sky130_fd_sc_hd__clkbuf_16)
     2    0.02    0.04    0.12   10.64 ^ clkbuf_0_clk/X (sky130_fd_sc_hd__clkbuf_16)
                                         clknet_0_clk (net)
                  0.04    0.00   10.64 ^ clkbuf_1_0__f_clk/A (sky130_fd_sc_hd__clkbuf_16)
    16    0.03    0.05    0.13   10.77 ^ clkbuf_1_0__f_clk/X (sky130_fd_sc_hd__clkbuf_16)
                                         clknet_1_0__leaf_clk (net)
                  0.05    0.00   10.77 ^ _259_/CLK (sky130_fd_sc_hd__dfrtp_1)
                         -0.30   10.47   clock uncertainty
                          0.00   10.47   clock reconvergence pessimism
                         -0.10   10.37   library setup time
                                 10.37   data required time
-----------------------------------------------------------------------------
                                 10.37   data required time
                                 -2.58   data arrival time
-----------------------------------------------------------------------------
                                  7.79   slack (MET)


Startpoint: req_off (input port clocked by clk)
Endpoint: _260_ (rising edge-triggered flip-flop clocked by clk)
Path Group: clk
Path Type: max

Fanout     Cap    Slew   Delay    Time   Description
-----------------------------------------------------------------------------
                          0.00    0.00   clock clk (rise edge)
                          0.50    0.50   clock network delay (propagated)
                          2.00    2.50 v input external delay
     1    0.00    0.02    0.01    2.51 v req_off (in)
                                         req_off (net)
                  0.02    0.00    2.51 v input4/A (sky130_fd_sc_hd__clkbuf_1)
     1    0.00    0.02    0.07    2.58 v input4/X (sky130_fd_sc_hd__clkbuf_1)
                                         net4 (net)
                  0.02    0.00    2.58 v _260_/D (sky130_fd_sc_hd__dfrtp_1)
                                  2.58   data arrival time

                         10.00   10.00   clock clk (rise edge)
                          0.50   10.50   clock source latency
     1    0.01    0.04    0.02   10.52 ^ clk (in)
                                         clk (net)
                  0.04    0.00   10.52 ^ clkbuf_0_clk/A (sky130_fd_sc_hd__clkbuf_16)
     2    0.02    0.04    0.12   10.64 ^ clkbuf_0_clk/X (sky130_fd_sc_hd__clkbuf_16)
                                         clknet_0_clk (net)
                  0.04    0.00   10.64 ^ clkbuf_1_0__f_clk/A (sky130_fd_sc_hd__clkbuf_16)
    16    0.03    0.05    0.13   10.77 ^ clkbuf_1_0__f_clk/X (sky130_fd_sc_hd__clkbuf_16)
                                         clknet_1_0__leaf_clk (net)
                  0.05    0.00   10.77 ^ _260_/CLK (sky130_fd_sc_hd__dfrtp_1)
                         -0.30   10.47   clock uncertainty
                          0.00   10.47   clock reconvergence pessimism
                         -0.10   10.37   library setup time
                                 10.37   data required time
-----------------------------------------------------------------------------
                                 10.37   data required time
                                 -2.58   data arrival time
-----------------------------------------------------------------------------
                                  7.79   slack (MET)


Startpoint: req_sleep (input port clocked by clk)
Endpoint: _261_ (rising edge-triggered flip-flop clocked by clk)
Path Group: clk
Path Type: max

Fanout     Cap    Slew   Delay    Time   Description
-----------------------------------------------------------------------------
                          0.00    0.00   clock clk (rise edge)
                          0.50    0.50   clock network delay (propagated)
                          2.00    2.50 v input external delay
     1    0.00    0.02    0.01    2.51 v req_sleep (in)
                                         req_sleep (net)
                  0.02    0.00    2.51 v input5/A (sky130_fd_sc_hd__clkbuf_1)
     1    0.00    0.02    0.07    2.58 v input5/X (sky130_fd_sc_hd__clkbuf_1)
                                         net5 (net)
                  0.02    0.00    2.58 v _261_/D (sky130_fd_sc_hd__dfrtp_1)
                                  2.58   data arrival time

                         10.00   10.00   clock clk (rise edge)
                          0.50   10.50   clock source latency
     1    0.01    0.04    0.02   10.52 ^ clk (in)
                                         clk (net)
                  0.04    0.00   10.52 ^ clkbuf_0_clk/A (sky130_fd_sc_hd__clkbuf_16)
     2    0.02    0.04    0.12   10.64 ^ clkbuf_0_clk/X (sky130_fd_sc_hd__clkbuf_16)
                                         clknet_0_clk (net)
                  0.04    0.00   10.64 ^ clkbuf_1_0__f_clk/A (sky130_fd_sc_hd__clkbuf_16)
    16    0.03    0.05    0.13   10.77 ^ clkbuf_1_0__f_clk/X (sky130_fd_sc_hd__clkbuf_16)
                                         clknet_1_0__leaf_clk (net)
                  0.05    0.00   10.77 ^ _261_/CLK (sky130_fd_sc_hd__dfrtp_1)
                         -0.30   10.47   clock uncertainty
                          0.00   10.47   clock reconvergence pessimism
                         -0.10   10.37   library setup time
                                 10.37   data required time
-----------------------------------------------------------------------------
                                 10.37   data required time
                                 -2.58   data arrival time
-----------------------------------------------------------------------------
                                  7.79   slack (MET)


Startpoint: req_idle (input port clocked by clk)
Endpoint: _262_ (rising edge-triggered flip-flop clocked by clk)
Path Group: clk
Path Type: max

Fanout     Cap    Slew   Delay    Time   Description
-----------------------------------------------------------------------------
                          0.00    0.00   clock clk (rise edge)
                          0.50    0.50   clock network delay (propagated)
                          2.00    2.50 v input external delay
     1    0.00    0.02    0.01    2.51 v req_idle (in)
                                         req_idle (net)
                  0.02    0.00    2.51 v input3/A (sky130_fd_sc_hd__clkbuf_1)
     1    0.00    0.02    0.07    2.58 v input3/X (sky130_fd_sc_hd__clkbuf_1)
                                         net3 (net)
                  0.02    0.00    2.58 v _262_/D (sky130_fd_sc_hd__dfrtp_1)
                                  2.58   data arrival time

                         10.00   10.00   clock clk (rise edge)
                          0.50   10.50   clock source latency
     1    0.01    0.04    0.02   10.52 ^ clk (in)
                                         clk (net)
                  0.04    0.00   10.52 ^ clkbuf_0_clk/A (sky130_fd_sc_hd__clkbuf_16)
     2    0.02    0.04    0.12   10.64 ^ clkbuf_0_clk/X (sky130_fd_sc_hd__clkbuf_16)
                                         clknet_0_clk (net)
                  0.04    0.00   10.64 ^ clkbuf_1_0__f_clk/A (sky130_fd_sc_hd__clkbuf_16)
    16    0.03    0.05    0.13   10.77 ^ clkbuf_1_0__f_clk/X (sky130_fd_sc_hd__clkbuf_16)
                                         clknet_1_0__leaf_clk (net)
                  0.05    0.00   10.77 ^ _262_/CLK (sky130_fd_sc_hd__dfrtp_1)
                         -0.30   10.47   clock uncertainty
                          0.00   10.47   clock reconvergence pessimism
                         -0.10   10.37   library setup time
                                 10.37   data required time
-----------------------------------------------------------------------------
                                 10.37   data required time
                                 -2.58   data arrival time
-----------------------------------------------------------------------------
                                  7.79   slack (MET)


Startpoint: _258_ (rising edge-triggered flip-flop clocked by clk)
Endpoint: _255_ (rising edge-triggered flip-flop clocked by clk)
Path Group: clk
Path Type: max

Fanout     Cap    Slew   Delay    Time   Description
-----------------------------------------------------------------------------
                          0.00    0.00   clock clk (rise edge)
                          0.50    0.50   clock source latency
     1    0.01    0.04    0.02    0.52 ^ clk (in)
                                         clk (net)
                  0.04    0.00    0.52 ^ clkbuf_0_clk/A (sky130_fd_sc_hd__clkbuf_16)
     2    0.02    0.04    0.12    0.64 ^ clkbuf_0_clk/X (sky130_fd_sc_hd__clkbuf_16)
                                         clknet_0_clk (net)
                  0.04    0.00    0.64 ^ clkbuf_1_0__f_clk/A (sky130_fd_sc_hd__clkbuf_16)
    16    0.03    0.05    0.13    0.77 ^ clkbuf_1_0__f_clk/X (sky130_fd_sc_hd__clkbuf_16)
                                         clknet_1_0__leaf_clk (net)
                  0.05    0.00    0.77 ^ _258_/CLK (sky130_fd_sc_hd__dfrtp_4)
     8    0.03    0.09    0.52    1.29 v _258_/Q (sky130_fd_sc_hd__dfrtp_4)
                                         curr_state[2] (net)
                  0.09    0.00    1.29 v _124_/A (sky130_fd_sc_hd__inv_6)
     6    0.01    0.05    0.08    1.36 ^ _124_/Y (sky130_fd_sc_hd__inv_6)
                                         _064_ (net)
                  0.05    0.00    1.36 ^ _125_/B (sky130_fd_sc_hd__nor2_1)
     3    0.01    0.05    0.05    1.41 v _125_/Y (sky130_fd_sc_hd__nor2_1)
                                         _065_ (net)
                  0.05    0.00    1.41 v _170_/A (sky130_fd_sc_hd__and2_1)
     3    0.01    0.05    0.15    1.56 v _170_/X (sky130_fd_sc_hd__and2_1)
                                         _107_ (net)
                  0.05    0.00    1.56 v _193_/B (sky130_fd_sc_hd__nor2_1)
     2    0.00    0.09    0.09    1.65 ^ _193_/Y (sky130_fd_sc_hd__nor2_1)
                                         _024_ (net)
                  0.09    0.00    1.65 ^ _194_/C_N (sky130_fd_sc_hd__or3b_1)
     1    0.00    0.06    0.34    1.99 v _194_/X (sky130_fd_sc_hd__or3b_1)
                                         _025_ (net)
                  0.06    0.00    1.99 v _195_/A (sky130_fd_sc_hd__clkbuf_1)
     1    0.00    0.02    0.09    2.08 v _195_/X (sky130_fd_sc_hd__clkbuf_1)
                                         _113_ (net)
                  0.02    0.00    2.08 v _255_/D (sky130_fd_sc_hd__dfrtp_1)
                                  2.08   data arrival time

                         10.00   10.00   clock clk (rise edge)
                          0.50   10.50   clock source latency
     1    0.01    0.04    0.02   10.52 ^ clk (in)
                                         clk (net)
                  0.04    0.00   10.52 ^ clkbuf_0_clk/A (sky130_fd_sc_hd__clkbuf_16)
     2    0.02    0.04    0.12   10.64 ^ clkbuf_0_clk/X (sky130_fd_sc_hd__clkbuf_16)
                                         clknet_0_clk (net)
                  0.04    0.00   10.64 ^ clkbuf_1_1__f_clk/A (sky130_fd_sc_hd__clkbuf_16)
    13    0.03    0.05    0.13   10.77 ^ clkbuf_1_1__f_clk/X (sky130_fd_sc_hd__clkbuf_16)
                                         clknet_1_1__leaf_clk (net)
                  0.05    0.00   10.77 ^ _255_/CLK (sky130_fd_sc_hd__dfrtp_1)
                         -0.30   10.47   clock uncertainty
                          0.00   10.47   clock reconvergence pessimism
                         -0.10   10.37   library setup time
                                 10.37   data required time
-----------------------------------------------------------------------------
                                 10.37   data required time
                                 -2.08   data arrival time
-----------------------------------------------------------------------------
                                  8.29   slack (MET)


Startpoint: _246_ (rising edge-triggered flip-flop clocked by clk)
Endpoint: _250_ (rising edge-triggered flip-flop clocked by clk)
Path Group: clk
Path Type: max

Fanout     Cap    Slew   Delay    Time   Description
-----------------------------------------------------------------------------
                          0.00    0.00   clock clk (rise edge)
                          0.50    0.50   clock source latency
     1    0.01    0.04    0.02    0.52 ^ clk (in)
                                         clk (net)
                  0.04    0.00    0.52 ^ clkbuf_0_clk/A (sky130_fd_sc_hd__clkbuf_16)
     2    0.02    0.04    0.12    0.64 ^ clkbuf_0_clk/X (sky130_fd_sc_hd__clkbuf_16)
                                         clknet_0_clk (net)
                  0.04    0.00    0.64 ^ clkbuf_1_1__f_clk/A (sky130_fd_sc_hd__clkbuf_16)
    13    0.03    0.05    0.13    0.77 ^ clkbuf_1_1__f_clk/X (sky130_fd_sc_hd__clkbuf_16)
                                         clknet_1_1__leaf_clk (net)
                  0.05    0.00    0.77 ^ _246_/CLK (sky130_fd_sc_hd__dfrtp_1)
     3    0.01    0.05    0.37    1.14 v _246_/Q (sky130_fd_sc_hd__dfrtp_1)
                                         seq_timer[6] (net)
                  0.05    0.00    1.14 v _121_/A (sky130_fd_sc_hd__nor2_1)
     2    0.00    0.11    0.13    1.27 ^ _121_/Y (sky130_fd_sc_hd__nor2_1)
                                         _061_ (net)
                  0.11    0.00    1.27 ^ _134_/B (sky130_fd_sc_hd__nand3_1)
     2    0.00    0.07    0.09    1.36 v _134_/Y (sky130_fd_sc_hd__nand3_1)
                                         _074_ (net)
                  0.07    0.00    1.36 v _135_/C (sky130_fd_sc_hd__or3_1)
     1    0.00    0.08    0.32    1.68 v _135_/X (sky130_fd_sc_hd__or3_1)
                                         _075_ (net)
                  0.08    0.00    1.68 v _136_/A (sky130_fd_sc_hd__inv_2)
     3    0.01    0.05    0.07    1.75 ^ _136_/Y (sky130_fd_sc_hd__inv_2)
                                         _076_ (net)
                  0.05    0.00    1.75 ^ _197_/A2 (sky130_fd_sc_hd__o21ai_1)
     1    0.00    0.04    0.05    1.80 v _197_/Y (sky130_fd_sc_hd__o21ai_1)
                                         _116_ (net)
                  0.04    0.00    1.80 v _250_/D (sky130_fd_sc_hd__dfrtp_1)
                                  1.80   data arrival time

                         10.00   10.00   clock clk (rise edge)
                          0.50   10.50   clock source latency
     1    0.01    0.04    0.02   10.52 ^ clk (in)
                                         clk (net)
                  0.04    0.00   10.52 ^ clkbuf_0_clk/A (sky130_fd_sc_hd__clkbuf_16)
     2    0.02    0.04    0.12   10.64 ^ clkbuf_0_clk/X (sky130_fd_sc_hd__clkbuf_16)
                                         clknet_0_clk (net)
                  0.04    0.00   10.64 ^ clkbuf_1_0__f_clk/A (sky130_fd_sc_hd__clkbuf_16)
    16    0.03    0.05    0.13   10.77 ^ clkbuf_1_0__f_clk/X (sky130_fd_sc_hd__clkbuf_16)
                                         clknet_1_0__leaf_clk (net)
                  0.05    0.00   10.77 ^ _250_/CLK (sky130_fd_sc_hd__dfrtp_1)
                         -0.30   10.47   clock uncertainty
                          0.00   10.47   clock reconvergence pessimism
                         -0.11   10.36   library setup time
                                 10.36   data required time
-----------------------------------------------------------------------------
                                 10.36   data required time
                                 -1.80   data arrival time
-----------------------------------------------------------------------------
                                  8.56   slack (MET)


Startpoint: _246_ (rising edge-triggered flip-flop clocked by clk)
Endpoint: _253_ (rising edge-triggered flip-flop clocked by clk)
Path Group: clk
Path Type: max

Fanout     Cap    Slew   Delay    Time   Description
-----------------------------------------------------------------------------
                          0.00    0.00   clock clk (rise edge)
                          0.50    0.50   clock source latency
     1    0.01    0.04    0.02    0.52 ^ clk (in)
                                         clk (net)
                  0.04    0.00    0.52 ^ clkbuf_0_clk/A (sky130_fd_sc_hd__clkbuf_16)
     2    0.02    0.04    0.12    0.64 ^ clkbuf_0_clk/X (sky130_fd_sc_hd__clkbuf_16)
                                         clknet_0_clk (net)
                  0.04    0.00    0.64 ^ clkbuf_1_1__f_clk/A (sky130_fd_sc_hd__clkbuf_16)
    13    0.03    0.05    0.13    0.77 ^ clkbuf_1_1__f_clk/X (sky130_fd_sc_hd__clkbuf_16)
                                         clknet_1_1__leaf_clk (net)
                  0.05    0.00    0.77 ^ _246_/CLK (sky130_fd_sc_hd__dfrtp_1)
     3    0.01    0.05    0.37    1.14 v _246_/Q (sky130_fd_sc_hd__dfrtp_1)
                                         seq_timer[6] (net)
                  0.05    0.00    1.14 v _121_/A (sky130_fd_sc_hd__nor2_1)
     2    0.00    0.11    0.13    1.27 ^ _121_/Y (sky130_fd_sc_hd__nor2_1)
                                         _061_ (net)
                  0.11    0.00    1.27 ^ _134_/B (sky130_fd_sc_hd__nand3_1)
     2    0.00    0.07    0.09    1.36 v _134_/Y (sky130_fd_sc_hd__nand3_1)
                                         _074_ (net)
                  0.07    0.00    1.36 v _135_/C (sky130_fd_sc_hd__or3_1)
     1    0.00    0.08    0.32    1.68 v _135_/X (sky130_fd_sc_hd__or3_1)
                                         _075_ (net)
                  0.08    0.00    1.68 v _136_/A (sky130_fd_sc_hd__inv_2)
     3    0.01    0.05    0.07    1.75 ^ _136_/Y (sky130_fd_sc_hd__inv_2)
                                         _076_ (net)
                  0.05    0.00    1.75 ^ _196_/A1 (sky130_fd_sc_hd__a21o_1)
     1    0.00    0.03    0.09    1.84 ^ _196_/X (sky130_fd_sc_hd__a21o_1)
                                         _115_ (net)
                  0.03    0.00    1.84 ^ _253_/D (sky130_fd_sc_hd__dfrtp_1)
                                  1.84   data arrival time

                         10.00   10.00   clock clk (rise edge)
                          0.50   10.50   clock source latency
     1    0.01    0.04    0.02   10.52 ^ clk (in)
                                         clk (net)
                  0.04    0.00   10.52 ^ clkbuf_0_clk/A (sky130_fd_sc_hd__clkbuf_16)
     2    0.02    0.04    0.12   10.64 ^ clkbuf_0_clk/X (sky130_fd_sc_hd__clkbuf_16)
                                         clknet_0_clk (net)
                  0.04    0.00   10.64 ^ clkbuf_1_1__f_clk/A (sky130_fd_sc_hd__clkbuf_16)
    13    0.03    0.05    0.13   10.77 ^ clkbuf_1_1__f_clk/X (sky130_fd_sc_hd__clkbuf_16)
                                         clknet_1_1__leaf_clk (net)
                  0.05    0.00   10.77 ^ _253_/CLK (sky130_fd_sc_hd__dfrtp_1)
                         -0.30   10.47   clock uncertainty
                          0.00   10.47   clock reconvergence pessimism
                         -0.06   10.42   library setup time
                                 10.42   data required time
-----------------------------------------------------------------------------
                                 10.42   data required time
                                 -1.84   data arrival time
-----------------------------------------------------------------------------
                                  8.57   slack (MET)


Startpoint: _246_ (rising edge-triggered flip-flop clocked by clk)
Endpoint: _252_ (rising edge-triggered flip-flop clocked by clk)
Path Group: clk
Path Type: max

Fanout     Cap    Slew   Delay    Time   Description
-----------------------------------------------------------------------------
                          0.00    0.00   clock clk (rise edge)
                          0.50    0.50   clock source latency
     1    0.01    0.04    0.02    0.52 ^ clk (in)
                                         clk (net)
                  0.04    0.00    0.52 ^ clkbuf_0_clk/A (sky130_fd_sc_hd__clkbuf_16)
     2    0.02    0.04    0.12    0.64 ^ clkbuf_0_clk/X (sky130_fd_sc_hd__clkbuf_16)
                                         clknet_0_clk (net)
                  0.04    0.00    0.64 ^ clkbuf_1_1__f_clk/A (sky130_fd_sc_hd__clkbuf_16)
    13    0.03    0.05    0.13    0.77 ^ clkbuf_1_1__f_clk/X (sky130_fd_sc_hd__clkbuf_16)
                                         clknet_1_1__leaf_clk (net)
                  0.05    0.00    0.77 ^ _246_/CLK (sky130_fd_sc_hd__dfrtp_1)
     3    0.01    0.05    0.37    1.14 v _246_/Q (sky130_fd_sc_hd__dfrtp_1)
                                         seq_timer[6] (net)
                  0.05    0.00    1.14 v _121_/A (sky130_fd_sc_hd__nor2_1)
     2    0.00    0.11    0.13    1.27 ^ _121_/Y (sky130_fd_sc_hd__nor2_1)
                                         _061_ (net)
                  0.11    0.00    1.27 ^ _134_/B (sky130_fd_sc_hd__nand3_1)
     2    0.00    0.07    0.09    1.36 v _134_/Y (sky130_fd_sc_hd__nand3_1)
                                         _074_ (net)
                  0.07    0.00    1.36 v _135_/C (sky130_fd_sc_hd__or3_1)
     1    0.00    0.08    0.32    1.68 v _135_/X (sky130_fd_sc_hd__or3_1)
                                         _075_ (net)
                  0.08    0.00    1.68 v _136_/A (sky130_fd_sc_hd__inv_2)
     3    0.01    0.05    0.07    1.75 ^ _136_/Y (sky130_fd_sc_hd__inv_2)
                                         _076_ (net)
                  0.05    0.00    1.75 ^ _137_/B (sky130_fd_sc_hd__nor2_1)
     1    0.00    0.03    0.03    1.78 v _137_/Y (sky130_fd_sc_hd__nor2_1)
                                         _114_ (net)
                  0.03    0.00    1.78 v _252_/D (sky130_fd_sc_hd__dfrtp_1)
                                  1.78   data arrival time

                         10.00   10.00   clock clk (rise edge)
                          0.50   10.50   clock source latency
     1    0.01    0.04    0.02   10.52 ^ clk (in)
                                         clk (net)
                  0.04    0.00   10.52 ^ clkbuf_0_clk/A (sky130_fd_sc_hd__clkbuf_16)
     2    0.02    0.04    0.12   10.64 ^ clkbuf_0_clk/X (sky130_fd_sc_hd__clkbuf_16)
                                         clknet_0_clk (net)
                  0.04    0.00   10.64 ^ clkbuf_1_0__f_clk/A (sky130_fd_sc_hd__clkbuf_16)
    16    0.03    0.05    0.13   10.77 ^ clkbuf_1_0__f_clk/X (sky130_fd_sc_hd__clkbuf_16)
                                         clknet_1_0__leaf_clk (net)
                  0.05    0.00   10.77 ^ _252_/CLK (sky130_fd_sc_hd__dfrtp_1)
                         -0.30   10.47   clock uncertainty
                          0.00   10.47   clock reconvergence pessimism
                         -0.10   10.37   library setup time
                                 10.37   data required time
-----------------------------------------------------------------------------
                                 10.37   data required time
                                 -1.78   data arrival time
-----------------------------------------------------------------------------
                                  8.58   slack (MET)


Startpoint: _256_ (rising edge-triggered flip-flop clocked by clk)
Endpoint: _256_ (rising edge-triggered flip-flop clocked by clk)
Path Group: clk
Path Type: max

Fanout     Cap    Slew   Delay    Time   Description
-----------------------------------------------------------------------------
                          0.00    0.00   clock clk (rise edge)
                          0.50    0.50   clock source latency
     1    0.01    0.04    0.02    0.52 ^ clk (in)
                                         clk (net)
                  0.04    0.00    0.52 ^ clkbuf_0_clk/A (sky130_fd_sc_hd__clkbuf_16)
     2    0.02    0.04    0.12    0.64 ^ clkbuf_0_clk/X (sky130_fd_sc_hd__clkbuf_16)
                                         clknet_0_clk (net)
                  0.04    0.00    0.64 ^ clkbuf_1_0__f_clk/A (sky130_fd_sc_hd__clkbuf_16)
    16    0.03    0.05    0.13    0.77 ^ clkbuf_1_0__f_clk/X (sky130_fd_sc_hd__clkbuf_16)
                                         clknet_1_0__leaf_clk (net)
                  0.05    0.00    0.77 ^ _256_/CLK (sky130_fd_sc_hd__dfrtp_4)
     8    0.02    0.08    0.50    1.27 v _256_/Q (sky130_fd_sc_hd__dfrtp_4)
                                         curr_state[0] (net)
                  0.08    0.00    1.27 v _138_/A (sky130_fd_sc_hd__nand2_1)
     3    0.01    0.10    0.11    1.39 ^ _138_/Y (sky130_fd_sc_hd__nand2_1)
                                         _077_ (net)
                  0.10    0.00    1.39 ^ _142_/B1 (sky130_fd_sc_hd__o21a_1)
     1    0.00    0.04    0.12    1.51 ^ _142_/X (sky130_fd_sc_hd__o21a_1)
                                         _080_ (net)
                  0.04    0.00    1.51 ^ _149_/A (sky130_fd_sc_hd__nand2_1)
     1    0.00    0.03    0.04    1.55 v _149_/Y (sky130_fd_sc_hd__nand2_1)
                                         _087_ (net)
                  0.03    0.00    1.55 v _151_/A (sky130_fd_sc_hd__nand2_1)
     1    0.00    0.04    0.04    1.59 ^ _151_/Y (sky130_fd_sc_hd__nand2_1)
                                         _089_ (net)
                  0.04    0.00    1.59 ^ _154_/A (sky130_fd_sc_hd__nand2_1)
     2    0.00    0.05    0.05    1.64 v _154_/Y (sky130_fd_sc_hd__nand2_1)
                                         _092_ (net)
                  0.05    0.00    1.64 v _156_/A (sky130_fd_sc_hd__nand2_1)
     2    0.01    0.08    0.08    1.73 ^ _156_/Y (sky130_fd_sc_hd__nand2_1)
                                         _094_ (net)
                  0.08    0.00    1.73 ^ _157_/A (sky130_fd_sc_hd__inv_2)
     1    0.00    0.02    0.03    1.75 v _157_/Y (sky130_fd_sc_hd__inv_2)
                                         next_state[0] (net)
                  0.02    0.00    1.75 v _256_/D (sky130_fd_sc_hd__dfrtp_4)
                                  1.75   data arrival time

                         10.00   10.00   clock clk (rise edge)
                          0.50   10.50   clock source latency
     1    0.01    0.04    0.02   10.52 ^ clk (in)
                                         clk (net)
                  0.04    0.00   10.52 ^ clkbuf_0_clk/A (sky130_fd_sc_hd__clkbuf_16)
     2    0.02    0.04    0.12   10.64 ^ clkbuf_0_clk/X (sky130_fd_sc_hd__clkbuf_16)
                                         clknet_0_clk (net)
                  0.04    0.00   10.64 ^ clkbuf_1_0__f_clk/A (sky130_fd_sc_hd__clkbuf_16)
    16    0.03    0.05    0.13   10.77 ^ clkbuf_1_0__f_clk/X (sky130_fd_sc_hd__clkbuf_16)
                                         clknet_1_0__leaf_clk (net)
                  0.05    0.00   10.77 ^ _256_/CLK (sky130_fd_sc_hd__dfrtp_4)
                         -0.30   10.47   clock uncertainty
                          0.00   10.47   clock reconvergence pessimism
                         -0.10   10.37   library setup time
                                 10.37   data required time
-----------------------------------------------------------------------------
                                 10.37   data required time
                                 -1.75   data arrival time
-----------------------------------------------------------------------------
                                  8.62   slack (MET)


Startpoint: _246_ (rising edge-triggered flip-flop clocked by clk)
Endpoint: _251_ (rising edge-triggered flip-flop clocked by clk)
Path Group: clk
Path Type: max

Fanout     Cap    Slew   Delay    Time   Description
-----------------------------------------------------------------------------
                          0.00    0.00   clock clk (rise edge)
                          0.50    0.50   clock source latency
     1    0.01    0.04    0.02    0.52 ^ clk (in)
                                         clk (net)
                  0.04    0.00    0.52 ^ clkbuf_0_clk/A (sky130_fd_sc_hd__clkbuf_16)
     2    0.02    0.04    0.12    0.64 ^ clkbuf_0_clk/X (sky130_fd_sc_hd__clkbuf_16)
                                         clknet_0_clk (net)
                  0.04    0.00    0.64 ^ clkbuf_1_1__f_clk/A (sky130_fd_sc_hd__clkbuf_16)
    13    0.03    0.05    0.13    0.77 ^ clkbuf_1_1__f_clk/X (sky130_fd_sc_hd__clkbuf_16)
                                         clknet_1_1__leaf_clk (net)
                  0.05    0.00    0.77 ^ _246_/CLK (sky130_fd_sc_hd__dfrtp_1)
     3    0.01    0.05    0.37    1.14 v _246_/Q (sky130_fd_sc_hd__dfrtp_1)
                                         seq_timer[6] (net)
                  0.05    0.00    1.14 v _121_/A (sky130_fd_sc_hd__nor2_1)
     2    0.00    0.11    0.13    1.27 ^ _121_/Y (sky130_fd_sc_hd__nor2_1)
                                         _061_ (net)
                  0.11    0.00    1.27 ^ _122_/B (sky130_fd_sc_hd__nand2_1)
     3    0.01    0.07    0.09    1.36 v _122_/Y (sky130_fd_sc_hd__nand2_1)
                                         _062_ (net)
                  0.07    0.00    1.36 v _123_/B (sky130_fd_sc_hd__nor2_1)
     3    0.01    0.15    0.14    1.50 ^ _123_/Y (sky130_fd_sc_hd__nor2_1)
                                         _063_ (net)
                  0.15    0.00    1.50 ^ _198_/C1 (sky130_fd_sc_hd__o211a_1)
     1    0.00    0.04    0.15    1.66 ^ _198_/X (sky130_fd_sc_hd__o211a_1)
                                         _003_ (net)
                  0.04    0.00    1.66 ^ _251_/D (sky130_fd_sc_hd__dfrtp_1)
                                  1.66   data arrival time

                         10.00   10.00   clock clk (rise edge)
                          0.50   10.50   clock source latency
     1    0.01    0.04    0.02   10.52 ^ clk (in)
                                         clk (net)
                  0.04    0.00   10.52 ^ clkbuf_0_clk/A (sky130_fd_sc_hd__clkbuf_16)
     2    0.02    0.04    0.12   10.64 ^ clkbuf_0_clk/X (sky130_fd_sc_hd__clkbuf_16)
                                         clknet_0_clk (net)
                  0.04    0.00   10.64 ^ clkbuf_1_0__f_clk/A (sky130_fd_sc_hd__clkbuf_16)
    16    0.03    0.05    0.13   10.77 ^ clkbuf_1_0__f_clk/X (sky130_fd_sc_hd__clkbuf_16)
                                         clknet_1_0__leaf_clk (net)
                  0.05    0.00   10.77 ^ _251_/CLK (sky130_fd_sc_hd__dfrtp_1)
                         -0.30   10.47   clock uncertainty
                          0.00   10.47   clock reconvergence pessimism
                         -0.06   10.41   library setup time
                                 10.41   data required time
-----------------------------------------------------------------------------
                                 10.41   data required time
                                 -1.66   data arrival time
-----------------------------------------------------------------------------
                                  8.76   slack (MET)


Startpoint: _258_ (rising edge-triggered flip-flop clocked by clk)
Endpoint: _239_ (rising edge-triggered flip-flop clocked by clk)
Path Group: clk
Path Type: max

Fanout     Cap    Slew   Delay    Time   Description
-----------------------------------------------------------------------------
                          0.00    0.00   clock clk (rise edge)
                          0.50    0.50   clock source latency
     1    0.01    0.04    0.02    0.52 ^ clk (in)
                                         clk (net)
                  0.04    0.00    0.52 ^ clkbuf_0_clk/A (sky130_fd_sc_hd__clkbuf_16)
     2    0.02    0.04    0.12    0.64 ^ clkbuf_0_clk/X (sky130_fd_sc_hd__clkbuf_16)
                                         clknet_0_clk (net)
                  0.04    0.00    0.64 ^ clkbuf_1_0__f_clk/A (sky130_fd_sc_hd__clkbuf_16)
    16    0.03    0.05    0.13    0.77 ^ clkbuf_1_0__f_clk/X (sky130_fd_sc_hd__clkbuf_16)
                                         clknet_1_0__leaf_clk (net)
                  0.05    0.00    0.77 ^ _258_/CLK (sky130_fd_sc_hd__dfrtp_4)
     8    0.03    0.09    0.52    1.29 v _258_/Q (sky130_fd_sc_hd__dfrtp_4)
                                         curr_state[2] (net)
                  0.09    0.00    1.29 v _124_/A (sky130_fd_sc_hd__inv_6)
     6    0.01    0.05    0.08    1.36 ^ _124_/Y (sky130_fd_sc_hd__inv_6)
                                         _064_ (net)
                  0.05    0.00    1.36 ^ _180_/A (sky130_fd_sc_hd__nand2_1)
     2    0.01    0.06    0.06    1.43 v _180_/Y (sky130_fd_sc_hd__nand2_1)
                                         _016_ (net)
                  0.06    0.00    1.43 v _189_/B (sky130_fd_sc_hd__nor2_1)
     2    0.01    0.15    0.14    1.57 ^ _189_/Y (sky130_fd_sc_hd__nor2_1)
                                         _022_ (net)
                  0.15    0.00    1.57 ^ _190_/A (sky130_fd_sc_hd__inv_2)
     1    0.00    0.03    0.04    1.60 v _190_/Y (sky130_fd_sc_hd__inv_2)
                                         _001_ (net)
                  0.03    0.00    1.60 v _239_/D (sky130_fd_sc_hd__dfstp_1)
                                  1.60   data arrival time

                         10.00   10.00   clock clk (rise edge)
                          0.50   10.50   clock source latency
     1    0.01    0.04    0.02   10.52 ^ clk (in)
                                         clk (net)
                  0.04    0.00   10.52 ^ clkbuf_0_clk/A (sky130_fd_sc_hd__clkbuf_16)
     2    0.02    0.04    0.12   10.64 ^ clkbuf_0_clk/X (sky130_fd_sc_hd__clkbuf_16)
                                         clknet_0_clk (net)
                  0.04    0.00   10.64 ^ clkbuf_1_1__f_clk/A (sky130_fd_sc_hd__clkbuf_16)
    13    0.03    0.05    0.13   10.77 ^ clkbuf_1_1__f_clk/X (sky130_fd_sc_hd__clkbuf_16)
                                         clknet_1_1__leaf_clk (net)
                  0.05    0.00   10.77 ^ _239_/CLK (sky130_fd_sc_hd__dfstp_1)
                         -0.30   10.47   clock uncertainty
                          0.00   10.47   clock reconvergence pessimism
                         -0.06   10.41   library setup time
                                 10.41   data required time
-----------------------------------------------------------------------------
                                 10.41   data required time
                                 -1.60   data arrival time
-----------------------------------------------------------------------------
                                  8.81   slack (MET)


Startpoint: _257_ (rising edge-triggered flip-flop clocked by clk)
Endpoint: _248_ (rising edge-triggered flip-flop clocked by clk)
Path Group: clk
Path Type: max

Fanout     Cap    Slew   Delay    Time   Description
-----------------------------------------------------------------------------
                          0.00    0.00   clock clk (rise edge)
                          0.50    0.50   clock source latency
     1    0.01    0.04    0.02    0.52 ^ clk (in)
                                         clk (net)
                  0.04    0.00    0.52 ^ clkbuf_0_clk/A (sky130_fd_sc_hd__clkbuf_16)
     2    0.02    0.04    0.12    0.64 ^ clkbuf_0_clk/X (sky130_fd_sc_hd__clkbuf_16)
                                         clknet_0_clk (net)
                  0.04    0.00    0.64 ^ clkbuf_1_0__f_clk/A (sky130_fd_sc_hd__clkbuf_16)
    16    0.03    0.05    0.13    0.77 ^ clkbuf_1_0__f_clk/X (sky130_fd_sc_hd__clkbuf_16)
                                         clknet_1_0__leaf_clk (net)
                  0.05    0.00    0.77 ^ _257_/CLK (sky130_fd_sc_hd__dfrtp_1)
     3    0.01    0.07    0.39    1.16 v _257_/Q (sky130_fd_sc_hd__dfrtp_1)
                                         curr_state[1] (net)
                  0.07    0.00    1.16 v _126_/A (sky130_fd_sc_hd__clkbuf_2)
     8    0.02    0.08    0.15    1.31 v _126_/X (sky130_fd_sc_hd__clkbuf_2)
                                         _066_ (net)
                  0.08    0.00    1.31 v _188_/A2 (sky130_fd_sc_hd__o21a_1)
     1    0.00    0.03    0.17    1.48 v _188_/X (sky130_fd_sc_hd__o21a_1)
                                         _000_ (net)
                  0.03    0.00    1.48 v _248_/D (sky130_fd_sc_hd__dfrtp_1)
                                  1.48   data arrival time

                         10.00   10.00   clock clk (rise edge)
                          0.50   10.50   clock source latency
     1    0.01    0.04    0.02   10.52 ^ clk (in)
                                         clk (net)
                  0.04    0.00   10.52 ^ clkbuf_0_clk/A (sky130_fd_sc_hd__clkbuf_16)
     2    0.02    0.04    0.12   10.64 ^ clkbuf_0_clk/X (sky130_fd_sc_hd__clkbuf_16)
                                         clknet_0_clk (net)
                  0.04    0.00   10.64 ^ clkbuf_1_0__f_clk/A (sky130_fd_sc_hd__clkbuf_16)
    16    0.03    0.05    0.13   10.77 ^ clkbuf_1_0__f_clk/X (sky130_fd_sc_hd__clkbuf_16)
                                         clknet_1_0__leaf_clk (net)
                  0.05    0.00   10.77 ^ _248_/CLK (sky130_fd_sc_hd__dfrtp_1)
                         -0.30   10.47   clock uncertainty
                          0.00   10.47   clock reconvergence pessimism
                         -0.11   10.37   library setup time
                                 10.37   data required time
-----------------------------------------------------------------------------
                                 10.37   data required time
                                 -1.48   data arrival time
-----------------------------------------------------------------------------
                                  8.88   slack (MET)


Startpoint: _257_ (rising edge-triggered flip-flop clocked by clk)
Endpoint: _254_ (rising edge-triggered flip-flop clocked by clk)
Path Group: clk
Path Type: max

Fanout     Cap    Slew   Delay    Time   Description
-----------------------------------------------------------------------------
                          0.00    0.00   clock clk (rise edge)
                          0.50    0.50   clock source latency
     1    0.01    0.04    0.02    0.52 ^ clk (in)
                                         clk (net)
                  0.04    0.00    0.52 ^ clkbuf_0_clk/A (sky130_fd_sc_hd__clkbuf_16)
     2    0.02    0.04    0.12    0.64 ^ clkbuf_0_clk/X (sky130_fd_sc_hd__clkbuf_16)
                                         clknet_0_clk (net)
                  0.04    0.00    0.64 ^ clkbuf_1_0__f_clk/A (sky130_fd_sc_hd__clkbuf_16)
    16    0.03    0.05    0.13    0.77 ^ clkbuf_1_0__f_clk/X (sky130_fd_sc_hd__clkbuf_16)
                                         clknet_1_0__leaf_clk (net)
                  0.05    0.00    0.77 ^ _257_/CLK (sky130_fd_sc_hd__dfrtp_1)
     3    0.01    0.07    0.39    1.16 v _257_/Q (sky130_fd_sc_hd__dfrtp_1)
                                         curr_state[1] (net)
                  0.07    0.00    1.16 v _126_/A (sky130_fd_sc_hd__clkbuf_2)
     8    0.02    0.08    0.15    1.31 v _126_/X (sky130_fd_sc_hd__clkbuf_2)
                                         _066_ (net)
                  0.08    0.00    1.31 v _191_/A2 (sky130_fd_sc_hd__a21oi_1)
     1    0.00    0.09    0.14    1.45 ^ _191_/Y (sky130_fd_sc_hd__a21oi_1)
                                         _112_ (net)
                  0.09    0.00    1.45 ^ _254_/D (sky130_fd_sc_hd__dfrtp_1)
                                  1.45   data arrival time

                         10.00   10.00   clock clk (rise edge)
                          0.50   10.50   clock source latency
     1    0.01    0.04    0.02   10.52 ^ clk (in)
                                         clk (net)
                  0.04    0.00   10.52 ^ clkbuf_0_clk/A (sky130_fd_sc_hd__clkbuf_16)
     2    0.02    0.04    0.12   10.64 ^ clkbuf_0_clk/X (sky130_fd_sc_hd__clkbuf_16)
                                         clknet_0_clk (net)
                  0.04    0.00   10.64 ^ clkbuf_1_1__f_clk/A (sky130_fd_sc_hd__clkbuf_16)
    13    0.03    0.05    0.13   10.77 ^ clkbuf_1_1__f_clk/X (sky130_fd_sc_hd__clkbuf_16)
                                         clknet_1_1__leaf_clk (net)
                  0.05    0.00   10.77 ^ _254_/CLK (sky130_fd_sc_hd__dfrtp_1)
                         -0.30   10.47   clock uncertainty
                          0.00   10.47   clock reconvergence pessimism
                         -0.07   10.40   library setup time
                                 10.40   data required time
-----------------------------------------------------------------------------
                                 10.40   data required time
                                 -1.45   data arrival time
-----------------------------------------------------------------------------
                                  8.95   slack (MET)


Startpoint: _258_ (rising edge-triggered flip-flop clocked by clk)
Endpoint: _249_ (rising edge-triggered flip-flop clocked by clk)
Path Group: clk
Path Type: max

Fanout     Cap    Slew   Delay    Time   Description
-----------------------------------------------------------------------------
                          0.00    0.00   clock clk (rise edge)
                          0.50    0.50   clock source latency
     1    0.01    0.04    0.02    0.52 ^ clk (in)
                                         clk (net)
                  0.04    0.00    0.52 ^ clkbuf_0_clk/A (sky130_fd_sc_hd__clkbuf_16)
     2    0.02    0.04    0.12    0.64 ^ clkbuf_0_clk/X (sky130_fd_sc_hd__clkbuf_16)
                                         clknet_0_clk (net)
                  0.04    0.00    0.64 ^ clkbuf_1_0__f_clk/A (sky130_fd_sc_hd__clkbuf_16)
    16    0.03    0.05    0.13    0.77 ^ clkbuf_1_0__f_clk/X (sky130_fd_sc_hd__clkbuf_16)
                                         clknet_1_0__leaf_clk (net)
                  0.05    0.00    0.77 ^ _258_/CLK (sky130_fd_sc_hd__dfrtp_4)
     8    0.03    0.09    0.52    1.29 v _258_/Q (sky130_fd_sc_hd__dfrtp_4)
                                         curr_state[2] (net)
                  0.09    0.00    1.29 v _183_/A (sky130_fd_sc_hd__nor2_1)
     2    0.00    0.11    0.13    1.42 ^ _183_/Y (sky130_fd_sc_hd__nor2_1)
                                         _002_ (net)
                  0.11    0.00    1.42 ^ _249_/D (sky130_fd_sc_hd__dfrtp_1)
                                  1.42   data arrival time

                         10.00   10.00   clock clk (rise edge)
                          0.50   10.50   clock source latency
     1    0.01    0.04    0.02   10.52 ^ clk (in)
                                         clk (net)
                  0.04    0.00   10.52 ^ clkbuf_0_clk/A (sky130_fd_sc_hd__clkbuf_16)
     2    0.02    0.04    0.12   10.64 ^ clkbuf_0_clk/X (sky130_fd_sc_hd__clkbuf_16)
                                         clknet_0_clk (net)
                  0.04    0.00   10.64 ^ clkbuf_1_0__f_clk/A (sky130_fd_sc_hd__clkbuf_16)
    16    0.03    0.05    0.13   10.77 ^ clkbuf_1_0__f_clk/X (sky130_fd_sc_hd__clkbuf_16)
                                         clknet_1_0__leaf_clk (net)
                  0.05    0.00   10.77 ^ _249_/CLK (sky130_fd_sc_hd__dfrtp_1)
                         -0.30   10.47   clock uncertainty
                          0.00   10.47   clock reconvergence pessimism
                         -0.07   10.40   library setup time
                                 10.40   data required time
-----------------------------------------------------------------------------
                                 10.40   data required time
                                 -1.42   data arrival time
-----------------------------------------------------------------------------
                                  8.98   slack (MET)


Startpoint: _259_ (rising edge-triggered flip-flop clocked by clk)
Endpoint: _263_ (rising edge-triggered flip-flop clocked by clk)
Path Group: clk
Path Type: max

Fanout     Cap    Slew   Delay    Time   Description
-----------------------------------------------------------------------------
                          0.00    0.00   clock clk (rise edge)
                          0.50    0.50   clock source latency
     1    0.01    0.04    0.02    0.52 ^ clk (in)
                                         clk (net)
                  0.04    0.00    0.52 ^ clkbuf_0_clk/A (sky130_fd_sc_hd__clkbuf_16)
     2    0.02    0.04    0.12    0.64 ^ clkbuf_0_clk/X (sky130_fd_sc_hd__clkbuf_16)
                                         clknet_0_clk (net)
                  0.04    0.00    0.64 ^ clkbuf_1_0__f_clk/A (sky130_fd_sc_hd__clkbuf_16)
    16    0.03    0.05    0.13    0.77 ^ clkbuf_1_0__f_clk/X (sky130_fd_sc_hd__clkbuf_16)
                                         clknet_1_0__leaf_clk (net)
                  0.05    0.00    0.77 ^ _259_/CLK (sky130_fd_sc_hd__dfrtp_1)
     1    0.00    0.04    0.35    1.12 v _259_/Q (sky130_fd_sc_hd__dfrtp_1)
                                         sync_stage1[0] (net)
                  0.04    0.00    1.12 v _263_/D (sky130_fd_sc_hd__dfrtp_1)
                                  1.12   data arrival time

                         10.00   10.00   clock clk (rise edge)
                          0.50   10.50   clock source latency
     1    0.01    0.04    0.02   10.52 ^ clk (in)
                                         clk (net)
                  0.04    0.00   10.52 ^ clkbuf_0_clk/A (sky130_fd_sc_hd__clkbuf_16)
     2    0.02    0.04    0.12   10.64 ^ clkbuf_0_clk/X (sky130_fd_sc_hd__clkbuf_16)
                                         clknet_0_clk (net)
                  0.04    0.00   10.64 ^ clkbuf_1_0__f_clk/A (sky130_fd_sc_hd__clkbuf_16)
    16    0.03    0.05    0.13   10.77 ^ clkbuf_1_0__f_clk/X (sky130_fd_sc_hd__clkbuf_16)
                                         clknet_1_0__leaf_clk (net)
                  0.05    0.00   10.77 ^ _263_/CLK (sky130_fd_sc_hd__dfrtp_1)
                         -0.30   10.47   clock uncertainty
                          0.00   10.47   clock reconvergence pessimism
                         -0.11   10.36   library setup time
                                 10.36   data required time
-----------------------------------------------------------------------------
                                 10.36   data required time
                                 -1.12   data arrival time
-----------------------------------------------------------------------------
                                  9.24   slack (MET)


Startpoint: _260_ (rising edge-triggered flip-flop clocked by clk)
Endpoint: _264_ (rising edge-triggered flip-flop clocked by clk)
Path Group: clk
Path Type: max

Fanout     Cap    Slew   Delay    Time   Description
-----------------------------------------------------------------------------
                          0.00    0.00   clock clk (rise edge)
                          0.50    0.50   clock source latency
     1    0.01    0.04    0.02    0.52 ^ clk (in)
                                         clk (net)
                  0.04    0.00    0.52 ^ clkbuf_0_clk/A (sky130_fd_sc_hd__clkbuf_16)
     2    0.02    0.04    0.12    0.64 ^ clkbuf_0_clk/X (sky130_fd_sc_hd__clkbuf_16)
                                         clknet_0_clk (net)
                  0.04    0.00    0.64 ^ clkbuf_1_0__f_clk/A (sky130_fd_sc_hd__clkbuf_16)
    16    0.03    0.05    0.13    0.77 ^ clkbuf_1_0__f_clk/X (sky130_fd_sc_hd__clkbuf_16)
                                         clknet_1_0__leaf_clk (net)
                  0.05    0.00    0.77 ^ _260_/CLK (sky130_fd_sc_hd__dfrtp_1)
     1    0.00    0.04    0.35    1.12 v _260_/Q (sky130_fd_sc_hd__dfrtp_1)
                                         sync_stage1[1] (net)
                  0.04    0.00    1.12 v _264_/D (sky130_fd_sc_hd__dfrtp_1)
                                  1.12   data arrival time

                         10.00   10.00   clock clk (rise edge)
                          0.50   10.50   clock source latency
     1    0.01    0.04    0.02   10.52 ^ clk (in)
                                         clk (net)
                  0.04    0.00   10.52 ^ clkbuf_0_clk/A (sky130_fd_sc_hd__clkbuf_16)
     2    0.02    0.04    0.12   10.64 ^ clkbuf_0_clk/X (sky130_fd_sc_hd__clkbuf_16)
                                         clknet_0_clk (net)
                  0.04    0.00   10.64 ^ clkbuf_1_0__f_clk/A (sky130_fd_sc_hd__clkbuf_16)
    16    0.03    0.05    0.13   10.77 ^ clkbuf_1_0__f_clk/X (sky130_fd_sc_hd__clkbuf_16)
                                         clknet_1_0__leaf_clk (net)
                  0.05    0.00   10.77 ^ _264_/CLK (sky130_fd_sc_hd__dfrtp_1)
                         -0.30   10.47   clock uncertainty
                          0.00   10.47   clock reconvergence pessimism
                         -0.11   10.36   library setup time
                                 10.36   data required time
-----------------------------------------------------------------------------
                                 10.36   data required time
                                 -1.12   data arrival time
-----------------------------------------------------------------------------
                                  9.24   slack (MET)


Startpoint: _261_ (rising edge-triggered flip-flop clocked by clk)
Endpoint: _265_ (rising edge-triggered flip-flop clocked by clk)
Path Group: clk
Path Type: max

Fanout     Cap    Slew   Delay    Time   Description
-----------------------------------------------------------------------------
                          0.00    0.00   clock clk (rise edge)
                          0.50    0.50   clock source latency
     1    0.01    0.04    0.02    0.52 ^ clk (in)
                                         clk (net)
                  0.04    0.00    0.52 ^ clkbuf_0_clk/A (sky130_fd_sc_hd__clkbuf_16)
     2    0.02    0.04    0.12    0.64 ^ clkbuf_0_clk/X (sky130_fd_sc_hd__clkbuf_16)
                                         clknet_0_clk (net)
                  0.04    0.00    0.64 ^ clkbuf_1_0__f_clk/A (sky130_fd_sc_hd__clkbuf_16)
    16    0.03    0.05    0.13    0.77 ^ clkbuf_1_0__f_clk/X (sky130_fd_sc_hd__clkbuf_16)
                                         clknet_1_0__leaf_clk (net)
                  0.05    0.00    0.77 ^ _261_/CLK (sky130_fd_sc_hd__dfrtp_1)
     1    0.00    0.04    0.35    1.12 v _261_/Q (sky130_fd_sc_hd__dfrtp_1)
                                         sync_stage1[2] (net)
                  0.04    0.00    1.12 v _265_/D (sky130_fd_sc_hd__dfrtp_1)
                                  1.12   data arrival time

                         10.00   10.00   clock clk (rise edge)
                          0.50   10.50   clock source latency
     1    0.01    0.04    0.02   10.52 ^ clk (in)
                                         clk (net)
                  0.04    0.00   10.52 ^ clkbuf_0_clk/A (sky130_fd_sc_hd__clkbuf_16)
     2    0.02    0.04    0.12   10.64 ^ clkbuf_0_clk/X (sky130_fd_sc_hd__clkbuf_16)
                                         clknet_0_clk (net)
                  0.04    0.00   10.64 ^ clkbuf_1_0__f_clk/A (sky130_fd_sc_hd__clkbuf_16)
    16    0.03    0.05    0.13   10.77 ^ clkbuf_1_0__f_clk/X (sky130_fd_sc_hd__clkbuf_16)
                                         clknet_1_0__leaf_clk (net)
                  0.05    0.00   10.77 ^ _265_/CLK (sky130_fd_sc_hd__dfrtp_1)
                         -0.30   10.47   clock uncertainty
                          0.00   10.47   clock reconvergence pessimism
                         -0.11   10.36   library setup time
                                 10.36   data required time
-----------------------------------------------------------------------------
                                 10.36   data required time
                                 -1.12   data arrival time
-----------------------------------------------------------------------------
                                  9.24   slack (MET)


Startpoint: _262_ (rising edge-triggered flip-flop clocked by clk)
Endpoint: _266_ (rising edge-triggered flip-flop clocked by clk)
Path Group: clk
Path Type: max

Fanout     Cap    Slew   Delay    Time   Description
-----------------------------------------------------------------------------
                          0.00    0.00   clock clk (rise edge)
                          0.50    0.50   clock source latency
     1    0.01    0.04    0.02    0.52 ^ clk (in)
                                         clk (net)
                  0.04    0.00    0.52 ^ clkbuf_0_clk/A (sky130_fd_sc_hd__clkbuf_16)
     2    0.02    0.04    0.12    0.64 ^ clkbuf_0_clk/X (sky130_fd_sc_hd__clkbuf_16)
                                         clknet_0_clk (net)
                  0.04    0.00    0.64 ^ clkbuf_1_0__f_clk/A (sky130_fd_sc_hd__clkbuf_16)
    16    0.03    0.05    0.13    0.77 ^ clkbuf_1_0__f_clk/X (sky130_fd_sc_hd__clkbuf_16)
                                         clknet_1_0__leaf_clk (net)
                  0.05    0.00    0.77 ^ _262_/CLK (sky130_fd_sc_hd__dfrtp_1)
     1    0.00    0.04    0.35    1.12 v _262_/Q (sky130_fd_sc_hd__dfrtp_1)
                                         sync_stage1[3] (net)
                  0.04    0.00    1.12 v _266_/D (sky130_fd_sc_hd__dfrtp_1)
                                  1.12   data arrival time

                         10.00   10.00   clock clk (rise edge)
                          0.50   10.50   clock source latency
     1    0.01    0.04    0.02   10.52 ^ clk (in)
                                         clk (net)
                  0.04    0.00   10.52 ^ clkbuf_0_clk/A (sky130_fd_sc_hd__clkbuf_16)
     2    0.02    0.04    0.12   10.64 ^ clkbuf_0_clk/X (sky130_fd_sc_hd__clkbuf_16)
                                         clknet_0_clk (net)
                  0.04    0.00   10.64 ^ clkbuf_1_0__f_clk/A (sky130_fd_sc_hd__clkbuf_16)
    16    0.03    0.05    0.13   10.77 ^ clkbuf_1_0__f_clk/X (sky130_fd_sc_hd__clkbuf_16)
                                         clknet_1_0__leaf_clk (net)
                  0.05    0.00   10.77 ^ _266_/CLK (sky130_fd_sc_hd__dfrtp_1)
                         -0.30   10.47   clock uncertainty
                          0.00   10.47   clock reconvergence pessimism
                         -0.11   10.36   library setup time
                                 10.36   data required time
-----------------------------------------------------------------------------
                                 10.36   data required time
                                 -1.12   data arrival time
-----------------------------------------------------------------------------
                                  9.24   slack (MET)



worst slack corner Typical: 4.0668
max_report_end
checks_report

===========================================================================
report_checks -unconstrained
===========================================================================
======================= Typical Corner ===================================

Startpoint: retention_ready (input port clocked by clk)
Endpoint: error (output port clocked by clk)
Path Group: clk
Path Type: max

Fanout     Cap    Slew   Delay    Time   Description
-----------------------------------------------------------------------------
                          0.00    0.00   clock clk (rise edge)
                          0.50    0.50   clock network delay (propagated)
                          3.00    3.50 v input external delay
     1    0.00    0.02    0.01    3.51 v retention_ready (in)
                                         retention_ready (net)
                  0.02    0.00    3.51 v input6/A (sky130_fd_sc_hd__buf_1)
     1    0.00    0.04    0.08    3.59 v input6/X (sky130_fd_sc_hd__buf_1)
                                         net6 (net)
                  0.04    0.00    3.59 v _164_/A (sky130_fd_sc_hd__inv_2)
     3    0.01    0.04    0.05    3.64 ^ _164_/Y (sky130_fd_sc_hd__inv_2)
                                         _101_ (net)
                  0.04    0.00    3.64 ^ _199_/B (sky130_fd_sc_hd__nand2_1)
     1    0.00    0.05    0.04    3.69 v _199_/Y (sky130_fd_sc_hd__nand2_1)
                                         _026_ (net)
                  0.05    0.00    3.69 v _200_/B1 (sky130_fd_sc_hd__a211oi_1)
     1    0.00    0.17    0.19    3.88 ^ _200_/Y (sky130_fd_sc_hd__a211oi_1)
                                         net10 (net)
                  0.17    0.00    3.88 ^ wire19/A (sky130_fd_sc_hd__clkbuf_1)
     1    0.00    0.04    0.10    3.98 ^ wire19/X (sky130_fd_sc_hd__clkbuf_1)
                                         net19 (net)
                  0.04    0.00    3.98 ^ output10/A (sky130_fd_sc_hd__clkbuf_2)
     1    0.02    0.12    0.15    4.13 ^ output10/X (sky130_fd_sc_hd__clkbuf_2)
                                         error (net)
                  0.12    0.00    4.13 ^ error (out)
                                  4.13   data arrival time

                         10.00   10.00   clock clk (rise edge)
                          0.50   10.50   clock network delay (propagated)
                         -0.30   10.20   clock uncertainty
                          0.00   10.20   clock reconvergence pessimism
                         -2.00    8.20   output external delay
                                  8.20   data required time
-----------------------------------------------------------------------------
                                  8.20   data required time
                                 -4.13   data arrival time
-----------------------------------------------------------------------------
                                  4.07   slack (MET)




===========================================================================
report_checks --slack_max -0.01
============================================================================
======================= Typical Corner ===================================

No paths found.


===========================================================================
 report_check_types -max_slew -max_cap -max_fanout -violators
============================================================================
======================= Typical Corner ===================================


max slew violations count Typical: 0
max fanout violations count Typical: 0
max cap violations count Typical: 0

===========================================================================
report_parasitic_annotation -report_unannotated
============================================================================
Found 185 unannotated drivers.
 clk
 clk_stable
 pwr_stable
 req_idle
 req_off
 req_sleep
 reset_n
 retention_ready
 wake_up
 _117_/Y
 _118_/Y
 _119_/Y
 _120_/Y
 _121_/Y
 _122_/Y
 _123_/Y
 _124_/Y
 _125_/Y
 _126_/X
 _127_/Y
 _128_/Y
 _129_/Y
 _130_/Y
 _131_/Y
 _132_/Y
 _133_/Y
 _134_/Y
 _135_/X
 _136_/Y
 _137_/Y
 _138_/Y
 _139_/Y
 _140_/Y
 _141_/Y
 _142_/X
 _143_/Y
 _144_/Y
 _145_/Y
 _146_/Y
 _147_/Y
 _148_/Y
 _149_/Y
 _150_/Y
 _151_/Y
 _152_/Y
 _153_/Y
 _154_/Y
 _155_/Y
 _156_/Y
 _157_/Y
 _158_/Y
 _159_/Y
 _160_/Y
 _161_/Y
 _162_/Y
 _163_/Y
 _164_/Y
 _165_/Y
 _166_/Y
 _167_/Y
 _168_/Y
 _169_/Y
 _170_/X
 _171_/Y
 _172_/Y
 _173_/X
 _174_/X
 _175_/X
 _176_/Y
 _177_/Y
 _178_/Y
 _179_/Y
 _180_/Y
 _181_/Y
 _182_/Y
 _183_/Y
 _184_/Y
 _185_/Y
 _186_/Y
 _187_/Y
 _188_/X
 _189_/Y
 _190_/Y
 _191_/Y
 _192_/Y
 _193_/Y
 _194_/X
 _195_/X
 _196_/X
 _197_/Y
 _198_/X
 _199_/Y
 _200_/Y
 _201_/X
 _202_/Y
 _203_/Y
 _204_/Y
 _205_/Y
 _206_/Y
 _207_/Y
 _208_/Y
 _209_/Y
 _210_/Y
 _211_/X
 _212_/Y
 _213_/Y
 _214_/Y
 _215_/Y
 _216_/X
 _217_/Y
 _218_/Y
 _219_/Y
 _220_/Y
 _221_/X
 _222_/Y
 _223_/Y
 _224_/Y
 _225_/Y
 _226_/Y
 _227_/Y
 _228_/Y
 _229_/Y
 _230_/Y
 _231_/X
 _232_/Y
 _233_/X
 _234_/Y
 _235_/Y
 _236_/Y
 _237_/X
 _238_/Y
 _239_/Q
 _240_/Q
 _241_/Q
 _242_/Q
 _243_/Q
 _244_/Q
 _245_/Q
 _246_/Q
 _247_/Q
 _248_/Q
 _249_/Q
 _250_/Q
 _251_/Q
 _252_/Q
 _253_/Q
 _254_/Q
 _255_/Q
 _256_/Q
 _257_/Q
 _258_/Q
 _259_/Q
 _260_/Q
 _261_/Q
 _262_/Q
 _263_/Q
 _264_/Q
 _265_/Q
 _266_/Q
 clkbuf_0_clk/X
 clkbuf_1_0__f_clk/X
 clkbuf_1_1__f_clk/X
 clkload0/Y
 input1/X
 input2/X
 input3/X
 input4/X
 input5/X
 input6/X
 input7/X
 output10/X
 output11/X
 output12/X
 output13/X
 output14/X
 output15/X
 output16/X
 output17/X
 output18/X
 output8/X
 output9/X
 pmu_fsm_21/HI
 pmu_fsm_21/LO
 wire19/X
 wire20/X
Found 0 partially unannotated drivers.

===========================================================================
max slew violation count 0
max fanout violation count 0
max cap violation count 0
============================================================================

===========================================================================
check_setup -verbose -unconstrained_endpoints -multiple_clock -no_clock -no_input_delay -loops -generated_clocks
===========================================================================
Warning: There is 1 unconstrained endpoint.
  dvfs_ctrl[0]
checks_report_end
power_report

===========================================================================
 report_power
============================================================================
======================= Typical Corner ===================================

Group                  Internal  Switching    Leakage      Total
                          Power      Power      Power      Power (Watts)
----------------------------------------------------------------
Sequential             1.50e-04   1.76e-05   3.63e-10   1.68e-04  35.1%
Combinational          8.14e-05   1.25e-04   4.02e-10   2.07e-04  43.3%
Clock                  7.89e-05   2.44e-05   1.94e-10   1.03e-04  21.6%
Macro                  0.00e+00   0.00e+00   0.00e+00   0.00e+00   0.0%
Pad                    0.00e+00   0.00e+00   0.00e+00   0.00e+00   0.0%
----------------------------------------------------------------
Total                  3.10e-04   1.67e-04   9.58e-10   4.78e-04 100.0%
                          64.9%      35.1%       0.0%

power_report_end
skew_report

===========================================================================
report_clock_skew
============================================================================
Clock clk
   0.77 source latency _256_/CLK ^
  -0.77 target latency _239_/CLK ^
   0.30 clock uncertainty
   0.00 CRPR
--------------
   0.30 setup skew

skew_report_end
summary_report

===========================================================================
report_tns
============================================================================
tns 0.00

===========================================================================
report_wns
============================================================================
wns 0.00

===========================================================================
report_worst_slack -max (Setup)
============================================================================
worst slack 4.07

===========================================================================
report_worst_slack -min (Hold)
============================================================================
worst slack 0.23
summary_report_end
area_report

===========================================================================
report_design_area
============================================================================
Design area 1545 u^2 43% utilization.
area_report_end
check_nonpropagated_clocks
check_nonpropagated_clocks_end
[WARNING] Did not save OpenROAD database!
