
===========================================================================
report_checks -path_delay max (Setup)
============================================================================
======================= Typical Corner ===================================

Startpoint: retention_ready (input port clocked by clk)
Endpoint: error (output port clocked by clk)
Path Group: clk
Path Type: max

Fanout     Cap    Slew   Delay    Time   Description
-----------------------------------------------------------------------------
                          0.00    0.00   clock clk (rise edge)
                          0.50    0.50   clock network delay (propagated)
                          3.00    3.50 v input external delay
     1    0.00    0.02    0.01    3.51 v retention_ready (in)
                                         retention_ready (net)
                  0.02    0.00    3.51 v input6/A (sky130_fd_sc_hd__buf_1)
     1    0.00    0.04    0.08    3.59 v input6/X (sky130_fd_sc_hd__buf_1)
                                         net6 (net)
                  0.04    0.00    3.59 v _164_/A (sky130_fd_sc_hd__inv_2)
     3    0.01    0.04    0.05    3.64 ^ _164_/Y (sky130_fd_sc_hd__inv_2)
                                         _101_ (net)
                  0.04    0.00    3.64 ^ _199_/B (sky130_fd_sc_hd__nand2_1)
     1    0.00    0.05    0.04    3.69 v _199_/Y (sky130_fd_sc_hd__nand2_1)
                                         _026_ (net)
                  0.05    0.00    3.69 v _200_/B1 (sky130_fd_sc_hd__a211oi_1)
     1    0.00    0.17    0.19    3.88 ^ _200_/Y (sky130_fd_sc_hd__a211oi_1)
                                         net10 (net)
                  0.17    0.00    3.88 ^ wire19/A (sky130_fd_sc_hd__clkbuf_1)
     1    0.00    0.04    0.10    3.98 ^ wire19/X (sky130_fd_sc_hd__clkbuf_1)
                                         net19 (net)
                  0.04    0.00    3.98 ^ output10/A (sky130_fd_sc_hd__clkbuf_2)
     1    0.02    0.12    0.15    4.13 ^ output10/X (sky130_fd_sc_hd__clkbuf_2)
                                         error (net)
                  0.12    0.00    4.13 ^ error (out)
                                  4.13   data arrival time

                         10.00   10.00   clock clk (rise edge)
                          0.50   10.50   clock network delay (propagated)
                         -0.30   10.20   clock uncertainty
                          0.00   10.20   clock reconvergence pessimism
                         -2.00    8.20   output external delay
                                  8.20   data required time
-----------------------------------------------------------------------------
                                  8.20   data required time
                                 -4.13   data arrival time
-----------------------------------------------------------------------------
                                  4.07   slack (MET)


Startpoint: clk_stable (input port clocked by clk)
Endpoint: _257_ (rising edge-triggered flip-flop clocked by clk)
Path Group: clk
Path Type: max

Fanout     Cap    Slew   Delay    Time   Description
-----------------------------------------------------------------------------
                          0.00    0.00   clock clk (rise edge)
                          0.50    0.50   clock network delay (propagated)
                          3.00    3.50 ^ input external delay
     1    0.00    0.02    0.01    3.51 ^ clk_stable (in)
                                         clk_stable (net)
                  0.02    0.00    3.51 ^ input1/A (sky130_fd_sc_hd__clkbuf_1)
     1    0.00    0.04    0.07    3.58 ^ input1/X (sky130_fd_sc_hd__clkbuf_1)
                                         net1 (net)
                  0.04    0.00    3.58 ^ _158_/B (sky130_fd_sc_hd__nand2_1)
     2    0.00    0.04    0.05    3.63 v _158_/Y (sky130_fd_sc_hd__nand2_1)
                                         _095_ (net)
                  0.04    0.00    3.63 v _159_/B1_N (sky130_fd_sc_hd__o21bai_1)
     1    0.00    0.05    0.14    3.77 v _159_/Y (sky130_fd_sc_hd__o21bai_1)
                                         _096_ (net)
                  0.05    0.00    3.77 v _160_/A (sky130_fd_sc_hd__nand2_1)
     1    0.00    0.04    0.05    3.82 ^ _160_/Y (sky130_fd_sc_hd__nand2_1)
                                         _097_ (net)
                  0.04    0.00    3.82 ^ _166_/A (sky130_fd_sc_hd__nand2_1)
     2    0.00    0.04    0.05    3.87 v _166_/Y (sky130_fd_sc_hd__nand2_1)
                                         _103_ (net)
                  0.04    0.00    3.87 v _174_/A (sky130_fd_sc_hd__or3_1)
     1    0.00    0.06    0.35    4.22 v _174_/X (sky130_fd_sc_hd__or3_1)
                                         _111_ (net)
                  0.06    0.00    4.22 v _175_/A (sky130_fd_sc_hd__clkbuf_1)
     1    0.00    0.02    0.09    4.31 v _175_/X (sky130_fd_sc_hd__clkbuf_1)
                                         next_state[1] (net)
                  0.02    0.00    4.31 v _257_/D (sky130_fd_sc_hd__dfrtp_1)
                                  4.31   data arrival time

                         10.00   10.00   clock clk (rise edge)
                          0.50   10.50   clock source latency
     1    0.01    0.04    0.02   10.52 ^ clk (in)
                                         clk (net)
                  0.04    0.00   10.52 ^ clkbuf_0_clk/A (sky130_fd_sc_hd__clkbuf_16)
     2    0.02    0.04    0.12   10.64 ^ clkbuf_0_clk/X (sky130_fd_sc_hd__clkbuf_16)
                                         clknet_0_clk (net)
                  0.04    0.00   10.64 ^ clkbuf_1_0__f_clk/A (sky130_fd_sc_hd__clkbuf_16)
    16    0.03    0.05    0.13   10.77 ^ clkbuf_1_0__f_clk/X (sky130_fd_sc_hd__clkbuf_16)
                                         clknet_1_0__leaf_clk (net)
                  0.05    0.00   10.77 ^ _257_/CLK (sky130_fd_sc_hd__dfrtp_1)
                         -0.30   10.47   clock uncertainty
                          0.00   10.47   clock reconvergence pessimism
                         -0.10   10.37   library setup time
                                 10.37   data required time
-----------------------------------------------------------------------------
                                 10.37   data required time
                                 -4.31   data arrival time
-----------------------------------------------------------------------------
                                  6.06   slack (MET)


Startpoint: clk_stable (input port clocked by clk)
Endpoint: _247_ (rising edge-triggered flip-flop clocked by clk)
Path Group: clk
Path Type: max

Fanout     Cap    Slew   Delay    Time   Description
-----------------------------------------------------------------------------
                          0.00    0.00   clock clk (rise edge)
                          0.50    0.50   clock network delay (propagated)
                          3.00    3.50 ^ input external delay
     1    0.00    0.02    0.01    3.51 ^ clk_stable (in)
                                         clk_stable (net)
                  0.02    0.00    3.51 ^ input1/A (sky130_fd_sc_hd__clkbuf_1)
     1    0.00    0.04    0.07    3.58 ^ input1/X (sky130_fd_sc_hd__clkbuf_1)
                                         net1 (net)
                  0.04    0.00    3.58 ^ _158_/B (sky130_fd_sc_hd__nand2_1)
     2    0.00    0.04    0.05    3.63 v _158_/Y (sky130_fd_sc_hd__nand2_1)
                                         _095_ (net)
                  0.04    0.00    3.63 v _159_/B1_N (sky130_fd_sc_hd__o21bai_1)
     1    0.00    0.05    0.14    3.77 v _159_/Y (sky130_fd_sc_hd__o21bai_1)
                                         _096_ (net)
                  0.05    0.00    3.77 v _160_/A (sky130_fd_sc_hd__nand2_1)
     1    0.00    0.04    0.05    3.82 ^ _160_/Y (sky130_fd_sc_hd__nand2_1)
                                         _097_ (net)
                  0.04    0.00    3.82 ^ _166_/A (sky130_fd_sc_hd__nand2_1)
     2    0.00    0.04    0.05    3.87 v _166_/Y (sky130_fd_sc_hd__nand2_1)
                                         _103_ (net)
                  0.04    0.00    3.87 v _178_/B (sky130_fd_sc_hd__nor2_1)
     2    0.00    0.11    0.10    3.97 ^ _178_/Y (sky130_fd_sc_hd__nor2_1)
                                         _014_ (net)
                  0.11    0.00    3.97 ^ _204_/A (sky130_fd_sc_hd__nand3_1)
     1    0.01    0.11    0.12    4.09 v _204_/Y (sky130_fd_sc_hd__nand3_1)
                                         _030_ (net)
                  0.11    0.00    4.09 v _209_/A (sky130_fd_sc_hd__nand3_4)
     8    0.02    0.10    0.11    4.20 ^ _209_/Y (sky130_fd_sc_hd__nand3_4)
                                         _035_ (net)
                  0.10    0.00    4.20 ^ _238_/B (sky130_fd_sc_hd__nor2_1)
     1    0.00    0.03    0.04    4.24 v _238_/Y (sky130_fd_sc_hd__nor2_1)
                                         _011_ (net)
                  0.03    0.00    4.24 v _247_/D (sky130_fd_sc_hd__dfrtp_1)
                                  4.24   data arrival time

                         10.00   10.00   clock clk (rise edge)
                          0.50   10.50   clock source latency
     1    0.01    0.04    0.02   10.52 ^ clk (in)
                                         clk (net)
                  0.04    0.00   10.52 ^ clkbuf_0_clk/A (sky130_fd_sc_hd__clkbuf_16)
     2    0.02    0.04    0.12   10.64 ^ clkbuf_0_clk/X (sky130_fd_sc_hd__clkbuf_16)
                                         clknet_0_clk (net)
                  0.04    0.00   10.64 ^ clkbuf_1_1__f_clk/A (sky130_fd_sc_hd__clkbuf_16)
    13    0.03    0.05    0.13   10.77 ^ clkbuf_1_1__f_clk/X (sky130_fd_sc_hd__clkbuf_16)
                                         clknet_1_1__leaf_clk (net)
                  0.05    0.00   10.77 ^ _247_/CLK (sky130_fd_sc_hd__dfrtp_1)
                         -0.30   10.47   clock uncertainty
                          0.00   10.47   clock reconvergence pessimism
                         -0.11   10.36   library setup time
                                 10.36   data required time
-----------------------------------------------------------------------------
                                 10.36   data required time
                                 -4.24   data arrival time
-----------------------------------------------------------------------------
                                  6.12   slack (MET)


Startpoint: clk_stable (input port clocked by clk)
Endpoint: _240_ (rising edge-triggered flip-flop clocked by clk)
Path Group: clk
Path Type: max

Fanout     Cap    Slew   Delay    Time   Description
-----------------------------------------------------------------------------
                          0.00    0.00   clock clk (rise edge)
                          0.50    0.50   clock network delay (propagated)
                          3.00    3.50 ^ input external delay
     1    0.00    0.02    0.01    3.51 ^ clk_stable (in)
                                         clk_stable (net)
                  0.02    0.00    3.51 ^ input1/A (sky130_fd_sc_hd__clkbuf_1)
     1    0.00    0.04    0.07    3.58 ^ input1/X (sky130_fd_sc_hd__clkbuf_1)
                                         net1 (net)
                  0.04    0.00    3.58 ^ _158_/B (sky130_fd_sc_hd__nand2_1)
     2    0.00    0.04    0.05    3.63 v _158_/Y (sky130_fd_sc_hd__nand2_1)
                                         _095_ (net)
                  0.04    0.00    3.63 v _159_/B1_N (sky130_fd_sc_hd__o21bai_1)
     1    0.00    0.05    0.14    3.77 v _159_/Y (sky130_fd_sc_hd__o21bai_1)
                                         _096_ (net)
                  0.05    0.00    3.77 v _160_/A (sky130_fd_sc_hd__nand2_1)
     1    0.00    0.04    0.05    3.82 ^ _160_/Y (sky130_fd_sc_hd__nand2_1)
                                         _097_ (net)
                  0.04    0.00    3.82 ^ _166_/A (sky130_fd_sc_hd__nand2_1)
     2    0.00    0.04    0.05    3.87 v _166_/Y (sky130_fd_sc_hd__nand2_1)
                                         _103_ (net)
                  0.04    0.00    3.87 v _178_/B (sky130_fd_sc_hd__nor2_1)
     2    0.00    0.11    0.10    3.97 ^ _178_/Y (sky130_fd_sc_hd__nor2_1)
                                         _014_ (net)
                  0.11    0.00    3.97 ^ _204_/A (sky130_fd_sc_hd__nand3_1)
     1    0.01    0.11    0.12    4.09 v _204_/Y (sky130_fd_sc_hd__nand3_1)
                                         _030_ (net)
                  0.11    0.00    4.09 v _209_/A (sky130_fd_sc_hd__nand3_4)
     8    0.02    0.10    0.11    4.20 ^ _209_/Y (sky130_fd_sc_hd__nand3_4)
                                         _035_ (net)
                  0.10    0.00    4.20 ^ _210_/B (sky130_fd_sc_hd__nor2_1)
     1    0.00    0.03    0.04    4.24 v _210_/Y (sky130_fd_sc_hd__nor2_1)
                                         _004_ (net)
                  0.03    0.00    4.24 v _240_/D (sky130_fd_sc_hd__dfrtp_1)
                                  4.24   data arrival time

                         10.00   10.00   clock clk (rise edge)
                          0.50   10.50   clock source latency
     1    0.01    0.04    0.02   10.52 ^ clk (in)
                                         clk (net)
                  0.04    0.00   10.52 ^ clkbuf_0_clk/A (sky130_fd_sc_hd__clkbuf_16)
     2    0.02    0.04    0.12   10.64 ^ clkbuf_0_clk/X (sky130_fd_sc_hd__clkbuf_16)
                                         clknet_0_clk (net)
                  0.04    0.00   10.64 ^ clkbuf_1_1__f_clk/A (sky130_fd_sc_hd__clkbuf_16)
    13    0.03    0.05    0.13   10.77 ^ clkbuf_1_1__f_clk/X (sky130_fd_sc_hd__clkbuf_16)
                                         clknet_1_1__leaf_clk (net)
                  0.05    0.00   10.77 ^ _240_/CLK (sky130_fd_sc_hd__dfrtp_1)
                         -0.30   10.47   clock uncertainty
                          0.00   10.47   clock reconvergence pessimism
                         -0.11   10.37   library setup time
                                 10.37   data required time
-----------------------------------------------------------------------------
                                 10.37   data required time
                                 -4.24   data arrival time
-----------------------------------------------------------------------------
                                  6.12   slack (MET)


Startpoint: clk_stable (input port clocked by clk)
Endpoint: _241_ (rising edge-triggered flip-flop clocked by clk)
Path Group: clk
Path Type: max

Fanout     Cap    Slew   Delay    Time   Description
-----------------------------------------------------------------------------
                          0.00    0.00   clock clk (rise edge)
                          0.50    0.50   clock network delay (propagated)
                          3.00    3.50 ^ input external delay
     1    0.00    0.02    0.01    3.51 ^ clk_stable (in)
                                         clk_stable (net)
                  0.02    0.00    3.51 ^ input1/A (sky130_fd_sc_hd__clkbuf_1)
     1    0.00    0.04    0.07    3.58 ^ input1/X (sky130_fd_sc_hd__clkbuf_1)
                                         net1 (net)
                  0.04    0.00    3.58 ^ _158_/B (sky130_fd_sc_hd__nand2_1)
     2    0.00    0.04    0.05    3.63 v _158_/Y (sky130_fd_sc_hd__nand2_1)
                                         _095_ (net)
                  0.04    0.00    3.63 v _159_/B1_N (sky130_fd_sc_hd__o21bai_1)
     1    0.00    0.05    0.14    3.77 v _159_/Y (sky130_fd_sc_hd__o21bai_1)
                                         _096_ (net)
                  0.05    0.00    3.77 v _160_/A (sky130_fd_sc_hd__nand2_1)
     1    0.00    0.04    0.05    3.82 ^ _160_/Y (sky130_fd_sc_hd__nand2_1)
                                         _097_ (net)
                  0.04    0.00    3.82 ^ _166_/A (sky130_fd_sc_hd__nand2_1)
     2    0.00    0.04    0.05    3.87 v _166_/Y (sky130_fd_sc_hd__nand2_1)
                                         _103_ (net)
                  0.04    0.00    3.87 v _178_/B (sky130_fd_sc_hd__nor2_1)
     2    0.00    0.11    0.10    3.97 ^ _178_/Y (sky130_fd_sc_hd__nor2_1)
                                         _014_ (net)
                  0.11    0.00    3.97 ^ _204_/A (sky130_fd_sc_hd__nand3_1)
     1    0.01    0.11    0.12    4.09 v _204_/Y (sky130_fd_sc_hd__nand3_1)
                                         _030_ (net)
                  0.11    0.00    4.09 v _209_/A (sky130_fd_sc_hd__nand3_4)
     8    0.02    0.10    0.11    4.20 ^ _209_/Y (sky130_fd_sc_hd__nand3_4)
                                         _035_ (net)
                  0.10    0.00    4.20 ^ _214_/B (sky130_fd_sc_hd__nor2_1)
     1    0.00    0.03    0.04    4.24 v _214_/Y (sky130_fd_sc_hd__nor2_1)
                                         _005_ (net)
                  0.03    0.00    4.24 v _241_/D (sky130_fd_sc_hd__dfrtp_1)
                                  4.24   data arrival time

                         10.00   10.00   clock clk (rise edge)
                          0.50   10.50   clock source latency
     1    0.01    0.04    0.02   10.52 ^ clk (in)
                                         clk (net)
                  0.04    0.00   10.52 ^ clkbuf_0_clk/A (sky130_fd_sc_hd__clkbuf_16)
     2    0.02    0.04    0.12   10.64 ^ clkbuf_0_clk/X (sky130_fd_sc_hd__clkbuf_16)
                                         clknet_0_clk (net)
                  0.04    0.00   10.64 ^ clkbuf_1_1__f_clk/A (sky130_fd_sc_hd__clkbuf_16)
    13    0.03    0.05    0.13   10.77 ^ clkbuf_1_1__f_clk/X (sky130_fd_sc_hd__clkbuf_16)
                                         clknet_1_1__leaf_clk (net)
                  0.05    0.00   10.77 ^ _241_/CLK (sky130_fd_sc_hd__dfrtp_1)
                         -0.30   10.47   clock uncertainty
                          0.00   10.47   clock reconvergence pessimism
                         -0.11   10.37   library setup time
                                 10.37   data required time
-----------------------------------------------------------------------------
                                 10.37   data required time
                                 -4.24   data arrival time
-----------------------------------------------------------------------------
                                  6.12   slack (MET)


Startpoint: clk_stable (input port clocked by clk)
Endpoint: _242_ (rising edge-triggered flip-flop clocked by clk)
Path Group: clk
Path Type: max

Fanout     Cap    Slew   Delay    Time   Description
-----------------------------------------------------------------------------
                          0.00    0.00   clock clk (rise edge)
                          0.50    0.50   clock network delay (propagated)
                          3.00    3.50 ^ input external delay
     1    0.00    0.02    0.01    3.51 ^ clk_stable (in)
                                         clk_stable (net)
                  0.02    0.00    3.51 ^ input1/A (sky130_fd_sc_hd__clkbuf_1)
     1    0.00    0.04    0.07    3.58 ^ input1/X (sky130_fd_sc_hd__clkbuf_1)
                                         net1 (net)
                  0.04    0.00    3.58 ^ _158_/B (sky130_fd_sc_hd__nand2_1)
     2    0.00    0.04    0.05    3.63 v _158_/Y (sky130_fd_sc_hd__nand2_1)
                                         _095_ (net)
                  0.04    0.00    3.63 v _159_/B1_N (sky130_fd_sc_hd__o21bai_1)
     1    0.00    0.05    0.14    3.77 v _159_/Y (sky130_fd_sc_hd__o21bai_1)
                                         _096_ (net)
                  0.05    0.00    3.77 v _160_/A (sky130_fd_sc_hd__nand2_1)
     1    0.00    0.04    0.05    3.82 ^ _160_/Y (sky130_fd_sc_hd__nand2_1)
                                         _097_ (net)
                  0.04    0.00    3.82 ^ _166_/A (sky130_fd_sc_hd__nand2_1)
     2    0.00    0.04    0.05    3.87 v _166_/Y (sky130_fd_sc_hd__nand2_1)
                                         _103_ (net)
                  0.04    0.00    3.87 v _178_/B (sky130_fd_sc_hd__nor2_1)
     2    0.00    0.11    0.10    3.97 ^ _178_/Y (sky130_fd_sc_hd__nor2_1)
                                         _014_ (net)
                  0.11    0.00    3.97 ^ _204_/A (sky130_fd_sc_hd__nand3_1)
     1    0.01    0.11    0.12    4.09 v _204_/Y (sky130_fd_sc_hd__nand3_1)
                                         _030_ (net)
                  0.11    0.00    4.09 v _209_/A (sky130_fd_sc_hd__nand3_4)
     8    0.02    0.10    0.11    4.20 ^ _209_/Y (sky130_fd_sc_hd__nand3_4)
                                         _035_ (net)
                  0.10    0.00    4.20 ^ _219_/B (sky130_fd_sc_hd__nor2_1)
     1    0.00    0.03    0.04    4.24 v _219_/Y (sky130_fd_sc_hd__nor2_1)
                                         _006_ (net)
                  0.03    0.00    4.24 v _242_/D (sky130_fd_sc_hd__dfrtp_1)
                                  4.24   data arrival time

                         10.00   10.00   clock clk (rise edge)
                          0.50   10.50   clock source latency
     1    0.01    0.04    0.02   10.52 ^ clk (in)
                                         clk (net)
                  0.04    0.00   10.52 ^ clkbuf_0_clk/A (sky130_fd_sc_hd__clkbuf_16)
     2    0.02    0.04    0.12   10.64 ^ clkbuf_0_clk/X (sky130_fd_sc_hd__clkbuf_16)
                                         clknet_0_clk (net)
                  0.04    0.00   10.64 ^ clkbuf_1_1__f_clk/A (sky130_fd_sc_hd__clkbuf_16)
    13    0.03    0.05    0.13   10.77 ^ clkbuf_1_1__f_clk/X (sky130_fd_sc_hd__clkbuf_16)
                                         clknet_1_1__leaf_clk (net)
                  0.05    0.00   10.77 ^ _242_/CLK (sky130_fd_sc_hd__dfrtp_1)
                         -0.30   10.47   clock uncertainty
                          0.00   10.47   clock reconvergence pessimism
                         -0.11   10.37   library setup time
                                 10.37   data required time
-----------------------------------------------------------------------------
                                 10.37   data required time
                                 -4.24   data arrival time
-----------------------------------------------------------------------------
                                  6.12   slack (MET)


Startpoint: clk_stable (input port clocked by clk)
Endpoint: _243_ (rising edge-triggered flip-flop clocked by clk)
Path Group: clk
Path Type: max

Fanout     Cap    Slew   Delay    Time   Description
-----------------------------------------------------------------------------
                          0.00    0.00   clock clk (rise edge)
                          0.50    0.50   clock network delay (propagated)
                          3.00    3.50 ^ input external delay
     1    0.00    0.02    0.01    3.51 ^ clk_stable (in)
                                         clk_stable (net)
                  0.02    0.00    3.51 ^ input1/A (sky130_fd_sc_hd__clkbuf_1)
     1    0.00    0.04    0.07    3.58 ^ input1/X (sky130_fd_sc_hd__clkbuf_1)
                                         net1 (net)
                  0.04    0.00    3.58 ^ _158_/B (sky130_fd_sc_hd__nand2_1)
     2    0.00    0.04    0.05    3.63 v _158_/Y (sky130_fd_sc_hd__nand2_1)
                                         _095_ (net)
                  0.04    0.00    3.63 v _159_/B1_N (sky130_fd_sc_hd__o21bai_1)
     1    0.00    0.05    0.14    3.77 v _159_/Y (sky130_fd_sc_hd__o21bai_1)
                                         _096_ (net)
                  0.05    0.00    3.77 v _160_/A (sky130_fd_sc_hd__nand2_1)
     1    0.00    0.04    0.05    3.82 ^ _160_/Y (sky130_fd_sc_hd__nand2_1)
                                         _097_ (net)
                  0.04    0.00    3.82 ^ _166_/A (sky130_fd_sc_hd__nand2_1)
     2    0.00    0.04    0.05    3.87 v _166_/Y (sky130_fd_sc_hd__nand2_1)
                                         _103_ (net)
                  0.04    0.00    3.87 v _178_/B (sky130_fd_sc_hd__nor2_1)
     2    0.00    0.11    0.10    3.97 ^ _178_/Y (sky130_fd_sc_hd__nor2_1)
                                         _014_ (net)
                  0.11    0.00    3.97 ^ _204_/A (sky130_fd_sc_hd__nand3_1)
     1    0.01    0.11    0.12    4.09 v _204_/Y (sky130_fd_sc_hd__nand3_1)
                                         _030_ (net)
                  0.11    0.00    4.09 v _209_/A (sky130_fd_sc_hd__nand3_4)
     8    0.02    0.10    0.11    4.20 ^ _209_/Y (sky130_fd_sc_hd__nand3_4)
                                         _035_ (net)
                  0.10    0.00    4.20 ^ _223_/B (sky130_fd_sc_hd__nor2_1)
     1    0.00    0.03    0.04    4.24 v _223_/Y (sky130_fd_sc_hd__nor2_1)
                                         _007_ (net)
                  0.03    0.00    4.24 v _243_/D (sky130_fd_sc_hd__dfrtp_1)
                                  4.24   data arrival time

                         10.00   10.00   clock clk (rise edge)
                          0.50   10.50   clock source latency
     1    0.01    0.04    0.02   10.52 ^ clk (in)
                                         clk (net)
                  0.04    0.00   10.52 ^ clkbuf_0_clk/A (sky130_fd_sc_hd__clkbuf_16)
     2    0.02    0.04    0.12   10.64 ^ clkbuf_0_clk/X (sky130_fd_sc_hd__clkbuf_16)
                                         clknet_0_clk (net)
                  0.04    0.00   10.64 ^ clkbuf_1_1__f_clk/A (sky130_fd_sc_hd__clkbuf_16)
    13    0.03    0.05    0.13   10.77 ^ clkbuf_1_1__f_clk/X (sky130_fd_sc_hd__clkbuf_16)
                                         clknet_1_1__leaf_clk (net)
                  0.05    0.00   10.77 ^ _243_/CLK (sky130_fd_sc_hd__dfrtp_1)
                         -0.30   10.47   clock uncertainty
                          0.00   10.47   clock reconvergence pessimism
                         -0.11   10.37   library setup time
                                 10.37   data required time
-----------------------------------------------------------------------------
                                 10.37   data required time
                                 -4.24   data arrival time
-----------------------------------------------------------------------------
                                  6.12   slack (MET)


Startpoint: clk_stable (input port clocked by clk)
Endpoint: _244_ (rising edge-triggered flip-flop clocked by clk)
Path Group: clk
Path Type: max

Fanout     Cap    Slew   Delay    Time   Description
-----------------------------------------------------------------------------
                          0.00    0.00   clock clk (rise edge)
                          0.50    0.50   clock network delay (propagated)
                          3.00    3.50 ^ input external delay
     1    0.00    0.02    0.01    3.51 ^ clk_stable (in)
                                         clk_stable (net)
                  0.02    0.00    3.51 ^ input1/A (sky130_fd_sc_hd__clkbuf_1)
     1    0.00    0.04    0.07    3.58 ^ input1/X (sky130_fd_sc_hd__clkbuf_1)
                                         net1 (net)
                  0.04    0.00    3.58 ^ _158_/B (sky130_fd_sc_hd__nand2_1)
     2    0.00    0.04    0.05    3.63 v _158_/Y (sky130_fd_sc_hd__nand2_1)
                                         _095_ (net)
                  0.04    0.00    3.63 v _159_/B1_N (sky130_fd_sc_hd__o21bai_1)
     1    0.00    0.05    0.14    3.77 v _159_/Y (sky130_fd_sc_hd__o21bai_1)
                                         _096_ (net)
                  0.05    0.00    3.77 v _160_/A (sky130_fd_sc_hd__nand2_1)
     1    0.00    0.04    0.05    3.82 ^ _160_/Y (sky130_fd_sc_hd__nand2_1)
                                         _097_ (net)
                  0.04    0.00    3.82 ^ _166_/A (sky130_fd_sc_hd__nand2_1)
     2    0.00    0.04    0.05    3.87 v _166_/Y (sky130_fd_sc_hd__nand2_1)
                                         _103_ (net)
                  0.04    0.00    3.87 v _178_/B (sky130_fd_sc_hd__nor2_1)
     2    0.00    0.11    0.10    3.97 ^ _178_/Y (sky130_fd_sc_hd__nor2_1)
                                         _014_ (net)
                  0.11    0.00    3.97 ^ _204_/A (sky130_fd_sc_hd__nand3_1)
     1    0.01    0.11    0.12    4.09 v _204_/Y (sky130_fd_sc_hd__nand3_1)
                                         _030_ (net)
                  0.11    0.00    4.09 v _209_/A (sky130_fd_sc_hd__nand3_4)
     8    0.02    0.10    0.11    4.20 ^ _209_/Y (sky130_fd_sc_hd__nand3_4)
                                         _035_ (net)
                  0.10    0.00    4.20 ^ _227_/B (sky130_fd_sc_hd__nor2_1)
     1    0.00    0.03    0.04    4.24 v _227_/Y (sky130_fd_sc_hd__nor2_1)
                                         _008_ (net)
                  0.03    0.00    4.24 v _244_/D (sky130_fd_sc_hd__dfrtp_1)
                                  4.24   data arrival time

                         10.00   10.00   clock clk (rise edge)
                          0.50   10.50   clock source latency
     1    0.01    0.04    0.02   10.52 ^ clk (in)
                                         clk (net)
                  0.04    0.00   10.52 ^ clkbuf_0_clk/A (sky130_fd_sc_hd__clkbuf_16)
     2    0.02    0.04    0.12   10.64 ^ clkbuf_0_clk/X (sky130_fd_sc_hd__clkbuf_16)
                                         clknet_0_clk (net)
                  0.04    0.00   10.64 ^ clkbuf_1_1__f_clk/A (sky130_fd_sc_hd__clkbuf_16)
    13    0.03    0.05    0.13   10.77 ^ clkbuf_1_1__f_clk/X (sky130_fd_sc_hd__clkbuf_16)
                                         clknet_1_1__leaf_clk (net)
                  0.05    0.00   10.77 ^ _244_/CLK (sky130_fd_sc_hd__dfrtp_1)
                         -0.30   10.47   clock uncertainty
                          0.00   10.47   clock reconvergence pessimism
                         -0.11   10.37   library setup time
                                 10.37   data required time
-----------------------------------------------------------------------------
                                 10.37   data required time
                                 -4.24   data arrival time
-----------------------------------------------------------------------------
                                  6.12   slack (MET)


Startpoint: clk_stable (input port clocked by clk)
Endpoint: _245_ (rising edge-triggered flip-flop clocked by clk)
Path Group: clk
Path Type: max

Fanout     Cap    Slew   Delay    Time   Description
-----------------------------------------------------------------------------
                          0.00    0.00   clock clk (rise edge)
                          0.50    0.50   clock network delay (propagated)
                          3.00    3.50 ^ input external delay
     1    0.00    0.02    0.01    3.51 ^ clk_stable (in)
                                         clk_stable (net)
                  0.02    0.00    3.51 ^ input1/A (sky130_fd_sc_hd__clkbuf_1)
     1    0.00    0.04    0.07    3.58 ^ input1/X (sky130_fd_sc_hd__clkbuf_1)
                                         net1 (net)
                  0.04    0.00    3.58 ^ _158_/B (sky130_fd_sc_hd__nand2_1)
     2    0.00    0.04    0.05    3.63 v _158_/Y (sky130_fd_sc_hd__nand2_1)
                                         _095_ (net)
                  0.04    0.00    3.63 v _159_/B1_N (sky130_fd_sc_hd__o21bai_1)
     1    0.00    0.05    0.14    3.77 v _159_/Y (sky130_fd_sc_hd__o21bai_1)
                                         _096_ (net)
                  0.05    0.00    3.77 v _160_/A (sky130_fd_sc_hd__nand2_1)
     1    0.00    0.04    0.05    3.82 ^ _160_/Y (sky130_fd_sc_hd__nand2_1)
                                         _097_ (net)
                  0.04    0.00    3.82 ^ _166_/A (sky130_fd_sc_hd__nand2_1)
     2    0.00    0.04    0.05    3.87 v _166_/Y (sky130_fd_sc_hd__nand2_1)
                                         _103_ (net)
                  0.04    0.00    3.87 v _178_/B (sky130_fd_sc_hd__nor2_1)
     2    0.00    0.11    0.10    3.97 ^ _178_/Y (sky130_fd_sc_hd__nor2_1)
                                         _014_ (net)
                  0.11    0.00    3.97 ^ _204_/A (sky130_fd_sc_hd__nand3_1)
     1    0.01    0.11    0.12    4.09 v _204_/Y (sky130_fd_sc_hd__nand3_1)
                                         _030_ (net)
                  0.11    0.00    4.09 v _209_/A (sky130_fd_sc_hd__nand3_4)
     8    0.02    0.10    0.11    4.20 ^ _209_/Y (sky130_fd_sc_hd__nand3_4)
                                         _035_ (net)
                  0.10    0.00    4.20 ^ _232_/B (sky130_fd_sc_hd__nor2_1)
     1    0.00    0.03    0.04    4.24 v _232_/Y (sky130_fd_sc_hd__nor2_1)
                                         _009_ (net)
                  0.03    0.00    4.24 v _245_/D (sky130_fd_sc_hd__dfrtp_1)
                                  4.24   data arrival time

                         10.00   10.00   clock clk (rise edge)
                          0.50   10.50   clock source latency
     1    0.01    0.04    0.02   10.52 ^ clk (in)
                                         clk (net)
                  0.04    0.00   10.52 ^ clkbuf_0_clk/A (sky130_fd_sc_hd__clkbuf_16)
     2    0.02    0.04    0.12   10.64 ^ clkbuf_0_clk/X (sky130_fd_sc_hd__clkbuf_16)
                                         clknet_0_clk (net)
                  0.04    0.00   10.64 ^ clkbuf_1_1__f_clk/A (sky130_fd_sc_hd__clkbuf_16)
    13    0.03    0.05    0.13   10.77 ^ clkbuf_1_1__f_clk/X (sky130_fd_sc_hd__clkbuf_16)
                                         clknet_1_1__leaf_clk (net)
                  0.05    0.00   10.77 ^ _245_/CLK (sky130_fd_sc_hd__dfrtp_1)
                         -0.30   10.47   clock uncertainty
                          0.00   10.47   clock reconvergence pessimism
                         -0.11   10.37   library setup time
                                 10.37   data required time
-----------------------------------------------------------------------------
                                 10.37   data required time
                                 -4.24   data arrival time
-----------------------------------------------------------------------------
                                  6.12   slack (MET)


Startpoint: clk_stable (input port clocked by clk)
Endpoint: _246_ (rising edge-triggered flip-flop clocked by clk)
Path Group: clk
Path Type: max

Fanout     Cap    Slew   Delay    Time   Description
-----------------------------------------------------------------------------
                          0.00    0.00   clock clk (rise edge)
                          0.50    0.50   clock network delay (propagated)
                          3.00    3.50 ^ input external delay
     1    0.00    0.02    0.01    3.51 ^ clk_stable (in)
                                         clk_stable (net)
                  0.02    0.00    3.51 ^ input1/A (sky130_fd_sc_hd__clkbuf_1)
     1    0.00    0.04    0.07    3.58 ^ input1/X (sky130_fd_sc_hd__clkbuf_1)
                                         net1 (net)
                  0.04    0.00    3.58 ^ _158_/B (sky130_fd_sc_hd__nand2_1)
     2    0.00    0.04    0.05    3.63 v _158_/Y (sky130_fd_sc_hd__nand2_1)
                                         _095_ (net)
                  0.04    0.00    3.63 v _159_/B1_N (sky130_fd_sc_hd__o21bai_1)
     1    0.00    0.05    0.14    3.77 v _159_/Y (sky130_fd_sc_hd__o21bai_1)
                                         _096_ (net)
                  0.05    0.00    3.77 v _160_/A (sky130_fd_sc_hd__nand2_1)
     1    0.00    0.04    0.05    3.82 ^ _160_/Y (sky130_fd_sc_hd__nand2_1)
                                         _097_ (net)
                  0.04    0.00    3.82 ^ _166_/A (sky130_fd_sc_hd__nand2_1)
     2    0.00    0.04    0.05    3.87 v _166_/Y (sky130_fd_sc_hd__nand2_1)
                                         _103_ (net)
                  0.04    0.00    3.87 v _178_/B (sky130_fd_sc_hd__nor2_1)
     2    0.00    0.11    0.10    3.97 ^ _178_/Y (sky130_fd_sc_hd__nor2_1)
                                         _014_ (net)
                  0.11    0.00    3.97 ^ _204_/A (sky130_fd_sc_hd__nand3_1)
     1    0.01    0.11    0.12    4.09 v _204_/Y (sky130_fd_sc_hd__nand3_1)
                                         _030_ (net)
                  0.11    0.00    4.09 v _209_/A (sky130_fd_sc_hd__nand3_4)
     8    0.02    0.10    0.11    4.20 ^ _209_/Y (sky130_fd_sc_hd__nand3_4)
                                         _035_ (net)
                  0.10    0.00    4.20 ^ _236_/B (sky130_fd_sc_hd__nor2_1)
     1    0.00    0.03    0.04    4.24 v _236_/Y (sky130_fd_sc_hd__nor2_1)
                                         _010_ (net)
                  0.03    0.00    4.24 v _246_/D (sky130_fd_sc_hd__dfrtp_1)
                                  4.24   data arrival time

                         10.00   10.00   clock clk (rise edge)
                          0.50   10.50   clock source latency
     1    0.01    0.04    0.02   10.52 ^ clk (in)
                                         clk (net)
                  0.04    0.00   10.52 ^ clkbuf_0_clk/A (sky130_fd_sc_hd__clkbuf_16)
     2    0.02    0.04    0.12   10.64 ^ clkbuf_0_clk/X (sky130_fd_sc_hd__clkbuf_16)
                                         clknet_0_clk (net)
                  0.04    0.00   10.64 ^ clkbuf_1_1__f_clk/A (sky130_fd_sc_hd__clkbuf_16)
    13    0.03    0.05    0.13   10.77 ^ clkbuf_1_1__f_clk/X (sky130_fd_sc_hd__clkbuf_16)
                                         clknet_1_1__leaf_clk (net)
                  0.05    0.00   10.77 ^ _246_/CLK (sky130_fd_sc_hd__dfrtp_1)
                         -0.30   10.47   clock uncertainty
                          0.00   10.47   clock reconvergence pessimism
                         -0.11   10.37   library setup time
                                 10.37   data required time
-----------------------------------------------------------------------------
                                 10.37   data required time
                                 -4.24   data arrival time
-----------------------------------------------------------------------------
                                  6.12   slack (MET)


Startpoint: clk_stable (input port clocked by clk)
Endpoint: _258_ (rising edge-triggered flip-flop clocked by clk)
Path Group: clk
Path Type: max

Fanout     Cap    Slew   Delay    Time   Description
-----------------------------------------------------------------------------
                          0.00    0.00   clock clk (rise edge)
                          0.50    0.50   clock network delay (propagated)
                          3.00    3.50 ^ input external delay
     1    0.00    0.02    0.01    3.51 ^ clk_stable (in)
                                         clk_stable (net)
                  0.02    0.00    3.51 ^ input1/A (sky130_fd_sc_hd__clkbuf_1)
     1    0.00    0.04    0.07    3.58 ^ input1/X (sky130_fd_sc_hd__clkbuf_1)
                                         net1 (net)
                  0.04    0.00    3.58 ^ _158_/B (sky130_fd_sc_hd__nand2_1)
     2    0.00    0.04    0.05    3.63 v _158_/Y (sky130_fd_sc_hd__nand2_1)
                                         _095_ (net)
                  0.04    0.00    3.63 v _159_/B1_N (sky130_fd_sc_hd__o21bai_1)
     1    0.00    0.05    0.14    3.77 v _159_/Y (sky130_fd_sc_hd__o21bai_1)
                                         _096_ (net)
                  0.05    0.00    3.77 v _160_/A (sky130_fd_sc_hd__nand2_1)
     1    0.00    0.04    0.05    3.82 ^ _160_/Y (sky130_fd_sc_hd__nand2_1)
                                         _097_ (net)
                  0.04    0.00    3.82 ^ _166_/A (sky130_fd_sc_hd__nand2_1)
     2    0.00    0.04    0.05    3.87 v _166_/Y (sky130_fd_sc_hd__nand2_1)
                                         _103_ (net)
                  0.04    0.00    3.87 v _178_/B (sky130_fd_sc_hd__nor2_1)
     2    0.00    0.11    0.10    3.97 ^ _178_/Y (sky130_fd_sc_hd__nor2_1)
                                         _014_ (net)
                  0.11    0.00    3.97 ^ _187_/A (sky130_fd_sc_hd__nand2_1)
     1    0.00    0.04    0.05    4.02 v _187_/Y (sky130_fd_sc_hd__nand2_1)
                                         next_state[2] (net)
                  0.04    0.00    4.02 v _258_/D (sky130_fd_sc_hd__dfrtp_4)
                                  4.02   data arrival time

                         10.00   10.00   clock clk (rise edge)
                          0.50   10.50   clock source latency
     1    0.01    0.04    0.02   10.52 ^ clk (in)
                                         clk (net)
                  0.04    0.00   10.52 ^ clkbuf_0_clk/A (sky130_fd_sc_hd__clkbuf_16)
     2    0.02    0.04    0.12   10.64 ^ clkbuf_0_clk/X (sky130_fd_sc_hd__clkbuf_16)
                                         clknet_0_clk (net)
                  0.04    0.00   10.64 ^ clkbuf_1_0__f_clk/A (sky130_fd_sc_hd__clkbuf_16)
    16    0.03    0.05    0.13   10.77 ^ clkbuf_1_0__f_clk/X (sky130_fd_sc_hd__clkbuf_16)
                                         clknet_1_0__leaf_clk (net)
                  0.05    0.00   10.77 ^ _258_/CLK (sky130_fd_sc_hd__dfrtp_4)
                         -0.30   10.47   clock uncertainty
                          0.00   10.47   clock reconvergence pessimism
                         -0.11   10.36   library setup time
                                 10.36   data required time
-----------------------------------------------------------------------------
                                 10.36   data required time
                                 -4.02   data arrival time
-----------------------------------------------------------------------------
                                  6.34   slack (MET)


Startpoint: _256_ (rising edge-triggered flip-flop clocked by clk)
Endpoint: seq_busy (output port clocked by clk)
Path Group: clk
Path Type: max

Fanout     Cap    Slew   Delay    Time   Description
-----------------------------------------------------------------------------
                          0.00    0.00   clock clk (rise edge)
                          0.50    0.50   clock source latency
     1    0.01    0.04    0.02    0.52 ^ clk (in)
                                         clk (net)
                  0.04    0.00    0.52 ^ clkbuf_0_clk/A (sky130_fd_sc_hd__clkbuf_16)
     2    0.02    0.04    0.12    0.64 ^ clkbuf_0_clk/X (sky130_fd_sc_hd__clkbuf_16)
                                         clknet_0_clk (net)
                  0.04    0.00    0.64 ^ clkbuf_1_0__f_clk/A (sky130_fd_sc_hd__clkbuf_16)
    16    0.03    0.05    0.13    0.77 ^ clkbuf_1_0__f_clk/X (sky130_fd_sc_hd__clkbuf_16)
                                         clknet_1_0__leaf_clk (net)
                  0.05    0.00    0.77 ^ _256_/CLK (sky130_fd_sc_hd__dfrtp_4)
     8    0.02    0.08    0.50    1.27 v _256_/Q (sky130_fd_sc_hd__dfrtp_4)
                                         curr_state[0] (net)
                  0.08    0.00    1.27 v _138_/A (sky130_fd_sc_hd__nand2_1)
     3    0.01    0.10    0.11    1.39 ^ _138_/Y (sky130_fd_sc_hd__nand2_1)
                                         _077_ (net)
                  0.10    0.00    1.39 ^ _139_/A (sky130_fd_sc_hd__inv_2)
     2    0.00    0.03    0.04    1.43 v _139_/Y (sky130_fd_sc_hd__inv_2)
                                         _078_ (net)
                  0.03    0.00    1.43 v _140_/B (sky130_fd_sc_hd__nor2_1)
     1    0.00    0.07    0.07    1.50 ^ _140_/Y (sky130_fd_sc_hd__nor2_1)
                                         net18 (net)
                  0.07    0.00    1.50 ^ wire20/A (sky130_fd_sc_hd__buf_1)
     4    0.01    0.11    0.13    1.63 ^ wire20/X (sky130_fd_sc_hd__buf_1)
                                         net20 (net)
                  0.11    0.00    1.63 ^ output18/A (sky130_fd_sc_hd__clkbuf_2)
     1    0.02    0.12    0.18    1.81 ^ output18/X (sky130_fd_sc_hd__clkbuf_2)
                                         seq_busy (net)
                  0.12    0.00    1.81 ^ seq_busy (out)
                                  1.81   data arrival time

                         10.00   10.00   clock clk (rise edge)
                          0.50   10.50   clock network delay (propagated)
                         -0.30   10.20   clock uncertainty
                          0.00   10.20   clock reconvergence pessimism
                         -2.00    8.20   output external delay
                                  8.20   data required time
-----------------------------------------------------------------------------
                                  8.20   data required time
                                 -1.81   data arrival time
-----------------------------------------------------------------------------
                                  6.39   slack (MET)


Startpoint: _252_ (rising edge-triggered flip-flop clocked by clk)
Endpoint: retention_restore (output port clocked by clk)
Path Group: clk
Path Type: max

Fanout     Cap    Slew   Delay    Time   Description
-----------------------------------------------------------------------------
                          0.00    0.00   clock clk (rise edge)
                          0.50    0.50   clock source latency
     1    0.01    0.04    0.02    0.52 ^ clk (in)
                                         clk (net)
                  0.04    0.00    0.52 ^ clkbuf_0_clk/A (sky130_fd_sc_hd__clkbuf_16)
     2    0.02    0.04    0.12    0.64 ^ clkbuf_0_clk/X (sky130_fd_sc_hd__clkbuf_16)
                                         clknet_0_clk (net)
                  0.04    0.00    0.64 ^ clkbuf_1_0__f_clk/A (sky130_fd_sc_hd__clkbuf_16)
    16    0.03    0.05    0.13    0.77 ^ clkbuf_1_0__f_clk/X (sky130_fd_sc_hd__clkbuf_16)
                                         clknet_1_0__leaf_clk (net)
                  0.05    0.00    0.77 ^ _252_/CLK (sky130_fd_sc_hd__dfrtp_1)
     1    0.00    0.03    0.35    1.12 v _252_/Q (sky130_fd_sc_hd__dfrtp_1)
                                         net16 (net)
                  0.03    0.00    1.12 v output16/A (sky130_fd_sc_hd__buf_2)
     1    0.03    0.08    0.17    1.29 v output16/X (sky130_fd_sc_hd__buf_2)
                                         retention_restore (net)
                  0.08    0.00    1.29 v retention_restore (out)
                                  1.29   data arrival time

                         10.00   10.00   clock clk (rise edge)
                          0.50   10.50   clock network delay (propagated)
                         -0.30   10.20   clock uncertainty
                          0.00   10.20   clock reconvergence pessimism
                         -2.50    7.70   output external delay
                                  7.70   data required time
-----------------------------------------------------------------------------
                                  7.70   data required time
                                 -1.29   data arrival time
-----------------------------------------------------------------------------
                                  6.41   slack (MET)


Startpoint: _251_ (rising edge-triggered flip-flop clocked by clk)
Endpoint: retention_save (output port clocked by clk)
Path Group: clk
Path Type: max

Fanout     Cap    Slew   Delay    Time   Description
-----------------------------------------------------------------------------
                          0.00    0.00   clock clk (rise edge)
                          0.50    0.50   clock source latency
     1    0.01    0.04    0.02    0.52 ^ clk (in)
                                         clk (net)
                  0.04    0.00    0.52 ^ clkbuf_0_clk/A (sky130_fd_sc_hd__clkbuf_16)
     2    0.02    0.04    0.12    0.64 ^ clkbuf_0_clk/X (sky130_fd_sc_hd__clkbuf_16)
                                         clknet_0_clk (net)
                  0.04    0.00    0.64 ^ clkbuf_1_0__f_clk/A (sky130_fd_sc_hd__clkbuf_16)
    16    0.03    0.05    0.13    0.77 ^ clkbuf_1_0__f_clk/X (sky130_fd_sc_hd__clkbuf_16)
                                         clknet_1_0__leaf_clk (net)
                  0.05    0.00    0.77 ^ _251_/CLK (sky130_fd_sc_hd__dfrtp_1)
     1    0.00    0.03    0.35    1.12 v _251_/Q (sky130_fd_sc_hd__dfrtp_1)
                                         net17 (net)
                  0.03    0.00    1.12 v output17/A (sky130_fd_sc_hd__buf_2)
     1    0.03    0.08    0.17    1.29 v output17/X (sky130_fd_sc_hd__buf_2)
                                         retention_save (net)
                  0.08    0.00    1.29 v retention_save (out)
                                  1.29   data arrival time

                         10.00   10.00   clock clk (rise edge)
                          0.50   10.50   clock network delay (propagated)
                         -0.30   10.20   clock uncertainty
                          0.00   10.20   clock reconvergence pessimism
                         -2.50    7.70   output external delay
                                  7.70   data required time
-----------------------------------------------------------------------------
                                  7.70   data required time
                                 -1.29   data arrival time
-----------------------------------------------------------------------------
                                  6.41   slack (MET)


Startpoint: _253_ (rising edge-triggered flip-flop clocked by clk)
Endpoint: reset_ctrl (output port clocked by clk)
Path Group: clk
Path Type: max

Fanout     Cap    Slew   Delay    Time   Description
-----------------------------------------------------------------------------
                          0.00    0.00   clock clk (rise edge)
                          0.50    0.50   clock source latency
     1    0.01    0.04    0.02    0.52 ^ clk (in)
                                         clk (net)
                  0.04    0.00    0.52 ^ clkbuf_0_clk/A (sky130_fd_sc_hd__clkbuf_16)
     2    0.02    0.04    0.12    0.64 ^ clkbuf_0_clk/X (sky130_fd_sc_hd__clkbuf_16)
                                         clknet_0_clk (net)
                  0.04    0.00    0.64 ^ clkbuf_1_1__f_clk/A (sky130_fd_sc_hd__clkbuf_16)
    13    0.03    0.05    0.13    0.77 ^ clkbuf_1_1__f_clk/X (sky130_fd_sc_hd__clkbuf_16)
                                         clknet_1_1__leaf_clk (net)
                  0.05    0.00    0.77 ^ _253_/CLK (sky130_fd_sc_hd__dfrtp_1)
     1    0.00    0.03    0.35    1.12 v _253_/Q (sky130_fd_sc_hd__dfrtp_1)
                                         net14 (net)
                  0.03    0.00    1.12 v output14/A (sky130_fd_sc_hd__buf_2)
     1    0.03    0.08    0.17    1.29 v output14/X (sky130_fd_sc_hd__buf_2)
                                         reset_ctrl (net)
                  0.08    0.00    1.29 v reset_ctrl (out)
                                  1.29   data arrival time

                         10.00   10.00   clock clk (rise edge)
                          0.50   10.50   clock network delay (propagated)
                         -0.30   10.20   clock uncertainty
                          0.00   10.20   clock reconvergence pessimism
                         -2.50    7.70   output external delay
                                  7.70   data required time
-----------------------------------------------------------------------------
                                  7.70   data required time
                                 -1.29   data arrival time
-----------------------------------------------------------------------------
                                  6.41   slack (MET)


Startpoint: _239_ (rising edge-triggered flip-flop clocked by clk)
Endpoint: dvfs_ctrl[1] (output port clocked by clk)
Path Group: clk
Path Type: max

Fanout     Cap    Slew   Delay    Time   Description
-----------------------------------------------------------------------------
                          0.00    0.00   clock clk (rise edge)
                          0.50    0.50   clock source latency
     1    0.01    0.04    0.02    0.52 ^ clk (in)
                                         clk (net)
                  0.04    0.00    0.52 ^ clkbuf_0_clk/A (sky130_fd_sc_hd__clkbuf_16)
     2    0.02    0.04    0.12    0.64 ^ clkbuf_0_clk/X (sky130_fd_sc_hd__clkbuf_16)
                                         clknet_0_clk (net)
                  0.04    0.00    0.64 ^ clkbuf_1_1__f_clk/A (sky130_fd_sc_hd__clkbuf_16)
    13    0.03    0.05    0.13    0.77 ^ clkbuf_1_1__f_clk/X (sky130_fd_sc_hd__clkbuf_16)
                                         clknet_1_1__leaf_clk (net)
                  0.05    0.00    0.77 ^ _239_/CLK (sky130_fd_sc_hd__dfstp_1)
     1    0.00    0.04    0.49    1.26 ^ _239_/Q (sky130_fd_sc_hd__dfstp_1)
                                         net9 (net)
                  0.04    0.00    1.26 ^ output9/A (sky130_fd_sc_hd__clkbuf_2)
     1    0.02    0.12    0.15    1.42 ^ output9/X (sky130_fd_sc_hd__clkbuf_2)
                                         dvfs_ctrl[1] (net)
                  0.12    0.00    1.42 ^ dvfs_ctrl[1] (out)
                                  1.42   data arrival time

                         10.00   10.00   clock clk (rise edge)
                          0.50   10.50   clock network delay (propagated)
                         -0.30   10.20   clock uncertainty
                          0.00   10.20   clock reconvergence pessimism
                         -2.00    8.20   output external delay
                                  8.20   data required time
-----------------------------------------------------------------------------
                                  8.20   data required time
                                 -1.42   data arrival time
-----------------------------------------------------------------------------
                                  6.78   slack (MET)


Startpoint: _248_ (rising edge-triggered flip-flop clocked by clk)
Endpoint: clk_gate_en (output port clocked by clk)
Path Group: clk
Path Type: max

Fanout     Cap    Slew   Delay    Time   Description
-----------------------------------------------------------------------------
                          0.00    0.00   clock clk (rise edge)
                          0.50    0.50   clock source latency
     1    0.01    0.04    0.02    0.52 ^ clk (in)
                                         clk (net)
                  0.04    0.00    0.52 ^ clkbuf_0_clk/A (sky130_fd_sc_hd__clkbuf_16)
     2    0.02    0.04    0.12    0.64 ^ clkbuf_0_clk/X (sky130_fd_sc_hd__clkbuf_16)
                                         clknet_0_clk (net)
                  0.04    0.00    0.64 ^ clkbuf_1_0__f_clk/A (sky130_fd_sc_hd__clkbuf_16)
    16    0.03    0.05    0.13    0.77 ^ clkbuf_1_0__f_clk/X (sky130_fd_sc_hd__clkbuf_16)
                                         clknet_1_0__leaf_clk (net)
                  0.05    0.00    0.77 ^ _248_/CLK (sky130_fd_sc_hd__dfrtp_1)
     1    0.00    0.04    0.35    1.12 v _248_/Q (sky130_fd_sc_hd__dfrtp_1)
                                         net8 (net)
                  0.04    0.00    1.12 v output8/A (sky130_fd_sc_hd__buf_4)
     1    0.05    0.08    0.18    1.31 v output8/X (sky130_fd_sc_hd__buf_4)
                                         clk_gate_en (net)
                  0.08    0.00    1.31 v clk_gate_en (out)
                                  1.31   data arrival time

                         10.00   10.00   clock clk (rise edge)
                          0.50   10.50   clock network delay (propagated)
                         -0.30   10.20   clock uncertainty
                          0.00   10.20   clock reconvergence pessimism
                         -2.00    8.20   output external delay
                                  8.20   data required time
-----------------------------------------------------------------------------
                                  8.20   data required time
                                 -1.31   data arrival time
-----------------------------------------------------------------------------
                                  6.89   slack (MET)


Startpoint: _249_ (rising edge-triggered flip-flop clocked by clk)
Endpoint: pwr_gate_en (output port clocked by clk)
Path Group: clk
Path Type: max

Fanout     Cap    Slew   Delay    Time   Description
-----------------------------------------------------------------------------
                          0.00    0.00   clock clk (rise edge)
                          0.50    0.50   clock source latency
     1    0.01    0.04    0.02    0.52 ^ clk (in)
                                         clk (net)
                  0.04    0.00    0.52 ^ clkbuf_0_clk/A (sky130_fd_sc_hd__clkbuf_16)
     2    0.02    0.04    0.12    0.64 ^ clkbuf_0_clk/X (sky130_fd_sc_hd__clkbuf_16)
                                         clknet_0_clk (net)
                  0.04    0.00    0.64 ^ clkbuf_1_0__f_clk/A (sky130_fd_sc_hd__clkbuf_16)
    16    0.03    0.05    0.13    0.77 ^ clkbuf_1_0__f_clk/X (sky130_fd_sc_hd__clkbuf_16)
                                         clknet_1_0__leaf_clk (net)
                  0.05    0.00    0.77 ^ _249_/CLK (sky130_fd_sc_hd__dfrtp_1)
     1    0.00    0.04    0.35    1.12 v _249_/Q (sky130_fd_sc_hd__dfrtp_1)
                                         net11 (net)
                  0.04    0.00    1.12 v output11/A (sky130_fd_sc_hd__buf_4)
     1    0.05    0.08    0.18    1.31 v output11/X (sky130_fd_sc_hd__buf_4)
                                         pwr_gate_en (net)
                  0.08    0.00    1.31 v pwr_gate_en (out)
                                  1.31   data arrival time

                         10.00   10.00   clock clk (rise edge)
                          0.50   10.50   clock network delay (propagated)
                         -0.30   10.20   clock uncertainty
                          0.00   10.20   clock reconvergence pessimism
                         -2.00    8.20   output external delay
                                  8.20   data required time
-----------------------------------------------------------------------------
                                  8.20   data required time
                                 -1.31   data arrival time
-----------------------------------------------------------------------------
                                  6.89   slack (MET)


Startpoint: _250_ (rising edge-triggered flip-flop clocked by clk)
Endpoint: retention_en (output port clocked by clk)
Path Group: clk
Path Type: max

Fanout     Cap    Slew   Delay    Time   Description
-----------------------------------------------------------------------------
                          0.00    0.00   clock clk (rise edge)
                          0.50    0.50   clock source latency
     1    0.01    0.04    0.02    0.52 ^ clk (in)
                                         clk (net)
                  0.04    0.00    0.52 ^ clkbuf_0_clk/A (sky130_fd_sc_hd__clkbuf_16)
     2    0.02    0.04    0.12    0.64 ^ clkbuf_0_clk/X (sky130_fd_sc_hd__clkbuf_16)
                                         clknet_0_clk (net)
                  0.04    0.00    0.64 ^ clkbuf_1_0__f_clk/A (sky130_fd_sc_hd__clkbuf_16)
    16    0.03    0.05    0.13    0.77 ^ clkbuf_1_0__f_clk/X (sky130_fd_sc_hd__clkbuf_16)
                                         clknet_1_0__leaf_clk (net)
                  0.05    0.00    0.77 ^ _250_/CLK (sky130_fd_sc_hd__dfrtp_1)
     1    0.00    0.04    0.35    1.12 v _250_/Q (sky130_fd_sc_hd__dfrtp_1)
                                         net15 (net)
                  0.04    0.00    1.12 v output15/A (sky130_fd_sc_hd__buf_4)
     1    0.05    0.08    0.18    1.31 v output15/X (sky130_fd_sc_hd__buf_4)
                                         retention_en (net)
                  0.08    0.00    1.31 v retention_en (out)
                                  1.31   data arrival time

                         10.00   10.00   clock clk (rise edge)
                          0.50   10.50   clock network delay (propagated)
                         -0.30   10.20   clock uncertainty
                          0.00   10.20   clock reconvergence pessimism
                         -2.00    8.20   output external delay
                                  8.20   data required time
-----------------------------------------------------------------------------
                                  8.20   data required time
                                 -1.31   data arrival time
-----------------------------------------------------------------------------
                                  6.89   slack (MET)


Startpoint: _254_ (rising edge-triggered flip-flop clocked by clk)
Endpoint: pwr_state[0] (output port clocked by clk)
Path Group: clk
Path Type: max

Fanout     Cap    Slew   Delay    Time   Description
-----------------------------------------------------------------------------
                          0.00    0.00   clock clk (rise edge)
                          0.50    0.50   clock source latency
     1    0.01    0.04    0.02    0.52 ^ clk (in)
                                         clk (net)
                  0.04    0.00    0.52 ^ clkbuf_0_clk/A (sky130_fd_sc_hd__clkbuf_16)
     2    0.02    0.04    0.12    0.64 ^ clkbuf_0_clk/X (sky130_fd_sc_hd__clkbuf_16)
                                         clknet_0_clk (net)
                  0.04    0.00    0.64 ^ clkbuf_1_1__f_clk/A (sky130_fd_sc_hd__clkbuf_16)
    13    0.03    0.05    0.13    0.77 ^ clkbuf_1_1__f_clk/X (sky130_fd_sc_hd__clkbuf_16)
                                         clknet_1_1__leaf_clk (net)
                  0.05    0.00    0.77 ^ _254_/CLK (sky130_fd_sc_hd__dfrtp_1)
     1    0.00    0.04    0.35    1.12 v _254_/Q (sky130_fd_sc_hd__dfrtp_1)
                                         net12 (net)
                  0.04    0.00    1.12 v output12/A (sky130_fd_sc_hd__clkbuf_2)
     1    0.02    0.08    0.15    1.27 v output12/X (sky130_fd_sc_hd__clkbuf_2)
                                         pwr_state[0] (net)
                  0.08    0.00    1.27 v pwr_state[0] (out)
                                  1.27   data arrival time

                         10.00   10.00   clock clk (rise edge)
                          0.50   10.50   clock network delay (propagated)
                         -0.30   10.20   clock uncertainty
                          0.00   10.20   clock reconvergence pessimism
                         -2.00    8.20   output external delay
                                  8.20   data required time
-----------------------------------------------------------------------------
                                  8.20   data required time
                                 -1.27   data arrival time
-----------------------------------------------------------------------------
                                  6.93   slack (MET)


Startpoint: _255_ (rising edge-triggered flip-flop clocked by clk)
Endpoint: pwr_state[1] (output port clocked by clk)
Path Group: clk
Path Type: max

Fanout     Cap    Slew   Delay    Time   Description
-----------------------------------------------------------------------------
                          0.00    0.00   clock clk (rise edge)
                          0.50    0.50   clock source latency
     1    0.01    0.04    0.02    0.52 ^ clk (in)
                                         clk (net)
                  0.04    0.00    0.52 ^ clkbuf_0_clk/A (sky130_fd_sc_hd__clkbuf_16)
     2    0.02    0.04    0.12    0.64 ^ clkbuf_0_clk/X (sky130_fd_sc_hd__clkbuf_16)
                                         clknet_0_clk (net)
                  0.04    0.00    0.64 ^ clkbuf_1_1__f_clk/A (sky130_fd_sc_hd__clkbuf_16)
    13    0.03    0.05    0.13    0.77 ^ clkbuf_1_1__f_clk/X (sky130_fd_sc_hd__clkbuf_16)
                                         clknet_1_1__leaf_clk (net)
                  0.05    0.00    0.77 ^ _255_/CLK (sky130_fd_sc_hd__dfrtp_1)
     1    0.00    0.04    0.35    1.12 v _255_/Q (sky130_fd_sc_hd__dfrtp_1)
                                         net13 (net)
                  0.04    0.00    1.12 v output13/A (sky130_fd_sc_hd__clkbuf_2)
     1    0.02    0.08    0.15    1.27 v output13/X (sky130_fd_sc_hd__clkbuf_2)
                                         pwr_state[1] (net)
                  0.08    0.00    1.27 v pwr_state[1] (out)
                                  1.27   data arrival time

                         10.00   10.00   clock clk (rise edge)
                          0.50   10.50   clock network delay (propagated)
                         -0.30   10.20   clock uncertainty
                          0.00   10.20   clock reconvergence pessimism
                         -2.00    8.20   output external delay
                                  8.20   data required time
-----------------------------------------------------------------------------
                                  8.20   data required time
                                 -1.27   data arrival time
-----------------------------------------------------------------------------
                                  6.93   slack (MET)


Startpoint: wake_up (input port clocked by clk)
Endpoint: _259_ (rising edge-triggered flip-flop clocked by clk)
Path Group: clk
Path Type: max

Fanout     Cap    Slew   Delay    Time   Description
-----------------------------------------------------------------------------
                          0.00    0.00   clock clk (rise edge)
                          0.50    0.50   clock network delay (propagated)
                          2.00    2.50 v input external delay
     1    0.00    0.02    0.01    2.51 v wake_up (in)
                                         wake_up (net)
                  0.02    0.00    2.51 v input7/A (sky130_fd_sc_hd__clkbuf_1)
     1    0.00    0.02    0.07    2.58 v input7/X (sky130_fd_sc_hd__clkbuf_1)
                                         net7 (net)
                  0.02    0.00    2.58 v _259_/D (sky130_fd_sc_hd__dfrtp_1)
                                  2.58   data arrival time

                         10.00   10.00   clock clk (rise edge)
                          0.50   10.50   clock source latency
     1    0.01    0.04    0.02   10.52 ^ clk (in)
                                         clk (net)
                  0.04    0.00   10.52 ^ clkbuf_0_clk/A (sky130_fd_sc_hd__clkbuf_16)
     2    0.02    0.04    0.12   10.64 ^ clkbuf_0_clk/X (sky130_fd_sc_hd__clkbuf_16)
                                         clknet_0_clk (net)
                  0.04    0.00   10.64 ^ clkbuf_1_0__f_clk/A (sky130_fd_sc_hd__clkbuf_16)
    16    0.03    0.05    0.13   10.77 ^ clkbuf_1_0__f_clk/X (sky130_fd_sc_hd__clkbuf_16)
                                         clknet_1_0__leaf_clk (net)
                  0.05    0.00   10.77 ^ _259_/CLK (sky130_fd_sc_hd__dfrtp_1)
                         -0.30   10.47   clock uncertainty
                          0.00   10.47   clock reconvergence pessimism
                         -0.10   10.37   library setup time
                                 10.37   data required time
-----------------------------------------------------------------------------
                                 10.37   data required time
                                 -2.58   data arrival time
-----------------------------------------------------------------------------
                                  7.79   slack (MET)


Startpoint: req_off (input port clocked by clk)
Endpoint: _260_ (rising edge-triggered flip-flop clocked by clk)
Path Group: clk
Path Type: max

Fanout     Cap    Slew   Delay    Time   Description
-----------------------------------------------------------------------------
                          0.00    0.00   clock clk (rise edge)
                          0.50    0.50   clock network delay (propagated)
                          2.00    2.50 v input external delay
     1    0.00    0.02    0.01    2.51 v req_off (in)
                                         req_off (net)
                  0.02    0.00    2.51 v input4/A (sky130_fd_sc_hd__clkbuf_1)
     1    0.00    0.02    0.07    2.58 v input4/X (sky130_fd_sc_hd__clkbuf_1)
                                         net4 (net)
                  0.02    0.00    2.58 v _260_/D (sky130_fd_sc_hd__dfrtp_1)
                                  2.58   data arrival time

                         10.00   10.00   clock clk (rise edge)
                          0.50   10.50   clock source latency
     1    0.01    0.04    0.02   10.52 ^ clk (in)
                                         clk (net)
                  0.04    0.00   10.52 ^ clkbuf_0_clk/A (sky130_fd_sc_hd__clkbuf_16)
     2    0.02    0.04    0.12   10.64 ^ clkbuf_0_clk/X (sky130_fd_sc_hd__clkbuf_16)
                                         clknet_0_clk (net)
                  0.04    0.00   10.64 ^ clkbuf_1_0__f_clk/A (sky130_fd_sc_hd__clkbuf_16)
    16    0.03    0.05    0.13   10.77 ^ clkbuf_1_0__f_clk/X (sky130_fd_sc_hd__clkbuf_16)
                                         clknet_1_0__leaf_clk (net)
                  0.05    0.00   10.77 ^ _260_/CLK (sky130_fd_sc_hd__dfrtp_1)
                         -0.30   10.47   clock uncertainty
                          0.00   10.47   clock reconvergence pessimism
                         -0.10   10.37   library setup time
                                 10.37   data required time
-----------------------------------------------------------------------------
                                 10.37   data required time
                                 -2.58   data arrival time
-----------------------------------------------------------------------------
                                  7.79   slack (MET)


Startpoint: req_sleep (input port clocked by clk)
Endpoint: _261_ (rising edge-triggered flip-flop clocked by clk)
Path Group: clk
Path Type: max

Fanout     Cap    Slew   Delay    Time   Description
-----------------------------------------------------------------------------
                          0.00    0.00   clock clk (rise edge)
                          0.50    0.50   clock network delay (propagated)
                          2.00    2.50 v input external delay
     1    0.00    0.02    0.01    2.51 v req_sleep (in)
                                         req_sleep (net)
                  0.02    0.00    2.51 v input5/A (sky130_fd_sc_hd__clkbuf_1)
     1    0.00    0.02    0.07    2.58 v input5/X (sky130_fd_sc_hd__clkbuf_1)
                                         net5 (net)
                  0.02    0.00    2.58 v _261_/D (sky130_fd_sc_hd__dfrtp_1)
                                  2.58   data arrival time

                         10.00   10.00   clock clk (rise edge)
                          0.50   10.50   clock source latency
     1    0.01    0.04    0.02   10.52 ^ clk (in)
                                         clk (net)
                  0.04    0.00   10.52 ^ clkbuf_0_clk/A (sky130_fd_sc_hd__clkbuf_16)
     2    0.02    0.04    0.12   10.64 ^ clkbuf_0_clk/X (sky130_fd_sc_hd__clkbuf_16)
                                         clknet_0_clk (net)
                  0.04    0.00   10.64 ^ clkbuf_1_0__f_clk/A (sky130_fd_sc_hd__clkbuf_16)
    16    0.03    0.05    0.13   10.77 ^ clkbuf_1_0__f_clk/X (sky130_fd_sc_hd__clkbuf_16)
                                         clknet_1_0__leaf_clk (net)
                  0.05    0.00   10.77 ^ _261_/CLK (sky130_fd_sc_hd__dfrtp_1)
                         -0.30   10.47   clock uncertainty
                          0.00   10.47   clock reconvergence pessimism
                         -0.10   10.37   library setup time
                                 10.37   data required time
-----------------------------------------------------------------------------
                                 10.37   data required time
                                 -2.58   data arrival time
-----------------------------------------------------------------------------
                                  7.79   slack (MET)


Startpoint: req_idle (input port clocked by clk)
Endpoint: _262_ (rising edge-triggered flip-flop clocked by clk)
Path Group: clk
Path Type: max

Fanout     Cap    Slew   Delay    Time   Description
-----------------------------------------------------------------------------
                          0.00    0.00   clock clk (rise edge)
                          0.50    0.50   clock network delay (propagated)
                          2.00    2.50 v input external delay
     1    0.00    0.02    0.01    2.51 v req_idle (in)
                                         req_idle (net)
                  0.02    0.00    2.51 v input3/A (sky130_fd_sc_hd__clkbuf_1)
     1    0.00    0.02    0.07    2.58 v input3/X (sky130_fd_sc_hd__clkbuf_1)
                                         net3 (net)
                  0.02    0.00    2.58 v _262_/D (sky130_fd_sc_hd__dfrtp_1)
                                  2.58   data arrival time

                         10.00   10.00   clock clk (rise edge)
                          0.50   10.50   clock source latency
     1    0.01    0.04    0.02   10.52 ^ clk (in)
                                         clk (net)
                  0.04    0.00   10.52 ^ clkbuf_0_clk/A (sky130_fd_sc_hd__clkbuf_16)
     2    0.02    0.04    0.12   10.64 ^ clkbuf_0_clk/X (sky130_fd_sc_hd__clkbuf_16)
                                         clknet_0_clk (net)
                  0.04    0.00   10.64 ^ clkbuf_1_0__f_clk/A (sky130_fd_sc_hd__clkbuf_16)
    16    0.03    0.05    0.13   10.77 ^ clkbuf_1_0__f_clk/X (sky130_fd_sc_hd__clkbuf_16)
                                         clknet_1_0__leaf_clk (net)
                  0.05    0.00   10.77 ^ _262_/CLK (sky130_fd_sc_hd__dfrtp_1)
                         -0.30   10.47   clock uncertainty
                          0.00   10.47   clock reconvergence pessimism
                         -0.10   10.37   library setup time
                                 10.37   data required time
-----------------------------------------------------------------------------
                                 10.37   data required time
                                 -2.58   data arrival time
-----------------------------------------------------------------------------
                                  7.79   slack (MET)


Startpoint: _258_ (rising edge-triggered flip-flop clocked by clk)
Endpoint: _255_ (rising edge-triggered flip-flop clocked by clk)
Path Group: clk
Path Type: max

Fanout     Cap    Slew   Delay    Time   Description
-----------------------------------------------------------------------------
                          0.00    0.00   clock clk (rise edge)
                          0.50    0.50   clock source latency
     1    0.01    0.04    0.02    0.52 ^ clk (in)
                                         clk (net)
                  0.04    0.00    0.52 ^ clkbuf_0_clk/A (sky130_fd_sc_hd__clkbuf_16)
     2    0.02    0.04    0.12    0.64 ^ clkbuf_0_clk/X (sky130_fd_sc_hd__clkbuf_16)
                                         clknet_0_clk (net)
                  0.04    0.00    0.64 ^ clkbuf_1_0__f_clk/A (sky130_fd_sc_hd__clkbuf_16)
    16    0.03    0.05    0.13    0.77 ^ clkbuf_1_0__f_clk/X (sky130_fd_sc_hd__clkbuf_16)
                                         clknet_1_0__leaf_clk (net)
                  0.05    0.00    0.77 ^ _258_/CLK (sky130_fd_sc_hd__dfrtp_4)
     8    0.03    0.09    0.52    1.29 v _258_/Q (sky130_fd_sc_hd__dfrtp_4)
                                         curr_state[2] (net)
                  0.09    0.00    1.29 v _124_/A (sky130_fd_sc_hd__inv_6)
     6    0.01    0.05    0.08    1.36 ^ _124_/Y (sky130_fd_sc_hd__inv_6)
                                         _064_ (net)
                  0.05    0.00    1.36 ^ _125_/B (sky130_fd_sc_hd__nor2_1)
     3    0.01    0.05    0.05    1.41 v _125_/Y (sky130_fd_sc_hd__nor2_1)
                                         _065_ (net)
                  0.05    0.00    1.41 v _170_/A (sky130_fd_sc_hd__and2_1)
     3    0.01    0.05    0.15    1.56 v _170_/X (sky130_fd_sc_hd__and2_1)
                                         _107_ (net)
                  0.05    0.00    1.56 v _193_/B (sky130_fd_sc_hd__nor2_1)
     2    0.00    0.09    0.09    1.65 ^ _193_/Y (sky130_fd_sc_hd__nor2_1)
                                         _024_ (net)
                  0.09    0.00    1.65 ^ _194_/C_N (sky130_fd_sc_hd__or3b_1)
     1    0.00    0.06    0.34    1.99 v _194_/X (sky130_fd_sc_hd__or3b_1)
                                         _025_ (net)
                  0.06    0.00    1.99 v _195_/A (sky130_fd_sc_hd__clkbuf_1)
     1    0.00    0.02    0.09    2.08 v _195_/X (sky130_fd_sc_hd__clkbuf_1)
                                         _113_ (net)
                  0.02    0.00    2.08 v _255_/D (sky130_fd_sc_hd__dfrtp_1)
                                  2.08   data arrival time

                         10.00   10.00   clock clk (rise edge)
                          0.50   10.50   clock source latency
     1    0.01    0.04    0.02   10.52 ^ clk (in)
                                         clk (net)
                  0.04    0.00   10.52 ^ clkbuf_0_clk/A (sky130_fd_sc_hd__clkbuf_16)
     2    0.02    0.04    0.12   10.64 ^ clkbuf_0_clk/X (sky130_fd_sc_hd__clkbuf_16)
                                         clknet_0_clk (net)
                  0.04    0.00   10.64 ^ clkbuf_1_1__f_clk/A (sky130_fd_sc_hd__clkbuf_16)
    13    0.03    0.05    0.13   10.77 ^ clkbuf_1_1__f_clk/X (sky130_fd_sc_hd__clkbuf_16)
                                         clknet_1_1__leaf_clk (net)
                  0.05    0.00   10.77 ^ _255_/CLK (sky130_fd_sc_hd__dfrtp_1)
                         -0.30   10.47   clock uncertainty
                          0.00   10.47   clock reconvergence pessimism
                         -0.10   10.37   library setup time
                                 10.37   data required time
-----------------------------------------------------------------------------
                                 10.37   data required time
                                 -2.08   data arrival time
-----------------------------------------------------------------------------
                                  8.29   slack (MET)


Startpoint: _246_ (rising edge-triggered flip-flop clocked by clk)
Endpoint: _250_ (rising edge-triggered flip-flop clocked by clk)
Path Group: clk
Path Type: max

Fanout     Cap    Slew   Delay    Time   Description
-----------------------------------------------------------------------------
                          0.00    0.00   clock clk (rise edge)
                          0.50    0.50   clock source latency
     1    0.01    0.04    0.02    0.52 ^ clk (in)
                                         clk (net)
                  0.04    0.00    0.52 ^ clkbuf_0_clk/A (sky130_fd_sc_hd__clkbuf_16)
     2    0.02    0.04    0.12    0.64 ^ clkbuf_0_clk/X (sky130_fd_sc_hd__clkbuf_16)
                                         clknet_0_clk (net)
                  0.04    0.00    0.64 ^ clkbuf_1_1__f_clk/A (sky130_fd_sc_hd__clkbuf_16)
    13    0.03    0.05    0.13    0.77 ^ clkbuf_1_1__f_clk/X (sky130_fd_sc_hd__clkbuf_16)
                                         clknet_1_1__leaf_clk (net)
                  0.05    0.00    0.77 ^ _246_/CLK (sky130_fd_sc_hd__dfrtp_1)
     3    0.01    0.05    0.37    1.14 v _246_/Q (sky130_fd_sc_hd__dfrtp_1)
                                         seq_timer[6] (net)
                  0.05    0.00    1.14 v _121_/A (sky130_fd_sc_hd__nor2_1)
     2    0.00    0.11    0.13    1.27 ^ _121_/Y (sky130_fd_sc_hd__nor2_1)
                                         _061_ (net)
                  0.11    0.00    1.27 ^ _134_/B (sky130_fd_sc_hd__nand3_1)
     2    0.00    0.07    0.09    1.36 v _134_/Y (sky130_fd_sc_hd__nand3_1)
                                         _074_ (net)
                  0.07    0.00    1.36 v _135_/C (sky130_fd_sc_hd__or3_1)
     1    0.00    0.08    0.32    1.68 v _135_/X (sky130_fd_sc_hd__or3_1)
                                         _075_ (net)
                  0.08    0.00    1.68 v _136_/A (sky130_fd_sc_hd__inv_2)
     3    0.01    0.05    0.07    1.75 ^ _136_/Y (sky130_fd_sc_hd__inv_2)
                                         _076_ (net)
                  0.05    0.00    1.75 ^ _197_/A2 (sky130_fd_sc_hd__o21ai_1)
     1    0.00    0.04    0.05    1.80 v _197_/Y (sky130_fd_sc_hd__o21ai_1)
                                         _116_ (net)
                  0.04    0.00    1.80 v _250_/D (sky130_fd_sc_hd__dfrtp_1)
                                  1.80   data arrival time

                         10.00   10.00   clock clk (rise edge)
                          0.50   10.50   clock source latency
     1    0.01    0.04    0.02   10.52 ^ clk (in)
                                         clk (net)
                  0.04    0.00   10.52 ^ clkbuf_0_clk/A (sky130_fd_sc_hd__clkbuf_16)
     2    0.02    0.04    0.12   10.64 ^ clkbuf_0_clk/X (sky130_fd_sc_hd__clkbuf_16)
                                         clknet_0_clk (net)
                  0.04    0.00   10.64 ^ clkbuf_1_0__f_clk/A (sky130_fd_sc_hd__clkbuf_16)
    16    0.03    0.05    0.13   10.77 ^ clkbuf_1_0__f_clk/X (sky130_fd_sc_hd__clkbuf_16)
                                         clknet_1_0__leaf_clk (net)
                  0.05    0.00   10.77 ^ _250_/CLK (sky130_fd_sc_hd__dfrtp_1)
                         -0.30   10.47   clock uncertainty
                          0.00   10.47   clock reconvergence pessimism
                         -0.11   10.36   library setup time
                                 10.36   data required time
-----------------------------------------------------------------------------
                                 10.36   data required time
                                 -1.80   data arrival time
-----------------------------------------------------------------------------
                                  8.56   slack (MET)


Startpoint: _246_ (rising edge-triggered flip-flop clocked by clk)
Endpoint: _253_ (rising edge-triggered flip-flop clocked by clk)
Path Group: clk
Path Type: max

Fanout     Cap    Slew   Delay    Time   Description
-----------------------------------------------------------------------------
                          0.00    0.00   clock clk (rise edge)
                          0.50    0.50   clock source latency
     1    0.01    0.04    0.02    0.52 ^ clk (in)
                                         clk (net)
                  0.04    0.00    0.52 ^ clkbuf_0_clk/A (sky130_fd_sc_hd__clkbuf_16)
     2    0.02    0.04    0.12    0.64 ^ clkbuf_0_clk/X (sky130_fd_sc_hd__clkbuf_16)
                                         clknet_0_clk (net)
                  0.04    0.00    0.64 ^ clkbuf_1_1__f_clk/A (sky130_fd_sc_hd__clkbuf_16)
    13    0.03    0.05    0.13    0.77 ^ clkbuf_1_1__f_clk/X (sky130_fd_sc_hd__clkbuf_16)
                                         clknet_1_1__leaf_clk (net)
                  0.05    0.00    0.77 ^ _246_/CLK (sky130_fd_sc_hd__dfrtp_1)
     3    0.01    0.05    0.37    1.14 v _246_/Q (sky130_fd_sc_hd__dfrtp_1)
                                         seq_timer[6] (net)
                  0.05    0.00    1.14 v _121_/A (sky130_fd_sc_hd__nor2_1)
     2    0.00    0.11    0.13    1.27 ^ _121_/Y (sky130_fd_sc_hd__nor2_1)
                                         _061_ (net)
                  0.11    0.00    1.27 ^ _134_/B (sky130_fd_sc_hd__nand3_1)
     2    0.00    0.07    0.09    1.36 v _134_/Y (sky130_fd_sc_hd__nand3_1)
                                         _074_ (net)
                  0.07    0.00    1.36 v _135_/C (sky130_fd_sc_hd__or3_1)
     1    0.00    0.08    0.32    1.68 v _135_/X (sky130_fd_sc_hd__or3_1)
                                         _075_ (net)
                  0.08    0.00    1.68 v _136_/A (sky130_fd_sc_hd__inv_2)
     3    0.01    0.05    0.07    1.75 ^ _136_/Y (sky130_fd_sc_hd__inv_2)
                                         _076_ (net)
                  0.05    0.00    1.75 ^ _196_/A1 (sky130_fd_sc_hd__a21o_1)
     1    0.00    0.03    0.09    1.84 ^ _196_/X (sky130_fd_sc_hd__a21o_1)
                                         _115_ (net)
                  0.03    0.00    1.84 ^ _253_/D (sky130_fd_sc_hd__dfrtp_1)
                                  1.84   data arrival time

                         10.00   10.00   clock clk (rise edge)
                          0.50   10.50   clock source latency
     1    0.01    0.04    0.02   10.52 ^ clk (in)
                                         clk (net)
                  0.04    0.00   10.52 ^ clkbuf_0_clk/A (sky130_fd_sc_hd__clkbuf_16)
     2    0.02    0.04    0.12   10.64 ^ clkbuf_0_clk/X (sky130_fd_sc_hd__clkbuf_16)
                                         clknet_0_clk (net)
                  0.04    0.00   10.64 ^ clkbuf_1_1__f_clk/A (sky130_fd_sc_hd__clkbuf_16)
    13    0.03    0.05    0.13   10.77 ^ clkbuf_1_1__f_clk/X (sky130_fd_sc_hd__clkbuf_16)
                                         clknet_1_1__leaf_clk (net)
                  0.05    0.00   10.77 ^ _253_/CLK (sky130_fd_sc_hd__dfrtp_1)
                         -0.30   10.47   clock uncertainty
                          0.00   10.47   clock reconvergence pessimism
                         -0.06   10.42   library setup time
                                 10.42   data required time
-----------------------------------------------------------------------------
                                 10.42   data required time
                                 -1.84   data arrival time
-----------------------------------------------------------------------------
                                  8.57   slack (MET)


Startpoint: _246_ (rising edge-triggered flip-flop clocked by clk)
Endpoint: _252_ (rising edge-triggered flip-flop clocked by clk)
Path Group: clk
Path Type: max

Fanout     Cap    Slew   Delay    Time   Description
-----------------------------------------------------------------------------
                          0.00    0.00   clock clk (rise edge)
                          0.50    0.50   clock source latency
     1    0.01    0.04    0.02    0.52 ^ clk (in)
                                         clk (net)
                  0.04    0.00    0.52 ^ clkbuf_0_clk/A (sky130_fd_sc_hd__clkbuf_16)
     2    0.02    0.04    0.12    0.64 ^ clkbuf_0_clk/X (sky130_fd_sc_hd__clkbuf_16)
                                         clknet_0_clk (net)
                  0.04    0.00    0.64 ^ clkbuf_1_1__f_clk/A (sky130_fd_sc_hd__clkbuf_16)
    13    0.03    0.05    0.13    0.77 ^ clkbuf_1_1__f_clk/X (sky130_fd_sc_hd__clkbuf_16)
                                         clknet_1_1__leaf_clk (net)
                  0.05    0.00    0.77 ^ _246_/CLK (sky130_fd_sc_hd__dfrtp_1)
     3    0.01    0.05    0.37    1.14 v _246_/Q (sky130_fd_sc_hd__dfrtp_1)
                                         seq_timer[6] (net)
                  0.05    0.00    1.14 v _121_/A (sky130_fd_sc_hd__nor2_1)
     2    0.00    0.11    0.13    1.27 ^ _121_/Y (sky130_fd_sc_hd__nor2_1)
                                         _061_ (net)
                  0.11    0.00    1.27 ^ _134_/B (sky130_fd_sc_hd__nand3_1)
     2    0.00    0.07    0.09    1.36 v _134_/Y (sky130_fd_sc_hd__nand3_1)
                                         _074_ (net)
                  0.07    0.00    1.36 v _135_/C (sky130_fd_sc_hd__or3_1)
     1    0.00    0.08    0.32    1.68 v _135_/X (sky130_fd_sc_hd__or3_1)
                                         _075_ (net)
                  0.08    0.00    1.68 v _136_/A (sky130_fd_sc_hd__inv_2)
     3    0.01    0.05    0.07    1.75 ^ _136_/Y (sky130_fd_sc_hd__inv_2)
                                         _076_ (net)
                  0.05    0.00    1.75 ^ _137_/B (sky130_fd_sc_hd__nor2_1)
     1    0.00    0.03    0.03    1.78 v _137_/Y (sky130_fd_sc_hd__nor2_1)
                                         _114_ (net)
                  0.03    0.00    1.78 v _252_/D (sky130_fd_sc_hd__dfrtp_1)
                                  1.78   data arrival time

                         10.00   10.00   clock clk (rise edge)
                          0.50   10.50   clock source latency
     1    0.01    0.04    0.02   10.52 ^ clk (in)
                                         clk (net)
                  0.04    0.00   10.52 ^ clkbuf_0_clk/A (sky130_fd_sc_hd__clkbuf_16)
     2    0.02    0.04    0.12   10.64 ^ clkbuf_0_clk/X (sky130_fd_sc_hd__clkbuf_16)
                                         clknet_0_clk (net)
                  0.04    0.00   10.64 ^ clkbuf_1_0__f_clk/A (sky130_fd_sc_hd__clkbuf_16)
    16    0.03    0.05    0.13   10.77 ^ clkbuf_1_0__f_clk/X (sky130_fd_sc_hd__clkbuf_16)
                                         clknet_1_0__leaf_clk (net)
                  0.05    0.00   10.77 ^ _252_/CLK (sky130_fd_sc_hd__dfrtp_1)
                         -0.30   10.47   clock uncertainty
                          0.00   10.47   clock reconvergence pessimism
                         -0.10   10.37   library setup time
                                 10.37   data required time
-----------------------------------------------------------------------------
                                 10.37   data required time
                                 -1.78   data arrival time
-----------------------------------------------------------------------------
                                  8.58   slack (MET)


Startpoint: _256_ (rising edge-triggered flip-flop clocked by clk)
Endpoint: _256_ (rising edge-triggered flip-flop clocked by clk)
Path Group: clk
Path Type: max

Fanout     Cap    Slew   Delay    Time   Description
-----------------------------------------------------------------------------
                          0.00    0.00   clock clk (rise edge)
                          0.50    0.50   clock source latency
     1    0.01    0.04    0.02    0.52 ^ clk (in)
                                         clk (net)
                  0.04    0.00    0.52 ^ clkbuf_0_clk/A (sky130_fd_sc_hd__clkbuf_16)
     2    0.02    0.04    0.12    0.64 ^ clkbuf_0_clk/X (sky130_fd_sc_hd__clkbuf_16)
                                         clknet_0_clk (net)
                  0.04    0.00    0.64 ^ clkbuf_1_0__f_clk/A (sky130_fd_sc_hd__clkbuf_16)
    16    0.03    0.05    0.13    0.77 ^ clkbuf_1_0__f_clk/X (sky130_fd_sc_hd__clkbuf_16)
                                         clknet_1_0__leaf_clk (net)
                  0.05    0.00    0.77 ^ _256_/CLK (sky130_fd_sc_hd__dfrtp_4)
     8    0.02    0.08    0.50    1.27 v _256_/Q (sky130_fd_sc_hd__dfrtp_4)
                                         curr_state[0] (net)
                  0.08    0.00    1.27 v _138_/A (sky130_fd_sc_hd__nand2_1)
     3    0.01    0.10    0.11    1.39 ^ _138_/Y (sky130_fd_sc_hd__nand2_1)
                                         _077_ (net)
                  0.10    0.00    1.39 ^ _142_/B1 (sky130_fd_sc_hd__o21a_1)
     1    0.00    0.04    0.12    1.51 ^ _142_/X (sky130_fd_sc_hd__o21a_1)
                                         _080_ (net)
                  0.04    0.00    1.51 ^ _149_/A (sky130_fd_sc_hd__nand2_1)
     1    0.00    0.03    0.04    1.55 v _149_/Y (sky130_fd_sc_hd__nand2_1)
                                         _087_ (net)
                  0.03    0.00    1.55 v _151_/A (sky130_fd_sc_hd__nand2_1)
     1    0.00    0.04    0.04    1.59 ^ _151_/Y (sky130_fd_sc_hd__nand2_1)
                                         _089_ (net)
                  0.04    0.00    1.59 ^ _154_/A (sky130_fd_sc_hd__nand2_1)
     2    0.00    0.05    0.05    1.64 v _154_/Y (sky130_fd_sc_hd__nand2_1)
                                         _092_ (net)
                  0.05    0.00    1.64 v _156_/A (sky130_fd_sc_hd__nand2_1)
     2    0.01    0.08    0.08    1.73 ^ _156_/Y (sky130_fd_sc_hd__nand2_1)
                                         _094_ (net)
                  0.08    0.00    1.73 ^ _157_/A (sky130_fd_sc_hd__inv_2)
     1    0.00    0.02    0.03    1.75 v _157_/Y (sky130_fd_sc_hd__inv_2)
                                         next_state[0] (net)
                  0.02    0.00    1.75 v _256_/D (sky130_fd_sc_hd__dfrtp_4)
                                  1.75   data arrival time

                         10.00   10.00   clock clk (rise edge)
                          0.50   10.50   clock source latency
     1    0.01    0.04    0.02   10.52 ^ clk (in)
                                         clk (net)
                  0.04    0.00   10.52 ^ clkbuf_0_clk/A (sky130_fd_sc_hd__clkbuf_16)
     2    0.02    0.04    0.12   10.64 ^ clkbuf_0_clk/X (sky130_fd_sc_hd__clkbuf_16)
                                         clknet_0_clk (net)
                  0.04    0.00   10.64 ^ clkbuf_1_0__f_clk/A (sky130_fd_sc_hd__clkbuf_16)
    16    0.03    0.05    0.13   10.77 ^ clkbuf_1_0__f_clk/X (sky130_fd_sc_hd__clkbuf_16)
                                         clknet_1_0__leaf_clk (net)
                  0.05    0.00   10.77 ^ _256_/CLK (sky130_fd_sc_hd__dfrtp_4)
                         -0.30   10.47   clock uncertainty
                          0.00   10.47   clock reconvergence pessimism
                         -0.10   10.37   library setup time
                                 10.37   data required time
-----------------------------------------------------------------------------
                                 10.37   data required time
                                 -1.75   data arrival time
-----------------------------------------------------------------------------
                                  8.62   slack (MET)


Startpoint: _246_ (rising edge-triggered flip-flop clocked by clk)
Endpoint: _251_ (rising edge-triggered flip-flop clocked by clk)
Path Group: clk
Path Type: max

Fanout     Cap    Slew   Delay    Time   Description
-----------------------------------------------------------------------------
                          0.00    0.00   clock clk (rise edge)
                          0.50    0.50   clock source latency
     1    0.01    0.04    0.02    0.52 ^ clk (in)
                                         clk (net)
                  0.04    0.00    0.52 ^ clkbuf_0_clk/A (sky130_fd_sc_hd__clkbuf_16)
     2    0.02    0.04    0.12    0.64 ^ clkbuf_0_clk/X (sky130_fd_sc_hd__clkbuf_16)
                                         clknet_0_clk (net)
                  0.04    0.00    0.64 ^ clkbuf_1_1__f_clk/A (sky130_fd_sc_hd__clkbuf_16)
    13    0.03    0.05    0.13    0.77 ^ clkbuf_1_1__f_clk/X (sky130_fd_sc_hd__clkbuf_16)
                                         clknet_1_1__leaf_clk (net)
                  0.05    0.00    0.77 ^ _246_/CLK (sky130_fd_sc_hd__dfrtp_1)
     3    0.01    0.05    0.37    1.14 v _246_/Q (sky130_fd_sc_hd__dfrtp_1)
                                         seq_timer[6] (net)
                  0.05    0.00    1.14 v _121_/A (sky130_fd_sc_hd__nor2_1)
     2    0.00    0.11    0.13    1.27 ^ _121_/Y (sky130_fd_sc_hd__nor2_1)
                                         _061_ (net)
                  0.11    0.00    1.27 ^ _122_/B (sky130_fd_sc_hd__nand2_1)
     3    0.01    0.07    0.09    1.36 v _122_/Y (sky130_fd_sc_hd__nand2_1)
                                         _062_ (net)
                  0.07    0.00    1.36 v _123_/B (sky130_fd_sc_hd__nor2_1)
     3    0.01    0.15    0.14    1.50 ^ _123_/Y (sky130_fd_sc_hd__nor2_1)
                                         _063_ (net)
                  0.15    0.00    1.50 ^ _198_/C1 (sky130_fd_sc_hd__o211a_1)
     1    0.00    0.04    0.15    1.66 ^ _198_/X (sky130_fd_sc_hd__o211a_1)
                                         _003_ (net)
                  0.04    0.00    1.66 ^ _251_/D (sky130_fd_sc_hd__dfrtp_1)
                                  1.66   data arrival time

                         10.00   10.00   clock clk (rise edge)
                          0.50   10.50   clock source latency
     1    0.01    0.04    0.02   10.52 ^ clk (in)
                                         clk (net)
                  0.04    0.00   10.52 ^ clkbuf_0_clk/A (sky130_fd_sc_hd__clkbuf_16)
     2    0.02    0.04    0.12   10.64 ^ clkbuf_0_clk/X (sky130_fd_sc_hd__clkbuf_16)
                                         clknet_0_clk (net)
                  0.04    0.00   10.64 ^ clkbuf_1_0__f_clk/A (sky130_fd_sc_hd__clkbuf_16)
    16    0.03    0.05    0.13   10.77 ^ clkbuf_1_0__f_clk/X (sky130_fd_sc_hd__clkbuf_16)
                                         clknet_1_0__leaf_clk (net)
                  0.05    0.00   10.77 ^ _251_/CLK (sky130_fd_sc_hd__dfrtp_1)
                         -0.30   10.47   clock uncertainty
                          0.00   10.47   clock reconvergence pessimism
                         -0.06   10.41   library setup time
                                 10.41   data required time
-----------------------------------------------------------------------------
                                 10.41   data required time
                                 -1.66   data arrival time
-----------------------------------------------------------------------------
                                  8.76   slack (MET)


Startpoint: _258_ (rising edge-triggered flip-flop clocked by clk)
Endpoint: _239_ (rising edge-triggered flip-flop clocked by clk)
Path Group: clk
Path Type: max

Fanout     Cap    Slew   Delay    Time   Description
-----------------------------------------------------------------------------
                          0.00    0.00   clock clk (rise edge)
                          0.50    0.50   clock source latency
     1    0.01    0.04    0.02    0.52 ^ clk (in)
                                         clk (net)
                  0.04    0.00    0.52 ^ clkbuf_0_clk/A (sky130_fd_sc_hd__clkbuf_16)
     2    0.02    0.04    0.12    0.64 ^ clkbuf_0_clk/X (sky130_fd_sc_hd__clkbuf_16)
                                         clknet_0_clk (net)
                  0.04    0.00    0.64 ^ clkbuf_1_0__f_clk/A (sky130_fd_sc_hd__clkbuf_16)
    16    0.03    0.05    0.13    0.77 ^ clkbuf_1_0__f_clk/X (sky130_fd_sc_hd__clkbuf_16)
                                         clknet_1_0__leaf_clk (net)
                  0.05    0.00    0.77 ^ _258_/CLK (sky130_fd_sc_hd__dfrtp_4)
     8    0.03    0.09    0.52    1.29 v _258_/Q (sky130_fd_sc_hd__dfrtp_4)
                                         curr_state[2] (net)
                  0.09    0.00    1.29 v _124_/A (sky130_fd_sc_hd__inv_6)
     6    0.01    0.05    0.08    1.36 ^ _124_/Y (sky130_fd_sc_hd__inv_6)
                                         _064_ (net)
                  0.05    0.00    1.36 ^ _180_/A (sky130_fd_sc_hd__nand2_1)
     2    0.01    0.06    0.06    1.43 v _180_/Y (sky130_fd_sc_hd__nand2_1)
                                         _016_ (net)
                  0.06    0.00    1.43 v _189_/B (sky130_fd_sc_hd__nor2_1)
     2    0.01    0.15    0.14    1.57 ^ _189_/Y (sky130_fd_sc_hd__nor2_1)
                                         _022_ (net)
                  0.15    0.00    1.57 ^ _190_/A (sky130_fd_sc_hd__inv_2)
     1    0.00    0.03    0.04    1.60 v _190_/Y (sky130_fd_sc_hd__inv_2)
                                         _001_ (net)
                  0.03    0.00    1.60 v _239_/D (sky130_fd_sc_hd__dfstp_1)
                                  1.60   data arrival time

                         10.00   10.00   clock clk (rise edge)
                          0.50   10.50   clock source latency
     1    0.01    0.04    0.02   10.52 ^ clk (in)
                                         clk (net)
                  0.04    0.00   10.52 ^ clkbuf_0_clk/A (sky130_fd_sc_hd__clkbuf_16)
     2    0.02    0.04    0.12   10.64 ^ clkbuf_0_clk/X (sky130_fd_sc_hd__clkbuf_16)
                                         clknet_0_clk (net)
                  0.04    0.00   10.64 ^ clkbuf_1_1__f_clk/A (sky130_fd_sc_hd__clkbuf_16)
    13    0.03    0.05    0.13   10.77 ^ clkbuf_1_1__f_clk/X (sky130_fd_sc_hd__clkbuf_16)
                                         clknet_1_1__leaf_clk (net)
                  0.05    0.00   10.77 ^ _239_/CLK (sky130_fd_sc_hd__dfstp_1)
                         -0.30   10.47   clock uncertainty
                          0.00   10.47   clock reconvergence pessimism
                         -0.06   10.41   library setup time
                                 10.41   data required time
-----------------------------------------------------------------------------
                                 10.41   data required time
                                 -1.60   data arrival time
-----------------------------------------------------------------------------
                                  8.81   slack (MET)


Startpoint: _257_ (rising edge-triggered flip-flop clocked by clk)
Endpoint: _248_ (rising edge-triggered flip-flop clocked by clk)
Path Group: clk
Path Type: max

Fanout     Cap    Slew   Delay    Time   Description
-----------------------------------------------------------------------------
                          0.00    0.00   clock clk (rise edge)
                          0.50    0.50   clock source latency
     1    0.01    0.04    0.02    0.52 ^ clk (in)
                                         clk (net)
                  0.04    0.00    0.52 ^ clkbuf_0_clk/A (sky130_fd_sc_hd__clkbuf_16)
     2    0.02    0.04    0.12    0.64 ^ clkbuf_0_clk/X (sky130_fd_sc_hd__clkbuf_16)
                                         clknet_0_clk (net)
                  0.04    0.00    0.64 ^ clkbuf_1_0__f_clk/A (sky130_fd_sc_hd__clkbuf_16)
    16    0.03    0.05    0.13    0.77 ^ clkbuf_1_0__f_clk/X (sky130_fd_sc_hd__clkbuf_16)
                                         clknet_1_0__leaf_clk (net)
                  0.05    0.00    0.77 ^ _257_/CLK (sky130_fd_sc_hd__dfrtp_1)
     3    0.01    0.07    0.39    1.16 v _257_/Q (sky130_fd_sc_hd__dfrtp_1)
                                         curr_state[1] (net)
                  0.07    0.00    1.16 v _126_/A (sky130_fd_sc_hd__clkbuf_2)
     8    0.02    0.08    0.15    1.31 v _126_/X (sky130_fd_sc_hd__clkbuf_2)
                                         _066_ (net)
                  0.08    0.00    1.31 v _188_/A2 (sky130_fd_sc_hd__o21a_1)
     1    0.00    0.03    0.17    1.48 v _188_/X (sky130_fd_sc_hd__o21a_1)
                                         _000_ (net)
                  0.03    0.00    1.48 v _248_/D (sky130_fd_sc_hd__dfrtp_1)
                                  1.48   data arrival time

                         10.00   10.00   clock clk (rise edge)
                          0.50   10.50   clock source latency
     1    0.01    0.04    0.02   10.52 ^ clk (in)
                                         clk (net)
                  0.04    0.00   10.52 ^ clkbuf_0_clk/A (sky130_fd_sc_hd__clkbuf_16)
     2    0.02    0.04    0.12   10.64 ^ clkbuf_0_clk/X (sky130_fd_sc_hd__clkbuf_16)
                                         clknet_0_clk (net)
                  0.04    0.00   10.64 ^ clkbuf_1_0__f_clk/A (sky130_fd_sc_hd__clkbuf_16)
    16    0.03    0.05    0.13   10.77 ^ clkbuf_1_0__f_clk/X (sky130_fd_sc_hd__clkbuf_16)
                                         clknet_1_0__leaf_clk (net)
                  0.05    0.00   10.77 ^ _248_/CLK (sky130_fd_sc_hd__dfrtp_1)
                         -0.30   10.47   clock uncertainty
                          0.00   10.47   clock reconvergence pessimism
                         -0.11   10.37   library setup time
                                 10.37   data required time
-----------------------------------------------------------------------------
                                 10.37   data required time
                                 -1.48   data arrival time
-----------------------------------------------------------------------------
                                  8.88   slack (MET)


Startpoint: _257_ (rising edge-triggered flip-flop clocked by clk)
Endpoint: _254_ (rising edge-triggered flip-flop clocked by clk)
Path Group: clk
Path Type: max

Fanout     Cap    Slew   Delay    Time   Description
-----------------------------------------------------------------------------
                          0.00    0.00   clock clk (rise edge)
                          0.50    0.50   clock source latency
     1    0.01    0.04    0.02    0.52 ^ clk (in)
                                         clk (net)
                  0.04    0.00    0.52 ^ clkbuf_0_clk/A (sky130_fd_sc_hd__clkbuf_16)
     2    0.02    0.04    0.12    0.64 ^ clkbuf_0_clk/X (sky130_fd_sc_hd__clkbuf_16)
                                         clknet_0_clk (net)
                  0.04    0.00    0.64 ^ clkbuf_1_0__f_clk/A (sky130_fd_sc_hd__clkbuf_16)
    16    0.03    0.05    0.13    0.77 ^ clkbuf_1_0__f_clk/X (sky130_fd_sc_hd__clkbuf_16)
                                         clknet_1_0__leaf_clk (net)
                  0.05    0.00    0.77 ^ _257_/CLK (sky130_fd_sc_hd__dfrtp_1)
     3    0.01    0.07    0.39    1.16 v _257_/Q (sky130_fd_sc_hd__dfrtp_1)
                                         curr_state[1] (net)
                  0.07    0.00    1.16 v _126_/A (sky130_fd_sc_hd__clkbuf_2)
     8    0.02    0.08    0.15    1.31 v _126_/X (sky130_fd_sc_hd__clkbuf_2)
                                         _066_ (net)
                  0.08    0.00    1.31 v _191_/A2 (sky130_fd_sc_hd__a21oi_1)
     1    0.00    0.09    0.14    1.45 ^ _191_/Y (sky130_fd_sc_hd__a21oi_1)
                                         _112_ (net)
                  0.09    0.00    1.45 ^ _254_/D (sky130_fd_sc_hd__dfrtp_1)
                                  1.45   data arrival time

                         10.00   10.00   clock clk (rise edge)
                          0.50   10.50   clock source latency
     1    0.01    0.04    0.02   10.52 ^ clk (in)
                                         clk (net)
                  0.04    0.00   10.52 ^ clkbuf_0_clk/A (sky130_fd_sc_hd__clkbuf_16)
     2    0.02    0.04    0.12   10.64 ^ clkbuf_0_clk/X (sky130_fd_sc_hd__clkbuf_16)
                                         clknet_0_clk (net)
                  0.04    0.00   10.64 ^ clkbuf_1_1__f_clk/A (sky130_fd_sc_hd__clkbuf_16)
    13    0.03    0.05    0.13   10.77 ^ clkbuf_1_1__f_clk/X (sky130_fd_sc_hd__clkbuf_16)
                                         clknet_1_1__leaf_clk (net)
                  0.05    0.00   10.77 ^ _254_/CLK (sky130_fd_sc_hd__dfrtp_1)
                         -0.30   10.47   clock uncertainty
                          0.00   10.47   clock reconvergence pessimism
                         -0.07   10.40   library setup time
                                 10.40   data required time
-----------------------------------------------------------------------------
                                 10.40   data required time
                                 -1.45   data arrival time
-----------------------------------------------------------------------------
                                  8.95   slack (MET)


Startpoint: _258_ (rising edge-triggered flip-flop clocked by clk)
Endpoint: _249_ (rising edge-triggered flip-flop clocked by clk)
Path Group: clk
Path Type: max

Fanout     Cap    Slew   Delay    Time   Description
-----------------------------------------------------------------------------
                          0.00    0.00   clock clk (rise edge)
                          0.50    0.50   clock source latency
     1    0.01    0.04    0.02    0.52 ^ clk (in)
                                         clk (net)
                  0.04    0.00    0.52 ^ clkbuf_0_clk/A (sky130_fd_sc_hd__clkbuf_16)
     2    0.02    0.04    0.12    0.64 ^ clkbuf_0_clk/X (sky130_fd_sc_hd__clkbuf_16)
                                         clknet_0_clk (net)
                  0.04    0.00    0.64 ^ clkbuf_1_0__f_clk/A (sky130_fd_sc_hd__clkbuf_16)
    16    0.03    0.05    0.13    0.77 ^ clkbuf_1_0__f_clk/X (sky130_fd_sc_hd__clkbuf_16)
                                         clknet_1_0__leaf_clk (net)
                  0.05    0.00    0.77 ^ _258_/CLK (sky130_fd_sc_hd__dfrtp_4)
     8    0.03    0.09    0.52    1.29 v _258_/Q (sky130_fd_sc_hd__dfrtp_4)
                                         curr_state[2] (net)
                  0.09    0.00    1.29 v _183_/A (sky130_fd_sc_hd__nor2_1)
     2    0.00    0.11    0.13    1.42 ^ _183_/Y (sky130_fd_sc_hd__nor2_1)
                                         _002_ (net)
                  0.11    0.00    1.42 ^ _249_/D (sky130_fd_sc_hd__dfrtp_1)
                                  1.42   data arrival time

                         10.00   10.00   clock clk (rise edge)
                          0.50   10.50   clock source latency
     1    0.01    0.04    0.02   10.52 ^ clk (in)
                                         clk (net)
                  0.04    0.00   10.52 ^ clkbuf_0_clk/A (sky130_fd_sc_hd__clkbuf_16)
     2    0.02    0.04    0.12   10.64 ^ clkbuf_0_clk/X (sky130_fd_sc_hd__clkbuf_16)
                                         clknet_0_clk (net)
                  0.04    0.00   10.64 ^ clkbuf_1_0__f_clk/A (sky130_fd_sc_hd__clkbuf_16)
    16    0.03    0.05    0.13   10.77 ^ clkbuf_1_0__f_clk/X (sky130_fd_sc_hd__clkbuf_16)
                                         clknet_1_0__leaf_clk (net)
                  0.05    0.00   10.77 ^ _249_/CLK (sky130_fd_sc_hd__dfrtp_1)
                         -0.30   10.47   clock uncertainty
                          0.00   10.47   clock reconvergence pessimism
                         -0.07   10.40   library setup time
                                 10.40   data required time
-----------------------------------------------------------------------------
                                 10.40   data required time
                                 -1.42   data arrival time
-----------------------------------------------------------------------------
                                  8.98   slack (MET)


Startpoint: _259_ (rising edge-triggered flip-flop clocked by clk)
Endpoint: _263_ (rising edge-triggered flip-flop clocked by clk)
Path Group: clk
Path Type: max

Fanout     Cap    Slew   Delay    Time   Description
-----------------------------------------------------------------------------
                          0.00    0.00   clock clk (rise edge)
                          0.50    0.50   clock source latency
     1    0.01    0.04    0.02    0.52 ^ clk (in)
                                         clk (net)
                  0.04    0.00    0.52 ^ clkbuf_0_clk/A (sky130_fd_sc_hd__clkbuf_16)
     2    0.02    0.04    0.12    0.64 ^ clkbuf_0_clk/X (sky130_fd_sc_hd__clkbuf_16)
                                         clknet_0_clk (net)
                  0.04    0.00    0.64 ^ clkbuf_1_0__f_clk/A (sky130_fd_sc_hd__clkbuf_16)
    16    0.03    0.05    0.13    0.77 ^ clkbuf_1_0__f_clk/X (sky130_fd_sc_hd__clkbuf_16)
                                         clknet_1_0__leaf_clk (net)
                  0.05    0.00    0.77 ^ _259_/CLK (sky130_fd_sc_hd__dfrtp_1)
     1    0.00    0.04    0.35    1.12 v _259_/Q (sky130_fd_sc_hd__dfrtp_1)
                                         sync_stage1[0] (net)
                  0.04    0.00    1.12 v _263_/D (sky130_fd_sc_hd__dfrtp_1)
                                  1.12   data arrival time

                         10.00   10.00   clock clk (rise edge)
                          0.50   10.50   clock source latency
     1    0.01    0.04    0.02   10.52 ^ clk (in)
                                         clk (net)
                  0.04    0.00   10.52 ^ clkbuf_0_clk/A (sky130_fd_sc_hd__clkbuf_16)
     2    0.02    0.04    0.12   10.64 ^ clkbuf_0_clk/X (sky130_fd_sc_hd__clkbuf_16)
                                         clknet_0_clk (net)
                  0.04    0.00   10.64 ^ clkbuf_1_0__f_clk/A (sky130_fd_sc_hd__clkbuf_16)
    16    0.03    0.05    0.13   10.77 ^ clkbuf_1_0__f_clk/X (sky130_fd_sc_hd__clkbuf_16)
                                         clknet_1_0__leaf_clk (net)
                  0.05    0.00   10.77 ^ _263_/CLK (sky130_fd_sc_hd__dfrtp_1)
                         -0.30   10.47   clock uncertainty
                          0.00   10.47   clock reconvergence pessimism
                         -0.11   10.36   library setup time
                                 10.36   data required time
-----------------------------------------------------------------------------
                                 10.36   data required time
                                 -1.12   data arrival time
-----------------------------------------------------------------------------
                                  9.24   slack (MET)


Startpoint: _260_ (rising edge-triggered flip-flop clocked by clk)
Endpoint: _264_ (rising edge-triggered flip-flop clocked by clk)
Path Group: clk
Path Type: max

Fanout     Cap    Slew   Delay    Time   Description
-----------------------------------------------------------------------------
                          0.00    0.00   clock clk (rise edge)
                          0.50    0.50   clock source latency
     1    0.01    0.04    0.02    0.52 ^ clk (in)
                                         clk (net)
                  0.04    0.00    0.52 ^ clkbuf_0_clk/A (sky130_fd_sc_hd__clkbuf_16)
     2    0.02    0.04    0.12    0.64 ^ clkbuf_0_clk/X (sky130_fd_sc_hd__clkbuf_16)
                                         clknet_0_clk (net)
                  0.04    0.00    0.64 ^ clkbuf_1_0__f_clk/A (sky130_fd_sc_hd__clkbuf_16)
    16    0.03    0.05    0.13    0.77 ^ clkbuf_1_0__f_clk/X (sky130_fd_sc_hd__clkbuf_16)
                                         clknet_1_0__leaf_clk (net)
                  0.05    0.00    0.77 ^ _260_/CLK (sky130_fd_sc_hd__dfrtp_1)
     1    0.00    0.04    0.35    1.12 v _260_/Q (sky130_fd_sc_hd__dfrtp_1)
                                         sync_stage1[1] (net)
                  0.04    0.00    1.12 v _264_/D (sky130_fd_sc_hd__dfrtp_1)
                                  1.12   data arrival time

                         10.00   10.00   clock clk (rise edge)
                          0.50   10.50   clock source latency
     1    0.01    0.04    0.02   10.52 ^ clk (in)
                                         clk (net)
                  0.04    0.00   10.52 ^ clkbuf_0_clk/A (sky130_fd_sc_hd__clkbuf_16)
     2    0.02    0.04    0.12   10.64 ^ clkbuf_0_clk/X (sky130_fd_sc_hd__clkbuf_16)
                                         clknet_0_clk (net)
                  0.04    0.00   10.64 ^ clkbuf_1_0__f_clk/A (sky130_fd_sc_hd__clkbuf_16)
    16    0.03    0.05    0.13   10.77 ^ clkbuf_1_0__f_clk/X (sky130_fd_sc_hd__clkbuf_16)
                                         clknet_1_0__leaf_clk (net)
                  0.05    0.00   10.77 ^ _264_/CLK (sky130_fd_sc_hd__dfrtp_1)
                         -0.30   10.47   clock uncertainty
                          0.00   10.47   clock reconvergence pessimism
                         -0.11   10.36   library setup time
                                 10.36   data required time
-----------------------------------------------------------------------------
                                 10.36   data required time
                                 -1.12   data arrival time
-----------------------------------------------------------------------------
                                  9.24   slack (MET)


Startpoint: _261_ (rising edge-triggered flip-flop clocked by clk)
Endpoint: _265_ (rising edge-triggered flip-flop clocked by clk)
Path Group: clk
Path Type: max

Fanout     Cap    Slew   Delay    Time   Description
-----------------------------------------------------------------------------
                          0.00    0.00   clock clk (rise edge)
                          0.50    0.50   clock source latency
     1    0.01    0.04    0.02    0.52 ^ clk (in)
                                         clk (net)
                  0.04    0.00    0.52 ^ clkbuf_0_clk/A (sky130_fd_sc_hd__clkbuf_16)
     2    0.02    0.04    0.12    0.64 ^ clkbuf_0_clk/X (sky130_fd_sc_hd__clkbuf_16)
                                         clknet_0_clk (net)
                  0.04    0.00    0.64 ^ clkbuf_1_0__f_clk/A (sky130_fd_sc_hd__clkbuf_16)
    16    0.03    0.05    0.13    0.77 ^ clkbuf_1_0__f_clk/X (sky130_fd_sc_hd__clkbuf_16)
                                         clknet_1_0__leaf_clk (net)
                  0.05    0.00    0.77 ^ _261_/CLK (sky130_fd_sc_hd__dfrtp_1)
     1    0.00    0.04    0.35    1.12 v _261_/Q (sky130_fd_sc_hd__dfrtp_1)
                                         sync_stage1[2] (net)
                  0.04    0.00    1.12 v _265_/D (sky130_fd_sc_hd__dfrtp_1)
                                  1.12   data arrival time

                         10.00   10.00   clock clk (rise edge)
                          0.50   10.50   clock source latency
     1    0.01    0.04    0.02   10.52 ^ clk (in)
                                         clk (net)
                  0.04    0.00   10.52 ^ clkbuf_0_clk/A (sky130_fd_sc_hd__clkbuf_16)
     2    0.02    0.04    0.12   10.64 ^ clkbuf_0_clk/X (sky130_fd_sc_hd__clkbuf_16)
                                         clknet_0_clk (net)
                  0.04    0.00   10.64 ^ clkbuf_1_0__f_clk/A (sky130_fd_sc_hd__clkbuf_16)
    16    0.03    0.05    0.13   10.77 ^ clkbuf_1_0__f_clk/X (sky130_fd_sc_hd__clkbuf_16)
                                         clknet_1_0__leaf_clk (net)
                  0.05    0.00   10.77 ^ _265_/CLK (sky130_fd_sc_hd__dfrtp_1)
                         -0.30   10.47   clock uncertainty
                          0.00   10.47   clock reconvergence pessimism
                         -0.11   10.36   library setup time
                                 10.36   data required time
-----------------------------------------------------------------------------
                                 10.36   data required time
                                 -1.12   data arrival time
-----------------------------------------------------------------------------
                                  9.24   slack (MET)


Startpoint: _262_ (rising edge-triggered flip-flop clocked by clk)
Endpoint: _266_ (rising edge-triggered flip-flop clocked by clk)
Path Group: clk
Path Type: max

Fanout     Cap    Slew   Delay    Time   Description
-----------------------------------------------------------------------------
                          0.00    0.00   clock clk (rise edge)
                          0.50    0.50   clock source latency
     1    0.01    0.04    0.02    0.52 ^ clk (in)
                                         clk (net)
                  0.04    0.00    0.52 ^ clkbuf_0_clk/A (sky130_fd_sc_hd__clkbuf_16)
     2    0.02    0.04    0.12    0.64 ^ clkbuf_0_clk/X (sky130_fd_sc_hd__clkbuf_16)
                                         clknet_0_clk (net)
                  0.04    0.00    0.64 ^ clkbuf_1_0__f_clk/A (sky130_fd_sc_hd__clkbuf_16)
    16    0.03    0.05    0.13    0.77 ^ clkbuf_1_0__f_clk/X (sky130_fd_sc_hd__clkbuf_16)
                                         clknet_1_0__leaf_clk (net)
                  0.05    0.00    0.77 ^ _262_/CLK (sky130_fd_sc_hd__dfrtp_1)
     1    0.00    0.04    0.35    1.12 v _262_/Q (sky130_fd_sc_hd__dfrtp_1)
                                         sync_stage1[3] (net)
                  0.04    0.00    1.12 v _266_/D (sky130_fd_sc_hd__dfrtp_1)
                                  1.12   data arrival time

                         10.00   10.00   clock clk (rise edge)
                          0.50   10.50   clock source latency
     1    0.01    0.04    0.02   10.52 ^ clk (in)
                                         clk (net)
                  0.04    0.00   10.52 ^ clkbuf_0_clk/A (sky130_fd_sc_hd__clkbuf_16)
     2    0.02    0.04    0.12   10.64 ^ clkbuf_0_clk/X (sky130_fd_sc_hd__clkbuf_16)
                                         clknet_0_clk (net)
                  0.04    0.00   10.64 ^ clkbuf_1_0__f_clk/A (sky130_fd_sc_hd__clkbuf_16)
    16    0.03    0.05    0.13   10.77 ^ clkbuf_1_0__f_clk/X (sky130_fd_sc_hd__clkbuf_16)
                                         clknet_1_0__leaf_clk (net)
                  0.05    0.00   10.77 ^ _266_/CLK (sky130_fd_sc_hd__dfrtp_1)
                         -0.30   10.47   clock uncertainty
                          0.00   10.47   clock reconvergence pessimism
                         -0.11   10.36   library setup time
                                 10.36   data required time
-----------------------------------------------------------------------------
                                 10.36   data required time
                                 -1.12   data arrival time
-----------------------------------------------------------------------------
                                  9.24   slack (MET)



worst slack corner Typical: 4.0668
