
===========================================================================
report_checks -path_delay max (Setup)
============================================================================
======================= Fastest Corner ===================================

Startpoint: pwr_stable (input port clocked by clk)
Endpoint: error (output port clocked by clk)
Path Group: clk
Path Type: max
Corner: Fastest

Fanout     Cap    Slew   Delay    Time   Description
-----------------------------------------------------------------------------
                          0.00    0.00   clock clk (rise edge)
                          0.50    0.50   clock network delay (propagated)
                          3.00    3.50 ^ input external delay
     1    0.00    0.02    0.01    3.51 ^ pwr_stable (in)
                                         pwr_stable (net)
                  0.02    0.00    3.51 ^ input2/A (sky130_fd_sc_hd__clkbuf_1)
     1    0.01    0.05    0.06    3.57 ^ input2/X (sky130_fd_sc_hd__clkbuf_1)
                                         net2 (net)
                  0.05    0.00    3.57 ^ _158_/A (sky130_fd_sc_hd__nand2_1)
     2    0.01    0.04    0.04    3.61 v _158_/Y (sky130_fd_sc_hd__nand2_1)
                                         _095_ (net)
                  0.04    0.00    3.61 v _200_/A2 (sky130_fd_sc_hd__a211oi_1)
     1    0.01    0.19    0.20    3.81 ^ _200_/Y (sky130_fd_sc_hd__a211oi_1)
                                         net10 (net)
                  0.19    0.00    3.81 ^ wire19/A (sky130_fd_sc_hd__clkbuf_1)
     1    0.01    0.06    0.08    3.89 ^ wire19/X (sky130_fd_sc_hd__clkbuf_1)
                                         net19 (net)
                  0.06    0.00    3.89 ^ output10/A (sky130_fd_sc_hd__clkbuf_2)
     1    0.02    0.09    0.12    4.01 ^ output10/X (sky130_fd_sc_hd__clkbuf_2)
                                         error (net)
                  0.09    0.00    4.01 ^ error (out)
                                  4.01   data arrival time

                         10.00   10.00   clock clk (rise edge)
                          0.50   10.50   clock network delay (propagated)
                         -0.30   10.20   clock uncertainty
                          0.00   10.20   clock reconvergence pessimism
                         -2.00    8.20   output external delay
                                  8.20   data required time
-----------------------------------------------------------------------------
                                  8.20   data required time
                                 -4.01   data arrival time
-----------------------------------------------------------------------------
                                  4.19   slack (MET)


Startpoint: pwr_stable (input port clocked by clk)
Endpoint: _243_ (rising edge-triggered flip-flop clocked by clk)
Path Group: clk
Path Type: max
Corner: Fastest

Fanout     Cap    Slew   Delay    Time   Description
-----------------------------------------------------------------------------
                          0.00    0.00   clock clk (rise edge)
                          0.50    0.50   clock network delay (propagated)
                          3.00    3.50 ^ input external delay
     1    0.00    0.02    0.01    3.51 ^ pwr_stable (in)
                                         pwr_stable (net)
                  0.02    0.00    3.51 ^ input2/A (sky130_fd_sc_hd__clkbuf_1)
     1    0.01    0.05    0.06    3.57 ^ input2/X (sky130_fd_sc_hd__clkbuf_1)
                                         net2 (net)
                  0.05    0.00    3.57 ^ _158_/A (sky130_fd_sc_hd__nand2_1)
     2    0.01    0.04    0.04    3.61 v _158_/Y (sky130_fd_sc_hd__nand2_1)
                                         _095_ (net)
                  0.04    0.00    3.61 v _159_/B1_N (sky130_fd_sc_hd__o21bai_1)
     1    0.00    0.03    0.08    3.69 v _159_/Y (sky130_fd_sc_hd__o21bai_1)
                                         _096_ (net)
                  0.03    0.00    3.69 v _160_/A (sky130_fd_sc_hd__nand2_1)
     1    0.00    0.03    0.04    3.73 ^ _160_/Y (sky130_fd_sc_hd__nand2_1)
                                         _097_ (net)
                  0.03    0.00    3.73 ^ _166_/A (sky130_fd_sc_hd__nand2_1)
     2    0.01    0.03    0.03    3.76 v _166_/Y (sky130_fd_sc_hd__nand2_1)
                                         _103_ (net)
                  0.03    0.00    3.76 v _178_/B (sky130_fd_sc_hd__nor2_1)
     2    0.01    0.09    0.08    3.85 ^ _178_/Y (sky130_fd_sc_hd__nor2_1)
                                         _014_ (net)
                  0.09    0.00    3.85 ^ _204_/A (sky130_fd_sc_hd__nand3_1)
     1    0.01    0.07    0.07    3.92 v _204_/Y (sky130_fd_sc_hd__nand3_1)
                                         _030_ (net)
                  0.07    0.00    3.92 v _209_/A (sky130_fd_sc_hd__nand3_4)
     8    0.03    0.10    0.09    4.01 ^ _209_/Y (sky130_fd_sc_hd__nand3_4)
                                         _035_ (net)
                  0.10    0.00    4.01 ^ _223_/B (sky130_fd_sc_hd__nor2_1)
     1    0.00    0.03    0.03    4.04 v _223_/Y (sky130_fd_sc_hd__nor2_1)
                                         _007_ (net)
                  0.03    0.00    4.04 v _243_/D (sky130_fd_sc_hd__dfrtp_1)
                                  4.04   data arrival time

                         10.00   10.00   clock clk (rise edge)
                          0.50   10.50   clock source latency
     1    0.02    0.04    0.03   10.53 ^ clk (in)
                                         clk (net)
                  0.04    0.00   10.53 ^ clkbuf_0_clk/A (sky130_fd_sc_hd__clkbuf_16)
     2    0.02    0.03    0.09   10.61 ^ clkbuf_0_clk/X (sky130_fd_sc_hd__clkbuf_16)
                                         clknet_0_clk (net)
                  0.03    0.00   10.61 ^ clkbuf_1_1__f_clk/A (sky130_fd_sc_hd__clkbuf_16)
    13    0.05    0.05    0.10   10.71 ^ clkbuf_1_1__f_clk/X (sky130_fd_sc_hd__clkbuf_16)
                                         clknet_1_1__leaf_clk (net)
                  0.05    0.00   10.71 ^ _243_/CLK (sky130_fd_sc_hd__dfrtp_1)
                         -0.30   10.41   clock uncertainty
                          0.00   10.41   clock reconvergence pessimism
                         -0.07   10.34   library setup time
                                 10.34   data required time
-----------------------------------------------------------------------------
                                 10.34   data required time
                                 -4.04   data arrival time
-----------------------------------------------------------------------------
                                  6.30   slack (MET)


Startpoint: pwr_stable (input port clocked by clk)
Endpoint: _242_ (rising edge-triggered flip-flop clocked by clk)
Path Group: clk
Path Type: max
Corner: Fastest

Fanout     Cap    Slew   Delay    Time   Description
-----------------------------------------------------------------------------
                          0.00    0.00   clock clk (rise edge)
                          0.50    0.50   clock network delay (propagated)
                          3.00    3.50 ^ input external delay
     1    0.00    0.02    0.01    3.51 ^ pwr_stable (in)
                                         pwr_stable (net)
                  0.02    0.00    3.51 ^ input2/A (sky130_fd_sc_hd__clkbuf_1)
     1    0.01    0.05    0.06    3.57 ^ input2/X (sky130_fd_sc_hd__clkbuf_1)
                                         net2 (net)
                  0.05    0.00    3.57 ^ _158_/A (sky130_fd_sc_hd__nand2_1)
     2    0.01    0.04    0.04    3.61 v _158_/Y (sky130_fd_sc_hd__nand2_1)
                                         _095_ (net)
                  0.04    0.00    3.61 v _159_/B1_N (sky130_fd_sc_hd__o21bai_1)
     1    0.00    0.03    0.08    3.69 v _159_/Y (sky130_fd_sc_hd__o21bai_1)
                                         _096_ (net)
                  0.03    0.00    3.69 v _160_/A (sky130_fd_sc_hd__nand2_1)
     1    0.00    0.03    0.04    3.73 ^ _160_/Y (sky130_fd_sc_hd__nand2_1)
                                         _097_ (net)
                  0.03    0.00    3.73 ^ _166_/A (sky130_fd_sc_hd__nand2_1)
     2    0.01    0.03    0.03    3.76 v _166_/Y (sky130_fd_sc_hd__nand2_1)
                                         _103_ (net)
                  0.03    0.00    3.76 v _178_/B (sky130_fd_sc_hd__nor2_1)
     2    0.01    0.09    0.08    3.85 ^ _178_/Y (sky130_fd_sc_hd__nor2_1)
                                         _014_ (net)
                  0.09    0.00    3.85 ^ _204_/A (sky130_fd_sc_hd__nand3_1)
     1    0.01    0.07    0.07    3.92 v _204_/Y (sky130_fd_sc_hd__nand3_1)
                                         _030_ (net)
                  0.07    0.00    3.92 v _209_/A (sky130_fd_sc_hd__nand3_4)
     8    0.03    0.10    0.09    4.01 ^ _209_/Y (sky130_fd_sc_hd__nand3_4)
                                         _035_ (net)
                  0.10    0.00    4.01 ^ _219_/B (sky130_fd_sc_hd__nor2_1)
     1    0.00    0.03    0.03    4.04 v _219_/Y (sky130_fd_sc_hd__nor2_1)
                                         _006_ (net)
                  0.03    0.00    4.04 v _242_/D (sky130_fd_sc_hd__dfrtp_1)
                                  4.04   data arrival time

                         10.00   10.00   clock clk (rise edge)
                          0.50   10.50   clock source latency
     1    0.02    0.04    0.03   10.53 ^ clk (in)
                                         clk (net)
                  0.04    0.00   10.53 ^ clkbuf_0_clk/A (sky130_fd_sc_hd__clkbuf_16)
     2    0.02    0.03    0.09   10.61 ^ clkbuf_0_clk/X (sky130_fd_sc_hd__clkbuf_16)
                                         clknet_0_clk (net)
                  0.03    0.00   10.61 ^ clkbuf_1_1__f_clk/A (sky130_fd_sc_hd__clkbuf_16)
    13    0.05    0.05    0.10   10.71 ^ clkbuf_1_1__f_clk/X (sky130_fd_sc_hd__clkbuf_16)
                                         clknet_1_1__leaf_clk (net)
                  0.05    0.00   10.71 ^ _242_/CLK (sky130_fd_sc_hd__dfrtp_1)
                         -0.30   10.41   clock uncertainty
                          0.00   10.41   clock reconvergence pessimism
                         -0.07   10.35   library setup time
                                 10.35   data required time
-----------------------------------------------------------------------------
                                 10.35   data required time
                                 -4.04   data arrival time
-----------------------------------------------------------------------------
                                  6.31   slack (MET)


Startpoint: pwr_stable (input port clocked by clk)
Endpoint: _247_ (rising edge-triggered flip-flop clocked by clk)
Path Group: clk
Path Type: max
Corner: Fastest

Fanout     Cap    Slew   Delay    Time   Description
-----------------------------------------------------------------------------
                          0.00    0.00   clock clk (rise edge)
                          0.50    0.50   clock network delay (propagated)
                          3.00    3.50 ^ input external delay
     1    0.00    0.02    0.01    3.51 ^ pwr_stable (in)
                                         pwr_stable (net)
                  0.02    0.00    3.51 ^ input2/A (sky130_fd_sc_hd__clkbuf_1)
     1    0.01    0.05    0.06    3.57 ^ input2/X (sky130_fd_sc_hd__clkbuf_1)
                                         net2 (net)
                  0.05    0.00    3.57 ^ _158_/A (sky130_fd_sc_hd__nand2_1)
     2    0.01    0.04    0.04    3.61 v _158_/Y (sky130_fd_sc_hd__nand2_1)
                                         _095_ (net)
                  0.04    0.00    3.61 v _159_/B1_N (sky130_fd_sc_hd__o21bai_1)
     1    0.00    0.03    0.08    3.69 v _159_/Y (sky130_fd_sc_hd__o21bai_1)
                                         _096_ (net)
                  0.03    0.00    3.69 v _160_/A (sky130_fd_sc_hd__nand2_1)
     1    0.00    0.03    0.04    3.73 ^ _160_/Y (sky130_fd_sc_hd__nand2_1)
                                         _097_ (net)
                  0.03    0.00    3.73 ^ _166_/A (sky130_fd_sc_hd__nand2_1)
     2    0.01    0.03    0.03    3.76 v _166_/Y (sky130_fd_sc_hd__nand2_1)
                                         _103_ (net)
                  0.03    0.00    3.76 v _178_/B (sky130_fd_sc_hd__nor2_1)
     2    0.01    0.09    0.08    3.85 ^ _178_/Y (sky130_fd_sc_hd__nor2_1)
                                         _014_ (net)
                  0.09    0.00    3.85 ^ _204_/A (sky130_fd_sc_hd__nand3_1)
     1    0.01    0.07    0.07    3.92 v _204_/Y (sky130_fd_sc_hd__nand3_1)
                                         _030_ (net)
                  0.07    0.00    3.92 v _209_/A (sky130_fd_sc_hd__nand3_4)
     8    0.03    0.10    0.09    4.01 ^ _209_/Y (sky130_fd_sc_hd__nand3_4)
                                         _035_ (net)
                  0.10    0.00    4.01 ^ _238_/B (sky130_fd_sc_hd__nor2_1)
     1    0.00    0.03    0.03    4.04 v _238_/Y (sky130_fd_sc_hd__nor2_1)
                                         _011_ (net)
                  0.03    0.00    4.04 v _247_/D (sky130_fd_sc_hd__dfrtp_1)
                                  4.04   data arrival time

                         10.00   10.00   clock clk (rise edge)
                          0.50   10.50   clock source latency
     1    0.02    0.04    0.03   10.53 ^ clk (in)
                                         clk (net)
                  0.04    0.00   10.53 ^ clkbuf_0_clk/A (sky130_fd_sc_hd__clkbuf_16)
     2    0.02    0.03    0.09   10.61 ^ clkbuf_0_clk/X (sky130_fd_sc_hd__clkbuf_16)
                                         clknet_0_clk (net)
                  0.03    0.00   10.61 ^ clkbuf_1_1__f_clk/A (sky130_fd_sc_hd__clkbuf_16)
    13    0.05    0.05    0.10   10.71 ^ clkbuf_1_1__f_clk/X (sky130_fd_sc_hd__clkbuf_16)
                                         clknet_1_1__leaf_clk (net)
                  0.05    0.00   10.71 ^ _247_/CLK (sky130_fd_sc_hd__dfrtp_1)
                         -0.30   10.41   clock uncertainty
                          0.00   10.41   clock reconvergence pessimism
                         -0.07   10.34   library setup time
                                 10.34   data required time
-----------------------------------------------------------------------------
                                 10.34   data required time
                                 -4.04   data arrival time
-----------------------------------------------------------------------------
                                  6.31   slack (MET)


Startpoint: pwr_stable (input port clocked by clk)
Endpoint: _240_ (rising edge-triggered flip-flop clocked by clk)
Path Group: clk
Path Type: max
Corner: Fastest

Fanout     Cap    Slew   Delay    Time   Description
-----------------------------------------------------------------------------
                          0.00    0.00   clock clk (rise edge)
                          0.50    0.50   clock network delay (propagated)
                          3.00    3.50 ^ input external delay
     1    0.00    0.02    0.01    3.51 ^ pwr_stable (in)
                                         pwr_stable (net)
                  0.02    0.00    3.51 ^ input2/A (sky130_fd_sc_hd__clkbuf_1)
     1    0.01    0.05    0.06    3.57 ^ input2/X (sky130_fd_sc_hd__clkbuf_1)
                                         net2 (net)
                  0.05    0.00    3.57 ^ _158_/A (sky130_fd_sc_hd__nand2_1)
     2    0.01    0.04    0.04    3.61 v _158_/Y (sky130_fd_sc_hd__nand2_1)
                                         _095_ (net)
                  0.04    0.00    3.61 v _159_/B1_N (sky130_fd_sc_hd__o21bai_1)
     1    0.00    0.03    0.08    3.69 v _159_/Y (sky130_fd_sc_hd__o21bai_1)
                                         _096_ (net)
                  0.03    0.00    3.69 v _160_/A (sky130_fd_sc_hd__nand2_1)
     1    0.00    0.03    0.04    3.73 ^ _160_/Y (sky130_fd_sc_hd__nand2_1)
                                         _097_ (net)
                  0.03    0.00    3.73 ^ _166_/A (sky130_fd_sc_hd__nand2_1)
     2    0.01    0.03    0.03    3.76 v _166_/Y (sky130_fd_sc_hd__nand2_1)
                                         _103_ (net)
                  0.03    0.00    3.76 v _178_/B (sky130_fd_sc_hd__nor2_1)
     2    0.01    0.09    0.08    3.85 ^ _178_/Y (sky130_fd_sc_hd__nor2_1)
                                         _014_ (net)
                  0.09    0.00    3.85 ^ _204_/A (sky130_fd_sc_hd__nand3_1)
     1    0.01    0.07    0.07    3.92 v _204_/Y (sky130_fd_sc_hd__nand3_1)
                                         _030_ (net)
                  0.07    0.00    3.92 v _209_/A (sky130_fd_sc_hd__nand3_4)
     8    0.03    0.10    0.09    4.01 ^ _209_/Y (sky130_fd_sc_hd__nand3_4)
                                         _035_ (net)
                  0.10    0.00    4.01 ^ _210_/B (sky130_fd_sc_hd__nor2_1)
     1    0.00    0.03    0.02    4.04 v _210_/Y (sky130_fd_sc_hd__nor2_1)
                                         _004_ (net)
                  0.03    0.00    4.04 v _240_/D (sky130_fd_sc_hd__dfrtp_1)
                                  4.04   data arrival time

                         10.00   10.00   clock clk (rise edge)
                          0.50   10.50   clock source latency
     1    0.02    0.04    0.03   10.53 ^ clk (in)
                                         clk (net)
                  0.04    0.00   10.53 ^ clkbuf_0_clk/A (sky130_fd_sc_hd__clkbuf_16)
     2    0.02    0.03    0.09   10.61 ^ clkbuf_0_clk/X (sky130_fd_sc_hd__clkbuf_16)
                                         clknet_0_clk (net)
                  0.03    0.00   10.61 ^ clkbuf_1_1__f_clk/A (sky130_fd_sc_hd__clkbuf_16)
    13    0.05    0.05    0.10   10.71 ^ clkbuf_1_1__f_clk/X (sky130_fd_sc_hd__clkbuf_16)
                                         clknet_1_1__leaf_clk (net)
                  0.05    0.00   10.71 ^ _240_/CLK (sky130_fd_sc_hd__dfrtp_1)
                         -0.30   10.41   clock uncertainty
                          0.00   10.41   clock reconvergence pessimism
                         -0.07   10.35   library setup time
                                 10.35   data required time
-----------------------------------------------------------------------------
                                 10.35   data required time
                                 -4.04   data arrival time
-----------------------------------------------------------------------------
                                  6.31   slack (MET)


Startpoint: pwr_stable (input port clocked by clk)
Endpoint: _244_ (rising edge-triggered flip-flop clocked by clk)
Path Group: clk
Path Type: max
Corner: Fastest

Fanout     Cap    Slew   Delay    Time   Description
-----------------------------------------------------------------------------
                          0.00    0.00   clock clk (rise edge)
                          0.50    0.50   clock network delay (propagated)
                          3.00    3.50 ^ input external delay
     1    0.00    0.02    0.01    3.51 ^ pwr_stable (in)
                                         pwr_stable (net)
                  0.02    0.00    3.51 ^ input2/A (sky130_fd_sc_hd__clkbuf_1)
     1    0.01    0.05    0.06    3.57 ^ input2/X (sky130_fd_sc_hd__clkbuf_1)
                                         net2 (net)
                  0.05    0.00    3.57 ^ _158_/A (sky130_fd_sc_hd__nand2_1)
     2    0.01    0.04    0.04    3.61 v _158_/Y (sky130_fd_sc_hd__nand2_1)
                                         _095_ (net)
                  0.04    0.00    3.61 v _159_/B1_N (sky130_fd_sc_hd__o21bai_1)
     1    0.00    0.03    0.08    3.69 v _159_/Y (sky130_fd_sc_hd__o21bai_1)
                                         _096_ (net)
                  0.03    0.00    3.69 v _160_/A (sky130_fd_sc_hd__nand2_1)
     1    0.00    0.03    0.04    3.73 ^ _160_/Y (sky130_fd_sc_hd__nand2_1)
                                         _097_ (net)
                  0.03    0.00    3.73 ^ _166_/A (sky130_fd_sc_hd__nand2_1)
     2    0.01    0.03    0.03    3.76 v _166_/Y (sky130_fd_sc_hd__nand2_1)
                                         _103_ (net)
                  0.03    0.00    3.76 v _178_/B (sky130_fd_sc_hd__nor2_1)
     2    0.01    0.09    0.08    3.85 ^ _178_/Y (sky130_fd_sc_hd__nor2_1)
                                         _014_ (net)
                  0.09    0.00    3.85 ^ _204_/A (sky130_fd_sc_hd__nand3_1)
     1    0.01    0.07    0.07    3.92 v _204_/Y (sky130_fd_sc_hd__nand3_1)
                                         _030_ (net)
                  0.07    0.00    3.92 v _209_/A (sky130_fd_sc_hd__nand3_4)
     8    0.03    0.10    0.09    4.01 ^ _209_/Y (sky130_fd_sc_hd__nand3_4)
                                         _035_ (net)
                  0.10    0.00    4.01 ^ _227_/B (sky130_fd_sc_hd__nor2_1)
     1    0.00    0.03    0.02    4.04 v _227_/Y (sky130_fd_sc_hd__nor2_1)
                                         _008_ (net)
                  0.03    0.00    4.04 v _244_/D (sky130_fd_sc_hd__dfrtp_1)
                                  4.04   data arrival time

                         10.00   10.00   clock clk (rise edge)
                          0.50   10.50   clock source latency
     1    0.02    0.04    0.03   10.53 ^ clk (in)
                                         clk (net)
                  0.04    0.00   10.53 ^ clkbuf_0_clk/A (sky130_fd_sc_hd__clkbuf_16)
     2    0.02    0.03    0.09   10.61 ^ clkbuf_0_clk/X (sky130_fd_sc_hd__clkbuf_16)
                                         clknet_0_clk (net)
                  0.03    0.00   10.61 ^ clkbuf_1_1__f_clk/A (sky130_fd_sc_hd__clkbuf_16)
    13    0.05    0.05    0.10   10.71 ^ clkbuf_1_1__f_clk/X (sky130_fd_sc_hd__clkbuf_16)
                                         clknet_1_1__leaf_clk (net)
                  0.05    0.00   10.71 ^ _244_/CLK (sky130_fd_sc_hd__dfrtp_1)
                         -0.30   10.41   clock uncertainty
                          0.00   10.41   clock reconvergence pessimism
                         -0.07   10.35   library setup time
                                 10.35   data required time
-----------------------------------------------------------------------------
                                 10.35   data required time
                                 -4.04   data arrival time
-----------------------------------------------------------------------------
                                  6.31   slack (MET)


Startpoint: pwr_stable (input port clocked by clk)
Endpoint: _245_ (rising edge-triggered flip-flop clocked by clk)
Path Group: clk
Path Type: max
Corner: Fastest

Fanout     Cap    Slew   Delay    Time   Description
-----------------------------------------------------------------------------
                          0.00    0.00   clock clk (rise edge)
                          0.50    0.50   clock network delay (propagated)
                          3.00    3.50 ^ input external delay
     1    0.00    0.02    0.01    3.51 ^ pwr_stable (in)
                                         pwr_stable (net)
                  0.02    0.00    3.51 ^ input2/A (sky130_fd_sc_hd__clkbuf_1)
     1    0.01    0.05    0.06    3.57 ^ input2/X (sky130_fd_sc_hd__clkbuf_1)
                                         net2 (net)
                  0.05    0.00    3.57 ^ _158_/A (sky130_fd_sc_hd__nand2_1)
     2    0.01    0.04    0.04    3.61 v _158_/Y (sky130_fd_sc_hd__nand2_1)
                                         _095_ (net)
                  0.04    0.00    3.61 v _159_/B1_N (sky130_fd_sc_hd__o21bai_1)
     1    0.00    0.03    0.08    3.69 v _159_/Y (sky130_fd_sc_hd__o21bai_1)
                                         _096_ (net)
                  0.03    0.00    3.69 v _160_/A (sky130_fd_sc_hd__nand2_1)
     1    0.00    0.03    0.04    3.73 ^ _160_/Y (sky130_fd_sc_hd__nand2_1)
                                         _097_ (net)
                  0.03    0.00    3.73 ^ _166_/A (sky130_fd_sc_hd__nand2_1)
     2    0.01    0.03    0.03    3.76 v _166_/Y (sky130_fd_sc_hd__nand2_1)
                                         _103_ (net)
                  0.03    0.00    3.76 v _178_/B (sky130_fd_sc_hd__nor2_1)
     2    0.01    0.09    0.08    3.85 ^ _178_/Y (sky130_fd_sc_hd__nor2_1)
                                         _014_ (net)
                  0.09    0.00    3.85 ^ _204_/A (sky130_fd_sc_hd__nand3_1)
     1    0.01    0.07    0.07    3.92 v _204_/Y (sky130_fd_sc_hd__nand3_1)
                                         _030_ (net)
                  0.07    0.00    3.92 v _209_/A (sky130_fd_sc_hd__nand3_4)
     8    0.03    0.10    0.09    4.01 ^ _209_/Y (sky130_fd_sc_hd__nand3_4)
                                         _035_ (net)
                  0.10    0.00    4.01 ^ _232_/B (sky130_fd_sc_hd__nor2_1)
     1    0.00    0.03    0.02    4.04 v _232_/Y (sky130_fd_sc_hd__nor2_1)
                                         _009_ (net)
                  0.03    0.00    4.04 v _245_/D (sky130_fd_sc_hd__dfrtp_1)
                                  4.04   data arrival time

                         10.00   10.00   clock clk (rise edge)
                          0.50   10.50   clock source latency
     1    0.02    0.04    0.03   10.53 ^ clk (in)
                                         clk (net)
                  0.04    0.00   10.53 ^ clkbuf_0_clk/A (sky130_fd_sc_hd__clkbuf_16)
     2    0.02    0.03    0.09   10.61 ^ clkbuf_0_clk/X (sky130_fd_sc_hd__clkbuf_16)
                                         clknet_0_clk (net)
                  0.03    0.00   10.61 ^ clkbuf_1_1__f_clk/A (sky130_fd_sc_hd__clkbuf_16)
    13    0.05    0.05    0.10   10.71 ^ clkbuf_1_1__f_clk/X (sky130_fd_sc_hd__clkbuf_16)
                                         clknet_1_1__leaf_clk (net)
                  0.05    0.00   10.71 ^ _245_/CLK (sky130_fd_sc_hd__dfrtp_1)
                         -0.30   10.41   clock uncertainty
                          0.00   10.41   clock reconvergence pessimism
                         -0.07   10.35   library setup time
                                 10.35   data required time
-----------------------------------------------------------------------------
                                 10.35   data required time
                                 -4.04   data arrival time
-----------------------------------------------------------------------------
                                  6.31   slack (MET)


Startpoint: pwr_stable (input port clocked by clk)
Endpoint: _246_ (rising edge-triggered flip-flop clocked by clk)
Path Group: clk
Path Type: max
Corner: Fastest

Fanout     Cap    Slew   Delay    Time   Description
-----------------------------------------------------------------------------
                          0.00    0.00   clock clk (rise edge)
                          0.50    0.50   clock network delay (propagated)
                          3.00    3.50 ^ input external delay
     1    0.00    0.02    0.01    3.51 ^ pwr_stable (in)
                                         pwr_stable (net)
                  0.02    0.00    3.51 ^ input2/A (sky130_fd_sc_hd__clkbuf_1)
     1    0.01    0.05    0.06    3.57 ^ input2/X (sky130_fd_sc_hd__clkbuf_1)
                                         net2 (net)
                  0.05    0.00    3.57 ^ _158_/A (sky130_fd_sc_hd__nand2_1)
     2    0.01    0.04    0.04    3.61 v _158_/Y (sky130_fd_sc_hd__nand2_1)
                                         _095_ (net)
                  0.04    0.00    3.61 v _159_/B1_N (sky130_fd_sc_hd__o21bai_1)
     1    0.00    0.03    0.08    3.69 v _159_/Y (sky130_fd_sc_hd__o21bai_1)
                                         _096_ (net)
                  0.03    0.00    3.69 v _160_/A (sky130_fd_sc_hd__nand2_1)
     1    0.00    0.03    0.04    3.73 ^ _160_/Y (sky130_fd_sc_hd__nand2_1)
                                         _097_ (net)
                  0.03    0.00    3.73 ^ _166_/A (sky130_fd_sc_hd__nand2_1)
     2    0.01    0.03    0.03    3.76 v _166_/Y (sky130_fd_sc_hd__nand2_1)
                                         _103_ (net)
                  0.03    0.00    3.76 v _178_/B (sky130_fd_sc_hd__nor2_1)
     2    0.01    0.09    0.08    3.85 ^ _178_/Y (sky130_fd_sc_hd__nor2_1)
                                         _014_ (net)
                  0.09    0.00    3.85 ^ _204_/A (sky130_fd_sc_hd__nand3_1)
     1    0.01    0.07    0.07    3.92 v _204_/Y (sky130_fd_sc_hd__nand3_1)
                                         _030_ (net)
                  0.07    0.00    3.92 v _209_/A (sky130_fd_sc_hd__nand3_4)
     8    0.03    0.10    0.09    4.01 ^ _209_/Y (sky130_fd_sc_hd__nand3_4)
                                         _035_ (net)
                  0.10    0.00    4.01 ^ _236_/B (sky130_fd_sc_hd__nor2_1)
     1    0.00    0.03    0.02    4.04 v _236_/Y (sky130_fd_sc_hd__nor2_1)
                                         _010_ (net)
                  0.03    0.00    4.04 v _246_/D (sky130_fd_sc_hd__dfrtp_1)
                                  4.04   data arrival time

                         10.00   10.00   clock clk (rise edge)
                          0.50   10.50   clock source latency
     1    0.02    0.04    0.03   10.53 ^ clk (in)
                                         clk (net)
                  0.04    0.00   10.53 ^ clkbuf_0_clk/A (sky130_fd_sc_hd__clkbuf_16)
     2    0.02    0.03    0.09   10.61 ^ clkbuf_0_clk/X (sky130_fd_sc_hd__clkbuf_16)
                                         clknet_0_clk (net)
                  0.03    0.00   10.61 ^ clkbuf_1_1__f_clk/A (sky130_fd_sc_hd__clkbuf_16)
    13    0.05    0.05    0.10   10.71 ^ clkbuf_1_1__f_clk/X (sky130_fd_sc_hd__clkbuf_16)
                                         clknet_1_1__leaf_clk (net)
                  0.05    0.00   10.71 ^ _246_/CLK (sky130_fd_sc_hd__dfrtp_1)
                         -0.30   10.41   clock uncertainty
                          0.00   10.41   clock reconvergence pessimism
                         -0.07   10.35   library setup time
                                 10.35   data required time
-----------------------------------------------------------------------------
                                 10.35   data required time
                                 -4.04   data arrival time
-----------------------------------------------------------------------------
                                  6.31   slack (MET)


Startpoint: pwr_stable (input port clocked by clk)
Endpoint: _241_ (rising edge-triggered flip-flop clocked by clk)
Path Group: clk
Path Type: max
Corner: Fastest

Fanout     Cap    Slew   Delay    Time   Description
-----------------------------------------------------------------------------
                          0.00    0.00   clock clk (rise edge)
                          0.50    0.50   clock network delay (propagated)
                          3.00    3.50 ^ input external delay
     1    0.00    0.02    0.01    3.51 ^ pwr_stable (in)
                                         pwr_stable (net)
                  0.02    0.00    3.51 ^ input2/A (sky130_fd_sc_hd__clkbuf_1)
     1    0.01    0.05    0.06    3.57 ^ input2/X (sky130_fd_sc_hd__clkbuf_1)
                                         net2 (net)
                  0.05    0.00    3.57 ^ _158_/A (sky130_fd_sc_hd__nand2_1)
     2    0.01    0.04    0.04    3.61 v _158_/Y (sky130_fd_sc_hd__nand2_1)
                                         _095_ (net)
                  0.04    0.00    3.61 v _159_/B1_N (sky130_fd_sc_hd__o21bai_1)
     1    0.00    0.03    0.08    3.69 v _159_/Y (sky130_fd_sc_hd__o21bai_1)
                                         _096_ (net)
                  0.03    0.00    3.69 v _160_/A (sky130_fd_sc_hd__nand2_1)
     1    0.00    0.03    0.04    3.73 ^ _160_/Y (sky130_fd_sc_hd__nand2_1)
                                         _097_ (net)
                  0.03    0.00    3.73 ^ _166_/A (sky130_fd_sc_hd__nand2_1)
     2    0.01    0.03    0.03    3.76 v _166_/Y (sky130_fd_sc_hd__nand2_1)
                                         _103_ (net)
                  0.03    0.00    3.76 v _178_/B (sky130_fd_sc_hd__nor2_1)
     2    0.01    0.09    0.08    3.85 ^ _178_/Y (sky130_fd_sc_hd__nor2_1)
                                         _014_ (net)
                  0.09    0.00    3.85 ^ _204_/A (sky130_fd_sc_hd__nand3_1)
     1    0.01    0.07    0.07    3.92 v _204_/Y (sky130_fd_sc_hd__nand3_1)
                                         _030_ (net)
                  0.07    0.00    3.92 v _209_/A (sky130_fd_sc_hd__nand3_4)
     8    0.03    0.10    0.09    4.01 ^ _209_/Y (sky130_fd_sc_hd__nand3_4)
                                         _035_ (net)
                  0.10    0.00    4.01 ^ _214_/B (sky130_fd_sc_hd__nor2_1)
     1    0.00    0.03    0.02    4.04 v _214_/Y (sky130_fd_sc_hd__nor2_1)
                                         _005_ (net)
                  0.03    0.00    4.04 v _241_/D (sky130_fd_sc_hd__dfrtp_1)
                                  4.04   data arrival time

                         10.00   10.00   clock clk (rise edge)
                          0.50   10.50   clock source latency
     1    0.02    0.04    0.03   10.53 ^ clk (in)
                                         clk (net)
                  0.04    0.00   10.53 ^ clkbuf_0_clk/A (sky130_fd_sc_hd__clkbuf_16)
     2    0.02    0.03    0.09   10.61 ^ clkbuf_0_clk/X (sky130_fd_sc_hd__clkbuf_16)
                                         clknet_0_clk (net)
                  0.03    0.00   10.61 ^ clkbuf_1_1__f_clk/A (sky130_fd_sc_hd__clkbuf_16)
    13    0.05    0.05    0.10   10.71 ^ clkbuf_1_1__f_clk/X (sky130_fd_sc_hd__clkbuf_16)
                                         clknet_1_1__leaf_clk (net)
                  0.05    0.00   10.72 ^ _241_/CLK (sky130_fd_sc_hd__dfrtp_1)
                         -0.30   10.42   clock uncertainty
                          0.00   10.42   clock reconvergence pessimism
                         -0.07   10.35   library setup time
                                 10.35   data required time
-----------------------------------------------------------------------------
                                 10.35   data required time
                                 -4.04   data arrival time
-----------------------------------------------------------------------------
                                  6.31   slack (MET)


Startpoint: pwr_stable (input port clocked by clk)
Endpoint: _257_ (rising edge-triggered flip-flop clocked by clk)
Path Group: clk
Path Type: max
Corner: Fastest

Fanout     Cap    Slew   Delay    Time   Description
-----------------------------------------------------------------------------
                          0.00    0.00   clock clk (rise edge)
                          0.50    0.50   clock network delay (propagated)
                          3.00    3.50 ^ input external delay
     1    0.00    0.02    0.01    3.51 ^ pwr_stable (in)
                                         pwr_stable (net)
                  0.02    0.00    3.51 ^ input2/A (sky130_fd_sc_hd__clkbuf_1)
     1    0.01    0.05    0.06    3.57 ^ input2/X (sky130_fd_sc_hd__clkbuf_1)
                                         net2 (net)
                  0.05    0.00    3.57 ^ _158_/A (sky130_fd_sc_hd__nand2_1)
     2    0.01    0.04    0.04    3.61 v _158_/Y (sky130_fd_sc_hd__nand2_1)
                                         _095_ (net)
                  0.04    0.00    3.61 v _159_/B1_N (sky130_fd_sc_hd__o21bai_1)
     1    0.00    0.03    0.08    3.69 v _159_/Y (sky130_fd_sc_hd__o21bai_1)
                                         _096_ (net)
                  0.03    0.00    3.69 v _160_/A (sky130_fd_sc_hd__nand2_1)
     1    0.00    0.03    0.04    3.73 ^ _160_/Y (sky130_fd_sc_hd__nand2_1)
                                         _097_ (net)
                  0.03    0.00    3.73 ^ _166_/A (sky130_fd_sc_hd__nand2_1)
     2    0.01    0.03    0.03    3.76 v _166_/Y (sky130_fd_sc_hd__nand2_1)
                                         _103_ (net)
                  0.03    0.00    3.76 v _174_/A (sky130_fd_sc_hd__or3_1)
     1    0.00    0.04    0.21    3.97 v _174_/X (sky130_fd_sc_hd__or3_1)
                                         _111_ (net)
                  0.04    0.00    3.97 v _175_/A (sky130_fd_sc_hd__clkbuf_1)
     1    0.00    0.02    0.06    4.04 v _175_/X (sky130_fd_sc_hd__clkbuf_1)
                                         next_state[1] (net)
                  0.02    0.00    4.04 v _257_/D (sky130_fd_sc_hd__dfrtp_1)
                                  4.04   data arrival time

                         10.00   10.00   clock clk (rise edge)
                          0.50   10.50   clock source latency
     1    0.02    0.04    0.03   10.53 ^ clk (in)
                                         clk (net)
                  0.04    0.00   10.53 ^ clkbuf_0_clk/A (sky130_fd_sc_hd__clkbuf_16)
     2    0.02    0.03    0.09   10.61 ^ clkbuf_0_clk/X (sky130_fd_sc_hd__clkbuf_16)
                                         clknet_0_clk (net)
                  0.03    0.00   10.61 ^ clkbuf_1_0__f_clk/A (sky130_fd_sc_hd__clkbuf_16)
    16    0.05    0.05    0.10   10.71 ^ clkbuf_1_0__f_clk/X (sky130_fd_sc_hd__clkbuf_16)
                                         clknet_1_0__leaf_clk (net)
                  0.05    0.00   10.71 ^ _257_/CLK (sky130_fd_sc_hd__dfrtp_1)
                         -0.30   10.41   clock uncertainty
                          0.00   10.41   clock reconvergence pessimism
                         -0.07   10.35   library setup time
                                 10.35   data required time
-----------------------------------------------------------------------------
                                 10.35   data required time
                                 -4.04   data arrival time
-----------------------------------------------------------------------------
                                  6.31   slack (MET)


Startpoint: pwr_stable (input port clocked by clk)
Endpoint: _258_ (rising edge-triggered flip-flop clocked by clk)
Path Group: clk
Path Type: max
Corner: Fastest

Fanout     Cap    Slew   Delay    Time   Description
-----------------------------------------------------------------------------
                          0.00    0.00   clock clk (rise edge)
                          0.50    0.50   clock network delay (propagated)
                          3.00    3.50 ^ input external delay
     1    0.00    0.02    0.01    3.51 ^ pwr_stable (in)
                                         pwr_stable (net)
                  0.02    0.00    3.51 ^ input2/A (sky130_fd_sc_hd__clkbuf_1)
     1    0.01    0.05    0.06    3.57 ^ input2/X (sky130_fd_sc_hd__clkbuf_1)
                                         net2 (net)
                  0.05    0.00    3.57 ^ _158_/A (sky130_fd_sc_hd__nand2_1)
     2    0.01    0.04    0.04    3.61 v _158_/Y (sky130_fd_sc_hd__nand2_1)
                                         _095_ (net)
                  0.04    0.00    3.61 v _159_/B1_N (sky130_fd_sc_hd__o21bai_1)
     1    0.00    0.03    0.08    3.69 v _159_/Y (sky130_fd_sc_hd__o21bai_1)
                                         _096_ (net)
                  0.03    0.00    3.69 v _160_/A (sky130_fd_sc_hd__nand2_1)
     1    0.00    0.03    0.04    3.73 ^ _160_/Y (sky130_fd_sc_hd__nand2_1)
                                         _097_ (net)
                  0.03    0.00    3.73 ^ _166_/A (sky130_fd_sc_hd__nand2_1)
     2    0.01    0.03    0.03    3.76 v _166_/Y (sky130_fd_sc_hd__nand2_1)
                                         _103_ (net)
                  0.03    0.00    3.76 v _178_/B (sky130_fd_sc_hd__nor2_1)
     2    0.01    0.09    0.08    3.85 ^ _178_/Y (sky130_fd_sc_hd__nor2_1)
                                         _014_ (net)
                  0.09    0.00    3.85 ^ _187_/A (sky130_fd_sc_hd__nand2_1)
     1    0.00    0.03    0.03    3.88 v _187_/Y (sky130_fd_sc_hd__nand2_1)
                                         next_state[2] (net)
                  0.03    0.00    3.88 v _258_/D (sky130_fd_sc_hd__dfrtp_4)
                                  3.88   data arrival time

                         10.00   10.00   clock clk (rise edge)
                          0.50   10.50   clock source latency
     1    0.02    0.04    0.03   10.53 ^ clk (in)
                                         clk (net)
                  0.04    0.00   10.53 ^ clkbuf_0_clk/A (sky130_fd_sc_hd__clkbuf_16)
     2    0.02    0.03    0.09   10.61 ^ clkbuf_0_clk/X (sky130_fd_sc_hd__clkbuf_16)
                                         clknet_0_clk (net)
                  0.03    0.00   10.61 ^ clkbuf_1_0__f_clk/A (sky130_fd_sc_hd__clkbuf_16)
    16    0.05    0.05    0.10   10.71 ^ clkbuf_1_0__f_clk/X (sky130_fd_sc_hd__clkbuf_16)
                                         clknet_1_0__leaf_clk (net)
                  0.05    0.00   10.71 ^ _258_/CLK (sky130_fd_sc_hd__dfrtp_4)
                         -0.30   10.41   clock uncertainty
                          0.00   10.41   clock reconvergence pessimism
                         -0.07   10.34   library setup time
                                 10.34   data required time
-----------------------------------------------------------------------------
                                 10.34   data required time
                                 -3.88   data arrival time
-----------------------------------------------------------------------------
                                  6.47   slack (MET)


Startpoint: _251_ (rising edge-triggered flip-flop clocked by clk)
Endpoint: retention_save (output port clocked by clk)
Path Group: clk
Path Type: max
Corner: Fastest

Fanout     Cap    Slew   Delay    Time   Description
-----------------------------------------------------------------------------
                          0.00    0.00   clock clk (rise edge)
                          0.50    0.50   clock source latency
     1    0.02    0.04    0.03    0.53 ^ clk (in)
                                         clk (net)
                  0.04    0.00    0.53 ^ clkbuf_0_clk/A (sky130_fd_sc_hd__clkbuf_16)
     2    0.02    0.03    0.09    0.61 ^ clkbuf_0_clk/X (sky130_fd_sc_hd__clkbuf_16)
                                         clknet_0_clk (net)
                  0.03    0.00    0.61 ^ clkbuf_1_0__f_clk/A (sky130_fd_sc_hd__clkbuf_16)
    16    0.05    0.05    0.10    0.71 ^ clkbuf_1_0__f_clk/X (sky130_fd_sc_hd__clkbuf_16)
                                         clknet_1_0__leaf_clk (net)
                  0.05    0.00    0.72 ^ _251_/CLK (sky130_fd_sc_hd__dfrtp_1)
     1    0.00    0.02    0.22    0.94 v _251_/Q (sky130_fd_sc_hd__dfrtp_1)
                                         net17 (net)
                  0.02    0.00    0.94 v output17/A (sky130_fd_sc_hd__buf_2)
     1    0.03    0.06    0.11    1.05 v output17/X (sky130_fd_sc_hd__buf_2)
                                         retention_save (net)
                  0.06    0.00    1.05 v retention_save (out)
                                  1.05   data arrival time

                         10.00   10.00   clock clk (rise edge)
                          0.50   10.50   clock network delay (propagated)
                         -0.30   10.20   clock uncertainty
                          0.00   10.20   clock reconvergence pessimism
                         -2.50    7.70   output external delay
                                  7.70   data required time
-----------------------------------------------------------------------------
                                  7.70   data required time
                                 -1.05   data arrival time
-----------------------------------------------------------------------------
                                  6.65   slack (MET)


Startpoint: _252_ (rising edge-triggered flip-flop clocked by clk)
Endpoint: retention_restore (output port clocked by clk)
Path Group: clk
Path Type: max
Corner: Fastest

Fanout     Cap    Slew   Delay    Time   Description
-----------------------------------------------------------------------------
                          0.00    0.00   clock clk (rise edge)
                          0.50    0.50   clock source latency
     1    0.02    0.04    0.03    0.53 ^ clk (in)
                                         clk (net)
                  0.04    0.00    0.53 ^ clkbuf_0_clk/A (sky130_fd_sc_hd__clkbuf_16)
     2    0.02    0.03    0.09    0.61 ^ clkbuf_0_clk/X (sky130_fd_sc_hd__clkbuf_16)
                                         clknet_0_clk (net)
                  0.03    0.00    0.61 ^ clkbuf_1_0__f_clk/A (sky130_fd_sc_hd__clkbuf_16)
    16    0.05    0.05    0.10    0.71 ^ clkbuf_1_0__f_clk/X (sky130_fd_sc_hd__clkbuf_16)
                                         clknet_1_0__leaf_clk (net)
                  0.05    0.00    0.72 ^ _252_/CLK (sky130_fd_sc_hd__dfrtp_1)
     1    0.00    0.02    0.22    0.94 v _252_/Q (sky130_fd_sc_hd__dfrtp_1)
                                         net16 (net)
                  0.02    0.00    0.94 v output16/A (sky130_fd_sc_hd__buf_2)
     1    0.03    0.06    0.11    1.05 v output16/X (sky130_fd_sc_hd__buf_2)
                                         retention_restore (net)
                  0.06    0.00    1.05 v retention_restore (out)
                                  1.05   data arrival time

                         10.00   10.00   clock clk (rise edge)
                          0.50   10.50   clock network delay (propagated)
                         -0.30   10.20   clock uncertainty
                          0.00   10.20   clock reconvergence pessimism
                         -2.50    7.70   output external delay
                                  7.70   data required time
-----------------------------------------------------------------------------
                                  7.70   data required time
                                 -1.05   data arrival time
-----------------------------------------------------------------------------
                                  6.65   slack (MET)


Startpoint: _253_ (rising edge-triggered flip-flop clocked by clk)
Endpoint: reset_ctrl (output port clocked by clk)
Path Group: clk
Path Type: max
Corner: Fastest

Fanout     Cap    Slew   Delay    Time   Description
-----------------------------------------------------------------------------
                          0.00    0.00   clock clk (rise edge)
                          0.50    0.50   clock source latency
     1    0.02    0.04    0.03    0.53 ^ clk (in)
                                         clk (net)
                  0.04    0.00    0.53 ^ clkbuf_0_clk/A (sky130_fd_sc_hd__clkbuf_16)
     2    0.02    0.03    0.09    0.61 ^ clkbuf_0_clk/X (sky130_fd_sc_hd__clkbuf_16)
                                         clknet_0_clk (net)
                  0.03    0.00    0.61 ^ clkbuf_1_1__f_clk/A (sky130_fd_sc_hd__clkbuf_16)
    13    0.05    0.05    0.10    0.71 ^ clkbuf_1_1__f_clk/X (sky130_fd_sc_hd__clkbuf_16)
                                         clknet_1_1__leaf_clk (net)
                  0.05    0.00    0.71 ^ _253_/CLK (sky130_fd_sc_hd__dfrtp_1)
     1    0.00    0.02    0.22    0.94 v _253_/Q (sky130_fd_sc_hd__dfrtp_1)
                                         net14 (net)
                  0.02    0.00    0.94 v output14/A (sky130_fd_sc_hd__buf_2)
     1    0.03    0.06    0.11    1.05 v output14/X (sky130_fd_sc_hd__buf_2)
                                         reset_ctrl (net)
                  0.06    0.00    1.05 v reset_ctrl (out)
                                  1.05   data arrival time

                         10.00   10.00   clock clk (rise edge)
                          0.50   10.50   clock network delay (propagated)
                         -0.30   10.20   clock uncertainty
                          0.00   10.20   clock reconvergence pessimism
                         -2.50    7.70   output external delay
                                  7.70   data required time
-----------------------------------------------------------------------------
                                  7.70   data required time
                                 -1.05   data arrival time
-----------------------------------------------------------------------------
                                  6.65   slack (MET)


Startpoint: _256_ (rising edge-triggered flip-flop clocked by clk)
Endpoint: seq_busy (output port clocked by clk)
Path Group: clk
Path Type: max
Corner: Fastest

Fanout     Cap    Slew   Delay    Time   Description
-----------------------------------------------------------------------------
                          0.00    0.00   clock clk (rise edge)
                          0.50    0.50   clock source latency
     1    0.02    0.04    0.03    0.53 ^ clk (in)
                                         clk (net)
                  0.04    0.00    0.53 ^ clkbuf_0_clk/A (sky130_fd_sc_hd__clkbuf_16)
     2    0.02    0.03    0.09    0.61 ^ clkbuf_0_clk/X (sky130_fd_sc_hd__clkbuf_16)
                                         clknet_0_clk (net)
                  0.03    0.00    0.61 ^ clkbuf_1_0__f_clk/A (sky130_fd_sc_hd__clkbuf_16)
    16    0.05    0.05    0.10    0.71 ^ clkbuf_1_0__f_clk/X (sky130_fd_sc_hd__clkbuf_16)
                                         clknet_1_0__leaf_clk (net)
                  0.05    0.00    0.72 ^ _256_/CLK (sky130_fd_sc_hd__dfrtp_4)
     8    0.03    0.07    0.33    1.04 v _256_/Q (sky130_fd_sc_hd__dfrtp_4)
                                         curr_state[0] (net)
                  0.07    0.00    1.04 v _138_/A (sky130_fd_sc_hd__nand2_1)
     3    0.01    0.10    0.10    1.15 ^ _138_/Y (sky130_fd_sc_hd__nand2_1)
                                         _077_ (net)
                  0.10    0.00    1.15 ^ _139_/A (sky130_fd_sc_hd__inv_2)
     2    0.01    0.03    0.02    1.17 v _139_/Y (sky130_fd_sc_hd__inv_2)
                                         _078_ (net)
                  0.03    0.00    1.17 v _140_/B (sky130_fd_sc_hd__nor2_1)
     1    0.00    0.06    0.06    1.23 ^ _140_/Y (sky130_fd_sc_hd__nor2_1)
                                         net18 (net)
                  0.06    0.00    1.23 ^ wire20/A (sky130_fd_sc_hd__buf_1)
     4    0.02    0.15    0.14    1.37 ^ wire20/X (sky130_fd_sc_hd__buf_1)
                                         net20 (net)
                  0.15    0.00    1.37 ^ output18/A (sky130_fd_sc_hd__clkbuf_2)
     1    0.02    0.09    0.13    1.50 ^ output18/X (sky130_fd_sc_hd__clkbuf_2)
                                         seq_busy (net)
                  0.09    0.00    1.50 ^ seq_busy (out)
                                  1.50   data arrival time

                         10.00   10.00   clock clk (rise edge)
                          0.50   10.50   clock network delay (propagated)
                         -0.30   10.20   clock uncertainty
                          0.00   10.20   clock reconvergence pessimism
                         -2.00    8.20   output external delay
                                  8.20   data required time
-----------------------------------------------------------------------------
                                  8.20   data required time
                                 -1.50   data arrival time
-----------------------------------------------------------------------------
                                  6.70   slack (MET)


Startpoint: _239_ (rising edge-triggered flip-flop clocked by clk)
Endpoint: dvfs_ctrl[1] (output port clocked by clk)
Path Group: clk
Path Type: max
Corner: Fastest

Fanout     Cap    Slew   Delay    Time   Description
-----------------------------------------------------------------------------
                          0.00    0.00   clock clk (rise edge)
                          0.50    0.50   clock source latency
     1    0.02    0.04    0.03    0.53 ^ clk (in)
                                         clk (net)
                  0.04    0.00    0.53 ^ clkbuf_0_clk/A (sky130_fd_sc_hd__clkbuf_16)
     2    0.02    0.03    0.09    0.61 ^ clkbuf_0_clk/X (sky130_fd_sc_hd__clkbuf_16)
                                         clknet_0_clk (net)
                  0.03    0.00    0.61 ^ clkbuf_1_1__f_clk/A (sky130_fd_sc_hd__clkbuf_16)
    13    0.05    0.05    0.10    0.71 ^ clkbuf_1_1__f_clk/X (sky130_fd_sc_hd__clkbuf_16)
                                         clknet_1_1__leaf_clk (net)
                  0.05    0.00    0.71 ^ _239_/CLK (sky130_fd_sc_hd__dfstp_1)
     1    0.00    0.03    0.30    1.02 ^ _239_/Q (sky130_fd_sc_hd__dfstp_1)
                                         net9 (net)
                  0.03    0.00    1.02 ^ output9/A (sky130_fd_sc_hd__clkbuf_2)
     1    0.02    0.09    0.11    1.13 ^ output9/X (sky130_fd_sc_hd__clkbuf_2)
                                         dvfs_ctrl[1] (net)
                  0.09    0.00    1.13 ^ dvfs_ctrl[1] (out)
                                  1.13   data arrival time

                         10.00   10.00   clock clk (rise edge)
                          0.50   10.50   clock network delay (propagated)
                         -0.30   10.20   clock uncertainty
                          0.00   10.20   clock reconvergence pessimism
                         -2.00    8.20   output external delay
                                  8.20   data required time
-----------------------------------------------------------------------------
                                  8.20   data required time
                                 -1.13   data arrival time
-----------------------------------------------------------------------------
                                  7.07   slack (MET)


Startpoint: _248_ (rising edge-triggered flip-flop clocked by clk)
Endpoint: clk_gate_en (output port clocked by clk)
Path Group: clk
Path Type: max
Corner: Fastest

Fanout     Cap    Slew   Delay    Time   Description
-----------------------------------------------------------------------------
                          0.00    0.00   clock clk (rise edge)
                          0.50    0.50   clock source latency
     1    0.02    0.04    0.03    0.53 ^ clk (in)
                                         clk (net)
                  0.04    0.00    0.53 ^ clkbuf_0_clk/A (sky130_fd_sc_hd__clkbuf_16)
     2    0.02    0.03    0.09    0.61 ^ clkbuf_0_clk/X (sky130_fd_sc_hd__clkbuf_16)
                                         clknet_0_clk (net)
                  0.03    0.00    0.61 ^ clkbuf_1_0__f_clk/A (sky130_fd_sc_hd__clkbuf_16)
    16    0.05    0.05    0.10    0.71 ^ clkbuf_1_0__f_clk/X (sky130_fd_sc_hd__clkbuf_16)
                                         clknet_1_0__leaf_clk (net)
                  0.05    0.00    0.72 ^ _248_/CLK (sky130_fd_sc_hd__dfrtp_1)
     1    0.00    0.03    0.23    0.94 v _248_/Q (sky130_fd_sc_hd__dfrtp_1)
                                         net8 (net)
                  0.03    0.00    0.94 v output8/A (sky130_fd_sc_hd__buf_4)
     1    0.05    0.06    0.12    1.07 v output8/X (sky130_fd_sc_hd__buf_4)
                                         clk_gate_en (net)
                  0.06    0.00    1.07 v clk_gate_en (out)
                                  1.07   data arrival time

                         10.00   10.00   clock clk (rise edge)
                          0.50   10.50   clock network delay (propagated)
                         -0.30   10.20   clock uncertainty
                          0.00   10.20   clock reconvergence pessimism
                         -2.00    8.20   output external delay
                                  8.20   data required time
-----------------------------------------------------------------------------
                                  8.20   data required time
                                 -1.07   data arrival time
-----------------------------------------------------------------------------
                                  7.13   slack (MET)


Startpoint: _250_ (rising edge-triggered flip-flop clocked by clk)
Endpoint: retention_en (output port clocked by clk)
Path Group: clk
Path Type: max
Corner: Fastest

Fanout     Cap    Slew   Delay    Time   Description
-----------------------------------------------------------------------------
                          0.00    0.00   clock clk (rise edge)
                          0.50    0.50   clock source latency
     1    0.02    0.04    0.03    0.53 ^ clk (in)
                                         clk (net)
                  0.04    0.00    0.53 ^ clkbuf_0_clk/A (sky130_fd_sc_hd__clkbuf_16)
     2    0.02    0.03    0.09    0.61 ^ clkbuf_0_clk/X (sky130_fd_sc_hd__clkbuf_16)
                                         clknet_0_clk (net)
                  0.03    0.00    0.61 ^ clkbuf_1_0__f_clk/A (sky130_fd_sc_hd__clkbuf_16)
    16    0.05    0.05    0.10    0.71 ^ clkbuf_1_0__f_clk/X (sky130_fd_sc_hd__clkbuf_16)
                                         clknet_1_0__leaf_clk (net)
                  0.05    0.00    0.72 ^ _250_/CLK (sky130_fd_sc_hd__dfrtp_1)
     1    0.00    0.03    0.23    0.94 v _250_/Q (sky130_fd_sc_hd__dfrtp_1)
                                         net15 (net)
                  0.03    0.00    0.94 v output15/A (sky130_fd_sc_hd__buf_4)
     1    0.05    0.06    0.12    1.07 v output15/X (sky130_fd_sc_hd__buf_4)
                                         retention_en (net)
                  0.06    0.00    1.07 v retention_en (out)
                                  1.07   data arrival time

                         10.00   10.00   clock clk (rise edge)
                          0.50   10.50   clock network delay (propagated)
                         -0.30   10.20   clock uncertainty
                          0.00   10.20   clock reconvergence pessimism
                         -2.00    8.20   output external delay
                                  8.20   data required time
-----------------------------------------------------------------------------
                                  8.20   data required time
                                 -1.07   data arrival time
-----------------------------------------------------------------------------
                                  7.13   slack (MET)


Startpoint: _249_ (rising edge-triggered flip-flop clocked by clk)
Endpoint: pwr_gate_en (output port clocked by clk)
Path Group: clk
Path Type: max
Corner: Fastest

Fanout     Cap    Slew   Delay    Time   Description
-----------------------------------------------------------------------------
                          0.00    0.00   clock clk (rise edge)
                          0.50    0.50   clock source latency
     1    0.02    0.04    0.03    0.53 ^ clk (in)
                                         clk (net)
                  0.04    0.00    0.53 ^ clkbuf_0_clk/A (sky130_fd_sc_hd__clkbuf_16)
     2    0.02    0.03    0.09    0.61 ^ clkbuf_0_clk/X (sky130_fd_sc_hd__clkbuf_16)
                                         clknet_0_clk (net)
                  0.03    0.00    0.61 ^ clkbuf_1_0__f_clk/A (sky130_fd_sc_hd__clkbuf_16)
    16    0.05    0.05    0.10    0.71 ^ clkbuf_1_0__f_clk/X (sky130_fd_sc_hd__clkbuf_16)
                                         clknet_1_0__leaf_clk (net)
                  0.05    0.00    0.72 ^ _249_/CLK (sky130_fd_sc_hd__dfrtp_1)
     1    0.00    0.03    0.22    0.94 v _249_/Q (sky130_fd_sc_hd__dfrtp_1)
                                         net11 (net)
                  0.03    0.00    0.94 v output11/A (sky130_fd_sc_hd__buf_4)
     1    0.05    0.06    0.12    1.06 v output11/X (sky130_fd_sc_hd__buf_4)
                                         pwr_gate_en (net)
                  0.06    0.00    1.06 v pwr_gate_en (out)
                                  1.06   data arrival time

                         10.00   10.00   clock clk (rise edge)
                          0.50   10.50   clock network delay (propagated)
                         -0.30   10.20   clock uncertainty
                          0.00   10.20   clock reconvergence pessimism
                         -2.00    8.20   output external delay
                                  8.20   data required time
-----------------------------------------------------------------------------
                                  8.20   data required time
                                 -1.06   data arrival time
-----------------------------------------------------------------------------
                                  7.14   slack (MET)


Startpoint: _254_ (rising edge-triggered flip-flop clocked by clk)
Endpoint: pwr_state[0] (output port clocked by clk)
Path Group: clk
Path Type: max
Corner: Fastest

Fanout     Cap    Slew   Delay    Time   Description
-----------------------------------------------------------------------------
                          0.00    0.00   clock clk (rise edge)
                          0.50    0.50   clock source latency
     1    0.02    0.04    0.03    0.53 ^ clk (in)
                                         clk (net)
                  0.04    0.00    0.53 ^ clkbuf_0_clk/A (sky130_fd_sc_hd__clkbuf_16)
     2    0.02    0.03    0.09    0.61 ^ clkbuf_0_clk/X (sky130_fd_sc_hd__clkbuf_16)
                                         clknet_0_clk (net)
                  0.03    0.00    0.61 ^ clkbuf_1_1__f_clk/A (sky130_fd_sc_hd__clkbuf_16)
    13    0.05    0.05    0.10    0.71 ^ clkbuf_1_1__f_clk/X (sky130_fd_sc_hd__clkbuf_16)
                                         clknet_1_1__leaf_clk (net)
                  0.05    0.00    0.71 ^ _254_/CLK (sky130_fd_sc_hd__dfrtp_1)
     1    0.00    0.03    0.22    0.94 v _254_/Q (sky130_fd_sc_hd__dfrtp_1)
                                         net12 (net)
                  0.03    0.00    0.94 v output12/A (sky130_fd_sc_hd__clkbuf_2)
     1    0.02    0.06    0.10    1.04 v output12/X (sky130_fd_sc_hd__clkbuf_2)
                                         pwr_state[0] (net)
                  0.06    0.00    1.04 v pwr_state[0] (out)
                                  1.04   data arrival time

                         10.00   10.00   clock clk (rise edge)
                          0.50   10.50   clock network delay (propagated)
                         -0.30   10.20   clock uncertainty
                          0.00   10.20   clock reconvergence pessimism
                         -2.00    8.20   output external delay
                                  8.20   data required time
-----------------------------------------------------------------------------
                                  8.20   data required time
                                 -1.04   data arrival time
-----------------------------------------------------------------------------
                                  7.16   slack (MET)


Startpoint: _255_ (rising edge-triggered flip-flop clocked by clk)
Endpoint: pwr_state[1] (output port clocked by clk)
Path Group: clk
Path Type: max
Corner: Fastest

Fanout     Cap    Slew   Delay    Time   Description
-----------------------------------------------------------------------------
                          0.00    0.00   clock clk (rise edge)
                          0.50    0.50   clock source latency
     1    0.02    0.04    0.03    0.53 ^ clk (in)
                                         clk (net)
                  0.04    0.00    0.53 ^ clkbuf_0_clk/A (sky130_fd_sc_hd__clkbuf_16)
     2    0.02    0.03    0.09    0.61 ^ clkbuf_0_clk/X (sky130_fd_sc_hd__clkbuf_16)
                                         clknet_0_clk (net)
                  0.03    0.00    0.61 ^ clkbuf_1_1__f_clk/A (sky130_fd_sc_hd__clkbuf_16)
    13    0.05    0.05    0.10    0.71 ^ clkbuf_1_1__f_clk/X (sky130_fd_sc_hd__clkbuf_16)
                                         clknet_1_1__leaf_clk (net)
                  0.05    0.00    0.72 ^ _255_/CLK (sky130_fd_sc_hd__dfrtp_1)
     1    0.00    0.03    0.22    0.94 v _255_/Q (sky130_fd_sc_hd__dfrtp_1)
                                         net13 (net)
                  0.03    0.00    0.94 v output13/A (sky130_fd_sc_hd__clkbuf_2)
     1    0.02    0.06    0.10    1.04 v output13/X (sky130_fd_sc_hd__clkbuf_2)
                                         pwr_state[1] (net)
                  0.06    0.00    1.04 v pwr_state[1] (out)
                                  1.04   data arrival time

                         10.00   10.00   clock clk (rise edge)
                          0.50   10.50   clock network delay (propagated)
                         -0.30   10.20   clock uncertainty
                          0.00   10.20   clock reconvergence pessimism
                         -2.00    8.20   output external delay
                                  8.20   data required time
-----------------------------------------------------------------------------
                                  8.20   data required time
                                 -1.04   data arrival time
-----------------------------------------------------------------------------
                                  7.16   slack (MET)


Startpoint: wake_up (input port clocked by clk)
Endpoint: _259_ (rising edge-triggered flip-flop clocked by clk)
Path Group: clk
Path Type: max
Corner: Fastest

Fanout     Cap    Slew   Delay    Time   Description
-----------------------------------------------------------------------------
                          0.00    0.00   clock clk (rise edge)
                          0.50    0.50   clock network delay (propagated)
                          2.00    2.50 v input external delay
     1    0.00    0.02    0.01    2.51 v wake_up (in)
                                         wake_up (net)
                  0.02    0.00    2.51 v input7/A (sky130_fd_sc_hd__clkbuf_1)
     1    0.00    0.02    0.05    2.56 v input7/X (sky130_fd_sc_hd__clkbuf_1)
                                         net7 (net)
                  0.02    0.00    2.56 v _259_/D (sky130_fd_sc_hd__dfrtp_1)
                                  2.56   data arrival time

                         10.00   10.00   clock clk (rise edge)
                          0.50   10.50   clock source latency
     1    0.02    0.04    0.03   10.53 ^ clk (in)
                                         clk (net)
                  0.04    0.00   10.53 ^ clkbuf_0_clk/A (sky130_fd_sc_hd__clkbuf_16)
     2    0.02    0.03    0.09   10.61 ^ clkbuf_0_clk/X (sky130_fd_sc_hd__clkbuf_16)
                                         clknet_0_clk (net)
                  0.03    0.00   10.61 ^ clkbuf_1_0__f_clk/A (sky130_fd_sc_hd__clkbuf_16)
    16    0.05    0.05    0.10   10.71 ^ clkbuf_1_0__f_clk/X (sky130_fd_sc_hd__clkbuf_16)
                                         clknet_1_0__leaf_clk (net)
                  0.05    0.00   10.71 ^ _259_/CLK (sky130_fd_sc_hd__dfrtp_1)
                         -0.30   10.41   clock uncertainty
                          0.00   10.41   clock reconvergence pessimism
                         -0.07   10.35   library setup time
                                 10.35   data required time
-----------------------------------------------------------------------------
                                 10.35   data required time
                                 -2.56   data arrival time
-----------------------------------------------------------------------------
                                  7.79   slack (MET)


Startpoint: req_sleep (input port clocked by clk)
Endpoint: _261_ (rising edge-triggered flip-flop clocked by clk)
Path Group: clk
Path Type: max
Corner: Fastest

Fanout     Cap    Slew   Delay    Time   Description
-----------------------------------------------------------------------------
                          0.00    0.00   clock clk (rise edge)
                          0.50    0.50   clock network delay (propagated)
                          2.00    2.50 v input external delay
     1    0.00    0.02    0.01    2.51 v req_sleep (in)
                                         req_sleep (net)
                  0.02    0.00    2.51 v input5/A (sky130_fd_sc_hd__clkbuf_1)
     1    0.00    0.02    0.05    2.56 v input5/X (sky130_fd_sc_hd__clkbuf_1)
                                         net5 (net)
                  0.02    0.00    2.56 v _261_/D (sky130_fd_sc_hd__dfrtp_1)
                                  2.56   data arrival time

                         10.00   10.00   clock clk (rise edge)
                          0.50   10.50   clock source latency
     1    0.02    0.04    0.03   10.53 ^ clk (in)
                                         clk (net)
                  0.04    0.00   10.53 ^ clkbuf_0_clk/A (sky130_fd_sc_hd__clkbuf_16)
     2    0.02    0.03    0.09   10.61 ^ clkbuf_0_clk/X (sky130_fd_sc_hd__clkbuf_16)
                                         clknet_0_clk (net)
                  0.03    0.00   10.61 ^ clkbuf_1_0__f_clk/A (sky130_fd_sc_hd__clkbuf_16)
    16    0.05    0.05    0.10   10.71 ^ clkbuf_1_0__f_clk/X (sky130_fd_sc_hd__clkbuf_16)
                                         clknet_1_0__leaf_clk (net)
                  0.05    0.00   10.72 ^ _261_/CLK (sky130_fd_sc_hd__dfrtp_1)
                         -0.30   10.42   clock uncertainty
                          0.00   10.42   clock reconvergence pessimism
                         -0.07   10.35   library setup time
                                 10.35   data required time
-----------------------------------------------------------------------------
                                 10.35   data required time
                                 -2.56   data arrival time
-----------------------------------------------------------------------------
                                  7.79   slack (MET)


Startpoint: req_idle (input port clocked by clk)
Endpoint: _262_ (rising edge-triggered flip-flop clocked by clk)
Path Group: clk
Path Type: max
Corner: Fastest

Fanout     Cap    Slew   Delay    Time   Description
-----------------------------------------------------------------------------
                          0.00    0.00   clock clk (rise edge)
                          0.50    0.50   clock network delay (propagated)
                          2.00    2.50 v input external delay
     1    0.00    0.02    0.01    2.51 v req_idle (in)
                                         req_idle (net)
                  0.02    0.00    2.51 v input3/A (sky130_fd_sc_hd__clkbuf_1)
     1    0.00    0.02    0.05    2.56 v input3/X (sky130_fd_sc_hd__clkbuf_1)
                                         net3 (net)
                  0.02    0.00    2.56 v _262_/D (sky130_fd_sc_hd__dfrtp_1)
                                  2.56   data arrival time

                         10.00   10.00   clock clk (rise edge)
                          0.50   10.50   clock source latency
     1    0.02    0.04    0.03   10.53 ^ clk (in)
                                         clk (net)
                  0.04    0.00   10.53 ^ clkbuf_0_clk/A (sky130_fd_sc_hd__clkbuf_16)
     2    0.02    0.03    0.09   10.61 ^ clkbuf_0_clk/X (sky130_fd_sc_hd__clkbuf_16)
                                         clknet_0_clk (net)
                  0.03    0.00   10.61 ^ clkbuf_1_0__f_clk/A (sky130_fd_sc_hd__clkbuf_16)
    16    0.05    0.05    0.10   10.71 ^ clkbuf_1_0__f_clk/X (sky130_fd_sc_hd__clkbuf_16)
                                         clknet_1_0__leaf_clk (net)
                  0.05    0.00   10.72 ^ _262_/CLK (sky130_fd_sc_hd__dfrtp_1)
                         -0.30   10.42   clock uncertainty
                          0.00   10.42   clock reconvergence pessimism
                         -0.07   10.35   library setup time
                                 10.35   data required time
-----------------------------------------------------------------------------
                                 10.35   data required time
                                 -2.56   data arrival time
-----------------------------------------------------------------------------
                                  7.79   slack (MET)


Startpoint: req_off (input port clocked by clk)
Endpoint: _260_ (rising edge-triggered flip-flop clocked by clk)
Path Group: clk
Path Type: max
Corner: Fastest

Fanout     Cap    Slew   Delay    Time   Description
-----------------------------------------------------------------------------
                          0.00    0.00   clock clk (rise edge)
                          0.50    0.50   clock network delay (propagated)
                          2.00    2.50 v input external delay
     1    0.00    0.02    0.01    2.51 v req_off (in)
                                         req_off (net)
                  0.02    0.00    2.51 v input4/A (sky130_fd_sc_hd__clkbuf_1)
     1    0.00    0.02    0.05    2.56 v input4/X (sky130_fd_sc_hd__clkbuf_1)
                                         net4 (net)
                  0.02    0.00    2.56 v _260_/D (sky130_fd_sc_hd__dfrtp_1)
                                  2.56   data arrival time

                         10.00   10.00   clock clk (rise edge)
                          0.50   10.50   clock source latency
     1    0.02    0.04    0.03   10.53 ^ clk (in)
                                         clk (net)
                  0.04    0.00   10.53 ^ clkbuf_0_clk/A (sky130_fd_sc_hd__clkbuf_16)
     2    0.02    0.03    0.09   10.61 ^ clkbuf_0_clk/X (sky130_fd_sc_hd__clkbuf_16)
                                         clknet_0_clk (net)
                  0.03    0.00   10.61 ^ clkbuf_1_0__f_clk/A (sky130_fd_sc_hd__clkbuf_16)
    16    0.05    0.05    0.10   10.71 ^ clkbuf_1_0__f_clk/X (sky130_fd_sc_hd__clkbuf_16)
                                         clknet_1_0__leaf_clk (net)
                  0.05    0.00   10.72 ^ _260_/CLK (sky130_fd_sc_hd__dfrtp_1)
                         -0.30   10.42   clock uncertainty
                          0.00   10.42   clock reconvergence pessimism
                         -0.07   10.35   library setup time
                                 10.35   data required time
-----------------------------------------------------------------------------
                                 10.35   data required time
                                 -2.56   data arrival time
-----------------------------------------------------------------------------
                                  7.79   slack (MET)


Startpoint: _258_ (rising edge-triggered flip-flop clocked by clk)
Endpoint: _255_ (rising edge-triggered flip-flop clocked by clk)
Path Group: clk
Path Type: max
Corner: Fastest

Fanout     Cap    Slew   Delay    Time   Description
-----------------------------------------------------------------------------
                          0.00    0.00   clock clk (rise edge)
                          0.50    0.50   clock source latency
     1    0.02    0.04    0.03    0.53 ^ clk (in)
                                         clk (net)
                  0.04    0.00    0.53 ^ clkbuf_0_clk/A (sky130_fd_sc_hd__clkbuf_16)
     2    0.02    0.03    0.09    0.61 ^ clkbuf_0_clk/X (sky130_fd_sc_hd__clkbuf_16)
                                         clknet_0_clk (net)
                  0.03    0.00    0.61 ^ clkbuf_1_0__f_clk/A (sky130_fd_sc_hd__clkbuf_16)
    16    0.05    0.05    0.10    0.71 ^ clkbuf_1_0__f_clk/X (sky130_fd_sc_hd__clkbuf_16)
                                         clknet_1_0__leaf_clk (net)
                  0.05    0.00    0.71 ^ _258_/CLK (sky130_fd_sc_hd__dfrtp_4)
     8    0.04    0.07    0.34    1.05 v _258_/Q (sky130_fd_sc_hd__dfrtp_4)
                                         curr_state[2] (net)
                  0.07    0.00    1.06 v _124_/A (sky130_fd_sc_hd__inv_6)
     6    0.02    0.05    0.07    1.12 ^ _124_/Y (sky130_fd_sc_hd__inv_6)
                                         _064_ (net)
                  0.05    0.00    1.12 ^ _125_/B (sky130_fd_sc_hd__nor2_1)
     3    0.01    0.04    0.04    1.16 v _125_/Y (sky130_fd_sc_hd__nor2_1)
                                         _065_ (net)
                  0.04    0.00    1.16 v _170_/A (sky130_fd_sc_hd__and2_1)
     3    0.01    0.05    0.11    1.28 v _170_/X (sky130_fd_sc_hd__and2_1)
                                         _107_ (net)
                  0.05    0.00    1.28 v _193_/B (sky130_fd_sc_hd__nor2_1)
     2    0.00    0.07    0.08    1.35 ^ _193_/Y (sky130_fd_sc_hd__nor2_1)
                                         _024_ (net)
                  0.07    0.00    1.35 ^ _194_/C_N (sky130_fd_sc_hd__or3b_1)
     1    0.01    0.06    0.21    1.57 v _194_/X (sky130_fd_sc_hd__or3b_1)
                                         _025_ (net)
                  0.06    0.00    1.57 v _195_/A (sky130_fd_sc_hd__clkbuf_1)
     1    0.00    0.02    0.07    1.63 v _195_/X (sky130_fd_sc_hd__clkbuf_1)
                                         _113_ (net)
                  0.02    0.00    1.63 v _255_/D (sky130_fd_sc_hd__dfrtp_1)
                                  1.63   data arrival time

                         10.00   10.00   clock clk (rise edge)
                          0.50   10.50   clock source latency
     1    0.02    0.04    0.03   10.53 ^ clk (in)
                                         clk (net)
                  0.04    0.00   10.53 ^ clkbuf_0_clk/A (sky130_fd_sc_hd__clkbuf_16)
     2    0.02    0.03    0.09   10.61 ^ clkbuf_0_clk/X (sky130_fd_sc_hd__clkbuf_16)
                                         clknet_0_clk (net)
                  0.03    0.00   10.61 ^ clkbuf_1_1__f_clk/A (sky130_fd_sc_hd__clkbuf_16)
    13    0.05    0.05    0.10   10.71 ^ clkbuf_1_1__f_clk/X (sky130_fd_sc_hd__clkbuf_16)
                                         clknet_1_1__leaf_clk (net)
                  0.05    0.00   10.72 ^ _255_/CLK (sky130_fd_sc_hd__dfrtp_1)
                         -0.30   10.42   clock uncertainty
                          0.00   10.42   clock reconvergence pessimism
                         -0.07   10.35   library setup time
                                 10.35   data required time
-----------------------------------------------------------------------------
                                 10.35   data required time
                                 -1.63   data arrival time
-----------------------------------------------------------------------------
                                  8.72   slack (MET)


Startpoint: _246_ (rising edge-triggered flip-flop clocked by clk)
Endpoint: _250_ (rising edge-triggered flip-flop clocked by clk)
Path Group: clk
Path Type: max
Corner: Fastest

Fanout     Cap    Slew   Delay    Time   Description
-----------------------------------------------------------------------------
                          0.00    0.00   clock clk (rise edge)
                          0.50    0.50   clock source latency
     1    0.02    0.04    0.03    0.53 ^ clk (in)
                                         clk (net)
                  0.04    0.00    0.53 ^ clkbuf_0_clk/A (sky130_fd_sc_hd__clkbuf_16)
     2    0.02    0.03    0.09    0.61 ^ clkbuf_0_clk/X (sky130_fd_sc_hd__clkbuf_16)
                                         clknet_0_clk (net)
                  0.03    0.00    0.61 ^ clkbuf_1_1__f_clk/A (sky130_fd_sc_hd__clkbuf_16)
    13    0.05    0.05    0.10    0.71 ^ clkbuf_1_1__f_clk/X (sky130_fd_sc_hd__clkbuf_16)
                                         clknet_1_1__leaf_clk (net)
                  0.05    0.00    0.71 ^ _246_/CLK (sky130_fd_sc_hd__dfrtp_1)
     3    0.01    0.05    0.25    0.96 v _246_/Q (sky130_fd_sc_hd__dfrtp_1)
                                         seq_timer[6] (net)
                  0.05    0.00    0.96 v _121_/A (sky130_fd_sc_hd__nor2_1)
     2    0.01    0.10    0.10    1.07 ^ _121_/Y (sky130_fd_sc_hd__nor2_1)
                                         _061_ (net)
                  0.10    0.00    1.07 ^ _134_/B (sky130_fd_sc_hd__nand3_1)
     2    0.01    0.05    0.06    1.13 v _134_/Y (sky130_fd_sc_hd__nand3_1)
                                         _074_ (net)
                  0.05    0.00    1.13 v _135_/C (sky130_fd_sc_hd__or3_1)
     1    0.01    0.05    0.19    1.32 v _135_/X (sky130_fd_sc_hd__or3_1)
                                         _075_ (net)
                  0.05    0.00    1.32 v _136_/A (sky130_fd_sc_hd__inv_2)
     3    0.01    0.04    0.05    1.37 ^ _136_/Y (sky130_fd_sc_hd__inv_2)
                                         _076_ (net)
                  0.04    0.00    1.37 ^ _197_/A2 (sky130_fd_sc_hd__o21ai_1)
     1    0.00    0.03    0.04    1.41 v _197_/Y (sky130_fd_sc_hd__o21ai_1)
                                         _116_ (net)
                  0.03    0.00    1.41 v _250_/D (sky130_fd_sc_hd__dfrtp_1)
                                  1.41   data arrival time

                         10.00   10.00   clock clk (rise edge)
                          0.50   10.50   clock source latency
     1    0.02    0.04    0.03   10.53 ^ clk (in)
                                         clk (net)
                  0.04    0.00   10.53 ^ clkbuf_0_clk/A (sky130_fd_sc_hd__clkbuf_16)
     2    0.02    0.03    0.09   10.61 ^ clkbuf_0_clk/X (sky130_fd_sc_hd__clkbuf_16)
                                         clknet_0_clk (net)
                  0.03    0.00   10.61 ^ clkbuf_1_0__f_clk/A (sky130_fd_sc_hd__clkbuf_16)
    16    0.05    0.05    0.10   10.71 ^ clkbuf_1_0__f_clk/X (sky130_fd_sc_hd__clkbuf_16)
                                         clknet_1_0__leaf_clk (net)
                  0.05    0.00   10.72 ^ _250_/CLK (sky130_fd_sc_hd__dfrtp_1)
                         -0.30   10.42   clock uncertainty
                          0.00   10.42   clock reconvergence pessimism
                         -0.07   10.34   library setup time
                                 10.34   data required time
-----------------------------------------------------------------------------
                                 10.34   data required time
                                 -1.41   data arrival time
-----------------------------------------------------------------------------
                                  8.94   slack (MET)


Startpoint: _257_ (rising edge-triggered flip-flop clocked by clk)
Endpoint: _256_ (rising edge-triggered flip-flop clocked by clk)
Path Group: clk
Path Type: max
Corner: Fastest

Fanout     Cap    Slew   Delay    Time   Description
-----------------------------------------------------------------------------
                          0.00    0.00   clock clk (rise edge)
                          0.50    0.50   clock source latency
     1    0.02    0.04    0.03    0.53 ^ clk (in)
                                         clk (net)
                  0.04    0.00    0.53 ^ clkbuf_0_clk/A (sky130_fd_sc_hd__clkbuf_16)
     2    0.02    0.03    0.09    0.61 ^ clkbuf_0_clk/X (sky130_fd_sc_hd__clkbuf_16)
                                         clknet_0_clk (net)
                  0.03    0.00    0.61 ^ clkbuf_1_0__f_clk/A (sky130_fd_sc_hd__clkbuf_16)
    16    0.05    0.05    0.10    0.71 ^ clkbuf_1_0__f_clk/X (sky130_fd_sc_hd__clkbuf_16)
                                         clknet_1_0__leaf_clk (net)
                  0.05    0.00    0.71 ^ _257_/CLK (sky130_fd_sc_hd__dfrtp_1)
     3    0.01    0.05    0.25    0.97 v _257_/Q (sky130_fd_sc_hd__dfrtp_1)
                                         curr_state[1] (net)
                  0.05    0.00    0.97 v _126_/A (sky130_fd_sc_hd__clkbuf_2)
     8    0.03    0.08    0.12    1.09 v _126_/X (sky130_fd_sc_hd__clkbuf_2)
                                         _066_ (net)
                  0.08    0.00    1.09 v _146_/B (sky130_fd_sc_hd__nor2_1)
     2    0.01    0.10    0.10    1.19 ^ _146_/Y (sky130_fd_sc_hd__nor2_1)
                                         _084_ (net)
                  0.10    0.00    1.19 ^ _148_/B (sky130_fd_sc_hd__nand3_1)
     1    0.00    0.04    0.05    1.24 v _148_/Y (sky130_fd_sc_hd__nand3_1)
                                         _086_ (net)
                  0.04    0.00    1.24 v _149_/B (sky130_fd_sc_hd__nand2_1)
     1    0.00    0.04    0.05    1.29 ^ _149_/Y (sky130_fd_sc_hd__nand2_1)
                                         _087_ (net)
                  0.04    0.00    1.29 ^ _151_/A (sky130_fd_sc_hd__nand2_1)
     1    0.00    0.02    0.03    1.32 v _151_/Y (sky130_fd_sc_hd__nand2_1)
                                         _089_ (net)
                  0.02    0.00    1.32 v _154_/A (sky130_fd_sc_hd__nand2_1)
     2    0.01    0.05    0.05    1.37 ^ _154_/Y (sky130_fd_sc_hd__nand2_1)
                                         _092_ (net)
                  0.05    0.00    1.37 ^ _156_/A (sky130_fd_sc_hd__nand2_1)
     2    0.01    0.04    0.05    1.41 v _156_/Y (sky130_fd_sc_hd__nand2_1)
                                         _094_ (net)
                  0.04    0.00    1.41 v _157_/A (sky130_fd_sc_hd__inv_2)
     1    0.00    0.02    0.03    1.44 ^ _157_/Y (sky130_fd_sc_hd__inv_2)
                                         next_state[0] (net)
                  0.02    0.00    1.44 ^ _256_/D (sky130_fd_sc_hd__dfrtp_4)
                                  1.44   data arrival time

                         10.00   10.00   clock clk (rise edge)
                          0.50   10.50   clock source latency
     1    0.02    0.04    0.03   10.53 ^ clk (in)
                                         clk (net)
                  0.04    0.00   10.53 ^ clkbuf_0_clk/A (sky130_fd_sc_hd__clkbuf_16)
     2    0.02    0.03    0.09   10.61 ^ clkbuf_0_clk/X (sky130_fd_sc_hd__clkbuf_16)
                                         clknet_0_clk (net)
                  0.03    0.00   10.61 ^ clkbuf_1_0__f_clk/A (sky130_fd_sc_hd__clkbuf_16)
    16    0.05    0.05    0.10   10.71 ^ clkbuf_1_0__f_clk/X (sky130_fd_sc_hd__clkbuf_16)
                                         clknet_1_0__leaf_clk (net)
                  0.05    0.00   10.72 ^ _256_/CLK (sky130_fd_sc_hd__dfrtp_4)
                         -0.30   10.42   clock uncertainty
                          0.00   10.42   clock reconvergence pessimism
                         -0.04   10.38   library setup time
                                 10.38   data required time
-----------------------------------------------------------------------------
                                 10.38   data required time
                                 -1.44   data arrival time
-----------------------------------------------------------------------------
                                  8.94   slack (MET)


Startpoint: _246_ (rising edge-triggered flip-flop clocked by clk)
Endpoint: _253_ (rising edge-triggered flip-flop clocked by clk)
Path Group: clk
Path Type: max
Corner: Fastest

Fanout     Cap    Slew   Delay    Time   Description
-----------------------------------------------------------------------------
                          0.00    0.00   clock clk (rise edge)
                          0.50    0.50   clock source latency
     1    0.02    0.04    0.03    0.53 ^ clk (in)
                                         clk (net)
                  0.04    0.00    0.53 ^ clkbuf_0_clk/A (sky130_fd_sc_hd__clkbuf_16)
     2    0.02    0.03    0.09    0.61 ^ clkbuf_0_clk/X (sky130_fd_sc_hd__clkbuf_16)
                                         clknet_0_clk (net)
                  0.03    0.00    0.61 ^ clkbuf_1_1__f_clk/A (sky130_fd_sc_hd__clkbuf_16)
    13    0.05    0.05    0.10    0.71 ^ clkbuf_1_1__f_clk/X (sky130_fd_sc_hd__clkbuf_16)
                                         clknet_1_1__leaf_clk (net)
                  0.05    0.00    0.71 ^ _246_/CLK (sky130_fd_sc_hd__dfrtp_1)
     3    0.01    0.05    0.25    0.96 v _246_/Q (sky130_fd_sc_hd__dfrtp_1)
                                         seq_timer[6] (net)
                  0.05    0.00    0.96 v _121_/A (sky130_fd_sc_hd__nor2_1)
     2    0.01    0.10    0.10    1.07 ^ _121_/Y (sky130_fd_sc_hd__nor2_1)
                                         _061_ (net)
                  0.10    0.00    1.07 ^ _134_/B (sky130_fd_sc_hd__nand3_1)
     2    0.01    0.05    0.06    1.13 v _134_/Y (sky130_fd_sc_hd__nand3_1)
                                         _074_ (net)
                  0.05    0.00    1.13 v _135_/C (sky130_fd_sc_hd__or3_1)
     1    0.01    0.05    0.19    1.32 v _135_/X (sky130_fd_sc_hd__or3_1)
                                         _075_ (net)
                  0.05    0.00    1.32 v _136_/A (sky130_fd_sc_hd__inv_2)
     3    0.01    0.04    0.05    1.37 ^ _136_/Y (sky130_fd_sc_hd__inv_2)
                                         _076_ (net)
                  0.04    0.00    1.37 ^ _196_/A1 (sky130_fd_sc_hd__a21o_1)
     1    0.00    0.02    0.06    1.43 ^ _196_/X (sky130_fd_sc_hd__a21o_1)
                                         _115_ (net)
                  0.02    0.00    1.43 ^ _253_/D (sky130_fd_sc_hd__dfrtp_1)
                                  1.43   data arrival time

                         10.00   10.00   clock clk (rise edge)
                          0.50   10.50   clock source latency
     1    0.02    0.04    0.03   10.53 ^ clk (in)
                                         clk (net)
                  0.04    0.00   10.53 ^ clkbuf_0_clk/A (sky130_fd_sc_hd__clkbuf_16)
     2    0.02    0.03    0.09   10.61 ^ clkbuf_0_clk/X (sky130_fd_sc_hd__clkbuf_16)
                                         clknet_0_clk (net)
                  0.03    0.00   10.61 ^ clkbuf_1_1__f_clk/A (sky130_fd_sc_hd__clkbuf_16)
    13    0.05    0.05    0.10   10.71 ^ clkbuf_1_1__f_clk/X (sky130_fd_sc_hd__clkbuf_16)
                                         clknet_1_1__leaf_clk (net)
                  0.05    0.00   10.71 ^ _253_/CLK (sky130_fd_sc_hd__dfrtp_1)
                         -0.30   10.41   clock uncertainty
                          0.00   10.41   clock reconvergence pessimism
                         -0.03   10.38   library setup time
                                 10.38   data required time
-----------------------------------------------------------------------------
                                 10.38   data required time
                                 -1.43   data arrival time
-----------------------------------------------------------------------------
                                  8.95   slack (MET)


Startpoint: _246_ (rising edge-triggered flip-flop clocked by clk)
Endpoint: _252_ (rising edge-triggered flip-flop clocked by clk)
Path Group: clk
Path Type: max
Corner: Fastest

Fanout     Cap    Slew   Delay    Time   Description
-----------------------------------------------------------------------------
                          0.00    0.00   clock clk (rise edge)
                          0.50    0.50   clock source latency
     1    0.02    0.04    0.03    0.53 ^ clk (in)
                                         clk (net)
                  0.04    0.00    0.53 ^ clkbuf_0_clk/A (sky130_fd_sc_hd__clkbuf_16)
     2    0.02    0.03    0.09    0.61 ^ clkbuf_0_clk/X (sky130_fd_sc_hd__clkbuf_16)
                                         clknet_0_clk (net)
                  0.03    0.00    0.61 ^ clkbuf_1_1__f_clk/A (sky130_fd_sc_hd__clkbuf_16)
    13    0.05    0.05    0.10    0.71 ^ clkbuf_1_1__f_clk/X (sky130_fd_sc_hd__clkbuf_16)
                                         clknet_1_1__leaf_clk (net)
                  0.05    0.00    0.71 ^ _246_/CLK (sky130_fd_sc_hd__dfrtp_1)
     3    0.01    0.05    0.25    0.96 v _246_/Q (sky130_fd_sc_hd__dfrtp_1)
                                         seq_timer[6] (net)
                  0.05    0.00    0.96 v _121_/A (sky130_fd_sc_hd__nor2_1)
     2    0.01    0.10    0.10    1.07 ^ _121_/Y (sky130_fd_sc_hd__nor2_1)
                                         _061_ (net)
                  0.10    0.00    1.07 ^ _134_/B (sky130_fd_sc_hd__nand3_1)
     2    0.01    0.05    0.06    1.13 v _134_/Y (sky130_fd_sc_hd__nand3_1)
                                         _074_ (net)
                  0.05    0.00    1.13 v _135_/C (sky130_fd_sc_hd__or3_1)
     1    0.01    0.05    0.19    1.32 v _135_/X (sky130_fd_sc_hd__or3_1)
                                         _075_ (net)
                  0.05    0.00    1.32 v _136_/A (sky130_fd_sc_hd__inv_2)
     3    0.01    0.04    0.05    1.37 ^ _136_/Y (sky130_fd_sc_hd__inv_2)
                                         _076_ (net)
                  0.04    0.00    1.37 ^ _137_/B (sky130_fd_sc_hd__nor2_1)
     1    0.00    0.02    0.02    1.40 v _137_/Y (sky130_fd_sc_hd__nor2_1)
                                         _114_ (net)
                  0.02    0.00    1.40 v _252_/D (sky130_fd_sc_hd__dfrtp_1)
                                  1.40   data arrival time

                         10.00   10.00   clock clk (rise edge)
                          0.50   10.50   clock source latency
     1    0.02    0.04    0.03   10.53 ^ clk (in)
                                         clk (net)
                  0.04    0.00   10.53 ^ clkbuf_0_clk/A (sky130_fd_sc_hd__clkbuf_16)
     2    0.02    0.03    0.09   10.61 ^ clkbuf_0_clk/X (sky130_fd_sc_hd__clkbuf_16)
                                         clknet_0_clk (net)
                  0.03    0.00   10.61 ^ clkbuf_1_0__f_clk/A (sky130_fd_sc_hd__clkbuf_16)
    16    0.05    0.05    0.10   10.71 ^ clkbuf_1_0__f_clk/X (sky130_fd_sc_hd__clkbuf_16)
                                         clknet_1_0__leaf_clk (net)
                  0.05    0.00   10.72 ^ _252_/CLK (sky130_fd_sc_hd__dfrtp_1)
                         -0.30   10.42   clock uncertainty
                          0.00   10.42   clock reconvergence pessimism
                         -0.07   10.35   library setup time
                                 10.35   data required time
-----------------------------------------------------------------------------
                                 10.35   data required time
                                 -1.40   data arrival time
-----------------------------------------------------------------------------
                                  8.95   slack (MET)


Startpoint: _246_ (rising edge-triggered flip-flop clocked by clk)
Endpoint: _251_ (rising edge-triggered flip-flop clocked by clk)
Path Group: clk
Path Type: max
Corner: Fastest

Fanout     Cap    Slew   Delay    Time   Description
-----------------------------------------------------------------------------
                          0.00    0.00   clock clk (rise edge)
                          0.50    0.50   clock source latency
     1    0.02    0.04    0.03    0.53 ^ clk (in)
                                         clk (net)
                  0.04    0.00    0.53 ^ clkbuf_0_clk/A (sky130_fd_sc_hd__clkbuf_16)
     2    0.02    0.03    0.09    0.61 ^ clkbuf_0_clk/X (sky130_fd_sc_hd__clkbuf_16)
                                         clknet_0_clk (net)
                  0.03    0.00    0.61 ^ clkbuf_1_1__f_clk/A (sky130_fd_sc_hd__clkbuf_16)
    13    0.05    0.05    0.10    0.71 ^ clkbuf_1_1__f_clk/X (sky130_fd_sc_hd__clkbuf_16)
                                         clknet_1_1__leaf_clk (net)
                  0.05    0.00    0.71 ^ _246_/CLK (sky130_fd_sc_hd__dfrtp_1)
     3    0.01    0.05    0.25    0.96 v _246_/Q (sky130_fd_sc_hd__dfrtp_1)
                                         seq_timer[6] (net)
                  0.05    0.00    0.96 v _121_/A (sky130_fd_sc_hd__nor2_1)
     2    0.01    0.10    0.10    1.07 ^ _121_/Y (sky130_fd_sc_hd__nor2_1)
                                         _061_ (net)
                  0.10    0.00    1.07 ^ _122_/B (sky130_fd_sc_hd__nand2_1)
     3    0.01    0.05    0.06    1.13 v _122_/Y (sky130_fd_sc_hd__nand2_1)
                                         _062_ (net)
                  0.05    0.00    1.13 v _123_/B (sky130_fd_sc_hd__nor2_1)
     3    0.01    0.16    0.14    1.27 ^ _123_/Y (sky130_fd_sc_hd__nor2_1)
                                         _063_ (net)
                  0.16    0.00    1.27 ^ _198_/C1 (sky130_fd_sc_hd__o211a_1)
     1    0.00    0.04    0.09    1.35 ^ _198_/X (sky130_fd_sc_hd__o211a_1)
                                         _003_ (net)
                  0.04    0.00    1.35 ^ _251_/D (sky130_fd_sc_hd__dfrtp_1)
                                  1.35   data arrival time

                         10.00   10.00   clock clk (rise edge)
                          0.50   10.50   clock source latency
     1    0.02    0.04    0.03   10.53 ^ clk (in)
                                         clk (net)
                  0.04    0.00   10.53 ^ clkbuf_0_clk/A (sky130_fd_sc_hd__clkbuf_16)
     2    0.02    0.03    0.09   10.61 ^ clkbuf_0_clk/X (sky130_fd_sc_hd__clkbuf_16)
                                         clknet_0_clk (net)
                  0.03    0.00   10.61 ^ clkbuf_1_0__f_clk/A (sky130_fd_sc_hd__clkbuf_16)
    16    0.05    0.05    0.10   10.71 ^ clkbuf_1_0__f_clk/X (sky130_fd_sc_hd__clkbuf_16)
                                         clknet_1_0__leaf_clk (net)
                  0.05    0.00   10.72 ^ _251_/CLK (sky130_fd_sc_hd__dfrtp_1)
                         -0.30   10.42   clock uncertainty
                          0.00   10.42   clock reconvergence pessimism
                         -0.03   10.38   library setup time
                                 10.38   data required time
-----------------------------------------------------------------------------
                                 10.38   data required time
                                 -1.35   data arrival time
-----------------------------------------------------------------------------
                                  9.03   slack (MET)


Startpoint: _257_ (rising edge-triggered flip-flop clocked by clk)
Endpoint: _239_ (rising edge-triggered flip-flop clocked by clk)
Path Group: clk
Path Type: max
Corner: Fastest

Fanout     Cap    Slew   Delay    Time   Description
-----------------------------------------------------------------------------
                          0.00    0.00   clock clk (rise edge)
                          0.50    0.50   clock source latency
     1    0.02    0.04    0.03    0.53 ^ clk (in)
                                         clk (net)
                  0.04    0.00    0.53 ^ clkbuf_0_clk/A (sky130_fd_sc_hd__clkbuf_16)
     2    0.02    0.03    0.09    0.61 ^ clkbuf_0_clk/X (sky130_fd_sc_hd__clkbuf_16)
                                         clknet_0_clk (net)
                  0.03    0.00    0.61 ^ clkbuf_1_0__f_clk/A (sky130_fd_sc_hd__clkbuf_16)
    16    0.05    0.05    0.10    0.71 ^ clkbuf_1_0__f_clk/X (sky130_fd_sc_hd__clkbuf_16)
                                         clknet_1_0__leaf_clk (net)
                  0.05    0.00    0.71 ^ _257_/CLK (sky130_fd_sc_hd__dfrtp_1)
     3    0.01    0.08    0.24    0.96 ^ _257_/Q (sky130_fd_sc_hd__dfrtp_1)
                                         curr_state[1] (net)
                  0.08    0.00    0.96 ^ _126_/A (sky130_fd_sc_hd__clkbuf_2)
     8    0.03    0.13    0.15    1.10 ^ _126_/X (sky130_fd_sc_hd__clkbuf_2)
                                         _066_ (net)
                  0.13    0.00    1.10 ^ _180_/B (sky130_fd_sc_hd__nand2_1)
     2    0.01    0.06    0.07    1.17 v _180_/Y (sky130_fd_sc_hd__nand2_1)
                                         _016_ (net)
                  0.06    0.00    1.17 v _189_/B (sky130_fd_sc_hd__nor2_1)
     2    0.01    0.13    0.12    1.30 ^ _189_/Y (sky130_fd_sc_hd__nor2_1)
                                         _022_ (net)
                  0.13    0.00    1.30 ^ _190_/A (sky130_fd_sc_hd__inv_2)
     1    0.00    0.03    0.01    1.31 v _190_/Y (sky130_fd_sc_hd__inv_2)
                                         _001_ (net)
                  0.03    0.00    1.31 v _239_/D (sky130_fd_sc_hd__dfstp_1)
                                  1.31   data arrival time

                         10.00   10.00   clock clk (rise edge)
                          0.50   10.50   clock source latency
     1    0.02    0.04    0.03   10.53 ^ clk (in)
                                         clk (net)
                  0.04    0.00   10.53 ^ clkbuf_0_clk/A (sky130_fd_sc_hd__clkbuf_16)
     2    0.02    0.03    0.09   10.61 ^ clkbuf_0_clk/X (sky130_fd_sc_hd__clkbuf_16)
                                         clknet_0_clk (net)
                  0.03    0.00   10.61 ^ clkbuf_1_1__f_clk/A (sky130_fd_sc_hd__clkbuf_16)
    13    0.05    0.05    0.10   10.71 ^ clkbuf_1_1__f_clk/X (sky130_fd_sc_hd__clkbuf_16)
                                         clknet_1_1__leaf_clk (net)
                  0.05    0.00   10.71 ^ _239_/CLK (sky130_fd_sc_hd__dfstp_1)
                         -0.30   10.41   clock uncertainty
                          0.00   10.41   clock reconvergence pessimism
                         -0.04   10.37   library setup time
                                 10.37   data required time
-----------------------------------------------------------------------------
                                 10.37   data required time
                                 -1.31   data arrival time
-----------------------------------------------------------------------------
                                  9.06   slack (MET)


Startpoint: _257_ (rising edge-triggered flip-flop clocked by clk)
Endpoint: _254_ (rising edge-triggered flip-flop clocked by clk)
Path Group: clk
Path Type: max
Corner: Fastest

Fanout     Cap    Slew   Delay    Time   Description
-----------------------------------------------------------------------------
                          0.00    0.00   clock clk (rise edge)
                          0.50    0.50   clock source latency
     1    0.02    0.04    0.03    0.53 ^ clk (in)
                                         clk (net)
                  0.04    0.00    0.53 ^ clkbuf_0_clk/A (sky130_fd_sc_hd__clkbuf_16)
     2    0.02    0.03    0.09    0.61 ^ clkbuf_0_clk/X (sky130_fd_sc_hd__clkbuf_16)
                                         clknet_0_clk (net)
                  0.03    0.00    0.61 ^ clkbuf_1_0__f_clk/A (sky130_fd_sc_hd__clkbuf_16)
    16    0.05    0.05    0.10    0.71 ^ clkbuf_1_0__f_clk/X (sky130_fd_sc_hd__clkbuf_16)
                                         clknet_1_0__leaf_clk (net)
                  0.05    0.00    0.71 ^ _257_/CLK (sky130_fd_sc_hd__dfrtp_1)
     3    0.01    0.05    0.25    0.97 v _257_/Q (sky130_fd_sc_hd__dfrtp_1)
                                         curr_state[1] (net)
                  0.05    0.00    0.97 v _126_/A (sky130_fd_sc_hd__clkbuf_2)
     8    0.03    0.08    0.12    1.09 v _126_/X (sky130_fd_sc_hd__clkbuf_2)
                                         _066_ (net)
                  0.08    0.00    1.09 v _191_/A2 (sky130_fd_sc_hd__a21oi_1)
     1    0.01    0.16    0.17    1.26 ^ _191_/Y (sky130_fd_sc_hd__a21oi_1)
                                         _112_ (net)
                  0.16    0.00    1.26 ^ _254_/D (sky130_fd_sc_hd__dfrtp_1)
                                  1.26   data arrival time

                         10.00   10.00   clock clk (rise edge)
                          0.50   10.50   clock source latency
     1    0.02    0.04    0.03   10.53 ^ clk (in)
                                         clk (net)
                  0.04    0.00   10.53 ^ clkbuf_0_clk/A (sky130_fd_sc_hd__clkbuf_16)
     2    0.02    0.03    0.09   10.61 ^ clkbuf_0_clk/X (sky130_fd_sc_hd__clkbuf_16)
                                         clknet_0_clk (net)
                  0.03    0.00   10.61 ^ clkbuf_1_1__f_clk/A (sky130_fd_sc_hd__clkbuf_16)
    13    0.05    0.05    0.10   10.71 ^ clkbuf_1_1__f_clk/X (sky130_fd_sc_hd__clkbuf_16)
                                         clknet_1_1__leaf_clk (net)
                  0.05    0.00   10.71 ^ _254_/CLK (sky130_fd_sc_hd__dfrtp_1)
                         -0.30   10.41   clock uncertainty
                          0.00   10.41   clock reconvergence pessimism
                         -0.04   10.37   library setup time
                                 10.37   data required time
-----------------------------------------------------------------------------
                                 10.37   data required time
                                 -1.26   data arrival time
-----------------------------------------------------------------------------
                                  9.11   slack (MET)


Startpoint: _257_ (rising edge-triggered flip-flop clocked by clk)
Endpoint: _248_ (rising edge-triggered flip-flop clocked by clk)
Path Group: clk
Path Type: max
Corner: Fastest

Fanout     Cap    Slew   Delay    Time   Description
-----------------------------------------------------------------------------
                          0.00    0.00   clock clk (rise edge)
                          0.50    0.50   clock source latency
     1    0.02    0.04    0.03    0.53 ^ clk (in)
                                         clk (net)
                  0.04    0.00    0.53 ^ clkbuf_0_clk/A (sky130_fd_sc_hd__clkbuf_16)
     2    0.02    0.03    0.09    0.61 ^ clkbuf_0_clk/X (sky130_fd_sc_hd__clkbuf_16)
                                         clknet_0_clk (net)
                  0.03    0.00    0.61 ^ clkbuf_1_0__f_clk/A (sky130_fd_sc_hd__clkbuf_16)
    16    0.05    0.05    0.10    0.71 ^ clkbuf_1_0__f_clk/X (sky130_fd_sc_hd__clkbuf_16)
                                         clknet_1_0__leaf_clk (net)
                  0.05    0.00    0.71 ^ _257_/CLK (sky130_fd_sc_hd__dfrtp_1)
     3    0.01    0.05    0.25    0.97 v _257_/Q (sky130_fd_sc_hd__dfrtp_1)
                                         curr_state[1] (net)
                  0.05    0.00    0.97 v _126_/A (sky130_fd_sc_hd__clkbuf_2)
     8    0.03    0.08    0.12    1.09 v _126_/X (sky130_fd_sc_hd__clkbuf_2)
                                         _066_ (net)
                  0.08    0.00    1.09 v _188_/A2 (sky130_fd_sc_hd__o21a_1)
     1    0.00    0.03    0.12    1.22 v _188_/X (sky130_fd_sc_hd__o21a_1)
                                         _000_ (net)
                  0.03    0.00    1.22 v _248_/D (sky130_fd_sc_hd__dfrtp_1)
                                  1.22   data arrival time

                         10.00   10.00   clock clk (rise edge)
                          0.50   10.50   clock source latency
     1    0.02    0.04    0.03   10.53 ^ clk (in)
                                         clk (net)
                  0.04    0.00   10.53 ^ clkbuf_0_clk/A (sky130_fd_sc_hd__clkbuf_16)
     2    0.02    0.03    0.09   10.61 ^ clkbuf_0_clk/X (sky130_fd_sc_hd__clkbuf_16)
                                         clknet_0_clk (net)
                  0.03    0.00   10.61 ^ clkbuf_1_0__f_clk/A (sky130_fd_sc_hd__clkbuf_16)
    16    0.05    0.05    0.10   10.71 ^ clkbuf_1_0__f_clk/X (sky130_fd_sc_hd__clkbuf_16)
                                         clknet_1_0__leaf_clk (net)
                  0.05    0.00   10.72 ^ _248_/CLK (sky130_fd_sc_hd__dfrtp_1)
                         -0.30   10.42   clock uncertainty
                          0.00   10.42   clock reconvergence pessimism
                         -0.07   10.35   library setup time
                                 10.35   data required time
-----------------------------------------------------------------------------
                                 10.35   data required time
                                 -1.22   data arrival time
-----------------------------------------------------------------------------
                                  9.13   slack (MET)


Startpoint: _258_ (rising edge-triggered flip-flop clocked by clk)
Endpoint: _249_ (rising edge-triggered flip-flop clocked by clk)
Path Group: clk
Path Type: max
Corner: Fastest

Fanout     Cap    Slew   Delay    Time   Description
-----------------------------------------------------------------------------
                          0.00    0.00   clock clk (rise edge)
                          0.50    0.50   clock source latency
     1    0.02    0.04    0.03    0.53 ^ clk (in)
                                         clk (net)
                  0.04    0.00    0.53 ^ clkbuf_0_clk/A (sky130_fd_sc_hd__clkbuf_16)
     2    0.02    0.03    0.09    0.61 ^ clkbuf_0_clk/X (sky130_fd_sc_hd__clkbuf_16)
                                         clknet_0_clk (net)
                  0.03    0.00    0.61 ^ clkbuf_1_0__f_clk/A (sky130_fd_sc_hd__clkbuf_16)
    16    0.05    0.05    0.10    0.71 ^ clkbuf_1_0__f_clk/X (sky130_fd_sc_hd__clkbuf_16)
                                         clknet_1_0__leaf_clk (net)
                  0.05    0.00    0.71 ^ _258_/CLK (sky130_fd_sc_hd__dfrtp_4)
     8    0.04    0.07    0.34    1.05 v _258_/Q (sky130_fd_sc_hd__dfrtp_4)
                                         curr_state[2] (net)
                  0.07    0.00    1.05 v _183_/A (sky130_fd_sc_hd__nor2_1)
     2    0.01    0.12    0.13    1.18 ^ _183_/Y (sky130_fd_sc_hd__nor2_1)
                                         _002_ (net)
                  0.12    0.00    1.18 ^ _249_/D (sky130_fd_sc_hd__dfrtp_1)
                                  1.18   data arrival time

                         10.00   10.00   clock clk (rise edge)
                          0.50   10.50   clock source latency
     1    0.02    0.04    0.03   10.53 ^ clk (in)
                                         clk (net)
                  0.04    0.00   10.53 ^ clkbuf_0_clk/A (sky130_fd_sc_hd__clkbuf_16)
     2    0.02    0.03    0.09   10.61 ^ clkbuf_0_clk/X (sky130_fd_sc_hd__clkbuf_16)
                                         clknet_0_clk (net)
                  0.03    0.00   10.61 ^ clkbuf_1_0__f_clk/A (sky130_fd_sc_hd__clkbuf_16)
    16    0.05    0.05    0.10   10.71 ^ clkbuf_1_0__f_clk/X (sky130_fd_sc_hd__clkbuf_16)
                                         clknet_1_0__leaf_clk (net)
                  0.05    0.00   10.72 ^ _249_/CLK (sky130_fd_sc_hd__dfrtp_1)
                         -0.30   10.42   clock uncertainty
                          0.00   10.42   clock reconvergence pessimism
                         -0.04   10.37   library setup time
                                 10.37   data required time
-----------------------------------------------------------------------------
                                 10.37   data required time
                                 -1.18   data arrival time
-----------------------------------------------------------------------------
                                  9.19   slack (MET)


Startpoint: _259_ (rising edge-triggered flip-flop clocked by clk)
Endpoint: _263_ (rising edge-triggered flip-flop clocked by clk)
Path Group: clk
Path Type: max
Corner: Fastest

Fanout     Cap    Slew   Delay    Time   Description
-----------------------------------------------------------------------------
                          0.00    0.00   clock clk (rise edge)
                          0.50    0.50   clock source latency
     1    0.02    0.04    0.03    0.53 ^ clk (in)
                                         clk (net)
                  0.04    0.00    0.53 ^ clkbuf_0_clk/A (sky130_fd_sc_hd__clkbuf_16)
     2    0.02    0.03    0.09    0.61 ^ clkbuf_0_clk/X (sky130_fd_sc_hd__clkbuf_16)
                                         clknet_0_clk (net)
                  0.03    0.00    0.61 ^ clkbuf_1_0__f_clk/A (sky130_fd_sc_hd__clkbuf_16)
    16    0.05    0.05    0.10    0.71 ^ clkbuf_1_0__f_clk/X (sky130_fd_sc_hd__clkbuf_16)
                                         clknet_1_0__leaf_clk (net)
                  0.05    0.00    0.71 ^ _259_/CLK (sky130_fd_sc_hd__dfrtp_1)
     1    0.00    0.03    0.23    0.95 v _259_/Q (sky130_fd_sc_hd__dfrtp_1)
                                         sync_stage1[0] (net)
                  0.03    0.00    0.95 v _263_/D (sky130_fd_sc_hd__dfrtp_1)
                                  0.95   data arrival time

                         10.00   10.00   clock clk (rise edge)
                          0.50   10.50   clock source latency
     1    0.02    0.04    0.03   10.53 ^ clk (in)
                                         clk (net)
                  0.04    0.00   10.53 ^ clkbuf_0_clk/A (sky130_fd_sc_hd__clkbuf_16)
     2    0.02    0.03    0.09   10.61 ^ clkbuf_0_clk/X (sky130_fd_sc_hd__clkbuf_16)
                                         clknet_0_clk (net)
                  0.03    0.00   10.61 ^ clkbuf_1_0__f_clk/A (sky130_fd_sc_hd__clkbuf_16)
    16    0.05    0.05    0.10   10.71 ^ clkbuf_1_0__f_clk/X (sky130_fd_sc_hd__clkbuf_16)
                                         clknet_1_0__leaf_clk (net)
                  0.05    0.00   10.71 ^ _263_/CLK (sky130_fd_sc_hd__dfrtp_1)
                         -0.30   10.41   clock uncertainty
                          0.00   10.41   clock reconvergence pessimism
                         -0.07   10.34   library setup time
                                 10.34   data required time
-----------------------------------------------------------------------------
                                 10.34   data required time
                                 -0.95   data arrival time
-----------------------------------------------------------------------------
                                  9.40   slack (MET)


Startpoint: _260_ (rising edge-triggered flip-flop clocked by clk)
Endpoint: _264_ (rising edge-triggered flip-flop clocked by clk)
Path Group: clk
Path Type: max
Corner: Fastest

Fanout     Cap    Slew   Delay    Time   Description
-----------------------------------------------------------------------------
                          0.00    0.00   clock clk (rise edge)
                          0.50    0.50   clock source latency
     1    0.02    0.04    0.03    0.53 ^ clk (in)
                                         clk (net)
                  0.04    0.00    0.53 ^ clkbuf_0_clk/A (sky130_fd_sc_hd__clkbuf_16)
     2    0.02    0.03    0.09    0.61 ^ clkbuf_0_clk/X (sky130_fd_sc_hd__clkbuf_16)
                                         clknet_0_clk (net)
                  0.03    0.00    0.61 ^ clkbuf_1_0__f_clk/A (sky130_fd_sc_hd__clkbuf_16)
    16    0.05    0.05    0.10    0.71 ^ clkbuf_1_0__f_clk/X (sky130_fd_sc_hd__clkbuf_16)
                                         clknet_1_0__leaf_clk (net)
                  0.05    0.00    0.72 ^ _260_/CLK (sky130_fd_sc_hd__dfrtp_1)
     1    0.00    0.03    0.23    0.94 v _260_/Q (sky130_fd_sc_hd__dfrtp_1)
                                         sync_stage1[1] (net)
                  0.03    0.00    0.94 v _264_/D (sky130_fd_sc_hd__dfrtp_1)
                                  0.94   data arrival time

                         10.00   10.00   clock clk (rise edge)
                          0.50   10.50   clock source latency
     1    0.02    0.04    0.03   10.53 ^ clk (in)
                                         clk (net)
                  0.04    0.00   10.53 ^ clkbuf_0_clk/A (sky130_fd_sc_hd__clkbuf_16)
     2    0.02    0.03    0.09   10.61 ^ clkbuf_0_clk/X (sky130_fd_sc_hd__clkbuf_16)
                                         clknet_0_clk (net)
                  0.03    0.00   10.61 ^ clkbuf_1_0__f_clk/A (sky130_fd_sc_hd__clkbuf_16)
    16    0.05    0.05    0.10   10.71 ^ clkbuf_1_0__f_clk/X (sky130_fd_sc_hd__clkbuf_16)
                                         clknet_1_0__leaf_clk (net)
                  0.05    0.00   10.71 ^ _264_/CLK (sky130_fd_sc_hd__dfrtp_1)
                         -0.30   10.41   clock uncertainty
                          0.00   10.41   clock reconvergence pessimism
                         -0.07   10.35   library setup time
                                 10.35   data required time
-----------------------------------------------------------------------------
                                 10.35   data required time
                                 -0.94   data arrival time
-----------------------------------------------------------------------------
                                  9.41   slack (MET)


Startpoint: _261_ (rising edge-triggered flip-flop clocked by clk)
Endpoint: _265_ (rising edge-triggered flip-flop clocked by clk)
Path Group: clk
Path Type: max
Corner: Fastest

Fanout     Cap    Slew   Delay    Time   Description
-----------------------------------------------------------------------------
                          0.00    0.00   clock clk (rise edge)
                          0.50    0.50   clock source latency
     1    0.02    0.04    0.03    0.53 ^ clk (in)
                                         clk (net)
                  0.04    0.00    0.53 ^ clkbuf_0_clk/A (sky130_fd_sc_hd__clkbuf_16)
     2    0.02    0.03    0.09    0.61 ^ clkbuf_0_clk/X (sky130_fd_sc_hd__clkbuf_16)
                                         clknet_0_clk (net)
                  0.03    0.00    0.61 ^ clkbuf_1_0__f_clk/A (sky130_fd_sc_hd__clkbuf_16)
    16    0.05    0.05    0.10    0.71 ^ clkbuf_1_0__f_clk/X (sky130_fd_sc_hd__clkbuf_16)
                                         clknet_1_0__leaf_clk (net)
                  0.05    0.00    0.72 ^ _261_/CLK (sky130_fd_sc_hd__dfrtp_1)
     1    0.00    0.03    0.22    0.94 v _261_/Q (sky130_fd_sc_hd__dfrtp_1)
                                         sync_stage1[2] (net)
                  0.03    0.00    0.94 v _265_/D (sky130_fd_sc_hd__dfrtp_1)
                                  0.94   data arrival time

                         10.00   10.00   clock clk (rise edge)
                          0.50   10.50   clock source latency
     1    0.02    0.04    0.03   10.53 ^ clk (in)
                                         clk (net)
                  0.04    0.00   10.53 ^ clkbuf_0_clk/A (sky130_fd_sc_hd__clkbuf_16)
     2    0.02    0.03    0.09   10.61 ^ clkbuf_0_clk/X (sky130_fd_sc_hd__clkbuf_16)
                                         clknet_0_clk (net)
                  0.03    0.00   10.61 ^ clkbuf_1_0__f_clk/A (sky130_fd_sc_hd__clkbuf_16)
    16    0.05    0.05    0.10   10.71 ^ clkbuf_1_0__f_clk/X (sky130_fd_sc_hd__clkbuf_16)
                                         clknet_1_0__leaf_clk (net)
                  0.05    0.00   10.72 ^ _265_/CLK (sky130_fd_sc_hd__dfrtp_1)
                         -0.30   10.42   clock uncertainty
                          0.00   10.42   clock reconvergence pessimism
                         -0.07   10.35   library setup time
                                 10.35   data required time
-----------------------------------------------------------------------------
                                 10.35   data required time
                                 -0.94   data arrival time
-----------------------------------------------------------------------------
                                  9.41   slack (MET)


Startpoint: _262_ (rising edge-triggered flip-flop clocked by clk)
Endpoint: _266_ (rising edge-triggered flip-flop clocked by clk)
Path Group: clk
Path Type: max
Corner: Fastest

Fanout     Cap    Slew   Delay    Time   Description
-----------------------------------------------------------------------------
                          0.00    0.00   clock clk (rise edge)
                          0.50    0.50   clock source latency
     1    0.02    0.04    0.03    0.53 ^ clk (in)
                                         clk (net)
                  0.04    0.00    0.53 ^ clkbuf_0_clk/A (sky130_fd_sc_hd__clkbuf_16)
     2    0.02    0.03    0.09    0.61 ^ clkbuf_0_clk/X (sky130_fd_sc_hd__clkbuf_16)
                                         clknet_0_clk (net)
                  0.03    0.00    0.61 ^ clkbuf_1_0__f_clk/A (sky130_fd_sc_hd__clkbuf_16)
    16    0.05    0.05    0.10    0.71 ^ clkbuf_1_0__f_clk/X (sky130_fd_sc_hd__clkbuf_16)
                                         clknet_1_0__leaf_clk (net)
                  0.05    0.00    0.72 ^ _262_/CLK (sky130_fd_sc_hd__dfrtp_1)
     1    0.00    0.03    0.22    0.94 v _262_/Q (sky130_fd_sc_hd__dfrtp_1)
                                         sync_stage1[3] (net)
                  0.03    0.00    0.94 v _266_/D (sky130_fd_sc_hd__dfrtp_1)
                                  0.94   data arrival time

                         10.00   10.00   clock clk (rise edge)
                          0.50   10.50   clock source latency
     1    0.02    0.04    0.03   10.53 ^ clk (in)
                                         clk (net)
                  0.04    0.00   10.53 ^ clkbuf_0_clk/A (sky130_fd_sc_hd__clkbuf_16)
     2    0.02    0.03    0.09   10.61 ^ clkbuf_0_clk/X (sky130_fd_sc_hd__clkbuf_16)
                                         clknet_0_clk (net)
                  0.03    0.00   10.61 ^ clkbuf_1_0__f_clk/A (sky130_fd_sc_hd__clkbuf_16)
    16    0.05    0.05    0.10   10.71 ^ clkbuf_1_0__f_clk/X (sky130_fd_sc_hd__clkbuf_16)
                                         clknet_1_0__leaf_clk (net)
                  0.05    0.00   10.72 ^ _266_/CLK (sky130_fd_sc_hd__dfrtp_1)
                         -0.30   10.42   clock uncertainty
                          0.00   10.42   clock reconvergence pessimism
                         -0.07   10.35   library setup time
                                 10.35   data required time
-----------------------------------------------------------------------------
                                 10.35   data required time
                                 -0.94   data arrival time
-----------------------------------------------------------------------------
                                  9.41   slack (MET)



worst slack corner Fastest: 4.1924
======================= Slowest Corner ===================================

Startpoint: retention_ready (input port clocked by clk)
Endpoint: error (output port clocked by clk)
Path Group: clk
Path Type: max
Corner: Slowest

Fanout     Cap    Slew   Delay    Time   Description
-----------------------------------------------------------------------------
                          0.00    0.00   clock clk (rise edge)
                          0.50    0.50   clock network delay (propagated)
                          3.00    3.50 v input external delay
     1    0.00    0.04    0.01    3.51 v retention_ready (in)
                                         retention_ready (net)
                  0.04    0.00    3.51 v input6/A (sky130_fd_sc_hd__buf_1)
     1    0.01    0.10    0.19    3.70 v input6/X (sky130_fd_sc_hd__buf_1)
                                         net6 (net)
                  0.10    0.00    3.70 v _164_/A (sky130_fd_sc_hd__inv_2)
     3    0.01    0.08    0.12    3.82 ^ _164_/Y (sky130_fd_sc_hd__inv_2)
                                         _101_ (net)
                  0.08    0.00    3.82 ^ _199_/B (sky130_fd_sc_hd__nand2_1)
     1    0.00    0.10    0.11    3.93 v _199_/Y (sky130_fd_sc_hd__nand2_1)
                                         _026_ (net)
                  0.10    0.00    3.93 v _200_/B1 (sky130_fd_sc_hd__a211oi_1)
     1    0.01    0.45    0.48    4.41 ^ _200_/Y (sky130_fd_sc_hd__a211oi_1)
                                         net10 (net)
                  0.45    0.00    4.41 ^ wire19/A (sky130_fd_sc_hd__clkbuf_1)
     1    0.01    0.13    0.31    4.73 ^ wire19/X (sky130_fd_sc_hd__clkbuf_1)
                                         net19 (net)
                  0.13    0.00    4.73 ^ output10/A (sky130_fd_sc_hd__clkbuf_2)
     1    0.02    0.19    0.30    5.03 ^ output10/X (sky130_fd_sc_hd__clkbuf_2)
                                         error (net)
                  0.19    0.00    5.03 ^ error (out)
                                  5.03   data arrival time

                         10.00   10.00   clock clk (rise edge)
                          0.50   10.50   clock network delay (propagated)
                         -0.30   10.20   clock uncertainty
                          0.00   10.20   clock reconvergence pessimism
                         -2.00    8.20   output external delay
                                  8.20   data required time
-----------------------------------------------------------------------------
                                  8.20   data required time
                                 -5.03   data arrival time
-----------------------------------------------------------------------------
                                  3.17   slack (MET)


Startpoint: _256_ (rising edge-triggered flip-flop clocked by clk)
Endpoint: seq_busy (output port clocked by clk)
Path Group: clk
Path Type: max
Corner: Slowest

Fanout     Cap    Slew   Delay    Time   Description
-----------------------------------------------------------------------------
                          0.00    0.00   clock clk (rise edge)
                          0.50    0.50   clock source latency
     1    0.02    0.09    0.06    0.56 ^ clk (in)
                                         clk (net)
                  0.09    0.00    0.56 ^ clkbuf_0_clk/A (sky130_fd_sc_hd__clkbuf_16)
     2    0.02    0.07    0.23    0.79 ^ clkbuf_0_clk/X (sky130_fd_sc_hd__clkbuf_16)
                                         clknet_0_clk (net)
                  0.07    0.00    0.79 ^ clkbuf_1_0__f_clk/A (sky130_fd_sc_hd__clkbuf_16)
    16    0.04    0.10    0.25    1.05 ^ clkbuf_1_0__f_clk/X (sky130_fd_sc_hd__clkbuf_16)
                                         clknet_1_0__leaf_clk (net)
                  0.10    0.00    1.05 ^ _256_/CLK (sky130_fd_sc_hd__dfrtp_4)
     8    0.03    0.17    1.09    2.14 v _256_/Q (sky130_fd_sc_hd__dfrtp_4)
                                         curr_state[0] (net)
                  0.17    0.00    2.14 v _138_/A (sky130_fd_sc_hd__nand2_1)
     3    0.01    0.21    0.24    2.38 ^ _138_/Y (sky130_fd_sc_hd__nand2_1)
                                         _077_ (net)
                  0.21    0.00    2.38 ^ _139_/A (sky130_fd_sc_hd__inv_2)
     2    0.01    0.06    0.12    2.50 v _139_/Y (sky130_fd_sc_hd__inv_2)
                                         _078_ (net)
                  0.06    0.00    2.50 v _140_/B (sky130_fd_sc_hd__nor2_1)
     1    0.00    0.15    0.16    2.66 ^ _140_/Y (sky130_fd_sc_hd__nor2_1)
                                         net18 (net)
                  0.15    0.00    2.66 ^ wire20/A (sky130_fd_sc_hd__buf_1)
     4    0.02    0.31    0.36    3.01 ^ wire20/X (sky130_fd_sc_hd__buf_1)
                                         net20 (net)
                  0.31    0.00    3.01 ^ output18/A (sky130_fd_sc_hd__clkbuf_2)
     1    0.02    0.19    0.38    3.40 ^ output18/X (sky130_fd_sc_hd__clkbuf_2)
                                         seq_busy (net)
                  0.19    0.00    3.40 ^ seq_busy (out)
                                  3.40   data arrival time

                         10.00   10.00   clock clk (rise edge)
                          0.50   10.50   clock network delay (propagated)
                         -0.30   10.20   clock uncertainty
                          0.00   10.20   clock reconvergence pessimism
                         -2.00    8.20   output external delay
                                  8.20   data required time
-----------------------------------------------------------------------------
                                  8.20   data required time
                                 -3.40   data arrival time
-----------------------------------------------------------------------------
                                  4.80   slack (MET)


Startpoint: pwr_stable (input port clocked by clk)
Endpoint: _257_ (rising edge-triggered flip-flop clocked by clk)
Path Group: clk
Path Type: max
Corner: Slowest

Fanout     Cap    Slew   Delay    Time   Description
-----------------------------------------------------------------------------
                          0.00    0.00   clock clk (rise edge)
                          0.50    0.50   clock network delay (propagated)
                          3.00    3.50 ^ input external delay
     1    0.00    0.04    0.01    3.51 ^ pwr_stable (in)
                                         pwr_stable (net)
                  0.04    0.00    3.51 ^ input2/A (sky130_fd_sc_hd__clkbuf_1)
     1    0.01    0.12    0.17    3.68 ^ input2/X (sky130_fd_sc_hd__clkbuf_1)
                                         net2 (net)
                  0.12    0.00    3.68 ^ _158_/A (sky130_fd_sc_hd__nand2_1)
     2    0.01    0.13    0.16    3.84 v _158_/Y (sky130_fd_sc_hd__nand2_1)
                                         _095_ (net)
                  0.13    0.00    3.84 v _159_/B1_N (sky130_fd_sc_hd__o21bai_1)
     1    0.00    0.10    0.34    4.18 v _159_/Y (sky130_fd_sc_hd__o21bai_1)
                                         _096_ (net)
                  0.10    0.00    4.18 v _160_/A (sky130_fd_sc_hd__nand2_1)
     1    0.00    0.07    0.11    4.29 ^ _160_/Y (sky130_fd_sc_hd__nand2_1)
                                         _097_ (net)
                  0.07    0.00    4.29 ^ _166_/A (sky130_fd_sc_hd__nand2_1)
     2    0.01    0.11    0.12    4.41 v _166_/Y (sky130_fd_sc_hd__nand2_1)
                                         _103_ (net)
                  0.11    0.00    4.41 v _174_/A (sky130_fd_sc_hd__or3_1)
     1    0.00    0.14    0.85    5.26 v _174_/X (sky130_fd_sc_hd__or3_1)
                                         _111_ (net)
                  0.14    0.00    5.26 v _175_/A (sky130_fd_sc_hd__clkbuf_1)
     1    0.00    0.06    0.20    5.45 v _175_/X (sky130_fd_sc_hd__clkbuf_1)
                                         next_state[1] (net)
                  0.06    0.00    5.45 v _257_/D (sky130_fd_sc_hd__dfrtp_1)
                                  5.45   data arrival time

                         10.00   10.00   clock clk (rise edge)
                          0.50   10.50   clock source latency
     1    0.02    0.09    0.06   10.56 ^ clk (in)
                                         clk (net)
                  0.09    0.00   10.56 ^ clkbuf_0_clk/A (sky130_fd_sc_hd__clkbuf_16)
     2    0.02    0.07    0.23   10.79 ^ clkbuf_0_clk/X (sky130_fd_sc_hd__clkbuf_16)
                                         clknet_0_clk (net)
                  0.07    0.00   10.79 ^ clkbuf_1_0__f_clk/A (sky130_fd_sc_hd__clkbuf_16)
    16    0.04    0.10    0.25   11.05 ^ clkbuf_1_0__f_clk/X (sky130_fd_sc_hd__clkbuf_16)
                                         clknet_1_0__leaf_clk (net)
                  0.10    0.00   11.05 ^ _257_/CLK (sky130_fd_sc_hd__dfrtp_1)
                         -0.30   10.75   clock uncertainty
                          0.00   10.75   clock reconvergence pessimism
                         -0.26   10.48   library setup time
                                 10.48   data required time
-----------------------------------------------------------------------------
                                 10.48   data required time
                                 -5.45   data arrival time
-----------------------------------------------------------------------------
                                  5.03   slack (MET)


Startpoint: pwr_stable (input port clocked by clk)
Endpoint: _243_ (rising edge-triggered flip-flop clocked by clk)
Path Group: clk
Path Type: max
Corner: Slowest

Fanout     Cap    Slew   Delay    Time   Description
-----------------------------------------------------------------------------
                          0.00    0.00   clock clk (rise edge)
                          0.50    0.50   clock network delay (propagated)
                          3.00    3.50 ^ input external delay
     1    0.00    0.04    0.01    3.51 ^ pwr_stable (in)
                                         pwr_stable (net)
                  0.04    0.00    3.51 ^ input2/A (sky130_fd_sc_hd__clkbuf_1)
     1    0.01    0.12    0.17    3.68 ^ input2/X (sky130_fd_sc_hd__clkbuf_1)
                                         net2 (net)
                  0.12    0.00    3.68 ^ _158_/A (sky130_fd_sc_hd__nand2_1)
     2    0.01    0.13    0.16    3.84 v _158_/Y (sky130_fd_sc_hd__nand2_1)
                                         _095_ (net)
                  0.13    0.00    3.84 v _159_/B1_N (sky130_fd_sc_hd__o21bai_1)
     1    0.00    0.10    0.34    4.18 v _159_/Y (sky130_fd_sc_hd__o21bai_1)
                                         _096_ (net)
                  0.10    0.00    4.18 v _160_/A (sky130_fd_sc_hd__nand2_1)
     1    0.00    0.07    0.11    4.29 ^ _160_/Y (sky130_fd_sc_hd__nand2_1)
                                         _097_ (net)
                  0.07    0.00    4.29 ^ _166_/A (sky130_fd_sc_hd__nand2_1)
     2    0.01    0.11    0.12    4.41 v _166_/Y (sky130_fd_sc_hd__nand2_1)
                                         _103_ (net)
                  0.11    0.00    4.41 v _178_/B (sky130_fd_sc_hd__nor2_1)
     2    0.01    0.22    0.22    4.63 ^ _178_/Y (sky130_fd_sc_hd__nor2_1)
                                         _014_ (net)
                  0.22    0.00    4.63 ^ _204_/A (sky130_fd_sc_hd__nand3_1)
     1    0.01    0.28    0.31    4.94 v _204_/Y (sky130_fd_sc_hd__nand3_1)
                                         _030_ (net)
                  0.28    0.00    4.94 v _209_/A (sky130_fd_sc_hd__nand3_4)
     8    0.03    0.20    0.26    5.21 ^ _209_/Y (sky130_fd_sc_hd__nand3_4)
                                         _035_ (net)
                  0.20    0.00    5.21 ^ _223_/B (sky130_fd_sc_hd__nor2_1)
     1    0.00    0.06    0.13    5.34 v _223_/Y (sky130_fd_sc_hd__nor2_1)
                                         _007_ (net)
                  0.06    0.00    5.34 v _243_/D (sky130_fd_sc_hd__dfrtp_1)
                                  5.34   data arrival time

                         10.00   10.00   clock clk (rise edge)
                          0.50   10.50   clock source latency
     1    0.02    0.09    0.06   10.56 ^ clk (in)
                                         clk (net)
                  0.09    0.00   10.56 ^ clkbuf_0_clk/A (sky130_fd_sc_hd__clkbuf_16)
     2    0.02    0.07    0.23   10.79 ^ clkbuf_0_clk/X (sky130_fd_sc_hd__clkbuf_16)
                                         clknet_0_clk (net)
                  0.07    0.00   10.79 ^ clkbuf_1_1__f_clk/A (sky130_fd_sc_hd__clkbuf_16)
    13    0.04    0.10    0.25   11.05 ^ clkbuf_1_1__f_clk/X (sky130_fd_sc_hd__clkbuf_16)
                                         clknet_1_1__leaf_clk (net)
                  0.10    0.00   11.05 ^ _243_/CLK (sky130_fd_sc_hd__dfrtp_1)
                         -0.30   10.75   clock uncertainty
                          0.00   10.75   clock reconvergence pessimism
                         -0.27   10.48   library setup time
                                 10.48   data required time
-----------------------------------------------------------------------------
                                 10.48   data required time
                                 -5.34   data arrival time
-----------------------------------------------------------------------------
                                  5.14   slack (MET)


Startpoint: pwr_stable (input port clocked by clk)
Endpoint: _247_ (rising edge-triggered flip-flop clocked by clk)
Path Group: clk
Path Type: max
Corner: Slowest

Fanout     Cap    Slew   Delay    Time   Description
-----------------------------------------------------------------------------
                          0.00    0.00   clock clk (rise edge)
                          0.50    0.50   clock network delay (propagated)
                          3.00    3.50 ^ input external delay
     1    0.00    0.04    0.01    3.51 ^ pwr_stable (in)
                                         pwr_stable (net)
                  0.04    0.00    3.51 ^ input2/A (sky130_fd_sc_hd__clkbuf_1)
     1    0.01    0.12    0.17    3.68 ^ input2/X (sky130_fd_sc_hd__clkbuf_1)
                                         net2 (net)
                  0.12    0.00    3.68 ^ _158_/A (sky130_fd_sc_hd__nand2_1)
     2    0.01    0.13    0.16    3.84 v _158_/Y (sky130_fd_sc_hd__nand2_1)
                                         _095_ (net)
                  0.13    0.00    3.84 v _159_/B1_N (sky130_fd_sc_hd__o21bai_1)
     1    0.00    0.10    0.34    4.18 v _159_/Y (sky130_fd_sc_hd__o21bai_1)
                                         _096_ (net)
                  0.10    0.00    4.18 v _160_/A (sky130_fd_sc_hd__nand2_1)
     1    0.00    0.07    0.11    4.29 ^ _160_/Y (sky130_fd_sc_hd__nand2_1)
                                         _097_ (net)
                  0.07    0.00    4.29 ^ _166_/A (sky130_fd_sc_hd__nand2_1)
     2    0.01    0.11    0.12    4.41 v _166_/Y (sky130_fd_sc_hd__nand2_1)
                                         _103_ (net)
                  0.11    0.00    4.41 v _178_/B (sky130_fd_sc_hd__nor2_1)
     2    0.01    0.22    0.22    4.63 ^ _178_/Y (sky130_fd_sc_hd__nor2_1)
                                         _014_ (net)
                  0.22    0.00    4.63 ^ _204_/A (sky130_fd_sc_hd__nand3_1)
     1    0.01    0.28    0.31    4.94 v _204_/Y (sky130_fd_sc_hd__nand3_1)
                                         _030_ (net)
                  0.28    0.00    4.94 v _209_/A (sky130_fd_sc_hd__nand3_4)
     8    0.03    0.20    0.26    5.21 ^ _209_/Y (sky130_fd_sc_hd__nand3_4)
                                         _035_ (net)
                  0.20    0.00    5.21 ^ _238_/B (sky130_fd_sc_hd__nor2_1)
     1    0.00    0.06    0.12    5.33 v _238_/Y (sky130_fd_sc_hd__nor2_1)
                                         _011_ (net)
                  0.06    0.00    5.33 v _247_/D (sky130_fd_sc_hd__dfrtp_1)
                                  5.33   data arrival time

                         10.00   10.00   clock clk (rise edge)
                          0.50   10.50   clock source latency
     1    0.02    0.09    0.06   10.56 ^ clk (in)
                                         clk (net)
                  0.09    0.00   10.56 ^ clkbuf_0_clk/A (sky130_fd_sc_hd__clkbuf_16)
     2    0.02    0.07    0.23   10.79 ^ clkbuf_0_clk/X (sky130_fd_sc_hd__clkbuf_16)
                                         clknet_0_clk (net)
                  0.07    0.00   10.79 ^ clkbuf_1_1__f_clk/A (sky130_fd_sc_hd__clkbuf_16)
    13    0.04    0.10    0.25   11.05 ^ clkbuf_1_1__f_clk/X (sky130_fd_sc_hd__clkbuf_16)
                                         clknet_1_1__leaf_clk (net)
                  0.10    0.00   11.05 ^ _247_/CLK (sky130_fd_sc_hd__dfrtp_1)
                         -0.30   10.75   clock uncertainty
                          0.00   10.75   clock reconvergence pessimism
                         -0.27   10.48   library setup time
                                 10.48   data required time
-----------------------------------------------------------------------------
                                 10.48   data required time
                                 -5.33   data arrival time
-----------------------------------------------------------------------------
                                  5.16   slack (MET)


Startpoint: pwr_stable (input port clocked by clk)
Endpoint: _242_ (rising edge-triggered flip-flop clocked by clk)
Path Group: clk
Path Type: max
Corner: Slowest

Fanout     Cap    Slew   Delay    Time   Description
-----------------------------------------------------------------------------
                          0.00    0.00   clock clk (rise edge)
                          0.50    0.50   clock network delay (propagated)
                          3.00    3.50 ^ input external delay
     1    0.00    0.04    0.01    3.51 ^ pwr_stable (in)
                                         pwr_stable (net)
                  0.04    0.00    3.51 ^ input2/A (sky130_fd_sc_hd__clkbuf_1)
     1    0.01    0.12    0.17    3.68 ^ input2/X (sky130_fd_sc_hd__clkbuf_1)
                                         net2 (net)
                  0.12    0.00    3.68 ^ _158_/A (sky130_fd_sc_hd__nand2_1)
     2    0.01    0.13    0.16    3.84 v _158_/Y (sky130_fd_sc_hd__nand2_1)
                                         _095_ (net)
                  0.13    0.00    3.84 v _159_/B1_N (sky130_fd_sc_hd__o21bai_1)
     1    0.00    0.10    0.34    4.18 v _159_/Y (sky130_fd_sc_hd__o21bai_1)
                                         _096_ (net)
                  0.10    0.00    4.18 v _160_/A (sky130_fd_sc_hd__nand2_1)
     1    0.00    0.07    0.11    4.29 ^ _160_/Y (sky130_fd_sc_hd__nand2_1)
                                         _097_ (net)
                  0.07    0.00    4.29 ^ _166_/A (sky130_fd_sc_hd__nand2_1)
     2    0.01    0.11    0.12    4.41 v _166_/Y (sky130_fd_sc_hd__nand2_1)
                                         _103_ (net)
                  0.11    0.00    4.41 v _178_/B (sky130_fd_sc_hd__nor2_1)
     2    0.01    0.22    0.22    4.63 ^ _178_/Y (sky130_fd_sc_hd__nor2_1)
                                         _014_ (net)
                  0.22    0.00    4.63 ^ _204_/A (sky130_fd_sc_hd__nand3_1)
     1    0.01    0.28    0.31    4.94 v _204_/Y (sky130_fd_sc_hd__nand3_1)
                                         _030_ (net)
                  0.28    0.00    4.94 v _209_/A (sky130_fd_sc_hd__nand3_4)
     8    0.03    0.20    0.26    5.21 ^ _209_/Y (sky130_fd_sc_hd__nand3_4)
                                         _035_ (net)
                  0.20    0.00    5.21 ^ _219_/B (sky130_fd_sc_hd__nor2_1)
     1    0.00    0.06    0.12    5.33 v _219_/Y (sky130_fd_sc_hd__nor2_1)
                                         _006_ (net)
                  0.06    0.00    5.33 v _242_/D (sky130_fd_sc_hd__dfrtp_1)
                                  5.33   data arrival time

                         10.00   10.00   clock clk (rise edge)
                          0.50   10.50   clock source latency
     1    0.02    0.09    0.06   10.56 ^ clk (in)
                                         clk (net)
                  0.09    0.00   10.56 ^ clkbuf_0_clk/A (sky130_fd_sc_hd__clkbuf_16)
     2    0.02    0.07    0.23   10.79 ^ clkbuf_0_clk/X (sky130_fd_sc_hd__clkbuf_16)
                                         clknet_0_clk (net)
                  0.07    0.00   10.79 ^ clkbuf_1_1__f_clk/A (sky130_fd_sc_hd__clkbuf_16)
    13    0.04    0.10    0.25   11.05 ^ clkbuf_1_1__f_clk/X (sky130_fd_sc_hd__clkbuf_16)
                                         clknet_1_1__leaf_clk (net)
                  0.10    0.00   11.05 ^ _242_/CLK (sky130_fd_sc_hd__dfrtp_1)
                         -0.30   10.75   clock uncertainty
                          0.00   10.75   clock reconvergence pessimism
                         -0.26   10.48   library setup time
                                 10.48   data required time
-----------------------------------------------------------------------------
                                 10.48   data required time
                                 -5.33   data arrival time
-----------------------------------------------------------------------------
                                  5.16   slack (MET)


Startpoint: pwr_stable (input port clocked by clk)
Endpoint: _240_ (rising edge-triggered flip-flop clocked by clk)
Path Group: clk
Path Type: max
Corner: Slowest

Fanout     Cap    Slew   Delay    Time   Description
-----------------------------------------------------------------------------
                          0.00    0.00   clock clk (rise edge)
                          0.50    0.50   clock network delay (propagated)
                          3.00    3.50 ^ input external delay
     1    0.00    0.04    0.01    3.51 ^ pwr_stable (in)
                                         pwr_stable (net)
                  0.04    0.00    3.51 ^ input2/A (sky130_fd_sc_hd__clkbuf_1)
     1    0.01    0.12    0.17    3.68 ^ input2/X (sky130_fd_sc_hd__clkbuf_1)
                                         net2 (net)
                  0.12    0.00    3.68 ^ _158_/A (sky130_fd_sc_hd__nand2_1)
     2    0.01    0.13    0.16    3.84 v _158_/Y (sky130_fd_sc_hd__nand2_1)
                                         _095_ (net)
                  0.13    0.00    3.84 v _159_/B1_N (sky130_fd_sc_hd__o21bai_1)
     1    0.00    0.10    0.34    4.18 v _159_/Y (sky130_fd_sc_hd__o21bai_1)
                                         _096_ (net)
                  0.10    0.00    4.18 v _160_/A (sky130_fd_sc_hd__nand2_1)
     1    0.00    0.07    0.11    4.29 ^ _160_/Y (sky130_fd_sc_hd__nand2_1)
                                         _097_ (net)
                  0.07    0.00    4.29 ^ _166_/A (sky130_fd_sc_hd__nand2_1)
     2    0.01    0.11    0.12    4.41 v _166_/Y (sky130_fd_sc_hd__nand2_1)
                                         _103_ (net)
                  0.11    0.00    4.41 v _178_/B (sky130_fd_sc_hd__nor2_1)
     2    0.01    0.22    0.22    4.63 ^ _178_/Y (sky130_fd_sc_hd__nor2_1)
                                         _014_ (net)
                  0.22    0.00    4.63 ^ _204_/A (sky130_fd_sc_hd__nand3_1)
     1    0.01    0.28    0.31    4.94 v _204_/Y (sky130_fd_sc_hd__nand3_1)
                                         _030_ (net)
                  0.28    0.00    4.94 v _209_/A (sky130_fd_sc_hd__nand3_4)
     8    0.03    0.20    0.26    5.21 ^ _209_/Y (sky130_fd_sc_hd__nand3_4)
                                         _035_ (net)
                  0.20    0.00    5.21 ^ _210_/B (sky130_fd_sc_hd__nor2_1)
     1    0.00    0.06    0.11    5.32 v _210_/Y (sky130_fd_sc_hd__nor2_1)
                                         _004_ (net)
                  0.06    0.00    5.32 v _240_/D (sky130_fd_sc_hd__dfrtp_1)
                                  5.32   data arrival time

                         10.00   10.00   clock clk (rise edge)
                          0.50   10.50   clock source latency
     1    0.02    0.09    0.06   10.56 ^ clk (in)
                                         clk (net)
                  0.09    0.00   10.56 ^ clkbuf_0_clk/A (sky130_fd_sc_hd__clkbuf_16)
     2    0.02    0.07    0.23   10.79 ^ clkbuf_0_clk/X (sky130_fd_sc_hd__clkbuf_16)
                                         clknet_0_clk (net)
                  0.07    0.00   10.79 ^ clkbuf_1_1__f_clk/A (sky130_fd_sc_hd__clkbuf_16)
    13    0.04    0.10    0.25   11.05 ^ clkbuf_1_1__f_clk/X (sky130_fd_sc_hd__clkbuf_16)
                                         clknet_1_1__leaf_clk (net)
                  0.10    0.00   11.05 ^ _240_/CLK (sky130_fd_sc_hd__dfrtp_1)
                         -0.30   10.75   clock uncertainty
                          0.00   10.75   clock reconvergence pessimism
                         -0.26   10.48   library setup time
                                 10.48   data required time
-----------------------------------------------------------------------------
                                 10.48   data required time
                                 -5.32   data arrival time
-----------------------------------------------------------------------------
                                  5.16   slack (MET)


Startpoint: pwr_stable (input port clocked by clk)
Endpoint: _244_ (rising edge-triggered flip-flop clocked by clk)
Path Group: clk
Path Type: max
Corner: Slowest

Fanout     Cap    Slew   Delay    Time   Description
-----------------------------------------------------------------------------
                          0.00    0.00   clock clk (rise edge)
                          0.50    0.50   clock network delay (propagated)
                          3.00    3.50 ^ input external delay
     1    0.00    0.04    0.01    3.51 ^ pwr_stable (in)
                                         pwr_stable (net)
                  0.04    0.00    3.51 ^ input2/A (sky130_fd_sc_hd__clkbuf_1)
     1    0.01    0.12    0.17    3.68 ^ input2/X (sky130_fd_sc_hd__clkbuf_1)
                                         net2 (net)
                  0.12    0.00    3.68 ^ _158_/A (sky130_fd_sc_hd__nand2_1)
     2    0.01    0.13    0.16    3.84 v _158_/Y (sky130_fd_sc_hd__nand2_1)
                                         _095_ (net)
                  0.13    0.00    3.84 v _159_/B1_N (sky130_fd_sc_hd__o21bai_1)
     1    0.00    0.10    0.34    4.18 v _159_/Y (sky130_fd_sc_hd__o21bai_1)
                                         _096_ (net)
                  0.10    0.00    4.18 v _160_/A (sky130_fd_sc_hd__nand2_1)
     1    0.00    0.07    0.11    4.29 ^ _160_/Y (sky130_fd_sc_hd__nand2_1)
                                         _097_ (net)
                  0.07    0.00    4.29 ^ _166_/A (sky130_fd_sc_hd__nand2_1)
     2    0.01    0.11    0.12    4.41 v _166_/Y (sky130_fd_sc_hd__nand2_1)
                                         _103_ (net)
                  0.11    0.00    4.41 v _178_/B (sky130_fd_sc_hd__nor2_1)
     2    0.01    0.22    0.22    4.63 ^ _178_/Y (sky130_fd_sc_hd__nor2_1)
                                         _014_ (net)
                  0.22    0.00    4.63 ^ _204_/A (sky130_fd_sc_hd__nand3_1)
     1    0.01    0.28    0.31    4.94 v _204_/Y (sky130_fd_sc_hd__nand3_1)
                                         _030_ (net)
                  0.28    0.00    4.94 v _209_/A (sky130_fd_sc_hd__nand3_4)
     8    0.03    0.20    0.26    5.21 ^ _209_/Y (sky130_fd_sc_hd__nand3_4)
                                         _035_ (net)
                  0.20    0.00    5.21 ^ _227_/B (sky130_fd_sc_hd__nor2_1)
     1    0.00    0.06    0.11    5.32 v _227_/Y (sky130_fd_sc_hd__nor2_1)
                                         _008_ (net)
                  0.06    0.00    5.32 v _244_/D (sky130_fd_sc_hd__dfrtp_1)
                                  5.32   data arrival time

                         10.00   10.00   clock clk (rise edge)
                          0.50   10.50   clock source latency
     1    0.02    0.09    0.06   10.56 ^ clk (in)
                                         clk (net)
                  0.09    0.00   10.56 ^ clkbuf_0_clk/A (sky130_fd_sc_hd__clkbuf_16)
     2    0.02    0.07    0.23   10.79 ^ clkbuf_0_clk/X (sky130_fd_sc_hd__clkbuf_16)
                                         clknet_0_clk (net)
                  0.07    0.00   10.79 ^ clkbuf_1_1__f_clk/A (sky130_fd_sc_hd__clkbuf_16)
    13    0.04    0.10    0.25   11.05 ^ clkbuf_1_1__f_clk/X (sky130_fd_sc_hd__clkbuf_16)
                                         clknet_1_1__leaf_clk (net)
                  0.10    0.00   11.05 ^ _244_/CLK (sky130_fd_sc_hd__dfrtp_1)
                         -0.30   10.75   clock uncertainty
                          0.00   10.75   clock reconvergence pessimism
                         -0.26   10.48   library setup time
                                 10.48   data required time
-----------------------------------------------------------------------------
                                 10.48   data required time
                                 -5.32   data arrival time
-----------------------------------------------------------------------------
                                  5.16   slack (MET)


Startpoint: pwr_stable (input port clocked by clk)
Endpoint: _245_ (rising edge-triggered flip-flop clocked by clk)
Path Group: clk
Path Type: max
Corner: Slowest

Fanout     Cap    Slew   Delay    Time   Description
-----------------------------------------------------------------------------
                          0.00    0.00   clock clk (rise edge)
                          0.50    0.50   clock network delay (propagated)
                          3.00    3.50 ^ input external delay
     1    0.00    0.04    0.01    3.51 ^ pwr_stable (in)
                                         pwr_stable (net)
                  0.04    0.00    3.51 ^ input2/A (sky130_fd_sc_hd__clkbuf_1)
     1    0.01    0.12    0.17    3.68 ^ input2/X (sky130_fd_sc_hd__clkbuf_1)
                                         net2 (net)
                  0.12    0.00    3.68 ^ _158_/A (sky130_fd_sc_hd__nand2_1)
     2    0.01    0.13    0.16    3.84 v _158_/Y (sky130_fd_sc_hd__nand2_1)
                                         _095_ (net)
                  0.13    0.00    3.84 v _159_/B1_N (sky130_fd_sc_hd__o21bai_1)
     1    0.00    0.10    0.34    4.18 v _159_/Y (sky130_fd_sc_hd__o21bai_1)
                                         _096_ (net)
                  0.10    0.00    4.18 v _160_/A (sky130_fd_sc_hd__nand2_1)
     1    0.00    0.07    0.11    4.29 ^ _160_/Y (sky130_fd_sc_hd__nand2_1)
                                         _097_ (net)
                  0.07    0.00    4.29 ^ _166_/A (sky130_fd_sc_hd__nand2_1)
     2    0.01    0.11    0.12    4.41 v _166_/Y (sky130_fd_sc_hd__nand2_1)
                                         _103_ (net)
                  0.11    0.00    4.41 v _178_/B (sky130_fd_sc_hd__nor2_1)
     2    0.01    0.22    0.22    4.63 ^ _178_/Y (sky130_fd_sc_hd__nor2_1)
                                         _014_ (net)
                  0.22    0.00    4.63 ^ _204_/A (sky130_fd_sc_hd__nand3_1)
     1    0.01    0.28    0.31    4.94 v _204_/Y (sky130_fd_sc_hd__nand3_1)
                                         _030_ (net)
                  0.28    0.00    4.94 v _209_/A (sky130_fd_sc_hd__nand3_4)
     8    0.03    0.20    0.26    5.21 ^ _209_/Y (sky130_fd_sc_hd__nand3_4)
                                         _035_ (net)
                  0.20    0.00    5.21 ^ _232_/B (sky130_fd_sc_hd__nor2_1)
     1    0.00    0.06    0.11    5.32 v _232_/Y (sky130_fd_sc_hd__nor2_1)
                                         _009_ (net)
                  0.06    0.00    5.32 v _245_/D (sky130_fd_sc_hd__dfrtp_1)
                                  5.32   data arrival time

                         10.00   10.00   clock clk (rise edge)
                          0.50   10.50   clock source latency
     1    0.02    0.09    0.06   10.56 ^ clk (in)
                                         clk (net)
                  0.09    0.00   10.56 ^ clkbuf_0_clk/A (sky130_fd_sc_hd__clkbuf_16)
     2    0.02    0.07    0.23   10.79 ^ clkbuf_0_clk/X (sky130_fd_sc_hd__clkbuf_16)
                                         clknet_0_clk (net)
                  0.07    0.00   10.79 ^ clkbuf_1_1__f_clk/A (sky130_fd_sc_hd__clkbuf_16)
    13    0.04    0.10    0.25   11.05 ^ clkbuf_1_1__f_clk/X (sky130_fd_sc_hd__clkbuf_16)
                                         clknet_1_1__leaf_clk (net)
                  0.10    0.00   11.05 ^ _245_/CLK (sky130_fd_sc_hd__dfrtp_1)
                         -0.30   10.75   clock uncertainty
                          0.00   10.75   clock reconvergence pessimism
                         -0.26   10.48   library setup time
                                 10.48   data required time
-----------------------------------------------------------------------------
                                 10.48   data required time
                                 -5.32   data arrival time
-----------------------------------------------------------------------------
                                  5.16   slack (MET)


Startpoint: pwr_stable (input port clocked by clk)
Endpoint: _246_ (rising edge-triggered flip-flop clocked by clk)
Path Group: clk
Path Type: max
Corner: Slowest

Fanout     Cap    Slew   Delay    Time   Description
-----------------------------------------------------------------------------
                          0.00    0.00   clock clk (rise edge)
                          0.50    0.50   clock network delay (propagated)
                          3.00    3.50 ^ input external delay
     1    0.00    0.04    0.01    3.51 ^ pwr_stable (in)
                                         pwr_stable (net)
                  0.04    0.00    3.51 ^ input2/A (sky130_fd_sc_hd__clkbuf_1)
     1    0.01    0.12    0.17    3.68 ^ input2/X (sky130_fd_sc_hd__clkbuf_1)
                                         net2 (net)
                  0.12    0.00    3.68 ^ _158_/A (sky130_fd_sc_hd__nand2_1)
     2    0.01    0.13    0.16    3.84 v _158_/Y (sky130_fd_sc_hd__nand2_1)
                                         _095_ (net)
                  0.13    0.00    3.84 v _159_/B1_N (sky130_fd_sc_hd__o21bai_1)
     1    0.00    0.10    0.34    4.18 v _159_/Y (sky130_fd_sc_hd__o21bai_1)
                                         _096_ (net)
                  0.10    0.00    4.18 v _160_/A (sky130_fd_sc_hd__nand2_1)
     1    0.00    0.07    0.11    4.29 ^ _160_/Y (sky130_fd_sc_hd__nand2_1)
                                         _097_ (net)
                  0.07    0.00    4.29 ^ _166_/A (sky130_fd_sc_hd__nand2_1)
     2    0.01    0.11    0.12    4.41 v _166_/Y (sky130_fd_sc_hd__nand2_1)
                                         _103_ (net)
                  0.11    0.00    4.41 v _178_/B (sky130_fd_sc_hd__nor2_1)
     2    0.01    0.22    0.22    4.63 ^ _178_/Y (sky130_fd_sc_hd__nor2_1)
                                         _014_ (net)
                  0.22    0.00    4.63 ^ _204_/A (sky130_fd_sc_hd__nand3_1)
     1    0.01    0.28    0.31    4.94 v _204_/Y (sky130_fd_sc_hd__nand3_1)
                                         _030_ (net)
                  0.28    0.00    4.94 v _209_/A (sky130_fd_sc_hd__nand3_4)
     8    0.03    0.20    0.26    5.21 ^ _209_/Y (sky130_fd_sc_hd__nand3_4)
                                         _035_ (net)
                  0.20    0.00    5.21 ^ _236_/B (sky130_fd_sc_hd__nor2_1)
     1    0.00    0.06    0.11    5.32 v _236_/Y (sky130_fd_sc_hd__nor2_1)
                                         _010_ (net)
                  0.06    0.00    5.32 v _246_/D (sky130_fd_sc_hd__dfrtp_1)
                                  5.32   data arrival time

                         10.00   10.00   clock clk (rise edge)
                          0.50   10.50   clock source latency
     1    0.02    0.09    0.06   10.56 ^ clk (in)
                                         clk (net)
                  0.09    0.00   10.56 ^ clkbuf_0_clk/A (sky130_fd_sc_hd__clkbuf_16)
     2    0.02    0.07    0.23   10.79 ^ clkbuf_0_clk/X (sky130_fd_sc_hd__clkbuf_16)
                                         clknet_0_clk (net)
                  0.07    0.00   10.79 ^ clkbuf_1_1__f_clk/A (sky130_fd_sc_hd__clkbuf_16)
    13    0.04    0.10    0.25   11.05 ^ clkbuf_1_1__f_clk/X (sky130_fd_sc_hd__clkbuf_16)
                                         clknet_1_1__leaf_clk (net)
                  0.10    0.00   11.05 ^ _246_/CLK (sky130_fd_sc_hd__dfrtp_1)
                         -0.30   10.75   clock uncertainty
                          0.00   10.75   clock reconvergence pessimism
                         -0.26   10.48   library setup time
                                 10.48   data required time
-----------------------------------------------------------------------------
                                 10.48   data required time
                                 -5.32   data arrival time
-----------------------------------------------------------------------------
                                  5.16   slack (MET)


Startpoint: pwr_stable (input port clocked by clk)
Endpoint: _241_ (rising edge-triggered flip-flop clocked by clk)
Path Group: clk
Path Type: max
Corner: Slowest

Fanout     Cap    Slew   Delay    Time   Description
-----------------------------------------------------------------------------
                          0.00    0.00   clock clk (rise edge)
                          0.50    0.50   clock network delay (propagated)
                          3.00    3.50 ^ input external delay
     1    0.00    0.04    0.01    3.51 ^ pwr_stable (in)
                                         pwr_stable (net)
                  0.04    0.00    3.51 ^ input2/A (sky130_fd_sc_hd__clkbuf_1)
     1    0.01    0.12    0.17    3.68 ^ input2/X (sky130_fd_sc_hd__clkbuf_1)
                                         net2 (net)
                  0.12    0.00    3.68 ^ _158_/A (sky130_fd_sc_hd__nand2_1)
     2    0.01    0.13    0.16    3.84 v _158_/Y (sky130_fd_sc_hd__nand2_1)
                                         _095_ (net)
                  0.13    0.00    3.84 v _159_/B1_N (sky130_fd_sc_hd__o21bai_1)
     1    0.00    0.10    0.34    4.18 v _159_/Y (sky130_fd_sc_hd__o21bai_1)
                                         _096_ (net)
                  0.10    0.00    4.18 v _160_/A (sky130_fd_sc_hd__nand2_1)
     1    0.00    0.07    0.11    4.29 ^ _160_/Y (sky130_fd_sc_hd__nand2_1)
                                         _097_ (net)
                  0.07    0.00    4.29 ^ _166_/A (sky130_fd_sc_hd__nand2_1)
     2    0.01    0.11    0.12    4.41 v _166_/Y (sky130_fd_sc_hd__nand2_1)
                                         _103_ (net)
                  0.11    0.00    4.41 v _178_/B (sky130_fd_sc_hd__nor2_1)
     2    0.01    0.22    0.22    4.63 ^ _178_/Y (sky130_fd_sc_hd__nor2_1)
                                         _014_ (net)
                  0.22    0.00    4.63 ^ _204_/A (sky130_fd_sc_hd__nand3_1)
     1    0.01    0.28    0.31    4.94 v _204_/Y (sky130_fd_sc_hd__nand3_1)
                                         _030_ (net)
                  0.28    0.00    4.94 v _209_/A (sky130_fd_sc_hd__nand3_4)
     8    0.03    0.20    0.26    5.21 ^ _209_/Y (sky130_fd_sc_hd__nand3_4)
                                         _035_ (net)
                  0.20    0.00    5.21 ^ _214_/B (sky130_fd_sc_hd__nor2_1)
     1    0.00    0.05    0.11    5.32 v _214_/Y (sky130_fd_sc_hd__nor2_1)
                                         _005_ (net)
                  0.05    0.00    5.32 v _241_/D (sky130_fd_sc_hd__dfrtp_1)
                                  5.32   data arrival time

                         10.00   10.00   clock clk (rise edge)
                          0.50   10.50   clock source latency
     1    0.02    0.09    0.06   10.56 ^ clk (in)
                                         clk (net)
                  0.09    0.00   10.56 ^ clkbuf_0_clk/A (sky130_fd_sc_hd__clkbuf_16)
     2    0.02    0.07    0.23   10.79 ^ clkbuf_0_clk/X (sky130_fd_sc_hd__clkbuf_16)
                                         clknet_0_clk (net)
                  0.07    0.00   10.79 ^ clkbuf_1_1__f_clk/A (sky130_fd_sc_hd__clkbuf_16)
    13    0.04    0.10    0.25   11.05 ^ clkbuf_1_1__f_clk/X (sky130_fd_sc_hd__clkbuf_16)
                                         clknet_1_1__leaf_clk (net)
                  0.10    0.00   11.05 ^ _241_/CLK (sky130_fd_sc_hd__dfrtp_1)
                         -0.30   10.75   clock uncertainty
                          0.00   10.75   clock reconvergence pessimism
                         -0.26   10.48   library setup time
                                 10.48   data required time
-----------------------------------------------------------------------------
                                 10.48   data required time
                                 -5.32   data arrival time
-----------------------------------------------------------------------------
                                  5.16   slack (MET)


Startpoint: _251_ (rising edge-triggered flip-flop clocked by clk)
Endpoint: retention_save (output port clocked by clk)
Path Group: clk
Path Type: max
Corner: Slowest

Fanout     Cap    Slew   Delay    Time   Description
-----------------------------------------------------------------------------
                          0.00    0.00   clock clk (rise edge)
                          0.50    0.50   clock source latency
     1    0.02    0.09    0.06    0.56 ^ clk (in)
                                         clk (net)
                  0.09    0.00    0.56 ^ clkbuf_0_clk/A (sky130_fd_sc_hd__clkbuf_16)
     2    0.02    0.07    0.23    0.79 ^ clkbuf_0_clk/X (sky130_fd_sc_hd__clkbuf_16)
                                         clknet_0_clk (net)
                  0.07    0.00    0.79 ^ clkbuf_1_0__f_clk/A (sky130_fd_sc_hd__clkbuf_16)
    16    0.04    0.10    0.25    1.05 ^ clkbuf_1_0__f_clk/X (sky130_fd_sc_hd__clkbuf_16)
                                         clknet_1_0__leaf_clk (net)
                  0.10    0.00    1.05 ^ _251_/CLK (sky130_fd_sc_hd__dfrtp_1)
     1    0.00    0.07    0.73    1.78 v _251_/Q (sky130_fd_sc_hd__dfrtp_1)
                                         net17 (net)
                  0.07    0.00    1.78 v output17/A (sky130_fd_sc_hd__buf_2)
     1    0.03    0.15    0.33    2.11 v output17/X (sky130_fd_sc_hd__buf_2)
                                         retention_save (net)
                  0.15    0.00    2.11 v retention_save (out)
                                  2.11   data arrival time

                         10.00   10.00   clock clk (rise edge)
                          0.50   10.50   clock network delay (propagated)
                         -0.30   10.20   clock uncertainty
                          0.00   10.20   clock reconvergence pessimism
                         -2.50    7.70   output external delay
                                  7.70   data required time
-----------------------------------------------------------------------------
                                  7.70   data required time
                                 -2.11   data arrival time
-----------------------------------------------------------------------------
                                  5.59   slack (MET)


Startpoint: _253_ (rising edge-triggered flip-flop clocked by clk)
Endpoint: reset_ctrl (output port clocked by clk)
Path Group: clk
Path Type: max
Corner: Slowest

Fanout     Cap    Slew   Delay    Time   Description
-----------------------------------------------------------------------------
                          0.00    0.00   clock clk (rise edge)
                          0.50    0.50   clock source latency
     1    0.02    0.09    0.06    0.56 ^ clk (in)
                                         clk (net)
                  0.09    0.00    0.56 ^ clkbuf_0_clk/A (sky130_fd_sc_hd__clkbuf_16)
     2    0.02    0.07    0.23    0.79 ^ clkbuf_0_clk/X (sky130_fd_sc_hd__clkbuf_16)
                                         clknet_0_clk (net)
                  0.07    0.00    0.79 ^ clkbuf_1_1__f_clk/A (sky130_fd_sc_hd__clkbuf_16)
    13    0.04    0.10    0.25    1.05 ^ clkbuf_1_1__f_clk/X (sky130_fd_sc_hd__clkbuf_16)
                                         clknet_1_1__leaf_clk (net)
                  0.10    0.00    1.05 ^ _253_/CLK (sky130_fd_sc_hd__dfrtp_1)
     1    0.00    0.07    0.73    1.78 v _253_/Q (sky130_fd_sc_hd__dfrtp_1)
                                         net14 (net)
                  0.07    0.00    1.78 v output14/A (sky130_fd_sc_hd__buf_2)
     1    0.03    0.15    0.33    2.11 v output14/X (sky130_fd_sc_hd__buf_2)
                                         reset_ctrl (net)
                  0.15    0.00    2.11 v reset_ctrl (out)
                                  2.11   data arrival time

                         10.00   10.00   clock clk (rise edge)
                          0.50   10.50   clock network delay (propagated)
                         -0.30   10.20   clock uncertainty
                          0.00   10.20   clock reconvergence pessimism
                         -2.50    7.70   output external delay
                                  7.70   data required time
-----------------------------------------------------------------------------
                                  7.70   data required time
                                 -2.11   data arrival time
-----------------------------------------------------------------------------
                                  5.59   slack (MET)


Startpoint: _252_ (rising edge-triggered flip-flop clocked by clk)
Endpoint: retention_restore (output port clocked by clk)
Path Group: clk
Path Type: max
Corner: Slowest

Fanout     Cap    Slew   Delay    Time   Description
-----------------------------------------------------------------------------
                          0.00    0.00   clock clk (rise edge)
                          0.50    0.50   clock source latency
     1    0.02    0.09    0.06    0.56 ^ clk (in)
                                         clk (net)
                  0.09    0.00    0.56 ^ clkbuf_0_clk/A (sky130_fd_sc_hd__clkbuf_16)
     2    0.02    0.07    0.23    0.79 ^ clkbuf_0_clk/X (sky130_fd_sc_hd__clkbuf_16)
                                         clknet_0_clk (net)
                  0.07    0.00    0.79 ^ clkbuf_1_0__f_clk/A (sky130_fd_sc_hd__clkbuf_16)
    16    0.04    0.10    0.25    1.05 ^ clkbuf_1_0__f_clk/X (sky130_fd_sc_hd__clkbuf_16)
                                         clknet_1_0__leaf_clk (net)
                  0.10    0.00    1.05 ^ _252_/CLK (sky130_fd_sc_hd__dfrtp_1)
     1    0.00    0.07    0.73    1.78 v _252_/Q (sky130_fd_sc_hd__dfrtp_1)
                                         net16 (net)
                  0.07    0.00    1.78 v output16/A (sky130_fd_sc_hd__buf_2)
     1    0.03    0.15    0.33    2.11 v output16/X (sky130_fd_sc_hd__buf_2)
                                         retention_restore (net)
                  0.15    0.00    2.11 v retention_restore (out)
                                  2.11   data arrival time

                         10.00   10.00   clock clk (rise edge)
                          0.50   10.50   clock network delay (propagated)
                         -0.30   10.20   clock uncertainty
                          0.00   10.20   clock reconvergence pessimism
                         -2.50    7.70   output external delay
                                  7.70   data required time
-----------------------------------------------------------------------------
                                  7.70   data required time
                                 -2.11   data arrival time
-----------------------------------------------------------------------------
                                  5.59   slack (MET)


Startpoint: pwr_stable (input port clocked by clk)
Endpoint: _258_ (rising edge-triggered flip-flop clocked by clk)
Path Group: clk
Path Type: max
Corner: Slowest

Fanout     Cap    Slew   Delay    Time   Description
-----------------------------------------------------------------------------
                          0.00    0.00   clock clk (rise edge)
                          0.50    0.50   clock network delay (propagated)
                          3.00    3.50 ^ input external delay
     1    0.00    0.04    0.01    3.51 ^ pwr_stable (in)
                                         pwr_stable (net)
                  0.04    0.00    3.51 ^ input2/A (sky130_fd_sc_hd__clkbuf_1)
     1    0.01    0.12    0.17    3.68 ^ input2/X (sky130_fd_sc_hd__clkbuf_1)
                                         net2 (net)
                  0.12    0.00    3.68 ^ _158_/A (sky130_fd_sc_hd__nand2_1)
     2    0.01    0.13    0.16    3.84 v _158_/Y (sky130_fd_sc_hd__nand2_1)
                                         _095_ (net)
                  0.13    0.00    3.84 v _159_/B1_N (sky130_fd_sc_hd__o21bai_1)
     1    0.00    0.10    0.34    4.18 v _159_/Y (sky130_fd_sc_hd__o21bai_1)
                                         _096_ (net)
                  0.10    0.00    4.18 v _160_/A (sky130_fd_sc_hd__nand2_1)
     1    0.00    0.07    0.11    4.29 ^ _160_/Y (sky130_fd_sc_hd__nand2_1)
                                         _097_ (net)
                  0.07    0.00    4.29 ^ _166_/A (sky130_fd_sc_hd__nand2_1)
     2    0.01    0.11    0.12    4.41 v _166_/Y (sky130_fd_sc_hd__nand2_1)
                                         _103_ (net)
                  0.11    0.00    4.41 v _178_/B (sky130_fd_sc_hd__nor2_1)
     2    0.01    0.22    0.22    4.63 ^ _178_/Y (sky130_fd_sc_hd__nor2_1)
                                         _014_ (net)
                  0.22    0.00    4.63 ^ _187_/A (sky130_fd_sc_hd__nand2_1)
     1    0.00    0.08    0.15    4.78 v _187_/Y (sky130_fd_sc_hd__nand2_1)
                                         next_state[2] (net)
                  0.08    0.00    4.78 v _258_/D (sky130_fd_sc_hd__dfrtp_4)
                                  4.78   data arrival time

                         10.00   10.00   clock clk (rise edge)
                          0.50   10.50   clock source latency
     1    0.02    0.09    0.06   10.56 ^ clk (in)
                                         clk (net)
                  0.09    0.00   10.56 ^ clkbuf_0_clk/A (sky130_fd_sc_hd__clkbuf_16)
     2    0.02    0.07    0.23   10.79 ^ clkbuf_0_clk/X (sky130_fd_sc_hd__clkbuf_16)
                                         clknet_0_clk (net)
                  0.07    0.00   10.79 ^ clkbuf_1_0__f_clk/A (sky130_fd_sc_hd__clkbuf_16)
    16    0.04    0.10    0.25   11.05 ^ clkbuf_1_0__f_clk/X (sky130_fd_sc_hd__clkbuf_16)
                                         clknet_1_0__leaf_clk (net)
                  0.10    0.00   11.05 ^ _258_/CLK (sky130_fd_sc_hd__dfrtp_4)
                         -0.30   10.75   clock uncertainty
                          0.00   10.75   clock reconvergence pessimism
                         -0.27   10.47   library setup time
                                 10.47   data required time
-----------------------------------------------------------------------------
                                 10.47   data required time
                                 -4.78   data arrival time
-----------------------------------------------------------------------------
                                  5.69   slack (MET)


Startpoint: _239_ (rising edge-triggered flip-flop clocked by clk)
Endpoint: dvfs_ctrl[1] (output port clocked by clk)
Path Group: clk
Path Type: max
Corner: Slowest

Fanout     Cap    Slew   Delay    Time   Description
-----------------------------------------------------------------------------
                          0.00    0.00   clock clk (rise edge)
                          0.50    0.50   clock source latency
     1    0.02    0.09    0.06    0.56 ^ clk (in)
                                         clk (net)
                  0.09    0.00    0.56 ^ clkbuf_0_clk/A (sky130_fd_sc_hd__clkbuf_16)
     2    0.02    0.07    0.23    0.79 ^ clkbuf_0_clk/X (sky130_fd_sc_hd__clkbuf_16)
                                         clknet_0_clk (net)
                  0.07    0.00    0.79 ^ clkbuf_1_1__f_clk/A (sky130_fd_sc_hd__clkbuf_16)
    13    0.04    0.10    0.25    1.05 ^ clkbuf_1_1__f_clk/X (sky130_fd_sc_hd__clkbuf_16)
                                         clknet_1_1__leaf_clk (net)
                  0.10    0.00    1.05 ^ _239_/CLK (sky130_fd_sc_hd__dfstp_1)
     1    0.00    0.08    1.08    2.12 ^ _239_/Q (sky130_fd_sc_hd__dfstp_1)
                                         net9 (net)
                  0.08    0.00    2.12 ^ output9/A (sky130_fd_sc_hd__clkbuf_2)
     1    0.02    0.18    0.28    2.40 ^ output9/X (sky130_fd_sc_hd__clkbuf_2)
                                         dvfs_ctrl[1] (net)
                  0.18    0.00    2.40 ^ dvfs_ctrl[1] (out)
                                  2.40   data arrival time

                         10.00   10.00   clock clk (rise edge)
                          0.50   10.50   clock network delay (propagated)
                         -0.30   10.20   clock uncertainty
                          0.00   10.20   clock reconvergence pessimism
                         -2.00    8.20   output external delay
                                  8.20   data required time
-----------------------------------------------------------------------------
                                  8.20   data required time
                                 -2.40   data arrival time
-----------------------------------------------------------------------------
                                  5.80   slack (MET)


Startpoint: _248_ (rising edge-triggered flip-flop clocked by clk)
Endpoint: clk_gate_en (output port clocked by clk)
Path Group: clk
Path Type: max
Corner: Slowest

Fanout     Cap    Slew   Delay    Time   Description
-----------------------------------------------------------------------------
                          0.00    0.00   clock clk (rise edge)
                          0.50    0.50   clock source latency
     1    0.02    0.09    0.06    0.56 ^ clk (in)
                                         clk (net)
                  0.09    0.00    0.56 ^ clkbuf_0_clk/A (sky130_fd_sc_hd__clkbuf_16)
     2    0.02    0.07    0.23    0.79 ^ clkbuf_0_clk/X (sky130_fd_sc_hd__clkbuf_16)
                                         clknet_0_clk (net)
                  0.07    0.00    0.79 ^ clkbuf_1_0__f_clk/A (sky130_fd_sc_hd__clkbuf_16)
    16    0.04    0.10    0.25    1.05 ^ clkbuf_1_0__f_clk/X (sky130_fd_sc_hd__clkbuf_16)
                                         clknet_1_0__leaf_clk (net)
                  0.10    0.00    1.05 ^ _248_/CLK (sky130_fd_sc_hd__dfrtp_1)
     1    0.00    0.07    0.74    1.79 v _248_/Q (sky130_fd_sc_hd__dfrtp_1)
                                         net8 (net)
                  0.07    0.00    1.79 v output8/A (sky130_fd_sc_hd__buf_4)
     1    0.05    0.14    0.34    2.13 v output8/X (sky130_fd_sc_hd__buf_4)
                                         clk_gate_en (net)
                  0.14    0.00    2.13 v clk_gate_en (out)
                                  2.13   data arrival time

                         10.00   10.00   clock clk (rise edge)
                          0.50   10.50   clock network delay (propagated)
                         -0.30   10.20   clock uncertainty
                          0.00   10.20   clock reconvergence pessimism
                         -2.00    8.20   output external delay
                                  8.20   data required time
-----------------------------------------------------------------------------
                                  8.20   data required time
                                 -2.13   data arrival time
-----------------------------------------------------------------------------
                                  6.07   slack (MET)


Startpoint: _250_ (rising edge-triggered flip-flop clocked by clk)
Endpoint: retention_en (output port clocked by clk)
Path Group: clk
Path Type: max
Corner: Slowest

Fanout     Cap    Slew   Delay    Time   Description
-----------------------------------------------------------------------------
                          0.00    0.00   clock clk (rise edge)
                          0.50    0.50   clock source latency
     1    0.02    0.09    0.06    0.56 ^ clk (in)
                                         clk (net)
                  0.09    0.00    0.56 ^ clkbuf_0_clk/A (sky130_fd_sc_hd__clkbuf_16)
     2    0.02    0.07    0.23    0.79 ^ clkbuf_0_clk/X (sky130_fd_sc_hd__clkbuf_16)
                                         clknet_0_clk (net)
                  0.07    0.00    0.79 ^ clkbuf_1_0__f_clk/A (sky130_fd_sc_hd__clkbuf_16)
    16    0.04    0.10    0.25    1.05 ^ clkbuf_1_0__f_clk/X (sky130_fd_sc_hd__clkbuf_16)
                                         clknet_1_0__leaf_clk (net)
                  0.10    0.00    1.05 ^ _250_/CLK (sky130_fd_sc_hd__dfrtp_1)
     1    0.00    0.08    0.75    1.79 v _250_/Q (sky130_fd_sc_hd__dfrtp_1)
                                         net15 (net)
                  0.08    0.00    1.79 v output15/A (sky130_fd_sc_hd__buf_4)
     1    0.05    0.14    0.34    2.13 v output15/X (sky130_fd_sc_hd__buf_4)
                                         retention_en (net)
                  0.14    0.00    2.13 v retention_en (out)
                                  2.13   data arrival time

                         10.00   10.00   clock clk (rise edge)
                          0.50   10.50   clock network delay (propagated)
                         -0.30   10.20   clock uncertainty
                          0.00   10.20   clock reconvergence pessimism
                         -2.00    8.20   output external delay
                                  8.20   data required time
-----------------------------------------------------------------------------
                                  8.20   data required time
                                 -2.13   data arrival time
-----------------------------------------------------------------------------
                                  6.07   slack (MET)


Startpoint: _249_ (rising edge-triggered flip-flop clocked by clk)
Endpoint: pwr_gate_en (output port clocked by clk)
Path Group: clk
Path Type: max
Corner: Slowest

Fanout     Cap    Slew   Delay    Time   Description
-----------------------------------------------------------------------------
                          0.00    0.00   clock clk (rise edge)
                          0.50    0.50   clock source latency
     1    0.02    0.09    0.06    0.56 ^ clk (in)
                                         clk (net)
                  0.09    0.00    0.56 ^ clkbuf_0_clk/A (sky130_fd_sc_hd__clkbuf_16)
     2    0.02    0.07    0.23    0.79 ^ clkbuf_0_clk/X (sky130_fd_sc_hd__clkbuf_16)
                                         clknet_0_clk (net)
                  0.07    0.00    0.79 ^ clkbuf_1_0__f_clk/A (sky130_fd_sc_hd__clkbuf_16)
    16    0.04    0.10    0.25    1.05 ^ clkbuf_1_0__f_clk/X (sky130_fd_sc_hd__clkbuf_16)
                                         clknet_1_0__leaf_clk (net)
                  0.10    0.00    1.05 ^ _249_/CLK (sky130_fd_sc_hd__dfrtp_1)
     1    0.00    0.08    0.74    1.79 v _249_/Q (sky130_fd_sc_hd__dfrtp_1)
                                         net11 (net)
                  0.08    0.00    1.79 v output11/A (sky130_fd_sc_hd__buf_4)
     1    0.05    0.14    0.34    2.12 v output11/X (sky130_fd_sc_hd__buf_4)
                                         pwr_gate_en (net)
                  0.14    0.00    2.13 v pwr_gate_en (out)
                                  2.13   data arrival time

                         10.00   10.00   clock clk (rise edge)
                          0.50   10.50   clock network delay (propagated)
                         -0.30   10.20   clock uncertainty
                          0.00   10.20   clock reconvergence pessimism
                         -2.00    8.20   output external delay
                                  8.20   data required time
-----------------------------------------------------------------------------
                                  8.20   data required time
                                 -2.13   data arrival time
-----------------------------------------------------------------------------
                                  6.07   slack (MET)


Startpoint: _255_ (rising edge-triggered flip-flop clocked by clk)
Endpoint: pwr_state[1] (output port clocked by clk)
Path Group: clk
Path Type: max
Corner: Slowest

Fanout     Cap    Slew   Delay    Time   Description
-----------------------------------------------------------------------------
                          0.00    0.00   clock clk (rise edge)
                          0.50    0.50   clock source latency
     1    0.02    0.09    0.06    0.56 ^ clk (in)
                                         clk (net)
                  0.09    0.00    0.56 ^ clkbuf_0_clk/A (sky130_fd_sc_hd__clkbuf_16)
     2    0.02    0.07    0.23    0.79 ^ clkbuf_0_clk/X (sky130_fd_sc_hd__clkbuf_16)
                                         clknet_0_clk (net)
                  0.07    0.00    0.79 ^ clkbuf_1_1__f_clk/A (sky130_fd_sc_hd__clkbuf_16)
    13    0.04    0.10    0.25    1.05 ^ clkbuf_1_1__f_clk/X (sky130_fd_sc_hd__clkbuf_16)
                                         clknet_1_1__leaf_clk (net)
                  0.10    0.00    1.05 ^ _255_/CLK (sky130_fd_sc_hd__dfrtp_1)
     1    0.00    0.07    0.74    1.78 v _255_/Q (sky130_fd_sc_hd__dfrtp_1)
                                         net13 (net)
                  0.07    0.00    1.78 v output13/A (sky130_fd_sc_hd__clkbuf_2)
     1    0.02    0.15    0.27    2.06 v output13/X (sky130_fd_sc_hd__clkbuf_2)
                                         pwr_state[1] (net)
                  0.15    0.00    2.06 v pwr_state[1] (out)
                                  2.06   data arrival time

                         10.00   10.00   clock clk (rise edge)
                          0.50   10.50   clock network delay (propagated)
                         -0.30   10.20   clock uncertainty
                          0.00   10.20   clock reconvergence pessimism
                         -2.00    8.20   output external delay
                                  8.20   data required time
-----------------------------------------------------------------------------
                                  8.20   data required time
                                 -2.06   data arrival time
-----------------------------------------------------------------------------
                                  6.14   slack (MET)


Startpoint: _254_ (rising edge-triggered flip-flop clocked by clk)
Endpoint: pwr_state[0] (output port clocked by clk)
Path Group: clk
Path Type: max
Corner: Slowest

Fanout     Cap    Slew   Delay    Time   Description
-----------------------------------------------------------------------------
                          0.00    0.00   clock clk (rise edge)
                          0.50    0.50   clock source latency
     1    0.02    0.09    0.06    0.56 ^ clk (in)
                                         clk (net)
                  0.09    0.00    0.56 ^ clkbuf_0_clk/A (sky130_fd_sc_hd__clkbuf_16)
     2    0.02    0.07    0.23    0.79 ^ clkbuf_0_clk/X (sky130_fd_sc_hd__clkbuf_16)
                                         clknet_0_clk (net)
                  0.07    0.00    0.79 ^ clkbuf_1_1__f_clk/A (sky130_fd_sc_hd__clkbuf_16)
    13    0.04    0.10    0.25    1.05 ^ clkbuf_1_1__f_clk/X (sky130_fd_sc_hd__clkbuf_16)
                                         clknet_1_1__leaf_clk (net)
                  0.10    0.00    1.05 ^ _254_/CLK (sky130_fd_sc_hd__dfrtp_1)
     1    0.00    0.07    0.74    1.79 v _254_/Q (sky130_fd_sc_hd__dfrtp_1)
                                         net12 (net)
                  0.07    0.00    1.79 v output12/A (sky130_fd_sc_hd__clkbuf_2)
     1    0.02    0.15    0.27    2.06 v output12/X (sky130_fd_sc_hd__clkbuf_2)
                                         pwr_state[0] (net)
                  0.15    0.00    2.06 v pwr_state[0] (out)
                                  2.06   data arrival time

                         10.00   10.00   clock clk (rise edge)
                          0.50   10.50   clock network delay (propagated)
                         -0.30   10.20   clock uncertainty
                          0.00   10.20   clock reconvergence pessimism
                         -2.00    8.20   output external delay
                                  8.20   data required time
-----------------------------------------------------------------------------
                                  8.20   data required time
                                 -2.06   data arrival time
-----------------------------------------------------------------------------
                                  6.14   slack (MET)


Startpoint: _258_ (rising edge-triggered flip-flop clocked by clk)
Endpoint: _255_ (rising edge-triggered flip-flop clocked by clk)
Path Group: clk
Path Type: max
Corner: Slowest

Fanout     Cap    Slew   Delay    Time   Description
-----------------------------------------------------------------------------
                          0.00    0.00   clock clk (rise edge)
                          0.50    0.50   clock source latency
     1    0.02    0.09    0.06    0.56 ^ clk (in)
                                         clk (net)
                  0.09    0.00    0.56 ^ clkbuf_0_clk/A (sky130_fd_sc_hd__clkbuf_16)
     2    0.02    0.07    0.23    0.79 ^ clkbuf_0_clk/X (sky130_fd_sc_hd__clkbuf_16)
                                         clknet_0_clk (net)
                  0.07    0.00    0.79 ^ clkbuf_1_0__f_clk/A (sky130_fd_sc_hd__clkbuf_16)
    16    0.04    0.10    0.25    1.05 ^ clkbuf_1_0__f_clk/X (sky130_fd_sc_hd__clkbuf_16)
                                         clknet_1_0__leaf_clk (net)
                  0.10    0.00    1.05 ^ _258_/CLK (sky130_fd_sc_hd__dfrtp_4)
     8    0.04    0.19    1.12    2.16 v _258_/Q (sky130_fd_sc_hd__dfrtp_4)
                                         curr_state[2] (net)
                  0.19    0.00    2.16 v _124_/A (sky130_fd_sc_hd__inv_6)
     6    0.02    0.10    0.17    2.33 ^ _124_/Y (sky130_fd_sc_hd__inv_6)
                                         _064_ (net)
                  0.10    0.00    2.33 ^ _125_/B (sky130_fd_sc_hd__nor2_1)
     3    0.01    0.10    0.12    2.45 v _125_/Y (sky130_fd_sc_hd__nor2_1)
                                         _065_ (net)
                  0.10    0.00    2.45 v _170_/A (sky130_fd_sc_hd__and2_1)
     3    0.01    0.14    0.36    2.81 v _170_/X (sky130_fd_sc_hd__and2_1)
                                         _107_ (net)
                  0.14    0.00    2.81 v _193_/B (sky130_fd_sc_hd__nor2_1)
     2    0.00    0.17    0.20    3.01 ^ _193_/Y (sky130_fd_sc_hd__nor2_1)
                                         _024_ (net)
                  0.17    0.00    3.01 ^ _194_/C_N (sky130_fd_sc_hd__or3b_1)
     1    0.01    0.17    0.89    3.89 v _194_/X (sky130_fd_sc_hd__or3b_1)
                                         _025_ (net)
                  0.17    0.00    3.89 v _195_/A (sky130_fd_sc_hd__clkbuf_1)
     1    0.00    0.05    0.21    4.10 v _195_/X (sky130_fd_sc_hd__clkbuf_1)
                                         _113_ (net)
                  0.05    0.00    4.10 v _255_/D (sky130_fd_sc_hd__dfrtp_1)
                                  4.10   data arrival time

                         10.00   10.00   clock clk (rise edge)
                          0.50   10.50   clock source latency
     1    0.02    0.09    0.06   10.56 ^ clk (in)
                                         clk (net)
                  0.09    0.00   10.56 ^ clkbuf_0_clk/A (sky130_fd_sc_hd__clkbuf_16)
     2    0.02    0.07    0.23   10.79 ^ clkbuf_0_clk/X (sky130_fd_sc_hd__clkbuf_16)
                                         clknet_0_clk (net)
                  0.07    0.00   10.79 ^ clkbuf_1_1__f_clk/A (sky130_fd_sc_hd__clkbuf_16)
    13    0.04    0.10    0.25   11.05 ^ clkbuf_1_1__f_clk/X (sky130_fd_sc_hd__clkbuf_16)
                                         clknet_1_1__leaf_clk (net)
                  0.10    0.00   11.05 ^ _255_/CLK (sky130_fd_sc_hd__dfrtp_1)
                         -0.30   10.75   clock uncertainty
                          0.00   10.75   clock reconvergence pessimism
                         -0.26   10.49   library setup time
                                 10.49   data required time
-----------------------------------------------------------------------------
                                 10.49   data required time
                                 -4.10   data arrival time
-----------------------------------------------------------------------------
                                  6.38   slack (MET)


Startpoint: _246_ (rising edge-triggered flip-flop clocked by clk)
Endpoint: _250_ (rising edge-triggered flip-flop clocked by clk)
Path Group: clk
Path Type: max
Corner: Slowest

Fanout     Cap    Slew   Delay    Time   Description
-----------------------------------------------------------------------------
                          0.00    0.00   clock clk (rise edge)
                          0.50    0.50   clock source latency
     1    0.02    0.09    0.06    0.56 ^ clk (in)
                                         clk (net)
                  0.09    0.00    0.56 ^ clkbuf_0_clk/A (sky130_fd_sc_hd__clkbuf_16)
     2    0.02    0.07    0.23    0.79 ^ clkbuf_0_clk/X (sky130_fd_sc_hd__clkbuf_16)
                                         clknet_0_clk (net)
                  0.07    0.00    0.79 ^ clkbuf_1_1__f_clk/A (sky130_fd_sc_hd__clkbuf_16)
    13    0.04    0.10    0.25    1.05 ^ clkbuf_1_1__f_clk/X (sky130_fd_sc_hd__clkbuf_16)
                                         clknet_1_1__leaf_clk (net)
                  0.10    0.00    1.05 ^ _246_/CLK (sky130_fd_sc_hd__dfrtp_1)
     3    0.01    0.12    0.80    1.85 v _246_/Q (sky130_fd_sc_hd__dfrtp_1)
                                         seq_timer[6] (net)
                  0.12    0.00    1.85 v _121_/A (sky130_fd_sc_hd__nor2_1)
     2    0.01    0.24    0.27    2.12 ^ _121_/Y (sky130_fd_sc_hd__nor2_1)
                                         _061_ (net)
                  0.24    0.00    2.12 ^ _134_/B (sky130_fd_sc_hd__nand3_1)
     2    0.01    0.18    0.26    2.38 v _134_/Y (sky130_fd_sc_hd__nand3_1)
                                         _074_ (net)
                  0.18    0.00    2.38 v _135_/C (sky130_fd_sc_hd__or3_1)
     1    0.01    0.17    0.80    3.18 v _135_/X (sky130_fd_sc_hd__or3_1)
                                         _075_ (net)
                  0.17    0.00    3.18 v _136_/A (sky130_fd_sc_hd__inv_2)
     3    0.01    0.10    0.15    3.33 ^ _136_/Y (sky130_fd_sc_hd__inv_2)
                                         _076_ (net)
                  0.10    0.00    3.33 ^ _197_/A2 (sky130_fd_sc_hd__o21ai_1)
     1    0.00    0.11    0.13    3.46 v _197_/Y (sky130_fd_sc_hd__o21ai_1)
                                         _116_ (net)
                  0.11    0.00    3.46 v _250_/D (sky130_fd_sc_hd__dfrtp_1)
                                  3.46   data arrival time

                         10.00   10.00   clock clk (rise edge)
                          0.50   10.50   clock source latency
     1    0.02    0.09    0.06   10.56 ^ clk (in)
                                         clk (net)
                  0.09    0.00   10.56 ^ clkbuf_0_clk/A (sky130_fd_sc_hd__clkbuf_16)
     2    0.02    0.07    0.23   10.79 ^ clkbuf_0_clk/X (sky130_fd_sc_hd__clkbuf_16)
                                         clknet_0_clk (net)
                  0.07    0.00   10.79 ^ clkbuf_1_0__f_clk/A (sky130_fd_sc_hd__clkbuf_16)
    16    0.04    0.10    0.25   11.05 ^ clkbuf_1_0__f_clk/X (sky130_fd_sc_hd__clkbuf_16)
                                         clknet_1_0__leaf_clk (net)
                  0.10    0.00   11.05 ^ _250_/CLK (sky130_fd_sc_hd__dfrtp_1)
                         -0.30   10.75   clock uncertainty
                          0.00   10.75   clock reconvergence pessimism
                         -0.28   10.46   library setup time
                                 10.46   data required time
-----------------------------------------------------------------------------
                                 10.46   data required time
                                 -3.46   data arrival time
-----------------------------------------------------------------------------
                                  7.00   slack (MET)


Startpoint: _246_ (rising edge-triggered flip-flop clocked by clk)
Endpoint: _252_ (rising edge-triggered flip-flop clocked by clk)
Path Group: clk
Path Type: max
Corner: Slowest

Fanout     Cap    Slew   Delay    Time   Description
-----------------------------------------------------------------------------
                          0.00    0.00   clock clk (rise edge)
                          0.50    0.50   clock source latency
     1    0.02    0.09    0.06    0.56 ^ clk (in)
                                         clk (net)
                  0.09    0.00    0.56 ^ clkbuf_0_clk/A (sky130_fd_sc_hd__clkbuf_16)
     2    0.02    0.07    0.23    0.79 ^ clkbuf_0_clk/X (sky130_fd_sc_hd__clkbuf_16)
                                         clknet_0_clk (net)
                  0.07    0.00    0.79 ^ clkbuf_1_1__f_clk/A (sky130_fd_sc_hd__clkbuf_16)
    13    0.04    0.10    0.25    1.05 ^ clkbuf_1_1__f_clk/X (sky130_fd_sc_hd__clkbuf_16)
                                         clknet_1_1__leaf_clk (net)
                  0.10    0.00    1.05 ^ _246_/CLK (sky130_fd_sc_hd__dfrtp_1)
     3    0.01    0.12    0.80    1.85 v _246_/Q (sky130_fd_sc_hd__dfrtp_1)
                                         seq_timer[6] (net)
                  0.12    0.00    1.85 v _121_/A (sky130_fd_sc_hd__nor2_1)
     2    0.01    0.24    0.27    2.12 ^ _121_/Y (sky130_fd_sc_hd__nor2_1)
                                         _061_ (net)
                  0.24    0.00    2.12 ^ _134_/B (sky130_fd_sc_hd__nand3_1)
     2    0.01    0.18    0.26    2.38 v _134_/Y (sky130_fd_sc_hd__nand3_1)
                                         _074_ (net)
                  0.18    0.00    2.38 v _135_/C (sky130_fd_sc_hd__or3_1)
     1    0.01    0.17    0.80    3.18 v _135_/X (sky130_fd_sc_hd__or3_1)
                                         _075_ (net)
                  0.17    0.00    3.18 v _136_/A (sky130_fd_sc_hd__inv_2)
     3    0.01    0.10    0.15    3.33 ^ _136_/Y (sky130_fd_sc_hd__inv_2)
                                         _076_ (net)
                  0.10    0.00    3.33 ^ _137_/B (sky130_fd_sc_hd__nor2_1)
     1    0.00    0.05    0.08    3.41 v _137_/Y (sky130_fd_sc_hd__nor2_1)
                                         _114_ (net)
                  0.05    0.00    3.41 v _252_/D (sky130_fd_sc_hd__dfrtp_1)
                                  3.41   data arrival time

                         10.00   10.00   clock clk (rise edge)
                          0.50   10.50   clock source latency
     1    0.02    0.09    0.06   10.56 ^ clk (in)
                                         clk (net)
                  0.09    0.00   10.56 ^ clkbuf_0_clk/A (sky130_fd_sc_hd__clkbuf_16)
     2    0.02    0.07    0.23   10.79 ^ clkbuf_0_clk/X (sky130_fd_sc_hd__clkbuf_16)
                                         clknet_0_clk (net)
                  0.07    0.00   10.79 ^ clkbuf_1_0__f_clk/A (sky130_fd_sc_hd__clkbuf_16)
    16    0.04    0.10    0.25   11.05 ^ clkbuf_1_0__f_clk/X (sky130_fd_sc_hd__clkbuf_16)
                                         clknet_1_0__leaf_clk (net)
                  0.10    0.00   11.05 ^ _252_/CLK (sky130_fd_sc_hd__dfrtp_1)
                         -0.30   10.75   clock uncertainty
                          0.00   10.75   clock reconvergence pessimism
                         -0.26   10.49   library setup time
                                 10.49   data required time
-----------------------------------------------------------------------------
                                 10.49   data required time
                                 -3.41   data arrival time
-----------------------------------------------------------------------------
                                  7.08   slack (MET)


Startpoint: _246_ (rising edge-triggered flip-flop clocked by clk)
Endpoint: _253_ (rising edge-triggered flip-flop clocked by clk)
Path Group: clk
Path Type: max
Corner: Slowest

Fanout     Cap    Slew   Delay    Time   Description
-----------------------------------------------------------------------------
                          0.00    0.00   clock clk (rise edge)
                          0.50    0.50   clock source latency
     1    0.02    0.09    0.06    0.56 ^ clk (in)
                                         clk (net)
                  0.09    0.00    0.56 ^ clkbuf_0_clk/A (sky130_fd_sc_hd__clkbuf_16)
     2    0.02    0.07    0.23    0.79 ^ clkbuf_0_clk/X (sky130_fd_sc_hd__clkbuf_16)
                                         clknet_0_clk (net)
                  0.07    0.00    0.79 ^ clkbuf_1_1__f_clk/A (sky130_fd_sc_hd__clkbuf_16)
    13    0.04    0.10    0.25    1.05 ^ clkbuf_1_1__f_clk/X (sky130_fd_sc_hd__clkbuf_16)
                                         clknet_1_1__leaf_clk (net)
                  0.10    0.00    1.05 ^ _246_/CLK (sky130_fd_sc_hd__dfrtp_1)
     3    0.01    0.12    0.80    1.85 v _246_/Q (sky130_fd_sc_hd__dfrtp_1)
                                         seq_timer[6] (net)
                  0.12    0.00    1.85 v _121_/A (sky130_fd_sc_hd__nor2_1)
     2    0.01    0.24    0.27    2.12 ^ _121_/Y (sky130_fd_sc_hd__nor2_1)
                                         _061_ (net)
                  0.24    0.00    2.12 ^ _134_/B (sky130_fd_sc_hd__nand3_1)
     2    0.01    0.18    0.26    2.38 v _134_/Y (sky130_fd_sc_hd__nand3_1)
                                         _074_ (net)
                  0.18    0.00    2.38 v _135_/C (sky130_fd_sc_hd__or3_1)
     1    0.01    0.17    0.80    3.18 v _135_/X (sky130_fd_sc_hd__or3_1)
                                         _075_ (net)
                  0.17    0.00    3.18 v _136_/A (sky130_fd_sc_hd__inv_2)
     3    0.01    0.10    0.15    3.33 ^ _136_/Y (sky130_fd_sc_hd__inv_2)
                                         _076_ (net)
                  0.10    0.00    3.33 ^ _196_/A1 (sky130_fd_sc_hd__a21o_1)
     1    0.00    0.06    0.20    3.53 ^ _196_/X (sky130_fd_sc_hd__a21o_1)
                                         _115_ (net)
                  0.06    0.00    3.53 ^ _253_/D (sky130_fd_sc_hd__dfrtp_1)
                                  3.53   data arrival time

                         10.00   10.00   clock clk (rise edge)
                          0.50   10.50   clock source latency
     1    0.02    0.09    0.06   10.56 ^ clk (in)
                                         clk (net)
                  0.09    0.00   10.56 ^ clkbuf_0_clk/A (sky130_fd_sc_hd__clkbuf_16)
     2    0.02    0.07    0.23   10.79 ^ clkbuf_0_clk/X (sky130_fd_sc_hd__clkbuf_16)
                                         clknet_0_clk (net)
                  0.07    0.00   10.79 ^ clkbuf_1_1__f_clk/A (sky130_fd_sc_hd__clkbuf_16)
    13    0.04    0.10    0.25   11.05 ^ clkbuf_1_1__f_clk/X (sky130_fd_sc_hd__clkbuf_16)
                                         clknet_1_1__leaf_clk (net)
                  0.10    0.00   11.05 ^ _253_/CLK (sky130_fd_sc_hd__dfrtp_1)
                         -0.30   10.75   clock uncertainty
                          0.00   10.75   clock reconvergence pessimism
                         -0.12   10.62   library setup time
                                 10.62   data required time
-----------------------------------------------------------------------------
                                 10.62   data required time
                                 -3.53   data arrival time
-----------------------------------------------------------------------------
                                  7.09   slack (MET)


Startpoint: _256_ (rising edge-triggered flip-flop clocked by clk)
Endpoint: _256_ (rising edge-triggered flip-flop clocked by clk)
Path Group: clk
Path Type: max
Corner: Slowest

Fanout     Cap    Slew   Delay    Time   Description
-----------------------------------------------------------------------------
                          0.00    0.00   clock clk (rise edge)
                          0.50    0.50   clock source latency
     1    0.02    0.09    0.06    0.56 ^ clk (in)
                                         clk (net)
                  0.09    0.00    0.56 ^ clkbuf_0_clk/A (sky130_fd_sc_hd__clkbuf_16)
     2    0.02    0.07    0.23    0.79 ^ clkbuf_0_clk/X (sky130_fd_sc_hd__clkbuf_16)
                                         clknet_0_clk (net)
                  0.07    0.00    0.79 ^ clkbuf_1_0__f_clk/A (sky130_fd_sc_hd__clkbuf_16)
    16    0.04    0.10    0.25    1.05 ^ clkbuf_1_0__f_clk/X (sky130_fd_sc_hd__clkbuf_16)
                                         clknet_1_0__leaf_clk (net)
                  0.10    0.00    1.05 ^ _256_/CLK (sky130_fd_sc_hd__dfrtp_4)
     8    0.03    0.17    1.09    2.14 v _256_/Q (sky130_fd_sc_hd__dfrtp_4)
                                         curr_state[0] (net)
                  0.17    0.00    2.14 v _138_/A (sky130_fd_sc_hd__nand2_1)
     3    0.01    0.21    0.24    2.38 ^ _138_/Y (sky130_fd_sc_hd__nand2_1)
                                         _077_ (net)
                  0.21    0.00    2.38 ^ _142_/B1 (sky130_fd_sc_hd__o21a_1)
     1    0.00    0.08    0.28    2.66 ^ _142_/X (sky130_fd_sc_hd__o21a_1)
                                         _080_ (net)
                  0.08    0.00    2.66 ^ _149_/A (sky130_fd_sc_hd__nand2_1)
     1    0.00    0.07    0.10    2.77 v _149_/Y (sky130_fd_sc_hd__nand2_1)
                                         _087_ (net)
                  0.07    0.00    2.77 v _151_/A (sky130_fd_sc_hd__nand2_1)
     1    0.00    0.08    0.10    2.87 ^ _151_/Y (sky130_fd_sc_hd__nand2_1)
                                         _089_ (net)
                  0.08    0.00    2.87 ^ _154_/A (sky130_fd_sc_hd__nand2_1)
     2    0.00    0.11    0.13    2.99 v _154_/Y (sky130_fd_sc_hd__nand2_1)
                                         _092_ (net)
                  0.11    0.00    2.99 v _156_/A (sky130_fd_sc_hd__nand2_1)
     2    0.01    0.14    0.16    3.16 ^ _156_/Y (sky130_fd_sc_hd__nand2_1)
                                         _094_ (net)
                  0.14    0.00    3.16 ^ _157_/A (sky130_fd_sc_hd__inv_2)
     1    0.00    0.03    0.07    3.23 v _157_/Y (sky130_fd_sc_hd__inv_2)
                                         next_state[0] (net)
                  0.03    0.00    3.23 v _256_/D (sky130_fd_sc_hd__dfrtp_4)
                                  3.23   data arrival time

                         10.00   10.00   clock clk (rise edge)
                          0.50   10.50   clock source latency
     1    0.02    0.09    0.06   10.56 ^ clk (in)
                                         clk (net)
                  0.09    0.00   10.56 ^ clkbuf_0_clk/A (sky130_fd_sc_hd__clkbuf_16)
     2    0.02    0.07    0.23   10.79 ^ clkbuf_0_clk/X (sky130_fd_sc_hd__clkbuf_16)
                                         clknet_0_clk (net)
                  0.07    0.00   10.79 ^ clkbuf_1_0__f_clk/A (sky130_fd_sc_hd__clkbuf_16)
    16    0.04    0.10    0.25   11.05 ^ clkbuf_1_0__f_clk/X (sky130_fd_sc_hd__clkbuf_16)
                                         clknet_1_0__leaf_clk (net)
                  0.10    0.00   11.05 ^ _256_/CLK (sky130_fd_sc_hd__dfrtp_4)
                         -0.30   10.75   clock uncertainty
                          0.00   10.75   clock reconvergence pessimism
                         -0.25   10.49   library setup time
                                 10.49   data required time
-----------------------------------------------------------------------------
                                 10.49   data required time
                                 -3.23   data arrival time
-----------------------------------------------------------------------------
                                  7.26   slack (MET)


Startpoint: _246_ (rising edge-triggered flip-flop clocked by clk)
Endpoint: _251_ (rising edge-triggered flip-flop clocked by clk)
Path Group: clk
Path Type: max
Corner: Slowest

Fanout     Cap    Slew   Delay    Time   Description
-----------------------------------------------------------------------------
                          0.00    0.00   clock clk (rise edge)
                          0.50    0.50   clock source latency
     1    0.02    0.09    0.06    0.56 ^ clk (in)
                                         clk (net)
                  0.09    0.00    0.56 ^ clkbuf_0_clk/A (sky130_fd_sc_hd__clkbuf_16)
     2    0.02    0.07    0.23    0.79 ^ clkbuf_0_clk/X (sky130_fd_sc_hd__clkbuf_16)
                                         clknet_0_clk (net)
                  0.07    0.00    0.79 ^ clkbuf_1_1__f_clk/A (sky130_fd_sc_hd__clkbuf_16)
    13    0.04    0.10    0.25    1.05 ^ clkbuf_1_1__f_clk/X (sky130_fd_sc_hd__clkbuf_16)
                                         clknet_1_1__leaf_clk (net)
                  0.10    0.00    1.05 ^ _246_/CLK (sky130_fd_sc_hd__dfrtp_1)
     3    0.01    0.12    0.80    1.85 v _246_/Q (sky130_fd_sc_hd__dfrtp_1)
                                         seq_timer[6] (net)
                  0.12    0.00    1.85 v _121_/A (sky130_fd_sc_hd__nor2_1)
     2    0.01    0.24    0.27    2.12 ^ _121_/Y (sky130_fd_sc_hd__nor2_1)
                                         _061_ (net)
                  0.24    0.00    2.12 ^ _122_/B (sky130_fd_sc_hd__nand2_1)
     3    0.01    0.17    0.25    2.36 v _122_/Y (sky130_fd_sc_hd__nand2_1)
                                         _062_ (net)
                  0.17    0.00    2.36 v _123_/B (sky130_fd_sc_hd__nor2_1)
     3    0.01    0.37    0.36    2.72 ^ _123_/Y (sky130_fd_sc_hd__nor2_1)
                                         _063_ (net)
                  0.37    0.00    2.72 ^ _198_/C1 (sky130_fd_sc_hd__o211a_1)
     1    0.00    0.10    0.41    3.13 ^ _198_/X (sky130_fd_sc_hd__o211a_1)
                                         _003_ (net)
                  0.10    0.00    3.13 ^ _251_/D (sky130_fd_sc_hd__dfrtp_1)
                                  3.13   data arrival time

                         10.00   10.00   clock clk (rise edge)
                          0.50   10.50   clock source latency
     1    0.02    0.09    0.06   10.56 ^ clk (in)
                                         clk (net)
                  0.09    0.00   10.56 ^ clkbuf_0_clk/A (sky130_fd_sc_hd__clkbuf_16)
     2    0.02    0.07    0.23   10.79 ^ clkbuf_0_clk/X (sky130_fd_sc_hd__clkbuf_16)
                                         clknet_0_clk (net)
                  0.07    0.00   10.79 ^ clkbuf_1_0__f_clk/A (sky130_fd_sc_hd__clkbuf_16)
    16    0.04    0.10    0.25   11.05 ^ clkbuf_1_0__f_clk/X (sky130_fd_sc_hd__clkbuf_16)
                                         clknet_1_0__leaf_clk (net)
                  0.10    0.00   11.05 ^ _251_/CLK (sky130_fd_sc_hd__dfrtp_1)
                         -0.30   10.75   clock uncertainty
                          0.00   10.75   clock reconvergence pessimism
                         -0.13   10.61   library setup time
                                 10.61   data required time
-----------------------------------------------------------------------------
                                 10.61   data required time
                                 -3.13   data arrival time
-----------------------------------------------------------------------------
                                  7.48   slack (MET)


Startpoint: _258_ (rising edge-triggered flip-flop clocked by clk)
Endpoint: _239_ (rising edge-triggered flip-flop clocked by clk)
Path Group: clk
Path Type: max
Corner: Slowest

Fanout     Cap    Slew   Delay    Time   Description
-----------------------------------------------------------------------------
                          0.00    0.00   clock clk (rise edge)
                          0.50    0.50   clock source latency
     1    0.02    0.09    0.06    0.56 ^ clk (in)
                                         clk (net)
                  0.09    0.00    0.56 ^ clkbuf_0_clk/A (sky130_fd_sc_hd__clkbuf_16)
     2    0.02    0.07    0.23    0.79 ^ clkbuf_0_clk/X (sky130_fd_sc_hd__clkbuf_16)
                                         clknet_0_clk (net)
                  0.07    0.00    0.79 ^ clkbuf_1_0__f_clk/A (sky130_fd_sc_hd__clkbuf_16)
    16    0.04    0.10    0.25    1.05 ^ clkbuf_1_0__f_clk/X (sky130_fd_sc_hd__clkbuf_16)
                                         clknet_1_0__leaf_clk (net)
                  0.10    0.00    1.05 ^ _258_/CLK (sky130_fd_sc_hd__dfrtp_4)
     8    0.04    0.19    1.12    2.16 v _258_/Q (sky130_fd_sc_hd__dfrtp_4)
                                         curr_state[2] (net)
                  0.19    0.00    2.16 v _124_/A (sky130_fd_sc_hd__inv_6)
     6    0.02    0.10    0.17    2.33 ^ _124_/Y (sky130_fd_sc_hd__inv_6)
                                         _064_ (net)
                  0.10    0.00    2.33 ^ _180_/A (sky130_fd_sc_hd__nand2_1)
     2    0.01    0.18    0.19    2.52 v _180_/Y (sky130_fd_sc_hd__nand2_1)
                                         _016_ (net)
                  0.18    0.00    2.52 v _189_/B (sky130_fd_sc_hd__nor2_1)
     2    0.01    0.31    0.32    2.84 ^ _189_/Y (sky130_fd_sc_hd__nor2_1)
                                         _022_ (net)
                  0.31    0.00    2.84 ^ _190_/A (sky130_fd_sc_hd__inv_2)
     1    0.00    0.06    0.12    2.96 v _190_/Y (sky130_fd_sc_hd__inv_2)
                                         _001_ (net)
                  0.06    0.00    2.96 v _239_/D (sky130_fd_sc_hd__dfstp_1)
                                  2.96   data arrival time

                         10.00   10.00   clock clk (rise edge)
                          0.50   10.50   clock source latency
     1    0.02    0.09    0.06   10.56 ^ clk (in)
                                         clk (net)
                  0.09    0.00   10.56 ^ clkbuf_0_clk/A (sky130_fd_sc_hd__clkbuf_16)
     2    0.02    0.07    0.23   10.79 ^ clkbuf_0_clk/X (sky130_fd_sc_hd__clkbuf_16)
                                         clknet_0_clk (net)
                  0.07    0.00   10.79 ^ clkbuf_1_1__f_clk/A (sky130_fd_sc_hd__clkbuf_16)
    13    0.04    0.10    0.25   11.05 ^ clkbuf_1_1__f_clk/X (sky130_fd_sc_hd__clkbuf_16)
                                         clknet_1_1__leaf_clk (net)
                  0.10    0.00   11.05 ^ _239_/CLK (sky130_fd_sc_hd__dfstp_1)
                         -0.30   10.75   clock uncertainty
                          0.00   10.75   clock reconvergence pessimism
                         -0.14   10.61   library setup time
                                 10.61   data required time
-----------------------------------------------------------------------------
                                 10.61   data required time
                                 -2.96   data arrival time
-----------------------------------------------------------------------------
                                  7.65   slack (MET)


Startpoint: wake_up (input port clocked by clk)
Endpoint: _259_ (rising edge-triggered flip-flop clocked by clk)
Path Group: clk
Path Type: max
Corner: Slowest

Fanout     Cap    Slew   Delay    Time   Description
-----------------------------------------------------------------------------
                          0.00    0.00   clock clk (rise edge)
                          0.50    0.50   clock network delay (propagated)
                          2.00    2.50 v input external delay
     1    0.00    0.04    0.01    2.51 v wake_up (in)
                                         wake_up (net)
                  0.04    0.00    2.51 v input7/A (sky130_fd_sc_hd__clkbuf_1)
     1    0.00    0.06    0.15    2.67 v input7/X (sky130_fd_sc_hd__clkbuf_1)
                                         net7 (net)
                  0.06    0.00    2.67 v _259_/D (sky130_fd_sc_hd__dfrtp_1)
                                  2.67   data arrival time

                         10.00   10.00   clock clk (rise edge)
                          0.50   10.50   clock source latency
     1    0.02    0.09    0.06   10.56 ^ clk (in)
                                         clk (net)
                  0.09    0.00   10.56 ^ clkbuf_0_clk/A (sky130_fd_sc_hd__clkbuf_16)
     2    0.02    0.07    0.23   10.79 ^ clkbuf_0_clk/X (sky130_fd_sc_hd__clkbuf_16)
                                         clknet_0_clk (net)
                  0.07    0.00   10.79 ^ clkbuf_1_0__f_clk/A (sky130_fd_sc_hd__clkbuf_16)
    16    0.04    0.10    0.25   11.05 ^ clkbuf_1_0__f_clk/X (sky130_fd_sc_hd__clkbuf_16)
                                         clknet_1_0__leaf_clk (net)
                  0.10    0.00   11.05 ^ _259_/CLK (sky130_fd_sc_hd__dfrtp_1)
                         -0.30   10.75   clock uncertainty
                          0.00   10.75   clock reconvergence pessimism
                         -0.26   10.48   library setup time
                                 10.48   data required time
-----------------------------------------------------------------------------
                                 10.48   data required time
                                 -2.67   data arrival time
-----------------------------------------------------------------------------
                                  7.82   slack (MET)


Startpoint: req_sleep (input port clocked by clk)
Endpoint: _261_ (rising edge-triggered flip-flop clocked by clk)
Path Group: clk
Path Type: max
Corner: Slowest

Fanout     Cap    Slew   Delay    Time   Description
-----------------------------------------------------------------------------
                          0.00    0.00   clock clk (rise edge)
                          0.50    0.50   clock network delay (propagated)
                          2.00    2.50 v input external delay
     1    0.00    0.04    0.01    2.51 v req_sleep (in)
                                         req_sleep (net)
                  0.04    0.00    2.51 v input5/A (sky130_fd_sc_hd__clkbuf_1)
     1    0.00    0.05    0.15    2.66 v input5/X (sky130_fd_sc_hd__clkbuf_1)
                                         net5 (net)
                  0.05    0.00    2.66 v _261_/D (sky130_fd_sc_hd__dfrtp_1)
                                  2.66   data arrival time

                         10.00   10.00   clock clk (rise edge)
                          0.50   10.50   clock source latency
     1    0.02    0.09    0.06   10.56 ^ clk (in)
                                         clk (net)
                  0.09    0.00   10.56 ^ clkbuf_0_clk/A (sky130_fd_sc_hd__clkbuf_16)
     2    0.02    0.07    0.23   10.79 ^ clkbuf_0_clk/X (sky130_fd_sc_hd__clkbuf_16)
                                         clknet_0_clk (net)
                  0.07    0.00   10.79 ^ clkbuf_1_0__f_clk/A (sky130_fd_sc_hd__clkbuf_16)
    16    0.04    0.10    0.25   11.05 ^ clkbuf_1_0__f_clk/X (sky130_fd_sc_hd__clkbuf_16)
                                         clknet_1_0__leaf_clk (net)
                  0.10    0.00   11.05 ^ _261_/CLK (sky130_fd_sc_hd__dfrtp_1)
                         -0.30   10.75   clock uncertainty
                          0.00   10.75   clock reconvergence pessimism
                         -0.26   10.49   library setup time
                                 10.49   data required time
-----------------------------------------------------------------------------
                                 10.49   data required time
                                 -2.66   data arrival time
-----------------------------------------------------------------------------
                                  7.82   slack (MET)


Startpoint: req_idle (input port clocked by clk)
Endpoint: _262_ (rising edge-triggered flip-flop clocked by clk)
Path Group: clk
Path Type: max
Corner: Slowest

Fanout     Cap    Slew   Delay    Time   Description
-----------------------------------------------------------------------------
                          0.00    0.00   clock clk (rise edge)
                          0.50    0.50   clock network delay (propagated)
                          2.00    2.50 v input external delay
     1    0.00    0.04    0.01    2.51 v req_idle (in)
                                         req_idle (net)
                  0.04    0.00    2.51 v input3/A (sky130_fd_sc_hd__clkbuf_1)
     1    0.00    0.05    0.14    2.65 v input3/X (sky130_fd_sc_hd__clkbuf_1)
                                         net3 (net)
                  0.05    0.00    2.65 v _262_/D (sky130_fd_sc_hd__dfrtp_1)
                                  2.65   data arrival time

                         10.00   10.00   clock clk (rise edge)
                          0.50   10.50   clock source latency
     1    0.02    0.09    0.06   10.56 ^ clk (in)
                                         clk (net)
                  0.09    0.00   10.56 ^ clkbuf_0_clk/A (sky130_fd_sc_hd__clkbuf_16)
     2    0.02    0.07    0.23   10.79 ^ clkbuf_0_clk/X (sky130_fd_sc_hd__clkbuf_16)
                                         clknet_0_clk (net)
                  0.07    0.00   10.79 ^ clkbuf_1_0__f_clk/A (sky130_fd_sc_hd__clkbuf_16)
    16    0.04    0.10    0.25   11.05 ^ clkbuf_1_0__f_clk/X (sky130_fd_sc_hd__clkbuf_16)
                                         clknet_1_0__leaf_clk (net)
                  0.10    0.00   11.05 ^ _262_/CLK (sky130_fd_sc_hd__dfrtp_1)
                         -0.30   10.75   clock uncertainty
                          0.00   10.75   clock reconvergence pessimism
                         -0.26   10.49   library setup time
                                 10.49   data required time
-----------------------------------------------------------------------------
                                 10.49   data required time
                                 -2.65   data arrival time
-----------------------------------------------------------------------------
                                  7.83   slack (MET)


Startpoint: req_off (input port clocked by clk)
Endpoint: _260_ (rising edge-triggered flip-flop clocked by clk)
Path Group: clk
Path Type: max
Corner: Slowest

Fanout     Cap    Slew   Delay    Time   Description
-----------------------------------------------------------------------------
                          0.00    0.00   clock clk (rise edge)
                          0.50    0.50   clock network delay (propagated)
                          2.00    2.50 v input external delay
     1    0.00    0.04    0.01    2.51 v req_off (in)
                                         req_off (net)
                  0.04    0.00    2.51 v input4/A (sky130_fd_sc_hd__clkbuf_1)
     1    0.00    0.04    0.14    2.65 v input4/X (sky130_fd_sc_hd__clkbuf_1)
                                         net4 (net)
                  0.04    0.00    2.65 v _260_/D (sky130_fd_sc_hd__dfrtp_1)
                                  2.65   data arrival time

                         10.00   10.00   clock clk (rise edge)
                          0.50   10.50   clock source latency
     1    0.02    0.09    0.06   10.56 ^ clk (in)
                                         clk (net)
                  0.09    0.00   10.56 ^ clkbuf_0_clk/A (sky130_fd_sc_hd__clkbuf_16)
     2    0.02    0.07    0.23   10.79 ^ clkbuf_0_clk/X (sky130_fd_sc_hd__clkbuf_16)
                                         clknet_0_clk (net)
                  0.07    0.00   10.79 ^ clkbuf_1_0__f_clk/A (sky130_fd_sc_hd__clkbuf_16)
    16    0.04    0.10    0.25   11.05 ^ clkbuf_1_0__f_clk/X (sky130_fd_sc_hd__clkbuf_16)
                                         clknet_1_0__leaf_clk (net)
                  0.10    0.00   11.05 ^ _260_/CLK (sky130_fd_sc_hd__dfrtp_1)
                         -0.30   10.75   clock uncertainty
                          0.00   10.75   clock reconvergence pessimism
                         -0.26   10.49   library setup time
                                 10.49   data required time
-----------------------------------------------------------------------------
                                 10.49   data required time
                                 -2.65   data arrival time
-----------------------------------------------------------------------------
                                  7.84   slack (MET)


Startpoint: _257_ (rising edge-triggered flip-flop clocked by clk)
Endpoint: _248_ (rising edge-triggered flip-flop clocked by clk)
Path Group: clk
Path Type: max
Corner: Slowest

Fanout     Cap    Slew   Delay    Time   Description
-----------------------------------------------------------------------------
                          0.00    0.00   clock clk (rise edge)
                          0.50    0.50   clock source latency
     1    0.02    0.09    0.06    0.56 ^ clk (in)
                                         clk (net)
                  0.09    0.00    0.56 ^ clkbuf_0_clk/A (sky130_fd_sc_hd__clkbuf_16)
     2    0.02    0.07    0.23    0.79 ^ clkbuf_0_clk/X (sky130_fd_sc_hd__clkbuf_16)
                                         clknet_0_clk (net)
                  0.07    0.00    0.79 ^ clkbuf_1_0__f_clk/A (sky130_fd_sc_hd__clkbuf_16)
    16    0.04    0.10    0.25    1.05 ^ clkbuf_1_0__f_clk/X (sky130_fd_sc_hd__clkbuf_16)
                                         clknet_1_0__leaf_clk (net)
                  0.10    0.00    1.05 ^ _257_/CLK (sky130_fd_sc_hd__dfrtp_1)
     3    0.01    0.14    0.82    1.86 v _257_/Q (sky130_fd_sc_hd__dfrtp_1)
                                         curr_state[1] (net)
                  0.14    0.00    1.86 v _126_/A (sky130_fd_sc_hd__clkbuf_2)
     8    0.03    0.20    0.34    2.20 v _126_/X (sky130_fd_sc_hd__clkbuf_2)
                                         _066_ (net)
                  0.20    0.00    2.20 v _188_/A2 (sky130_fd_sc_hd__o21a_1)
     1    0.00    0.07    0.37    2.57 v _188_/X (sky130_fd_sc_hd__o21a_1)
                                         _000_ (net)
                  0.07    0.00    2.57 v _248_/D (sky130_fd_sc_hd__dfrtp_1)
                                  2.57   data arrival time

                         10.00   10.00   clock clk (rise edge)
                          0.50   10.50   clock source latency
     1    0.02    0.09    0.06   10.56 ^ clk (in)
                                         clk (net)
                  0.09    0.00   10.56 ^ clkbuf_0_clk/A (sky130_fd_sc_hd__clkbuf_16)
     2    0.02    0.07    0.23   10.79 ^ clkbuf_0_clk/X (sky130_fd_sc_hd__clkbuf_16)
                                         clknet_0_clk (net)
                  0.07    0.00   10.79 ^ clkbuf_1_0__f_clk/A (sky130_fd_sc_hd__clkbuf_16)
    16    0.04    0.10    0.25   11.05 ^ clkbuf_1_0__f_clk/X (sky130_fd_sc_hd__clkbuf_16)
                                         clknet_1_0__leaf_clk (net)
                  0.10    0.00   11.05 ^ _248_/CLK (sky130_fd_sc_hd__dfrtp_1)
                         -0.30   10.75   clock uncertainty
                          0.00   10.75   clock reconvergence pessimism
                         -0.27   10.48   library setup time
                                 10.48   data required time
-----------------------------------------------------------------------------
                                 10.48   data required time
                                 -2.57   data arrival time
-----------------------------------------------------------------------------
                                  7.91   slack (MET)


Startpoint: _257_ (rising edge-triggered flip-flop clocked by clk)
Endpoint: _254_ (rising edge-triggered flip-flop clocked by clk)
Path Group: clk
Path Type: max
Corner: Slowest

Fanout     Cap    Slew   Delay    Time   Description
-----------------------------------------------------------------------------
                          0.00    0.00   clock clk (rise edge)
                          0.50    0.50   clock source latency
     1    0.02    0.09    0.06    0.56 ^ clk (in)
                                         clk (net)
                  0.09    0.00    0.56 ^ clkbuf_0_clk/A (sky130_fd_sc_hd__clkbuf_16)
     2    0.02    0.07    0.23    0.79 ^ clkbuf_0_clk/X (sky130_fd_sc_hd__clkbuf_16)
                                         clknet_0_clk (net)
                  0.07    0.00    0.79 ^ clkbuf_1_0__f_clk/A (sky130_fd_sc_hd__clkbuf_16)
    16    0.04    0.10    0.25    1.05 ^ clkbuf_1_0__f_clk/X (sky130_fd_sc_hd__clkbuf_16)
                                         clknet_1_0__leaf_clk (net)
                  0.10    0.00    1.05 ^ _257_/CLK (sky130_fd_sc_hd__dfrtp_1)
     3    0.01    0.14    0.82    1.86 v _257_/Q (sky130_fd_sc_hd__dfrtp_1)
                                         curr_state[1] (net)
                  0.14    0.00    1.86 v _126_/A (sky130_fd_sc_hd__clkbuf_2)
     8    0.03    0.20    0.34    2.20 v _126_/X (sky130_fd_sc_hd__clkbuf_2)
                                         _066_ (net)
                  0.20    0.00    2.20 v _191_/A2 (sky130_fd_sc_hd__a21oi_1)
     1    0.01    0.34    0.42    2.62 ^ _191_/Y (sky130_fd_sc_hd__a21oi_1)
                                         _112_ (net)
                  0.34    0.00    2.62 ^ _254_/D (sky130_fd_sc_hd__dfrtp_1)
                                  2.62   data arrival time

                         10.00   10.00   clock clk (rise edge)
                          0.50   10.50   clock source latency
     1    0.02    0.09    0.06   10.56 ^ clk (in)
                                         clk (net)
                  0.09    0.00   10.56 ^ clkbuf_0_clk/A (sky130_fd_sc_hd__clkbuf_16)
     2    0.02    0.07    0.23   10.79 ^ clkbuf_0_clk/X (sky130_fd_sc_hd__clkbuf_16)
                                         clknet_0_clk (net)
                  0.07    0.00   10.79 ^ clkbuf_1_1__f_clk/A (sky130_fd_sc_hd__clkbuf_16)
    13    0.04    0.10    0.25   11.05 ^ clkbuf_1_1__f_clk/X (sky130_fd_sc_hd__clkbuf_16)
                                         clknet_1_1__leaf_clk (net)
                  0.10    0.00   11.05 ^ _254_/CLK (sky130_fd_sc_hd__dfrtp_1)
                         -0.30   10.75   clock uncertainty
                          0.00   10.75   clock reconvergence pessimism
                         -0.20   10.55   library setup time
                                 10.55   data required time
-----------------------------------------------------------------------------
                                 10.55   data required time
                                 -2.62   data arrival time
-----------------------------------------------------------------------------
                                  7.93   slack (MET)


Startpoint: _258_ (rising edge-triggered flip-flop clocked by clk)
Endpoint: _249_ (rising edge-triggered flip-flop clocked by clk)
Path Group: clk
Path Type: max
Corner: Slowest

Fanout     Cap    Slew   Delay    Time   Description
-----------------------------------------------------------------------------
                          0.00    0.00   clock clk (rise edge)
                          0.50    0.50   clock source latency
     1    0.02    0.09    0.06    0.56 ^ clk (in)
                                         clk (net)
                  0.09    0.00    0.56 ^ clkbuf_0_clk/A (sky130_fd_sc_hd__clkbuf_16)
     2    0.02    0.07    0.23    0.79 ^ clkbuf_0_clk/X (sky130_fd_sc_hd__clkbuf_16)
                                         clknet_0_clk (net)
                  0.07    0.00    0.79 ^ clkbuf_1_0__f_clk/A (sky130_fd_sc_hd__clkbuf_16)
    16    0.04    0.10    0.25    1.05 ^ clkbuf_1_0__f_clk/X (sky130_fd_sc_hd__clkbuf_16)
                                         clknet_1_0__leaf_clk (net)
                  0.10    0.00    1.05 ^ _258_/CLK (sky130_fd_sc_hd__dfrtp_4)
     8    0.04    0.19    1.12    2.16 v _258_/Q (sky130_fd_sc_hd__dfrtp_4)
                                         curr_state[2] (net)
                  0.19    0.00    2.16 v _183_/A (sky130_fd_sc_hd__nor2_1)
     2    0.01    0.28    0.33    2.49 ^ _183_/Y (sky130_fd_sc_hd__nor2_1)
                                         _002_ (net)
                  0.28    0.00    2.49 ^ _249_/D (sky130_fd_sc_hd__dfrtp_1)
                                  2.49   data arrival time

                         10.00   10.00   clock clk (rise edge)
                          0.50   10.50   clock source latency
     1    0.02    0.09    0.06   10.56 ^ clk (in)
                                         clk (net)
                  0.09    0.00   10.56 ^ clkbuf_0_clk/A (sky130_fd_sc_hd__clkbuf_16)
     2    0.02    0.07    0.23   10.79 ^ clkbuf_0_clk/X (sky130_fd_sc_hd__clkbuf_16)
                                         clknet_0_clk (net)
                  0.07    0.00   10.79 ^ clkbuf_1_0__f_clk/A (sky130_fd_sc_hd__clkbuf_16)
    16    0.04    0.10    0.25   11.05 ^ clkbuf_1_0__f_clk/X (sky130_fd_sc_hd__clkbuf_16)
                                         clknet_1_0__leaf_clk (net)
                  0.10    0.00   11.05 ^ _249_/CLK (sky130_fd_sc_hd__dfrtp_1)
                         -0.30   10.75   clock uncertainty
                          0.00   10.75   clock reconvergence pessimism
                         -0.18   10.57   library setup time
                                 10.57   data required time
-----------------------------------------------------------------------------
                                 10.57   data required time
                                 -2.49   data arrival time
-----------------------------------------------------------------------------
                                  8.07   slack (MET)


Startpoint: _259_ (rising edge-triggered flip-flop clocked by clk)
Endpoint: _263_ (rising edge-triggered flip-flop clocked by clk)
Path Group: clk
Path Type: max
Corner: Slowest

Fanout     Cap    Slew   Delay    Time   Description
-----------------------------------------------------------------------------
                          0.00    0.00   clock clk (rise edge)
                          0.50    0.50   clock source latency
     1    0.02    0.09    0.06    0.56 ^ clk (in)
                                         clk (net)
                  0.09    0.00    0.56 ^ clkbuf_0_clk/A (sky130_fd_sc_hd__clkbuf_16)
     2    0.02    0.07    0.23    0.79 ^ clkbuf_0_clk/X (sky130_fd_sc_hd__clkbuf_16)
                                         clknet_0_clk (net)
                  0.07    0.00    0.79 ^ clkbuf_1_0__f_clk/A (sky130_fd_sc_hd__clkbuf_16)
    16    0.04    0.10    0.25    1.05 ^ clkbuf_1_0__f_clk/X (sky130_fd_sc_hd__clkbuf_16)
                                         clknet_1_0__leaf_clk (net)
                  0.10    0.00    1.05 ^ _259_/CLK (sky130_fd_sc_hd__dfrtp_1)
     1    0.00    0.08    0.76    1.80 v _259_/Q (sky130_fd_sc_hd__dfrtp_1)
                                         sync_stage1[0] (net)
                  0.08    0.00    1.80 v _263_/D (sky130_fd_sc_hd__dfrtp_1)
                                  1.80   data arrival time

                         10.00   10.00   clock clk (rise edge)
                          0.50   10.50   clock source latency
     1    0.02    0.09    0.06   10.56 ^ clk (in)
                                         clk (net)
                  0.09    0.00   10.56 ^ clkbuf_0_clk/A (sky130_fd_sc_hd__clkbuf_16)
     2    0.02    0.07    0.23   10.79 ^ clkbuf_0_clk/X (sky130_fd_sc_hd__clkbuf_16)
                                         clknet_0_clk (net)
                  0.07    0.00   10.79 ^ clkbuf_1_0__f_clk/A (sky130_fd_sc_hd__clkbuf_16)
    16    0.04    0.10    0.25   11.05 ^ clkbuf_1_0__f_clk/X (sky130_fd_sc_hd__clkbuf_16)
                                         clknet_1_0__leaf_clk (net)
                  0.10    0.00   11.05 ^ _263_/CLK (sky130_fd_sc_hd__dfrtp_1)
                         -0.30   10.75   clock uncertainty
                          0.00   10.75   clock reconvergence pessimism
                         -0.27   10.47   library setup time
                                 10.47   data required time
-----------------------------------------------------------------------------
                                 10.47   data required time
                                 -1.80   data arrival time
-----------------------------------------------------------------------------
                                  8.67   slack (MET)


Startpoint: _260_ (rising edge-triggered flip-flop clocked by clk)
Endpoint: _264_ (rising edge-triggered flip-flop clocked by clk)
Path Group: clk
Path Type: max
Corner: Slowest

Fanout     Cap    Slew   Delay    Time   Description
-----------------------------------------------------------------------------
                          0.00    0.00   clock clk (rise edge)
                          0.50    0.50   clock source latency
     1    0.02    0.09    0.06    0.56 ^ clk (in)
                                         clk (net)
                  0.09    0.00    0.56 ^ clkbuf_0_clk/A (sky130_fd_sc_hd__clkbuf_16)
     2    0.02    0.07    0.23    0.79 ^ clkbuf_0_clk/X (sky130_fd_sc_hd__clkbuf_16)
                                         clknet_0_clk (net)
                  0.07    0.00    0.79 ^ clkbuf_1_0__f_clk/A (sky130_fd_sc_hd__clkbuf_16)
    16    0.04    0.10    0.25    1.05 ^ clkbuf_1_0__f_clk/X (sky130_fd_sc_hd__clkbuf_16)
                                         clknet_1_0__leaf_clk (net)
                  0.10    0.00    1.05 ^ _260_/CLK (sky130_fd_sc_hd__dfrtp_1)
     1    0.00    0.07    0.74    1.79 v _260_/Q (sky130_fd_sc_hd__dfrtp_1)
                                         sync_stage1[1] (net)
                  0.07    0.00    1.79 v _264_/D (sky130_fd_sc_hd__dfrtp_1)
                                  1.79   data arrival time

                         10.00   10.00   clock clk (rise edge)
                          0.50   10.50   clock source latency
     1    0.02    0.09    0.06   10.56 ^ clk (in)
                                         clk (net)
                  0.09    0.00   10.56 ^ clkbuf_0_clk/A (sky130_fd_sc_hd__clkbuf_16)
     2    0.02    0.07    0.23   10.79 ^ clkbuf_0_clk/X (sky130_fd_sc_hd__clkbuf_16)
                                         clknet_0_clk (net)
                  0.07    0.00   10.79 ^ clkbuf_1_0__f_clk/A (sky130_fd_sc_hd__clkbuf_16)
    16    0.04    0.10    0.25   11.05 ^ clkbuf_1_0__f_clk/X (sky130_fd_sc_hd__clkbuf_16)
                                         clknet_1_0__leaf_clk (net)
                  0.10    0.00   11.05 ^ _264_/CLK (sky130_fd_sc_hd__dfrtp_1)
                         -0.30   10.75   clock uncertainty
                          0.00   10.75   clock reconvergence pessimism
                         -0.27   10.48   library setup time
                                 10.48   data required time
-----------------------------------------------------------------------------
                                 10.48   data required time
                                 -1.79   data arrival time
-----------------------------------------------------------------------------
                                  8.69   slack (MET)


Startpoint: _261_ (rising edge-triggered flip-flop clocked by clk)
Endpoint: _265_ (rising edge-triggered flip-flop clocked by clk)
Path Group: clk
Path Type: max
Corner: Slowest

Fanout     Cap    Slew   Delay    Time   Description
-----------------------------------------------------------------------------
                          0.00    0.00   clock clk (rise edge)
                          0.50    0.50   clock source latency
     1    0.02    0.09    0.06    0.56 ^ clk (in)
                                         clk (net)
                  0.09    0.00    0.56 ^ clkbuf_0_clk/A (sky130_fd_sc_hd__clkbuf_16)
     2    0.02    0.07    0.23    0.79 ^ clkbuf_0_clk/X (sky130_fd_sc_hd__clkbuf_16)
                                         clknet_0_clk (net)
                  0.07    0.00    0.79 ^ clkbuf_1_0__f_clk/A (sky130_fd_sc_hd__clkbuf_16)
    16    0.04    0.10    0.25    1.05 ^ clkbuf_1_0__f_clk/X (sky130_fd_sc_hd__clkbuf_16)
                                         clknet_1_0__leaf_clk (net)
                  0.10    0.00    1.05 ^ _261_/CLK (sky130_fd_sc_hd__dfrtp_1)
     1    0.00    0.07    0.74    1.78 v _261_/Q (sky130_fd_sc_hd__dfrtp_1)
                                         sync_stage1[2] (net)
                  0.07    0.00    1.78 v _265_/D (sky130_fd_sc_hd__dfrtp_1)
                                  1.78   data arrival time

                         10.00   10.00   clock clk (rise edge)
                          0.50   10.50   clock source latency
     1    0.02    0.09    0.06   10.56 ^ clk (in)
                                         clk (net)
                  0.09    0.00   10.56 ^ clkbuf_0_clk/A (sky130_fd_sc_hd__clkbuf_16)
     2    0.02    0.07    0.23   10.79 ^ clkbuf_0_clk/X (sky130_fd_sc_hd__clkbuf_16)
                                         clknet_0_clk (net)
                  0.07    0.00   10.79 ^ clkbuf_1_0__f_clk/A (sky130_fd_sc_hd__clkbuf_16)
    16    0.04    0.10    0.25   11.05 ^ clkbuf_1_0__f_clk/X (sky130_fd_sc_hd__clkbuf_16)
                                         clknet_1_0__leaf_clk (net)
                  0.10    0.00   11.05 ^ _265_/CLK (sky130_fd_sc_hd__dfrtp_1)
                         -0.30   10.75   clock uncertainty
                          0.00   10.75   clock reconvergence pessimism
                         -0.27   10.48   library setup time
                                 10.48   data required time
-----------------------------------------------------------------------------
                                 10.48   data required time
                                 -1.78   data arrival time
-----------------------------------------------------------------------------
                                  8.69   slack (MET)


Startpoint: _262_ (rising edge-triggered flip-flop clocked by clk)
Endpoint: _266_ (rising edge-triggered flip-flop clocked by clk)
Path Group: clk
Path Type: max
Corner: Slowest

Fanout     Cap    Slew   Delay    Time   Description
-----------------------------------------------------------------------------
                          0.00    0.00   clock clk (rise edge)
                          0.50    0.50   clock source latency
     1    0.02    0.09    0.06    0.56 ^ clk (in)
                                         clk (net)
                  0.09    0.00    0.56 ^ clkbuf_0_clk/A (sky130_fd_sc_hd__clkbuf_16)
     2    0.02    0.07    0.23    0.79 ^ clkbuf_0_clk/X (sky130_fd_sc_hd__clkbuf_16)
                                         clknet_0_clk (net)
                  0.07    0.00    0.79 ^ clkbuf_1_0__f_clk/A (sky130_fd_sc_hd__clkbuf_16)
    16    0.04    0.10    0.25    1.05 ^ clkbuf_1_0__f_clk/X (sky130_fd_sc_hd__clkbuf_16)
                                         clknet_1_0__leaf_clk (net)
                  0.10    0.00    1.05 ^ _262_/CLK (sky130_fd_sc_hd__dfrtp_1)
     1    0.00    0.07    0.74    1.78 v _262_/Q (sky130_fd_sc_hd__dfrtp_1)
                                         sync_stage1[3] (net)
                  0.07    0.00    1.78 v _266_/D (sky130_fd_sc_hd__dfrtp_1)
                                  1.78   data arrival time

                         10.00   10.00   clock clk (rise edge)
                          0.50   10.50   clock source latency
     1    0.02    0.09    0.06   10.56 ^ clk (in)
                                         clk (net)
                  0.09    0.00   10.56 ^ clkbuf_0_clk/A (sky130_fd_sc_hd__clkbuf_16)
     2    0.02    0.07    0.23   10.79 ^ clkbuf_0_clk/X (sky130_fd_sc_hd__clkbuf_16)
                                         clknet_0_clk (net)
                  0.07    0.00   10.79 ^ clkbuf_1_0__f_clk/A (sky130_fd_sc_hd__clkbuf_16)
    16    0.04    0.10    0.25   11.05 ^ clkbuf_1_0__f_clk/X (sky130_fd_sc_hd__clkbuf_16)
                                         clknet_1_0__leaf_clk (net)
                  0.10    0.00   11.05 ^ _266_/CLK (sky130_fd_sc_hd__dfrtp_1)
                         -0.30   10.75   clock uncertainty
                          0.00   10.75   clock reconvergence pessimism
                         -0.27   10.48   library setup time
                                 10.48   data required time
-----------------------------------------------------------------------------
                                 10.48   data required time
                                 -1.78   data arrival time
-----------------------------------------------------------------------------
                                  8.69   slack (MET)



worst slack corner Slowest: 3.1702
======================= Typical Corner ===================================

Startpoint: retention_ready (input port clocked by clk)
Endpoint: error (output port clocked by clk)
Path Group: clk
Path Type: max
Corner: Typical

Fanout     Cap    Slew   Delay    Time   Description
-----------------------------------------------------------------------------
                          0.00    0.00   clock clk (rise edge)
                          0.50    0.50   clock network delay (propagated)
                          3.00    3.50 v input external delay
     1    0.00    0.02    0.01    3.51 v retention_ready (in)
                                         retention_ready (net)
                  0.02    0.00    3.51 v input6/A (sky130_fd_sc_hd__buf_1)
     1    0.01    0.05    0.10    3.61 v input6/X (sky130_fd_sc_hd__buf_1)
                                         net6 (net)
                  0.05    0.00    3.61 v _164_/A (sky130_fd_sc_hd__inv_2)
     3    0.01    0.05    0.07    3.68 ^ _164_/Y (sky130_fd_sc_hd__inv_2)
                                         _101_ (net)
                  0.05    0.00    3.68 ^ _199_/B (sky130_fd_sc_hd__nand2_1)
     1    0.00    0.05    0.05    3.72 v _199_/Y (sky130_fd_sc_hd__nand2_1)
                                         _026_ (net)
                  0.05    0.00    3.72 v _200_/B1 (sky130_fd_sc_hd__a211oi_1)
     1    0.01    0.27    0.28    4.00 ^ _200_/Y (sky130_fd_sc_hd__a211oi_1)
                                         net10 (net)
                  0.27    0.00    4.00 ^ wire19/A (sky130_fd_sc_hd__clkbuf_1)
     1    0.01    0.08    0.15    4.15 ^ wire19/X (sky130_fd_sc_hd__clkbuf_1)
                                         net19 (net)
                  0.08    0.00    4.15 ^ output10/A (sky130_fd_sc_hd__clkbuf_2)
     1    0.02    0.12    0.17    4.32 ^ output10/X (sky130_fd_sc_hd__clkbuf_2)
                                         error (net)
                  0.12    0.00    4.32 ^ error (out)
                                  4.32   data arrival time

                         10.00   10.00   clock clk (rise edge)
                          0.50   10.50   clock network delay (propagated)
                         -0.30   10.20   clock uncertainty
                          0.00   10.20   clock reconvergence pessimism
                         -2.00    8.20   output external delay
                                  8.20   data required time
-----------------------------------------------------------------------------
                                  8.20   data required time
                                 -4.32   data arrival time
-----------------------------------------------------------------------------
                                  3.88   slack (MET)


Startpoint: pwr_stable (input port clocked by clk)
Endpoint: _257_ (rising edge-triggered flip-flop clocked by clk)
Path Group: clk
Path Type: max
Corner: Typical

Fanout     Cap    Slew   Delay    Time   Description
-----------------------------------------------------------------------------
                          0.00    0.00   clock clk (rise edge)
                          0.50    0.50   clock network delay (propagated)
                          3.00    3.50 ^ input external delay
     1    0.00    0.02    0.01    3.51 ^ pwr_stable (in)
                                         pwr_stable (net)
                  0.02    0.00    3.51 ^ input2/A (sky130_fd_sc_hd__clkbuf_1)
     1    0.01    0.07    0.09    3.60 ^ input2/X (sky130_fd_sc_hd__clkbuf_1)
                                         net2 (net)
                  0.07    0.00    3.60 ^ _158_/A (sky130_fd_sc_hd__nand2_1)
     2    0.01    0.06    0.07    3.67 v _158_/Y (sky130_fd_sc_hd__nand2_1)
                                         _095_ (net)
                  0.06    0.00    3.67 v _159_/B1_N (sky130_fd_sc_hd__o21bai_1)
     1    0.00    0.05    0.15    3.82 v _159_/Y (sky130_fd_sc_hd__o21bai_1)
                                         _096_ (net)
                  0.05    0.00    3.82 v _160_/A (sky130_fd_sc_hd__nand2_1)
     1    0.00    0.04    0.06    3.88 ^ _160_/Y (sky130_fd_sc_hd__nand2_1)
                                         _097_ (net)
                  0.04    0.00    3.88 ^ _166_/A (sky130_fd_sc_hd__nand2_1)
     2    0.01    0.05    0.06    3.94 v _166_/Y (sky130_fd_sc_hd__nand2_1)
                                         _103_ (net)
                  0.05    0.00    3.94 v _174_/A (sky130_fd_sc_hd__or3_1)
     1    0.00    0.06    0.36    4.30 v _174_/X (sky130_fd_sc_hd__or3_1)
                                         _111_ (net)
                  0.06    0.00    4.30 v _175_/A (sky130_fd_sc_hd__clkbuf_1)
     1    0.00    0.03    0.10    4.40 v _175_/X (sky130_fd_sc_hd__clkbuf_1)
                                         next_state[1] (net)
                  0.03    0.00    4.40 v _257_/D (sky130_fd_sc_hd__dfrtp_1)
                                  4.40   data arrival time

                         10.00   10.00   clock clk (rise edge)
                          0.50   10.50   clock source latency
     1    0.02    0.05    0.04   10.54 ^ clk (in)
                                         clk (net)
                  0.05    0.00   10.54 ^ clkbuf_0_clk/A (sky130_fd_sc_hd__clkbuf_16)
     2    0.02    0.04    0.13   10.67 ^ clkbuf_0_clk/X (sky130_fd_sc_hd__clkbuf_16)
                                         clknet_0_clk (net)
                  0.04    0.00   10.67 ^ clkbuf_1_0__f_clk/A (sky130_fd_sc_hd__clkbuf_16)
    16    0.05    0.06    0.14   10.81 ^ clkbuf_1_0__f_clk/X (sky130_fd_sc_hd__clkbuf_16)
                                         clknet_1_0__leaf_clk (net)
                  0.06    0.00   10.81 ^ _257_/CLK (sky130_fd_sc_hd__dfrtp_1)
                         -0.30   10.51   clock uncertainty
                          0.00   10.51   clock reconvergence pessimism
                         -0.10   10.41   library setup time
                                 10.41   data required time
-----------------------------------------------------------------------------
                                 10.41   data required time
                                 -4.40   data arrival time
-----------------------------------------------------------------------------
                                  6.01   slack (MET)


Startpoint: pwr_stable (input port clocked by clk)
Endpoint: _243_ (rising edge-triggered flip-flop clocked by clk)
Path Group: clk
Path Type: max
Corner: Typical

Fanout     Cap    Slew   Delay    Time   Description
-----------------------------------------------------------------------------
                          0.00    0.00   clock clk (rise edge)
                          0.50    0.50   clock network delay (propagated)
                          3.00    3.50 ^ input external delay
     1    0.00    0.02    0.01    3.51 ^ pwr_stable (in)
                                         pwr_stable (net)
                  0.02    0.00    3.51 ^ input2/A (sky130_fd_sc_hd__clkbuf_1)
     1    0.01    0.07    0.09    3.60 ^ input2/X (sky130_fd_sc_hd__clkbuf_1)
                                         net2 (net)
                  0.07    0.00    3.60 ^ _158_/A (sky130_fd_sc_hd__nand2_1)
     2    0.01    0.06    0.07    3.67 v _158_/Y (sky130_fd_sc_hd__nand2_1)
                                         _095_ (net)
                  0.06    0.00    3.67 v _159_/B1_N (sky130_fd_sc_hd__o21bai_1)
     1    0.00    0.05    0.15    3.82 v _159_/Y (sky130_fd_sc_hd__o21bai_1)
                                         _096_ (net)
                  0.05    0.00    3.82 v _160_/A (sky130_fd_sc_hd__nand2_1)
     1    0.00    0.04    0.06    3.88 ^ _160_/Y (sky130_fd_sc_hd__nand2_1)
                                         _097_ (net)
                  0.04    0.00    3.88 ^ _166_/A (sky130_fd_sc_hd__nand2_1)
     2    0.01    0.05    0.06    3.94 v _166_/Y (sky130_fd_sc_hd__nand2_1)
                                         _103_ (net)
                  0.05    0.00    3.94 v _178_/B (sky130_fd_sc_hd__nor2_1)
     2    0.01    0.13    0.12    4.06 ^ _178_/Y (sky130_fd_sc_hd__nor2_1)
                                         _014_ (net)
                  0.13    0.00    4.06 ^ _204_/A (sky130_fd_sc_hd__nand3_1)
     1    0.01    0.12    0.13    4.19 v _204_/Y (sky130_fd_sc_hd__nand3_1)
                                         _030_ (net)
                  0.12    0.00    4.19 v _209_/A (sky130_fd_sc_hd__nand3_4)
     8    0.03    0.13    0.14    4.33 ^ _209_/Y (sky130_fd_sc_hd__nand3_4)
                                         _035_ (net)
                  0.13    0.00    4.33 ^ _223_/B (sky130_fd_sc_hd__nor2_1)
     1    0.00    0.04    0.06    4.39 v _223_/Y (sky130_fd_sc_hd__nor2_1)
                                         _007_ (net)
                  0.04    0.00    4.39 v _243_/D (sky130_fd_sc_hd__dfrtp_1)
                                  4.39   data arrival time

                         10.00   10.00   clock clk (rise edge)
                          0.50   10.50   clock source latency
     1    0.02    0.05    0.04   10.54 ^ clk (in)
                                         clk (net)
                  0.05    0.00   10.54 ^ clkbuf_0_clk/A (sky130_fd_sc_hd__clkbuf_16)
     2    0.02    0.04    0.13   10.67 ^ clkbuf_0_clk/X (sky130_fd_sc_hd__clkbuf_16)
                                         clknet_0_clk (net)
                  0.04    0.00   10.67 ^ clkbuf_1_1__f_clk/A (sky130_fd_sc_hd__clkbuf_16)
    13    0.05    0.06    0.14   10.81 ^ clkbuf_1_1__f_clk/X (sky130_fd_sc_hd__clkbuf_16)
                                         clknet_1_1__leaf_clk (net)
                  0.06    0.00   10.81 ^ _243_/CLK (sky130_fd_sc_hd__dfrtp_1)
                         -0.30   10.51   clock uncertainty
                          0.00   10.51   clock reconvergence pessimism
                         -0.11   10.40   library setup time
                                 10.40   data required time
-----------------------------------------------------------------------------
                                 10.40   data required time
                                 -4.39   data arrival time
-----------------------------------------------------------------------------
                                  6.02   slack (MET)


Startpoint: pwr_stable (input port clocked by clk)
Endpoint: _247_ (rising edge-triggered flip-flop clocked by clk)
Path Group: clk
Path Type: max
Corner: Typical

Fanout     Cap    Slew   Delay    Time   Description
-----------------------------------------------------------------------------
                          0.00    0.00   clock clk (rise edge)
                          0.50    0.50   clock network delay (propagated)
                          3.00    3.50 ^ input external delay
     1    0.00    0.02    0.01    3.51 ^ pwr_stable (in)
                                         pwr_stable (net)
                  0.02    0.00    3.51 ^ input2/A (sky130_fd_sc_hd__clkbuf_1)
     1    0.01    0.07    0.09    3.60 ^ input2/X (sky130_fd_sc_hd__clkbuf_1)
                                         net2 (net)
                  0.07    0.00    3.60 ^ _158_/A (sky130_fd_sc_hd__nand2_1)
     2    0.01    0.06    0.07    3.67 v _158_/Y (sky130_fd_sc_hd__nand2_1)
                                         _095_ (net)
                  0.06    0.00    3.67 v _159_/B1_N (sky130_fd_sc_hd__o21bai_1)
     1    0.00    0.05    0.15    3.82 v _159_/Y (sky130_fd_sc_hd__o21bai_1)
                                         _096_ (net)
                  0.05    0.00    3.82 v _160_/A (sky130_fd_sc_hd__nand2_1)
     1    0.00    0.04    0.06    3.88 ^ _160_/Y (sky130_fd_sc_hd__nand2_1)
                                         _097_ (net)
                  0.04    0.00    3.88 ^ _166_/A (sky130_fd_sc_hd__nand2_1)
     2    0.01    0.05    0.06    3.94 v _166_/Y (sky130_fd_sc_hd__nand2_1)
                                         _103_ (net)
                  0.05    0.00    3.94 v _178_/B (sky130_fd_sc_hd__nor2_1)
     2    0.01    0.13    0.12    4.06 ^ _178_/Y (sky130_fd_sc_hd__nor2_1)
                                         _014_ (net)
                  0.13    0.00    4.06 ^ _204_/A (sky130_fd_sc_hd__nand3_1)
     1    0.01    0.12    0.13    4.19 v _204_/Y (sky130_fd_sc_hd__nand3_1)
                                         _030_ (net)
                  0.12    0.00    4.19 v _209_/A (sky130_fd_sc_hd__nand3_4)
     8    0.03    0.13    0.14    4.33 ^ _209_/Y (sky130_fd_sc_hd__nand3_4)
                                         _035_ (net)
                  0.13    0.00    4.33 ^ _238_/B (sky130_fd_sc_hd__nor2_1)
     1    0.00    0.04    0.05    4.38 v _238_/Y (sky130_fd_sc_hd__nor2_1)
                                         _011_ (net)
                  0.04    0.00    4.38 v _247_/D (sky130_fd_sc_hd__dfrtp_1)
                                  4.38   data arrival time

                         10.00   10.00   clock clk (rise edge)
                          0.50   10.50   clock source latency
     1    0.02    0.05    0.04   10.54 ^ clk (in)
                                         clk (net)
                  0.05    0.00   10.54 ^ clkbuf_0_clk/A (sky130_fd_sc_hd__clkbuf_16)
     2    0.02    0.04    0.13   10.67 ^ clkbuf_0_clk/X (sky130_fd_sc_hd__clkbuf_16)
                                         clknet_0_clk (net)
                  0.04    0.00   10.67 ^ clkbuf_1_1__f_clk/A (sky130_fd_sc_hd__clkbuf_16)
    13    0.05    0.06    0.14   10.81 ^ clkbuf_1_1__f_clk/X (sky130_fd_sc_hd__clkbuf_16)
                                         clknet_1_1__leaf_clk (net)
                  0.06    0.00   10.81 ^ _247_/CLK (sky130_fd_sc_hd__dfrtp_1)
                         -0.30   10.51   clock uncertainty
                          0.00   10.51   clock reconvergence pessimism
                         -0.11   10.40   library setup time
                                 10.40   data required time
-----------------------------------------------------------------------------
                                 10.40   data required time
                                 -4.38   data arrival time
-----------------------------------------------------------------------------
                                  6.02   slack (MET)


Startpoint: pwr_stable (input port clocked by clk)
Endpoint: _242_ (rising edge-triggered flip-flop clocked by clk)
Path Group: clk
Path Type: max
Corner: Typical

Fanout     Cap    Slew   Delay    Time   Description
-----------------------------------------------------------------------------
                          0.00    0.00   clock clk (rise edge)
                          0.50    0.50   clock network delay (propagated)
                          3.00    3.50 ^ input external delay
     1    0.00    0.02    0.01    3.51 ^ pwr_stable (in)
                                         pwr_stable (net)
                  0.02    0.00    3.51 ^ input2/A (sky130_fd_sc_hd__clkbuf_1)
     1    0.01    0.07    0.09    3.60 ^ input2/X (sky130_fd_sc_hd__clkbuf_1)
                                         net2 (net)
                  0.07    0.00    3.60 ^ _158_/A (sky130_fd_sc_hd__nand2_1)
     2    0.01    0.06    0.07    3.67 v _158_/Y (sky130_fd_sc_hd__nand2_1)
                                         _095_ (net)
                  0.06    0.00    3.67 v _159_/B1_N (sky130_fd_sc_hd__o21bai_1)
     1    0.00    0.05    0.15    3.82 v _159_/Y (sky130_fd_sc_hd__o21bai_1)
                                         _096_ (net)
                  0.05    0.00    3.82 v _160_/A (sky130_fd_sc_hd__nand2_1)
     1    0.00    0.04    0.06    3.88 ^ _160_/Y (sky130_fd_sc_hd__nand2_1)
                                         _097_ (net)
                  0.04    0.00    3.88 ^ _166_/A (sky130_fd_sc_hd__nand2_1)
     2    0.01    0.05    0.06    3.94 v _166_/Y (sky130_fd_sc_hd__nand2_1)
                                         _103_ (net)
                  0.05    0.00    3.94 v _178_/B (sky130_fd_sc_hd__nor2_1)
     2    0.01    0.13    0.12    4.06 ^ _178_/Y (sky130_fd_sc_hd__nor2_1)
                                         _014_ (net)
                  0.13    0.00    4.06 ^ _204_/A (sky130_fd_sc_hd__nand3_1)
     1    0.01    0.12    0.13    4.19 v _204_/Y (sky130_fd_sc_hd__nand3_1)
                                         _030_ (net)
                  0.12    0.00    4.19 v _209_/A (sky130_fd_sc_hd__nand3_4)
     8    0.03    0.13    0.14    4.33 ^ _209_/Y (sky130_fd_sc_hd__nand3_4)
                                         _035_ (net)
                  0.13    0.00    4.33 ^ _219_/B (sky130_fd_sc_hd__nor2_1)
     1    0.00    0.04    0.05    4.38 v _219_/Y (sky130_fd_sc_hd__nor2_1)
                                         _006_ (net)
                  0.04    0.00    4.38 v _242_/D (sky130_fd_sc_hd__dfrtp_1)
                                  4.38   data arrival time

                         10.00   10.00   clock clk (rise edge)
                          0.50   10.50   clock source latency
     1    0.02    0.05    0.04   10.54 ^ clk (in)
                                         clk (net)
                  0.05    0.00   10.54 ^ clkbuf_0_clk/A (sky130_fd_sc_hd__clkbuf_16)
     2    0.02    0.04    0.13   10.67 ^ clkbuf_0_clk/X (sky130_fd_sc_hd__clkbuf_16)
                                         clknet_0_clk (net)
                  0.04    0.00   10.67 ^ clkbuf_1_1__f_clk/A (sky130_fd_sc_hd__clkbuf_16)
    13    0.05    0.06    0.14   10.81 ^ clkbuf_1_1__f_clk/X (sky130_fd_sc_hd__clkbuf_16)
                                         clknet_1_1__leaf_clk (net)
                  0.06    0.00   10.81 ^ _242_/CLK (sky130_fd_sc_hd__dfrtp_1)
                         -0.30   10.51   clock uncertainty
                          0.00   10.51   clock reconvergence pessimism
                         -0.11   10.40   library setup time
                                 10.40   data required time
-----------------------------------------------------------------------------
                                 10.40   data required time
                                 -4.38   data arrival time
-----------------------------------------------------------------------------
                                  6.02   slack (MET)


Startpoint: pwr_stable (input port clocked by clk)
Endpoint: _240_ (rising edge-triggered flip-flop clocked by clk)
Path Group: clk
Path Type: max
Corner: Typical

Fanout     Cap    Slew   Delay    Time   Description
-----------------------------------------------------------------------------
                          0.00    0.00   clock clk (rise edge)
                          0.50    0.50   clock network delay (propagated)
                          3.00    3.50 ^ input external delay
     1    0.00    0.02    0.01    3.51 ^ pwr_stable (in)
                                         pwr_stable (net)
                  0.02    0.00    3.51 ^ input2/A (sky130_fd_sc_hd__clkbuf_1)
     1    0.01    0.07    0.09    3.60 ^ input2/X (sky130_fd_sc_hd__clkbuf_1)
                                         net2 (net)
                  0.07    0.00    3.60 ^ _158_/A (sky130_fd_sc_hd__nand2_1)
     2    0.01    0.06    0.07    3.67 v _158_/Y (sky130_fd_sc_hd__nand2_1)
                                         _095_ (net)
                  0.06    0.00    3.67 v _159_/B1_N (sky130_fd_sc_hd__o21bai_1)
     1    0.00    0.05    0.15    3.82 v _159_/Y (sky130_fd_sc_hd__o21bai_1)
                                         _096_ (net)
                  0.05    0.00    3.82 v _160_/A (sky130_fd_sc_hd__nand2_1)
     1    0.00    0.04    0.06    3.88 ^ _160_/Y (sky130_fd_sc_hd__nand2_1)
                                         _097_ (net)
                  0.04    0.00    3.88 ^ _166_/A (sky130_fd_sc_hd__nand2_1)
     2    0.01    0.05    0.06    3.94 v _166_/Y (sky130_fd_sc_hd__nand2_1)
                                         _103_ (net)
                  0.05    0.00    3.94 v _178_/B (sky130_fd_sc_hd__nor2_1)
     2    0.01    0.13    0.12    4.06 ^ _178_/Y (sky130_fd_sc_hd__nor2_1)
                                         _014_ (net)
                  0.13    0.00    4.06 ^ _204_/A (sky130_fd_sc_hd__nand3_1)
     1    0.01    0.12    0.13    4.19 v _204_/Y (sky130_fd_sc_hd__nand3_1)
                                         _030_ (net)
                  0.12    0.00    4.19 v _209_/A (sky130_fd_sc_hd__nand3_4)
     8    0.03    0.13    0.14    4.33 ^ _209_/Y (sky130_fd_sc_hd__nand3_4)
                                         _035_ (net)
                  0.13    0.00    4.33 ^ _210_/B (sky130_fd_sc_hd__nor2_1)
     1    0.00    0.04    0.05    4.38 v _210_/Y (sky130_fd_sc_hd__nor2_1)
                                         _004_ (net)
                  0.04    0.00    4.38 v _240_/D (sky130_fd_sc_hd__dfrtp_1)
                                  4.38   data arrival time

                         10.00   10.00   clock clk (rise edge)
                          0.50   10.50   clock source latency
     1    0.02    0.05    0.04   10.54 ^ clk (in)
                                         clk (net)
                  0.05    0.00   10.54 ^ clkbuf_0_clk/A (sky130_fd_sc_hd__clkbuf_16)
     2    0.02    0.04    0.13   10.67 ^ clkbuf_0_clk/X (sky130_fd_sc_hd__clkbuf_16)
                                         clknet_0_clk (net)
                  0.04    0.00   10.67 ^ clkbuf_1_1__f_clk/A (sky130_fd_sc_hd__clkbuf_16)
    13    0.05    0.06    0.14   10.81 ^ clkbuf_1_1__f_clk/X (sky130_fd_sc_hd__clkbuf_16)
                                         clknet_1_1__leaf_clk (net)
                  0.06    0.00   10.81 ^ _240_/CLK (sky130_fd_sc_hd__dfrtp_1)
                         -0.30   10.51   clock uncertainty
                          0.00   10.51   clock reconvergence pessimism
                         -0.11   10.41   library setup time
                                 10.41   data required time
-----------------------------------------------------------------------------
                                 10.41   data required time
                                 -4.38   data arrival time
-----------------------------------------------------------------------------
                                  6.03   slack (MET)


Startpoint: pwr_stable (input port clocked by clk)
Endpoint: _244_ (rising edge-triggered flip-flop clocked by clk)
Path Group: clk
Path Type: max
Corner: Typical

Fanout     Cap    Slew   Delay    Time   Description
-----------------------------------------------------------------------------
                          0.00    0.00   clock clk (rise edge)
                          0.50    0.50   clock network delay (propagated)
                          3.00    3.50 ^ input external delay
     1    0.00    0.02    0.01    3.51 ^ pwr_stable (in)
                                         pwr_stable (net)
                  0.02    0.00    3.51 ^ input2/A (sky130_fd_sc_hd__clkbuf_1)
     1    0.01    0.07    0.09    3.60 ^ input2/X (sky130_fd_sc_hd__clkbuf_1)
                                         net2 (net)
                  0.07    0.00    3.60 ^ _158_/A (sky130_fd_sc_hd__nand2_1)
     2    0.01    0.06    0.07    3.67 v _158_/Y (sky130_fd_sc_hd__nand2_1)
                                         _095_ (net)
                  0.06    0.00    3.67 v _159_/B1_N (sky130_fd_sc_hd__o21bai_1)
     1    0.00    0.05    0.15    3.82 v _159_/Y (sky130_fd_sc_hd__o21bai_1)
                                         _096_ (net)
                  0.05    0.00    3.82 v _160_/A (sky130_fd_sc_hd__nand2_1)
     1    0.00    0.04    0.06    3.88 ^ _160_/Y (sky130_fd_sc_hd__nand2_1)
                                         _097_ (net)
                  0.04    0.00    3.88 ^ _166_/A (sky130_fd_sc_hd__nand2_1)
     2    0.01    0.05    0.06    3.94 v _166_/Y (sky130_fd_sc_hd__nand2_1)
                                         _103_ (net)
                  0.05    0.00    3.94 v _178_/B (sky130_fd_sc_hd__nor2_1)
     2    0.01    0.13    0.12    4.06 ^ _178_/Y (sky130_fd_sc_hd__nor2_1)
                                         _014_ (net)
                  0.13    0.00    4.06 ^ _204_/A (sky130_fd_sc_hd__nand3_1)
     1    0.01    0.12    0.13    4.19 v _204_/Y (sky130_fd_sc_hd__nand3_1)
                                         _030_ (net)
                  0.12    0.00    4.19 v _209_/A (sky130_fd_sc_hd__nand3_4)
     8    0.03    0.13    0.14    4.33 ^ _209_/Y (sky130_fd_sc_hd__nand3_4)
                                         _035_ (net)
                  0.13    0.00    4.33 ^ _227_/B (sky130_fd_sc_hd__nor2_1)
     1    0.00    0.04    0.05    4.38 v _227_/Y (sky130_fd_sc_hd__nor2_1)
                                         _008_ (net)
                  0.04    0.00    4.38 v _244_/D (sky130_fd_sc_hd__dfrtp_1)
                                  4.38   data arrival time

                         10.00   10.00   clock clk (rise edge)
                          0.50   10.50   clock source latency
     1    0.02    0.05    0.04   10.54 ^ clk (in)
                                         clk (net)
                  0.05    0.00   10.54 ^ clkbuf_0_clk/A (sky130_fd_sc_hd__clkbuf_16)
     2    0.02    0.04    0.13   10.67 ^ clkbuf_0_clk/X (sky130_fd_sc_hd__clkbuf_16)
                                         clknet_0_clk (net)
                  0.04    0.00   10.67 ^ clkbuf_1_1__f_clk/A (sky130_fd_sc_hd__clkbuf_16)
    13    0.05    0.06    0.14   10.81 ^ clkbuf_1_1__f_clk/X (sky130_fd_sc_hd__clkbuf_16)
                                         clknet_1_1__leaf_clk (net)
                  0.06    0.00   10.81 ^ _244_/CLK (sky130_fd_sc_hd__dfrtp_1)
                         -0.30   10.51   clock uncertainty
                          0.00   10.51   clock reconvergence pessimism
                         -0.11   10.41   library setup time
                                 10.41   data required time
-----------------------------------------------------------------------------
                                 10.41   data required time
                                 -4.38   data arrival time
-----------------------------------------------------------------------------
                                  6.03   slack (MET)


Startpoint: pwr_stable (input port clocked by clk)
Endpoint: _245_ (rising edge-triggered flip-flop clocked by clk)
Path Group: clk
Path Type: max
Corner: Typical

Fanout     Cap    Slew   Delay    Time   Description
-----------------------------------------------------------------------------
                          0.00    0.00   clock clk (rise edge)
                          0.50    0.50   clock network delay (propagated)
                          3.00    3.50 ^ input external delay
     1    0.00    0.02    0.01    3.51 ^ pwr_stable (in)
                                         pwr_stable (net)
                  0.02    0.00    3.51 ^ input2/A (sky130_fd_sc_hd__clkbuf_1)
     1    0.01    0.07    0.09    3.60 ^ input2/X (sky130_fd_sc_hd__clkbuf_1)
                                         net2 (net)
                  0.07    0.00    3.60 ^ _158_/A (sky130_fd_sc_hd__nand2_1)
     2    0.01    0.06    0.07    3.67 v _158_/Y (sky130_fd_sc_hd__nand2_1)
                                         _095_ (net)
                  0.06    0.00    3.67 v _159_/B1_N (sky130_fd_sc_hd__o21bai_1)
     1    0.00    0.05    0.15    3.82 v _159_/Y (sky130_fd_sc_hd__o21bai_1)
                                         _096_ (net)
                  0.05    0.00    3.82 v _160_/A (sky130_fd_sc_hd__nand2_1)
     1    0.00    0.04    0.06    3.88 ^ _160_/Y (sky130_fd_sc_hd__nand2_1)
                                         _097_ (net)
                  0.04    0.00    3.88 ^ _166_/A (sky130_fd_sc_hd__nand2_1)
     2    0.01    0.05    0.06    3.94 v _166_/Y (sky130_fd_sc_hd__nand2_1)
                                         _103_ (net)
                  0.05    0.00    3.94 v _178_/B (sky130_fd_sc_hd__nor2_1)
     2    0.01    0.13    0.12    4.06 ^ _178_/Y (sky130_fd_sc_hd__nor2_1)
                                         _014_ (net)
                  0.13    0.00    4.06 ^ _204_/A (sky130_fd_sc_hd__nand3_1)
     1    0.01    0.12    0.13    4.19 v _204_/Y (sky130_fd_sc_hd__nand3_1)
                                         _030_ (net)
                  0.12    0.00    4.19 v _209_/A (sky130_fd_sc_hd__nand3_4)
     8    0.03    0.13    0.14    4.33 ^ _209_/Y (sky130_fd_sc_hd__nand3_4)
                                         _035_ (net)
                  0.13    0.00    4.33 ^ _232_/B (sky130_fd_sc_hd__nor2_1)
     1    0.00    0.04    0.05    4.38 v _232_/Y (sky130_fd_sc_hd__nor2_1)
                                         _009_ (net)
                  0.04    0.00    4.38 v _245_/D (sky130_fd_sc_hd__dfrtp_1)
                                  4.38   data arrival time

                         10.00   10.00   clock clk (rise edge)
                          0.50   10.50   clock source latency
     1    0.02    0.05    0.04   10.54 ^ clk (in)
                                         clk (net)
                  0.05    0.00   10.54 ^ clkbuf_0_clk/A (sky130_fd_sc_hd__clkbuf_16)
     2    0.02    0.04    0.13   10.67 ^ clkbuf_0_clk/X (sky130_fd_sc_hd__clkbuf_16)
                                         clknet_0_clk (net)
                  0.04    0.00   10.67 ^ clkbuf_1_1__f_clk/A (sky130_fd_sc_hd__clkbuf_16)
    13    0.05    0.06    0.14   10.81 ^ clkbuf_1_1__f_clk/X (sky130_fd_sc_hd__clkbuf_16)
                                         clknet_1_1__leaf_clk (net)
                  0.06    0.00   10.81 ^ _245_/CLK (sky130_fd_sc_hd__dfrtp_1)
                         -0.30   10.51   clock uncertainty
                          0.00   10.51   clock reconvergence pessimism
                         -0.11   10.41   library setup time
                                 10.41   data required time
-----------------------------------------------------------------------------
                                 10.41   data required time
                                 -4.38   data arrival time
-----------------------------------------------------------------------------
                                  6.03   slack (MET)


Startpoint: pwr_stable (input port clocked by clk)
Endpoint: _246_ (rising edge-triggered flip-flop clocked by clk)
Path Group: clk
Path Type: max
Corner: Typical

Fanout     Cap    Slew   Delay    Time   Description
-----------------------------------------------------------------------------
                          0.00    0.00   clock clk (rise edge)
                          0.50    0.50   clock network delay (propagated)
                          3.00    3.50 ^ input external delay
     1    0.00    0.02    0.01    3.51 ^ pwr_stable (in)
                                         pwr_stable (net)
                  0.02    0.00    3.51 ^ input2/A (sky130_fd_sc_hd__clkbuf_1)
     1    0.01    0.07    0.09    3.60 ^ input2/X (sky130_fd_sc_hd__clkbuf_1)
                                         net2 (net)
                  0.07    0.00    3.60 ^ _158_/A (sky130_fd_sc_hd__nand2_1)
     2    0.01    0.06    0.07    3.67 v _158_/Y (sky130_fd_sc_hd__nand2_1)
                                         _095_ (net)
                  0.06    0.00    3.67 v _159_/B1_N (sky130_fd_sc_hd__o21bai_1)
     1    0.00    0.05    0.15    3.82 v _159_/Y (sky130_fd_sc_hd__o21bai_1)
                                         _096_ (net)
                  0.05    0.00    3.82 v _160_/A (sky130_fd_sc_hd__nand2_1)
     1    0.00    0.04    0.06    3.88 ^ _160_/Y (sky130_fd_sc_hd__nand2_1)
                                         _097_ (net)
                  0.04    0.00    3.88 ^ _166_/A (sky130_fd_sc_hd__nand2_1)
     2    0.01    0.05    0.06    3.94 v _166_/Y (sky130_fd_sc_hd__nand2_1)
                                         _103_ (net)
                  0.05    0.00    3.94 v _178_/B (sky130_fd_sc_hd__nor2_1)
     2    0.01    0.13    0.12    4.06 ^ _178_/Y (sky130_fd_sc_hd__nor2_1)
                                         _014_ (net)
                  0.13    0.00    4.06 ^ _204_/A (sky130_fd_sc_hd__nand3_1)
     1    0.01    0.12    0.13    4.19 v _204_/Y (sky130_fd_sc_hd__nand3_1)
                                         _030_ (net)
                  0.12    0.00    4.19 v _209_/A (sky130_fd_sc_hd__nand3_4)
     8    0.03    0.13    0.14    4.33 ^ _209_/Y (sky130_fd_sc_hd__nand3_4)
                                         _035_ (net)
                  0.13    0.00    4.33 ^ _236_/B (sky130_fd_sc_hd__nor2_1)
     1    0.00    0.04    0.05    4.38 v _236_/Y (sky130_fd_sc_hd__nor2_1)
                                         _010_ (net)
                  0.04    0.00    4.38 v _246_/D (sky130_fd_sc_hd__dfrtp_1)
                                  4.38   data arrival time

                         10.00   10.00   clock clk (rise edge)
                          0.50   10.50   clock source latency
     1    0.02    0.05    0.04   10.54 ^ clk (in)
                                         clk (net)
                  0.05    0.00   10.54 ^ clkbuf_0_clk/A (sky130_fd_sc_hd__clkbuf_16)
     2    0.02    0.04    0.13   10.67 ^ clkbuf_0_clk/X (sky130_fd_sc_hd__clkbuf_16)
                                         clknet_0_clk (net)
                  0.04    0.00   10.67 ^ clkbuf_1_1__f_clk/A (sky130_fd_sc_hd__clkbuf_16)
    13    0.05    0.06    0.14   10.81 ^ clkbuf_1_1__f_clk/X (sky130_fd_sc_hd__clkbuf_16)
                                         clknet_1_1__leaf_clk (net)
                  0.06    0.00   10.81 ^ _246_/CLK (sky130_fd_sc_hd__dfrtp_1)
                         -0.30   10.51   clock uncertainty
                          0.00   10.51   clock reconvergence pessimism
                         -0.11   10.41   library setup time
                                 10.41   data required time
-----------------------------------------------------------------------------
                                 10.41   data required time
                                 -4.38   data arrival time
-----------------------------------------------------------------------------
                                  6.03   slack (MET)


Startpoint: pwr_stable (input port clocked by clk)
Endpoint: _241_ (rising edge-triggered flip-flop clocked by clk)
Path Group: clk
Path Type: max
Corner: Typical

Fanout     Cap    Slew   Delay    Time   Description
-----------------------------------------------------------------------------
                          0.00    0.00   clock clk (rise edge)
                          0.50    0.50   clock network delay (propagated)
                          3.00    3.50 ^ input external delay
     1    0.00    0.02    0.01    3.51 ^ pwr_stable (in)
                                         pwr_stable (net)
                  0.02    0.00    3.51 ^ input2/A (sky130_fd_sc_hd__clkbuf_1)
     1    0.01    0.07    0.09    3.60 ^ input2/X (sky130_fd_sc_hd__clkbuf_1)
                                         net2 (net)
                  0.07    0.00    3.60 ^ _158_/A (sky130_fd_sc_hd__nand2_1)
     2    0.01    0.06    0.07    3.67 v _158_/Y (sky130_fd_sc_hd__nand2_1)
                                         _095_ (net)
                  0.06    0.00    3.67 v _159_/B1_N (sky130_fd_sc_hd__o21bai_1)
     1    0.00    0.05    0.15    3.82 v _159_/Y (sky130_fd_sc_hd__o21bai_1)
                                         _096_ (net)
                  0.05    0.00    3.82 v _160_/A (sky130_fd_sc_hd__nand2_1)
     1    0.00    0.04    0.06    3.88 ^ _160_/Y (sky130_fd_sc_hd__nand2_1)
                                         _097_ (net)
                  0.04    0.00    3.88 ^ _166_/A (sky130_fd_sc_hd__nand2_1)
     2    0.01    0.05    0.06    3.94 v _166_/Y (sky130_fd_sc_hd__nand2_1)
                                         _103_ (net)
                  0.05    0.00    3.94 v _178_/B (sky130_fd_sc_hd__nor2_1)
     2    0.01    0.13    0.12    4.06 ^ _178_/Y (sky130_fd_sc_hd__nor2_1)
                                         _014_ (net)
                  0.13    0.00    4.06 ^ _204_/A (sky130_fd_sc_hd__nand3_1)
     1    0.01    0.12    0.13    4.19 v _204_/Y (sky130_fd_sc_hd__nand3_1)
                                         _030_ (net)
                  0.12    0.00    4.19 v _209_/A (sky130_fd_sc_hd__nand3_4)
     8    0.03    0.13    0.14    4.33 ^ _209_/Y (sky130_fd_sc_hd__nand3_4)
                                         _035_ (net)
                  0.13    0.00    4.33 ^ _214_/B (sky130_fd_sc_hd__nor2_1)
     1    0.00    0.04    0.05    4.38 v _214_/Y (sky130_fd_sc_hd__nor2_1)
                                         _005_ (net)
                  0.04    0.00    4.38 v _241_/D (sky130_fd_sc_hd__dfrtp_1)
                                  4.38   data arrival time

                         10.00   10.00   clock clk (rise edge)
                          0.50   10.50   clock source latency
     1    0.02    0.05    0.04   10.54 ^ clk (in)
                                         clk (net)
                  0.05    0.00   10.54 ^ clkbuf_0_clk/A (sky130_fd_sc_hd__clkbuf_16)
     2    0.02    0.04    0.13   10.67 ^ clkbuf_0_clk/X (sky130_fd_sc_hd__clkbuf_16)
                                         clknet_0_clk (net)
                  0.04    0.00   10.67 ^ clkbuf_1_1__f_clk/A (sky130_fd_sc_hd__clkbuf_16)
    13    0.05    0.06    0.14   10.81 ^ clkbuf_1_1__f_clk/X (sky130_fd_sc_hd__clkbuf_16)
                                         clknet_1_1__leaf_clk (net)
                  0.06    0.00   10.81 ^ _241_/CLK (sky130_fd_sc_hd__dfrtp_1)
                         -0.30   10.51   clock uncertainty
                          0.00   10.51   clock reconvergence pessimism
                         -0.11   10.41   library setup time
                                 10.41   data required time
-----------------------------------------------------------------------------
                                 10.41   data required time
                                 -4.38   data arrival time
-----------------------------------------------------------------------------
                                  6.03   slack (MET)


Startpoint: _256_ (rising edge-triggered flip-flop clocked by clk)
Endpoint: seq_busy (output port clocked by clk)
Path Group: clk
Path Type: max
Corner: Typical

Fanout     Cap    Slew   Delay    Time   Description
-----------------------------------------------------------------------------
                          0.00    0.00   clock clk (rise edge)
                          0.50    0.50   clock source latency
     1    0.02    0.05    0.04    0.54 ^ clk (in)
                                         clk (net)
                  0.05    0.00    0.54 ^ clkbuf_0_clk/A (sky130_fd_sc_hd__clkbuf_16)
     2    0.02    0.04    0.13    0.67 ^ clkbuf_0_clk/X (sky130_fd_sc_hd__clkbuf_16)
                                         clknet_0_clk (net)
                  0.04    0.00    0.67 ^ clkbuf_1_0__f_clk/A (sky130_fd_sc_hd__clkbuf_16)
    16    0.05    0.06    0.14    0.81 ^ clkbuf_1_0__f_clk/X (sky130_fd_sc_hd__clkbuf_16)
                                         clknet_1_0__leaf_clk (net)
                  0.06    0.00    0.81 ^ _256_/CLK (sky130_fd_sc_hd__dfrtp_4)
     8    0.03    0.09    0.52    1.33 v _256_/Q (sky130_fd_sc_hd__dfrtp_4)
                                         curr_state[0] (net)
                  0.09    0.00    1.33 v _138_/A (sky130_fd_sc_hd__nand2_1)
     3    0.01    0.13    0.14    1.47 ^ _138_/Y (sky130_fd_sc_hd__nand2_1)
                                         _077_ (net)
                  0.13    0.00    1.47 ^ _139_/A (sky130_fd_sc_hd__inv_2)
     2    0.01    0.04    0.05    1.52 v _139_/Y (sky130_fd_sc_hd__inv_2)
                                         _078_ (net)
                  0.04    0.00    1.52 v _140_/B (sky130_fd_sc_hd__nor2_1)
     1    0.00    0.09    0.09    1.61 ^ _140_/Y (sky130_fd_sc_hd__nor2_1)
                                         net18 (net)
                  0.09    0.00    1.61 ^ wire20/A (sky130_fd_sc_hd__buf_1)
     4    0.02    0.20    0.20    1.81 ^ wire20/X (sky130_fd_sc_hd__buf_1)
                                         net20 (net)
                  0.20    0.00    1.81 ^ output18/A (sky130_fd_sc_hd__clkbuf_2)
     1    0.02    0.12    0.21    2.02 ^ output18/X (sky130_fd_sc_hd__clkbuf_2)
                                         seq_busy (net)
                  0.12    0.00    2.02 ^ seq_busy (out)
                                  2.02   data arrival time

                         10.00   10.00   clock clk (rise edge)
                          0.50   10.50   clock network delay (propagated)
                         -0.30   10.20   clock uncertainty
                          0.00   10.20   clock reconvergence pessimism
                         -2.00    8.20   output external delay
                                  8.20   data required time
-----------------------------------------------------------------------------
                                  8.20   data required time
                                 -2.02   data arrival time
-----------------------------------------------------------------------------
                                  6.18   slack (MET)


Startpoint: pwr_stable (input port clocked by clk)
Endpoint: _258_ (rising edge-triggered flip-flop clocked by clk)
Path Group: clk
Path Type: max
Corner: Typical

Fanout     Cap    Slew   Delay    Time   Description
-----------------------------------------------------------------------------
                          0.00    0.00   clock clk (rise edge)
                          0.50    0.50   clock network delay (propagated)
                          3.00    3.50 ^ input external delay
     1    0.00    0.02    0.01    3.51 ^ pwr_stable (in)
                                         pwr_stable (net)
                  0.02    0.00    3.51 ^ input2/A (sky130_fd_sc_hd__clkbuf_1)
     1    0.01    0.07    0.09    3.60 ^ input2/X (sky130_fd_sc_hd__clkbuf_1)
                                         net2 (net)
                  0.07    0.00    3.60 ^ _158_/A (sky130_fd_sc_hd__nand2_1)
     2    0.01    0.06    0.07    3.67 v _158_/Y (sky130_fd_sc_hd__nand2_1)
                                         _095_ (net)
                  0.06    0.00    3.67 v _159_/B1_N (sky130_fd_sc_hd__o21bai_1)
     1    0.00    0.05    0.15    3.82 v _159_/Y (sky130_fd_sc_hd__o21bai_1)
                                         _096_ (net)
                  0.05    0.00    3.82 v _160_/A (sky130_fd_sc_hd__nand2_1)
     1    0.00    0.04    0.06    3.88 ^ _160_/Y (sky130_fd_sc_hd__nand2_1)
                                         _097_ (net)
                  0.04    0.00    3.88 ^ _166_/A (sky130_fd_sc_hd__nand2_1)
     2    0.01    0.05    0.06    3.94 v _166_/Y (sky130_fd_sc_hd__nand2_1)
                                         _103_ (net)
                  0.05    0.00    3.94 v _178_/B (sky130_fd_sc_hd__nor2_1)
     2    0.01    0.13    0.12    4.06 ^ _178_/Y (sky130_fd_sc_hd__nor2_1)
                                         _014_ (net)
                  0.13    0.00    4.06 ^ _187_/A (sky130_fd_sc_hd__nand2_1)
     1    0.00    0.05    0.06    4.12 v _187_/Y (sky130_fd_sc_hd__nand2_1)
                                         next_state[2] (net)
                  0.05    0.00    4.12 v _258_/D (sky130_fd_sc_hd__dfrtp_4)
                                  4.12   data arrival time

                         10.00   10.00   clock clk (rise edge)
                          0.50   10.50   clock source latency
     1    0.02    0.05    0.04   10.54 ^ clk (in)
                                         clk (net)
                  0.05    0.00   10.54 ^ clkbuf_0_clk/A (sky130_fd_sc_hd__clkbuf_16)
     2    0.02    0.04    0.13   10.67 ^ clkbuf_0_clk/X (sky130_fd_sc_hd__clkbuf_16)
                                         clknet_0_clk (net)
                  0.04    0.00   10.67 ^ clkbuf_1_0__f_clk/A (sky130_fd_sc_hd__clkbuf_16)
    16    0.05    0.06    0.14   10.81 ^ clkbuf_1_0__f_clk/X (sky130_fd_sc_hd__clkbuf_16)
                                         clknet_1_0__leaf_clk (net)
                  0.06    0.00   10.81 ^ _258_/CLK (sky130_fd_sc_hd__dfrtp_4)
                         -0.30   10.51   clock uncertainty
                          0.00   10.51   clock reconvergence pessimism
                         -0.11   10.40   library setup time
                                 10.40   data required time
-----------------------------------------------------------------------------
                                 10.40   data required time
                                 -4.12   data arrival time
-----------------------------------------------------------------------------
                                  6.28   slack (MET)


Startpoint: _251_ (rising edge-triggered flip-flop clocked by clk)
Endpoint: retention_save (output port clocked by clk)
Path Group: clk
Path Type: max
Corner: Typical

Fanout     Cap    Slew   Delay    Time   Description
-----------------------------------------------------------------------------
                          0.00    0.00   clock clk (rise edge)
                          0.50    0.50   clock source latency
     1    0.02    0.05    0.04    0.54 ^ clk (in)
                                         clk (net)
                  0.05    0.00    0.54 ^ clkbuf_0_clk/A (sky130_fd_sc_hd__clkbuf_16)
     2    0.02    0.04    0.13    0.67 ^ clkbuf_0_clk/X (sky130_fd_sc_hd__clkbuf_16)
                                         clknet_0_clk (net)
                  0.04    0.00    0.67 ^ clkbuf_1_0__f_clk/A (sky130_fd_sc_hd__clkbuf_16)
    16    0.05    0.06    0.14    0.81 ^ clkbuf_1_0__f_clk/X (sky130_fd_sc_hd__clkbuf_16)
                                         clknet_1_0__leaf_clk (net)
                  0.06    0.00    0.81 ^ _251_/CLK (sky130_fd_sc_hd__dfrtp_1)
     1    0.00    0.03    0.35    1.16 v _251_/Q (sky130_fd_sc_hd__dfrtp_1)
                                         net17 (net)
                  0.03    0.00    1.16 v output17/A (sky130_fd_sc_hd__buf_2)
     1    0.03    0.08    0.17    1.33 v output17/X (sky130_fd_sc_hd__buf_2)
                                         retention_save (net)
                  0.08    0.00    1.33 v retention_save (out)
                                  1.33   data arrival time

                         10.00   10.00   clock clk (rise edge)
                          0.50   10.50   clock network delay (propagated)
                         -0.30   10.20   clock uncertainty
                          0.00   10.20   clock reconvergence pessimism
                         -2.50    7.70   output external delay
                                  7.70   data required time
-----------------------------------------------------------------------------
                                  7.70   data required time
                                 -1.33   data arrival time
-----------------------------------------------------------------------------
                                  6.37   slack (MET)


Startpoint: _252_ (rising edge-triggered flip-flop clocked by clk)
Endpoint: retention_restore (output port clocked by clk)
Path Group: clk
Path Type: max
Corner: Typical

Fanout     Cap    Slew   Delay    Time   Description
-----------------------------------------------------------------------------
                          0.00    0.00   clock clk (rise edge)
                          0.50    0.50   clock source latency
     1    0.02    0.05    0.04    0.54 ^ clk (in)
                                         clk (net)
                  0.05    0.00    0.54 ^ clkbuf_0_clk/A (sky130_fd_sc_hd__clkbuf_16)
     2    0.02    0.04    0.13    0.67 ^ clkbuf_0_clk/X (sky130_fd_sc_hd__clkbuf_16)
                                         clknet_0_clk (net)
                  0.04    0.00    0.67 ^ clkbuf_1_0__f_clk/A (sky130_fd_sc_hd__clkbuf_16)
    16    0.05    0.06    0.14    0.81 ^ clkbuf_1_0__f_clk/X (sky130_fd_sc_hd__clkbuf_16)
                                         clknet_1_0__leaf_clk (net)
                  0.06    0.00    0.81 ^ _252_/CLK (sky130_fd_sc_hd__dfrtp_1)
     1    0.00    0.03    0.35    1.16 v _252_/Q (sky130_fd_sc_hd__dfrtp_1)
                                         net16 (net)
                  0.03    0.00    1.16 v output16/A (sky130_fd_sc_hd__buf_2)
     1    0.03    0.08    0.17    1.33 v output16/X (sky130_fd_sc_hd__buf_2)
                                         retention_restore (net)
                  0.08    0.00    1.33 v retention_restore (out)
                                  1.33   data arrival time

                         10.00   10.00   clock clk (rise edge)
                          0.50   10.50   clock network delay (propagated)
                         -0.30   10.20   clock uncertainty
                          0.00   10.20   clock reconvergence pessimism
                         -2.50    7.70   output external delay
                                  7.70   data required time
-----------------------------------------------------------------------------
                                  7.70   data required time
                                 -1.33   data arrival time
-----------------------------------------------------------------------------
                                  6.37   slack (MET)


Startpoint: _253_ (rising edge-triggered flip-flop clocked by clk)
Endpoint: reset_ctrl (output port clocked by clk)
Path Group: clk
Path Type: max
Corner: Typical

Fanout     Cap    Slew   Delay    Time   Description
-----------------------------------------------------------------------------
                          0.00    0.00   clock clk (rise edge)
                          0.50    0.50   clock source latency
     1    0.02    0.05    0.04    0.54 ^ clk (in)
                                         clk (net)
                  0.05    0.00    0.54 ^ clkbuf_0_clk/A (sky130_fd_sc_hd__clkbuf_16)
     2    0.02    0.04    0.13    0.67 ^ clkbuf_0_clk/X (sky130_fd_sc_hd__clkbuf_16)
                                         clknet_0_clk (net)
                  0.04    0.00    0.67 ^ clkbuf_1_1__f_clk/A (sky130_fd_sc_hd__clkbuf_16)
    13    0.05    0.06    0.14    0.81 ^ clkbuf_1_1__f_clk/X (sky130_fd_sc_hd__clkbuf_16)
                                         clknet_1_1__leaf_clk (net)
                  0.06    0.00    0.81 ^ _253_/CLK (sky130_fd_sc_hd__dfrtp_1)
     1    0.00    0.03    0.35    1.16 v _253_/Q (sky130_fd_sc_hd__dfrtp_1)
                                         net14 (net)
                  0.03    0.00    1.16 v output14/A (sky130_fd_sc_hd__buf_2)
     1    0.03    0.08    0.17    1.33 v output14/X (sky130_fd_sc_hd__buf_2)
                                         reset_ctrl (net)
                  0.08    0.00    1.33 v reset_ctrl (out)
                                  1.33   data arrival time

                         10.00   10.00   clock clk (rise edge)
                          0.50   10.50   clock network delay (propagated)
                         -0.30   10.20   clock uncertainty
                          0.00   10.20   clock reconvergence pessimism
                         -2.50    7.70   output external delay
                                  7.70   data required time
-----------------------------------------------------------------------------
                                  7.70   data required time
                                 -1.33   data arrival time
-----------------------------------------------------------------------------
                                  6.37   slack (MET)


Startpoint: _239_ (rising edge-triggered flip-flop clocked by clk)
Endpoint: dvfs_ctrl[1] (output port clocked by clk)
Path Group: clk
Path Type: max
Corner: Typical

Fanout     Cap    Slew   Delay    Time   Description
-----------------------------------------------------------------------------
                          0.00    0.00   clock clk (rise edge)
                          0.50    0.50   clock source latency
     1    0.02    0.05    0.04    0.54 ^ clk (in)
                                         clk (net)
                  0.05    0.00    0.54 ^ clkbuf_0_clk/A (sky130_fd_sc_hd__clkbuf_16)
     2    0.02    0.04    0.13    0.67 ^ clkbuf_0_clk/X (sky130_fd_sc_hd__clkbuf_16)
                                         clknet_0_clk (net)
                  0.04    0.00    0.67 ^ clkbuf_1_1__f_clk/A (sky130_fd_sc_hd__clkbuf_16)
    13    0.05    0.06    0.14    0.81 ^ clkbuf_1_1__f_clk/X (sky130_fd_sc_hd__clkbuf_16)
                                         clknet_1_1__leaf_clk (net)
                  0.06    0.00    0.81 ^ _239_/CLK (sky130_fd_sc_hd__dfstp_1)
     1    0.00    0.05    0.50    1.31 ^ _239_/Q (sky130_fd_sc_hd__dfstp_1)
                                         net9 (net)
                  0.05    0.00    1.31 ^ output9/A (sky130_fd_sc_hd__clkbuf_2)
     1    0.02    0.12    0.16    1.47 ^ output9/X (sky130_fd_sc_hd__clkbuf_2)
                                         dvfs_ctrl[1] (net)
                  0.12    0.00    1.47 ^ dvfs_ctrl[1] (out)
                                  1.47   data arrival time

                         10.00   10.00   clock clk (rise edge)
                          0.50   10.50   clock network delay (propagated)
                         -0.30   10.20   clock uncertainty
                          0.00   10.20   clock reconvergence pessimism
                         -2.00    8.20   output external delay
                                  8.20   data required time
-----------------------------------------------------------------------------
                                  8.20   data required time
                                 -1.47   data arrival time
-----------------------------------------------------------------------------
                                  6.73   slack (MET)


Startpoint: _248_ (rising edge-triggered flip-flop clocked by clk)
Endpoint: clk_gate_en (output port clocked by clk)
Path Group: clk
Path Type: max
Corner: Typical

Fanout     Cap    Slew   Delay    Time   Description
-----------------------------------------------------------------------------
                          0.00    0.00   clock clk (rise edge)
                          0.50    0.50   clock source latency
     1    0.02    0.05    0.04    0.54 ^ clk (in)
                                         clk (net)
                  0.05    0.00    0.54 ^ clkbuf_0_clk/A (sky130_fd_sc_hd__clkbuf_16)
     2    0.02    0.04    0.13    0.67 ^ clkbuf_0_clk/X (sky130_fd_sc_hd__clkbuf_16)
                                         clknet_0_clk (net)
                  0.04    0.00    0.67 ^ clkbuf_1_0__f_clk/A (sky130_fd_sc_hd__clkbuf_16)
    16    0.05    0.06    0.14    0.81 ^ clkbuf_1_0__f_clk/X (sky130_fd_sc_hd__clkbuf_16)
                                         clknet_1_0__leaf_clk (net)
                  0.06    0.00    0.81 ^ _248_/CLK (sky130_fd_sc_hd__dfrtp_1)
     1    0.00    0.04    0.36    1.17 v _248_/Q (sky130_fd_sc_hd__dfrtp_1)
                                         net8 (net)
                  0.04    0.00    1.17 v output8/A (sky130_fd_sc_hd__buf_4)
     1    0.05    0.08    0.19    1.36 v output8/X (sky130_fd_sc_hd__buf_4)
                                         clk_gate_en (net)
                  0.08    0.00    1.36 v clk_gate_en (out)
                                  1.36   data arrival time

                         10.00   10.00   clock clk (rise edge)
                          0.50   10.50   clock network delay (propagated)
                         -0.30   10.20   clock uncertainty
                          0.00   10.20   clock reconvergence pessimism
                         -2.00    8.20   output external delay
                                  8.20   data required time
-----------------------------------------------------------------------------
                                  8.20   data required time
                                 -1.36   data arrival time
-----------------------------------------------------------------------------
                                  6.84   slack (MET)


Startpoint: _250_ (rising edge-triggered flip-flop clocked by clk)
Endpoint: retention_en (output port clocked by clk)
Path Group: clk
Path Type: max
Corner: Typical

Fanout     Cap    Slew   Delay    Time   Description
-----------------------------------------------------------------------------
                          0.00    0.00   clock clk (rise edge)
                          0.50    0.50   clock source latency
     1    0.02    0.05    0.04    0.54 ^ clk (in)
                                         clk (net)
                  0.05    0.00    0.54 ^ clkbuf_0_clk/A (sky130_fd_sc_hd__clkbuf_16)
     2    0.02    0.04    0.13    0.67 ^ clkbuf_0_clk/X (sky130_fd_sc_hd__clkbuf_16)
                                         clknet_0_clk (net)
                  0.04    0.00    0.67 ^ clkbuf_1_0__f_clk/A (sky130_fd_sc_hd__clkbuf_16)
    16    0.05    0.06    0.14    0.81 ^ clkbuf_1_0__f_clk/X (sky130_fd_sc_hd__clkbuf_16)
                                         clknet_1_0__leaf_clk (net)
                  0.06    0.00    0.81 ^ _250_/CLK (sky130_fd_sc_hd__dfrtp_1)
     1    0.00    0.04    0.36    1.17 v _250_/Q (sky130_fd_sc_hd__dfrtp_1)
                                         net15 (net)
                  0.04    0.00    1.17 v output15/A (sky130_fd_sc_hd__buf_4)
     1    0.05    0.08    0.18    1.36 v output15/X (sky130_fd_sc_hd__buf_4)
                                         retention_en (net)
                  0.08    0.00    1.36 v retention_en (out)
                                  1.36   data arrival time

                         10.00   10.00   clock clk (rise edge)
                          0.50   10.50   clock network delay (propagated)
                         -0.30   10.20   clock uncertainty
                          0.00   10.20   clock reconvergence pessimism
                         -2.00    8.20   output external delay
                                  8.20   data required time
-----------------------------------------------------------------------------
                                  8.20   data required time
                                 -1.36   data arrival time
-----------------------------------------------------------------------------
                                  6.84   slack (MET)


Startpoint: _249_ (rising edge-triggered flip-flop clocked by clk)
Endpoint: pwr_gate_en (output port clocked by clk)
Path Group: clk
Path Type: max
Corner: Typical

Fanout     Cap    Slew   Delay    Time   Description
-----------------------------------------------------------------------------
                          0.00    0.00   clock clk (rise edge)
                          0.50    0.50   clock source latency
     1    0.02    0.05    0.04    0.54 ^ clk (in)
                                         clk (net)
                  0.05    0.00    0.54 ^ clkbuf_0_clk/A (sky130_fd_sc_hd__clkbuf_16)
     2    0.02    0.04    0.13    0.67 ^ clkbuf_0_clk/X (sky130_fd_sc_hd__clkbuf_16)
                                         clknet_0_clk (net)
                  0.04    0.00    0.67 ^ clkbuf_1_0__f_clk/A (sky130_fd_sc_hd__clkbuf_16)
    16    0.05    0.06    0.14    0.81 ^ clkbuf_1_0__f_clk/X (sky130_fd_sc_hd__clkbuf_16)
                                         clknet_1_0__leaf_clk (net)
                  0.06    0.00    0.81 ^ _249_/CLK (sky130_fd_sc_hd__dfrtp_1)
     1    0.00    0.04    0.36    1.17 v _249_/Q (sky130_fd_sc_hd__dfrtp_1)
                                         net11 (net)
                  0.04    0.00    1.17 v output11/A (sky130_fd_sc_hd__buf_4)
     1    0.05    0.08    0.18    1.35 v output11/X (sky130_fd_sc_hd__buf_4)
                                         pwr_gate_en (net)
                  0.08    0.00    1.35 v pwr_gate_en (out)
                                  1.35   data arrival time

                         10.00   10.00   clock clk (rise edge)
                          0.50   10.50   clock network delay (propagated)
                         -0.30   10.20   clock uncertainty
                          0.00   10.20   clock reconvergence pessimism
                         -2.00    8.20   output external delay
                                  8.20   data required time
-----------------------------------------------------------------------------
                                  8.20   data required time
                                 -1.35   data arrival time
-----------------------------------------------------------------------------
                                  6.85   slack (MET)


Startpoint: _254_ (rising edge-triggered flip-flop clocked by clk)
Endpoint: pwr_state[0] (output port clocked by clk)
Path Group: clk
Path Type: max
Corner: Typical

Fanout     Cap    Slew   Delay    Time   Description
-----------------------------------------------------------------------------
                          0.00    0.00   clock clk (rise edge)
                          0.50    0.50   clock source latency
     1    0.02    0.05    0.04    0.54 ^ clk (in)
                                         clk (net)
                  0.05    0.00    0.54 ^ clkbuf_0_clk/A (sky130_fd_sc_hd__clkbuf_16)
     2    0.02    0.04    0.13    0.67 ^ clkbuf_0_clk/X (sky130_fd_sc_hd__clkbuf_16)
                                         clknet_0_clk (net)
                  0.04    0.00    0.67 ^ clkbuf_1_1__f_clk/A (sky130_fd_sc_hd__clkbuf_16)
    13    0.05    0.06    0.14    0.81 ^ clkbuf_1_1__f_clk/X (sky130_fd_sc_hd__clkbuf_16)
                                         clknet_1_1__leaf_clk (net)
                  0.06    0.00    0.81 ^ _254_/CLK (sky130_fd_sc_hd__dfrtp_1)
     1    0.00    0.04    0.36    1.17 v _254_/Q (sky130_fd_sc_hd__dfrtp_1)
                                         net12 (net)
                  0.04    0.00    1.17 v output12/A (sky130_fd_sc_hd__clkbuf_2)
     1    0.02    0.08    0.15    1.32 v output12/X (sky130_fd_sc_hd__clkbuf_2)
                                         pwr_state[0] (net)
                  0.08    0.00    1.32 v pwr_state[0] (out)
                                  1.32   data arrival time

                         10.00   10.00   clock clk (rise edge)
                          0.50   10.50   clock network delay (propagated)
                         -0.30   10.20   clock uncertainty
                          0.00   10.20   clock reconvergence pessimism
                         -2.00    8.20   output external delay
                                  8.20   data required time
-----------------------------------------------------------------------------
                                  8.20   data required time
                                 -1.32   data arrival time
-----------------------------------------------------------------------------
                                  6.88   slack (MET)


Startpoint: _255_ (rising edge-triggered flip-flop clocked by clk)
Endpoint: pwr_state[1] (output port clocked by clk)
Path Group: clk
Path Type: max
Corner: Typical

Fanout     Cap    Slew   Delay    Time   Description
-----------------------------------------------------------------------------
                          0.00    0.00   clock clk (rise edge)
                          0.50    0.50   clock source latency
     1    0.02    0.05    0.04    0.54 ^ clk (in)
                                         clk (net)
                  0.05    0.00    0.54 ^ clkbuf_0_clk/A (sky130_fd_sc_hd__clkbuf_16)
     2    0.02    0.04    0.13    0.67 ^ clkbuf_0_clk/X (sky130_fd_sc_hd__clkbuf_16)
                                         clknet_0_clk (net)
                  0.04    0.00    0.67 ^ clkbuf_1_1__f_clk/A (sky130_fd_sc_hd__clkbuf_16)
    13    0.05    0.06    0.14    0.81 ^ clkbuf_1_1__f_clk/X (sky130_fd_sc_hd__clkbuf_16)
                                         clknet_1_1__leaf_clk (net)
                  0.06    0.00    0.81 ^ _255_/CLK (sky130_fd_sc_hd__dfrtp_1)
     1    0.00    0.04    0.36    1.17 v _255_/Q (sky130_fd_sc_hd__dfrtp_1)
                                         net13 (net)
                  0.04    0.00    1.17 v output13/A (sky130_fd_sc_hd__clkbuf_2)
     1    0.02    0.08    0.15    1.31 v output13/X (sky130_fd_sc_hd__clkbuf_2)
                                         pwr_state[1] (net)
                  0.08    0.00    1.32 v pwr_state[1] (out)
                                  1.32   data arrival time

                         10.00   10.00   clock clk (rise edge)
                          0.50   10.50   clock network delay (propagated)
                         -0.30   10.20   clock uncertainty
                          0.00   10.20   clock reconvergence pessimism
                         -2.00    8.20   output external delay
                                  8.20   data required time
-----------------------------------------------------------------------------
                                  8.20   data required time
                                 -1.32   data arrival time
-----------------------------------------------------------------------------
                                  6.88   slack (MET)


Startpoint: wake_up (input port clocked by clk)
Endpoint: _259_ (rising edge-triggered flip-flop clocked by clk)
Path Group: clk
Path Type: max
Corner: Typical

Fanout     Cap    Slew   Delay    Time   Description
-----------------------------------------------------------------------------
                          0.00    0.00   clock clk (rise edge)
                          0.50    0.50   clock network delay (propagated)
                          2.00    2.50 v input external delay
     1    0.00    0.02    0.01    2.51 v wake_up (in)
                                         wake_up (net)
                  0.02    0.00    2.51 v input7/A (sky130_fd_sc_hd__clkbuf_1)
     1    0.00    0.03    0.08    2.59 v input7/X (sky130_fd_sc_hd__clkbuf_1)
                                         net7 (net)
                  0.03    0.00    2.59 v _259_/D (sky130_fd_sc_hd__dfrtp_1)
                                  2.59   data arrival time

                         10.00   10.00   clock clk (rise edge)
                          0.50   10.50   clock source latency
     1    0.02    0.05    0.04   10.54 ^ clk (in)
                                         clk (net)
                  0.05    0.00   10.54 ^ clkbuf_0_clk/A (sky130_fd_sc_hd__clkbuf_16)
     2    0.02    0.04    0.13   10.67 ^ clkbuf_0_clk/X (sky130_fd_sc_hd__clkbuf_16)
                                         clknet_0_clk (net)
                  0.04    0.00   10.67 ^ clkbuf_1_0__f_clk/A (sky130_fd_sc_hd__clkbuf_16)
    16    0.05    0.06    0.14   10.81 ^ clkbuf_1_0__f_clk/X (sky130_fd_sc_hd__clkbuf_16)
                                         clknet_1_0__leaf_clk (net)
                  0.06    0.00   10.81 ^ _259_/CLK (sky130_fd_sc_hd__dfrtp_1)
                         -0.30   10.51   clock uncertainty
                          0.00   10.51   clock reconvergence pessimism
                         -0.10   10.41   library setup time
                                 10.41   data required time
-----------------------------------------------------------------------------
                                 10.41   data required time
                                 -2.59   data arrival time
-----------------------------------------------------------------------------
                                  7.82   slack (MET)


Startpoint: req_sleep (input port clocked by clk)
Endpoint: _261_ (rising edge-triggered flip-flop clocked by clk)
Path Group: clk
Path Type: max
Corner: Typical

Fanout     Cap    Slew   Delay    Time   Description
-----------------------------------------------------------------------------
                          0.00    0.00   clock clk (rise edge)
                          0.50    0.50   clock network delay (propagated)
                          2.00    2.50 v input external delay
     1    0.00    0.02    0.01    2.51 v req_sleep (in)
                                         req_sleep (net)
                  0.02    0.00    2.51 v input5/A (sky130_fd_sc_hd__clkbuf_1)
     1    0.00    0.03    0.08    2.59 v input5/X (sky130_fd_sc_hd__clkbuf_1)
                                         net5 (net)
                  0.03    0.00    2.59 v _261_/D (sky130_fd_sc_hd__dfrtp_1)
                                  2.59   data arrival time

                         10.00   10.00   clock clk (rise edge)
                          0.50   10.50   clock source latency
     1    0.02    0.05    0.04   10.54 ^ clk (in)
                                         clk (net)
                  0.05    0.00   10.54 ^ clkbuf_0_clk/A (sky130_fd_sc_hd__clkbuf_16)
     2    0.02    0.04    0.13   10.67 ^ clkbuf_0_clk/X (sky130_fd_sc_hd__clkbuf_16)
                                         clknet_0_clk (net)
                  0.04    0.00   10.67 ^ clkbuf_1_0__f_clk/A (sky130_fd_sc_hd__clkbuf_16)
    16    0.05    0.06    0.14   10.81 ^ clkbuf_1_0__f_clk/X (sky130_fd_sc_hd__clkbuf_16)
                                         clknet_1_0__leaf_clk (net)
                  0.06    0.00   10.81 ^ _261_/CLK (sky130_fd_sc_hd__dfrtp_1)
                         -0.30   10.51   clock uncertainty
                          0.00   10.51   clock reconvergence pessimism
                         -0.10   10.41   library setup time
                                 10.41   data required time
-----------------------------------------------------------------------------
                                 10.41   data required time
                                 -2.59   data arrival time
-----------------------------------------------------------------------------
                                  7.82   slack (MET)


Startpoint: req_idle (input port clocked by clk)
Endpoint: _262_ (rising edge-triggered flip-flop clocked by clk)
Path Group: clk
Path Type: max
Corner: Typical

Fanout     Cap    Slew   Delay    Time   Description
-----------------------------------------------------------------------------
                          0.00    0.00   clock clk (rise edge)
                          0.50    0.50   clock network delay (propagated)
                          2.00    2.50 v input external delay
     1    0.00    0.02    0.01    2.51 v req_idle (in)
                                         req_idle (net)
                  0.02    0.00    2.51 v input3/A (sky130_fd_sc_hd__clkbuf_1)
     1    0.00    0.02    0.08    2.58 v input3/X (sky130_fd_sc_hd__clkbuf_1)
                                         net3 (net)
                  0.02    0.00    2.58 v _262_/D (sky130_fd_sc_hd__dfrtp_1)
                                  2.58   data arrival time

                         10.00   10.00   clock clk (rise edge)
                          0.50   10.50   clock source latency
     1    0.02    0.05    0.04   10.54 ^ clk (in)
                                         clk (net)
                  0.05    0.00   10.54 ^ clkbuf_0_clk/A (sky130_fd_sc_hd__clkbuf_16)
     2    0.02    0.04    0.13   10.67 ^ clkbuf_0_clk/X (sky130_fd_sc_hd__clkbuf_16)
                                         clknet_0_clk (net)
                  0.04    0.00   10.67 ^ clkbuf_1_0__f_clk/A (sky130_fd_sc_hd__clkbuf_16)
    16    0.05    0.06    0.14   10.81 ^ clkbuf_1_0__f_clk/X (sky130_fd_sc_hd__clkbuf_16)
                                         clknet_1_0__leaf_clk (net)
                  0.06    0.00   10.81 ^ _262_/CLK (sky130_fd_sc_hd__dfrtp_1)
                         -0.30   10.51   clock uncertainty
                          0.00   10.51   clock reconvergence pessimism
                         -0.10   10.41   library setup time
                                 10.41   data required time
-----------------------------------------------------------------------------
                                 10.41   data required time
                                 -2.58   data arrival time
-----------------------------------------------------------------------------
                                  7.83   slack (MET)


Startpoint: req_off (input port clocked by clk)
Endpoint: _260_ (rising edge-triggered flip-flop clocked by clk)
Path Group: clk
Path Type: max
Corner: Typical

Fanout     Cap    Slew   Delay    Time   Description
-----------------------------------------------------------------------------
                          0.00    0.00   clock clk (rise edge)
                          0.50    0.50   clock network delay (propagated)
                          2.00    2.50 v input external delay
     1    0.00    0.02    0.01    2.51 v req_off (in)
                                         req_off (net)
                  0.02    0.00    2.51 v input4/A (sky130_fd_sc_hd__clkbuf_1)
     1    0.00    0.02    0.07    2.58 v input4/X (sky130_fd_sc_hd__clkbuf_1)
                                         net4 (net)
                  0.02    0.00    2.58 v _260_/D (sky130_fd_sc_hd__dfrtp_1)
                                  2.58   data arrival time

                         10.00   10.00   clock clk (rise edge)
                          0.50   10.50   clock source latency
     1    0.02    0.05    0.04   10.54 ^ clk (in)
                                         clk (net)
                  0.05    0.00   10.54 ^ clkbuf_0_clk/A (sky130_fd_sc_hd__clkbuf_16)
     2    0.02    0.04    0.13   10.67 ^ clkbuf_0_clk/X (sky130_fd_sc_hd__clkbuf_16)
                                         clknet_0_clk (net)
                  0.04    0.00   10.67 ^ clkbuf_1_0__f_clk/A (sky130_fd_sc_hd__clkbuf_16)
    16    0.05    0.06    0.14   10.81 ^ clkbuf_1_0__f_clk/X (sky130_fd_sc_hd__clkbuf_16)
                                         clknet_1_0__leaf_clk (net)
                  0.06    0.00   10.81 ^ _260_/CLK (sky130_fd_sc_hd__dfrtp_1)
                         -0.30   10.51   clock uncertainty
                          0.00   10.51   clock reconvergence pessimism
                         -0.10   10.41   library setup time
                                 10.41   data required time
-----------------------------------------------------------------------------
                                 10.41   data required time
                                 -2.58   data arrival time
-----------------------------------------------------------------------------
                                  7.83   slack (MET)


Startpoint: _258_ (rising edge-triggered flip-flop clocked by clk)
Endpoint: _255_ (rising edge-triggered flip-flop clocked by clk)
Path Group: clk
Path Type: max
Corner: Typical

Fanout     Cap    Slew   Delay    Time   Description
-----------------------------------------------------------------------------
                          0.00    0.00   clock clk (rise edge)
                          0.50    0.50   clock source latency
     1    0.02    0.05    0.04    0.54 ^ clk (in)
                                         clk (net)
                  0.05    0.00    0.54 ^ clkbuf_0_clk/A (sky130_fd_sc_hd__clkbuf_16)
     2    0.02    0.04    0.13    0.67 ^ clkbuf_0_clk/X (sky130_fd_sc_hd__clkbuf_16)
                                         clknet_0_clk (net)
                  0.04    0.00    0.67 ^ clkbuf_1_0__f_clk/A (sky130_fd_sc_hd__clkbuf_16)
    16    0.05    0.06    0.14    0.81 ^ clkbuf_1_0__f_clk/X (sky130_fd_sc_hd__clkbuf_16)
                                         clknet_1_0__leaf_clk (net)
                  0.06    0.00    0.81 ^ _258_/CLK (sky130_fd_sc_hd__dfrtp_4)
     8    0.04    0.10    0.54    1.35 v _258_/Q (sky130_fd_sc_hd__dfrtp_4)
                                         curr_state[2] (net)
                  0.10    0.00    1.35 v _124_/A (sky130_fd_sc_hd__inv_6)
     6    0.02    0.06    0.09    1.44 ^ _124_/Y (sky130_fd_sc_hd__inv_6)
                                         _064_ (net)
                  0.06    0.00    1.44 ^ _125_/B (sky130_fd_sc_hd__nor2_1)
     3    0.01    0.06    0.06    1.50 v _125_/Y (sky130_fd_sc_hd__nor2_1)
                                         _065_ (net)
                  0.06    0.00    1.50 v _170_/A (sky130_fd_sc_hd__and2_1)
     3    0.01    0.07    0.17    1.68 v _170_/X (sky130_fd_sc_hd__and2_1)
                                         _107_ (net)
                  0.07    0.00    1.68 v _193_/B (sky130_fd_sc_hd__nor2_1)
     2    0.00    0.10    0.11    1.79 ^ _193_/Y (sky130_fd_sc_hd__nor2_1)
                                         _024_ (net)
                  0.10    0.00    1.79 ^ _194_/C_N (sky130_fd_sc_hd__or3b_1)
     1    0.01    0.09    0.38    2.17 v _194_/X (sky130_fd_sc_hd__or3b_1)
                                         _025_ (net)
                  0.09    0.00    2.17 v _195_/A (sky130_fd_sc_hd__clkbuf_1)
     1    0.00    0.03    0.10    2.27 v _195_/X (sky130_fd_sc_hd__clkbuf_1)
                                         _113_ (net)
                  0.03    0.00    2.27 v _255_/D (sky130_fd_sc_hd__dfrtp_1)
                                  2.27   data arrival time

                         10.00   10.00   clock clk (rise edge)
                          0.50   10.50   clock source latency
     1    0.02    0.05    0.04   10.54 ^ clk (in)
                                         clk (net)
                  0.05    0.00   10.54 ^ clkbuf_0_clk/A (sky130_fd_sc_hd__clkbuf_16)
     2    0.02    0.04    0.13   10.67 ^ clkbuf_0_clk/X (sky130_fd_sc_hd__clkbuf_16)
                                         clknet_0_clk (net)
                  0.04    0.00   10.67 ^ clkbuf_1_1__f_clk/A (sky130_fd_sc_hd__clkbuf_16)
    13    0.05    0.06    0.14   10.81 ^ clkbuf_1_1__f_clk/X (sky130_fd_sc_hd__clkbuf_16)
                                         clknet_1_1__leaf_clk (net)
                  0.06    0.00   10.81 ^ _255_/CLK (sky130_fd_sc_hd__dfrtp_1)
                         -0.30   10.51   clock uncertainty
                          0.00   10.51   clock reconvergence pessimism
                         -0.10   10.41   library setup time
                                 10.41   data required time
-----------------------------------------------------------------------------
                                 10.41   data required time
                                 -2.27   data arrival time
-----------------------------------------------------------------------------
                                  8.14   slack (MET)


Startpoint: _246_ (rising edge-triggered flip-flop clocked by clk)
Endpoint: _250_ (rising edge-triggered flip-flop clocked by clk)
Path Group: clk
Path Type: max
Corner: Typical

Fanout     Cap    Slew   Delay    Time   Description
-----------------------------------------------------------------------------
                          0.00    0.00   clock clk (rise edge)
                          0.50    0.50   clock source latency
     1    0.02    0.05    0.04    0.54 ^ clk (in)
                                         clk (net)
                  0.05    0.00    0.54 ^ clkbuf_0_clk/A (sky130_fd_sc_hd__clkbuf_16)
     2    0.02    0.04    0.13    0.67 ^ clkbuf_0_clk/X (sky130_fd_sc_hd__clkbuf_16)
                                         clknet_0_clk (net)
                  0.04    0.00    0.67 ^ clkbuf_1_1__f_clk/A (sky130_fd_sc_hd__clkbuf_16)
    13    0.05    0.06    0.14    0.81 ^ clkbuf_1_1__f_clk/X (sky130_fd_sc_hd__clkbuf_16)
                                         clknet_1_1__leaf_clk (net)
                  0.06    0.00    0.81 ^ _246_/CLK (sky130_fd_sc_hd__dfrtp_1)
     3    0.01    0.06    0.39    1.20 v _246_/Q (sky130_fd_sc_hd__dfrtp_1)
                                         seq_timer[6] (net)
                  0.06    0.00    1.20 v _121_/A (sky130_fd_sc_hd__nor2_1)
     2    0.01    0.14    0.15    1.35 ^ _121_/Y (sky130_fd_sc_hd__nor2_1)
                                         _061_ (net)
                  0.14    0.00    1.35 ^ _134_/B (sky130_fd_sc_hd__nand3_1)
     2    0.01    0.08    0.11    1.46 v _134_/Y (sky130_fd_sc_hd__nand3_1)
                                         _074_ (net)
                  0.08    0.00    1.46 v _135_/C (sky130_fd_sc_hd__or3_1)
     1    0.01    0.08    0.34    1.80 v _135_/X (sky130_fd_sc_hd__or3_1)
                                         _075_ (net)
                  0.08    0.00    1.80 v _136_/A (sky130_fd_sc_hd__inv_2)
     3    0.01    0.06    0.08    1.88 ^ _136_/Y (sky130_fd_sc_hd__inv_2)
                                         _076_ (net)
                  0.06    0.00    1.88 ^ _197_/A2 (sky130_fd_sc_hd__o21ai_1)
     1    0.00    0.05    0.06    1.94 v _197_/Y (sky130_fd_sc_hd__o21ai_1)
                                         _116_ (net)
                  0.05    0.00    1.94 v _250_/D (sky130_fd_sc_hd__dfrtp_1)
                                  1.94   data arrival time

                         10.00   10.00   clock clk (rise edge)
                          0.50   10.50   clock source latency
     1    0.02    0.05    0.04   10.54 ^ clk (in)
                                         clk (net)
                  0.05    0.00   10.54 ^ clkbuf_0_clk/A (sky130_fd_sc_hd__clkbuf_16)
     2    0.02    0.04    0.13   10.67 ^ clkbuf_0_clk/X (sky130_fd_sc_hd__clkbuf_16)
                                         clknet_0_clk (net)
                  0.04    0.00   10.67 ^ clkbuf_1_0__f_clk/A (sky130_fd_sc_hd__clkbuf_16)
    16    0.05    0.06    0.14   10.81 ^ clkbuf_1_0__f_clk/X (sky130_fd_sc_hd__clkbuf_16)
                                         clknet_1_0__leaf_clk (net)
                  0.06    0.00   10.81 ^ _250_/CLK (sky130_fd_sc_hd__dfrtp_1)
                         -0.30   10.51   clock uncertainty
                          0.00   10.51   clock reconvergence pessimism
                         -0.11   10.40   library setup time
                                 10.40   data required time
-----------------------------------------------------------------------------
                                 10.40   data required time
                                 -1.94   data arrival time
-----------------------------------------------------------------------------
                                  8.46   slack (MET)


Startpoint: _246_ (rising edge-triggered flip-flop clocked by clk)
Endpoint: _253_ (rising edge-triggered flip-flop clocked by clk)
Path Group: clk
Path Type: max
Corner: Typical

Fanout     Cap    Slew   Delay    Time   Description
-----------------------------------------------------------------------------
                          0.00    0.00   clock clk (rise edge)
                          0.50    0.50   clock source latency
     1    0.02    0.05    0.04    0.54 ^ clk (in)
                                         clk (net)
                  0.05    0.00    0.54 ^ clkbuf_0_clk/A (sky130_fd_sc_hd__clkbuf_16)
     2    0.02    0.04    0.13    0.67 ^ clkbuf_0_clk/X (sky130_fd_sc_hd__clkbuf_16)
                                         clknet_0_clk (net)
                  0.04    0.00    0.67 ^ clkbuf_1_1__f_clk/A (sky130_fd_sc_hd__clkbuf_16)
    13    0.05    0.06    0.14    0.81 ^ clkbuf_1_1__f_clk/X (sky130_fd_sc_hd__clkbuf_16)
                                         clknet_1_1__leaf_clk (net)
                  0.06    0.00    0.81 ^ _246_/CLK (sky130_fd_sc_hd__dfrtp_1)
     3    0.01    0.06    0.39    1.20 v _246_/Q (sky130_fd_sc_hd__dfrtp_1)
                                         seq_timer[6] (net)
                  0.06    0.00    1.20 v _121_/A (sky130_fd_sc_hd__nor2_1)
     2    0.01    0.14    0.15    1.35 ^ _121_/Y (sky130_fd_sc_hd__nor2_1)
                                         _061_ (net)
                  0.14    0.00    1.35 ^ _134_/B (sky130_fd_sc_hd__nand3_1)
     2    0.01    0.08    0.11    1.46 v _134_/Y (sky130_fd_sc_hd__nand3_1)
                                         _074_ (net)
                  0.08    0.00    1.46 v _135_/C (sky130_fd_sc_hd__or3_1)
     1    0.01    0.08    0.34    1.80 v _135_/X (sky130_fd_sc_hd__or3_1)
                                         _075_ (net)
                  0.08    0.00    1.80 v _136_/A (sky130_fd_sc_hd__inv_2)
     3    0.01    0.06    0.08    1.88 ^ _136_/Y (sky130_fd_sc_hd__inv_2)
                                         _076_ (net)
                  0.06    0.00    1.88 ^ _196_/A1 (sky130_fd_sc_hd__a21o_1)
     1    0.00    0.03    0.10    1.98 ^ _196_/X (sky130_fd_sc_hd__a21o_1)
                                         _115_ (net)
                  0.03    0.00    1.98 ^ _253_/D (sky130_fd_sc_hd__dfrtp_1)
                                  1.98   data arrival time

                         10.00   10.00   clock clk (rise edge)
                          0.50   10.50   clock source latency
     1    0.02    0.05    0.04   10.54 ^ clk (in)
                                         clk (net)
                  0.05    0.00   10.54 ^ clkbuf_0_clk/A (sky130_fd_sc_hd__clkbuf_16)
     2    0.02    0.04    0.13   10.67 ^ clkbuf_0_clk/X (sky130_fd_sc_hd__clkbuf_16)
                                         clknet_0_clk (net)
                  0.04    0.00   10.67 ^ clkbuf_1_1__f_clk/A (sky130_fd_sc_hd__clkbuf_16)
    13    0.05    0.06    0.14   10.81 ^ clkbuf_1_1__f_clk/X (sky130_fd_sc_hd__clkbuf_16)
                                         clknet_1_1__leaf_clk (net)
                  0.06    0.00   10.81 ^ _253_/CLK (sky130_fd_sc_hd__dfrtp_1)
                         -0.30   10.51   clock uncertainty
                          0.00   10.51   clock reconvergence pessimism
                         -0.05   10.46   library setup time
                                 10.46   data required time
-----------------------------------------------------------------------------
                                 10.46   data required time
                                 -1.98   data arrival time
-----------------------------------------------------------------------------
                                  8.48   slack (MET)


Startpoint: _246_ (rising edge-triggered flip-flop clocked by clk)
Endpoint: _252_ (rising edge-triggered flip-flop clocked by clk)
Path Group: clk
Path Type: max
Corner: Typical

Fanout     Cap    Slew   Delay    Time   Description
-----------------------------------------------------------------------------
                          0.00    0.00   clock clk (rise edge)
                          0.50    0.50   clock source latency
     1    0.02    0.05    0.04    0.54 ^ clk (in)
                                         clk (net)
                  0.05    0.00    0.54 ^ clkbuf_0_clk/A (sky130_fd_sc_hd__clkbuf_16)
     2    0.02    0.04    0.13    0.67 ^ clkbuf_0_clk/X (sky130_fd_sc_hd__clkbuf_16)
                                         clknet_0_clk (net)
                  0.04    0.00    0.67 ^ clkbuf_1_1__f_clk/A (sky130_fd_sc_hd__clkbuf_16)
    13    0.05    0.06    0.14    0.81 ^ clkbuf_1_1__f_clk/X (sky130_fd_sc_hd__clkbuf_16)
                                         clknet_1_1__leaf_clk (net)
                  0.06    0.00    0.81 ^ _246_/CLK (sky130_fd_sc_hd__dfrtp_1)
     3    0.01    0.06    0.39    1.20 v _246_/Q (sky130_fd_sc_hd__dfrtp_1)
                                         seq_timer[6] (net)
                  0.06    0.00    1.20 v _121_/A (sky130_fd_sc_hd__nor2_1)
     2    0.01    0.14    0.15    1.35 ^ _121_/Y (sky130_fd_sc_hd__nor2_1)
                                         _061_ (net)
                  0.14    0.00    1.35 ^ _134_/B (sky130_fd_sc_hd__nand3_1)
     2    0.01    0.08    0.11    1.46 v _134_/Y (sky130_fd_sc_hd__nand3_1)
                                         _074_ (net)
                  0.08    0.00    1.46 v _135_/C (sky130_fd_sc_hd__or3_1)
     1    0.01    0.08    0.34    1.80 v _135_/X (sky130_fd_sc_hd__or3_1)
                                         _075_ (net)
                  0.08    0.00    1.80 v _136_/A (sky130_fd_sc_hd__inv_2)
     3    0.01    0.06    0.08    1.88 ^ _136_/Y (sky130_fd_sc_hd__inv_2)
                                         _076_ (net)
                  0.06    0.00    1.88 ^ _137_/B (sky130_fd_sc_hd__nor2_1)
     1    0.00    0.03    0.04    1.92 v _137_/Y (sky130_fd_sc_hd__nor2_1)
                                         _114_ (net)
                  0.03    0.00    1.92 v _252_/D (sky130_fd_sc_hd__dfrtp_1)
                                  1.92   data arrival time

                         10.00   10.00   clock clk (rise edge)
                          0.50   10.50   clock source latency
     1    0.02    0.05    0.04   10.54 ^ clk (in)
                                         clk (net)
                  0.05    0.00   10.54 ^ clkbuf_0_clk/A (sky130_fd_sc_hd__clkbuf_16)
     2    0.02    0.04    0.13   10.67 ^ clkbuf_0_clk/X (sky130_fd_sc_hd__clkbuf_16)
                                         clknet_0_clk (net)
                  0.04    0.00   10.67 ^ clkbuf_1_0__f_clk/A (sky130_fd_sc_hd__clkbuf_16)
    16    0.05    0.06    0.14   10.81 ^ clkbuf_1_0__f_clk/X (sky130_fd_sc_hd__clkbuf_16)
                                         clknet_1_0__leaf_clk (net)
                  0.06    0.00   10.81 ^ _252_/CLK (sky130_fd_sc_hd__dfrtp_1)
                         -0.30   10.51   clock uncertainty
                          0.00   10.51   clock reconvergence pessimism
                         -0.10   10.41   library setup time
                                 10.41   data required time
-----------------------------------------------------------------------------
                                 10.41   data required time
                                 -1.92   data arrival time
-----------------------------------------------------------------------------
                                  8.49   slack (MET)


Startpoint: _257_ (rising edge-triggered flip-flop clocked by clk)
Endpoint: _256_ (rising edge-triggered flip-flop clocked by clk)
Path Group: clk
Path Type: max
Corner: Typical

Fanout     Cap    Slew   Delay    Time   Description
-----------------------------------------------------------------------------
                          0.00    0.00   clock clk (rise edge)
                          0.50    0.50   clock source latency
     1    0.02    0.05    0.04    0.54 ^ clk (in)
                                         clk (net)
                  0.05    0.00    0.54 ^ clkbuf_0_clk/A (sky130_fd_sc_hd__clkbuf_16)
     2    0.02    0.04    0.13    0.67 ^ clkbuf_0_clk/X (sky130_fd_sc_hd__clkbuf_16)
                                         clknet_0_clk (net)
                  0.04    0.00    0.67 ^ clkbuf_1_0__f_clk/A (sky130_fd_sc_hd__clkbuf_16)
    16    0.05    0.06    0.14    0.81 ^ clkbuf_1_0__f_clk/X (sky130_fd_sc_hd__clkbuf_16)
                                         clknet_1_0__leaf_clk (net)
                  0.06    0.00    0.81 ^ _257_/CLK (sky130_fd_sc_hd__dfrtp_1)
     3    0.01    0.07    0.40    1.21 v _257_/Q (sky130_fd_sc_hd__dfrtp_1)
                                         curr_state[1] (net)
                  0.07    0.00    1.21 v _126_/A (sky130_fd_sc_hd__clkbuf_2)
     8    0.03    0.11    0.18    1.39 v _126_/X (sky130_fd_sc_hd__clkbuf_2)
                                         _066_ (net)
                  0.11    0.00    1.39 v _146_/B (sky130_fd_sc_hd__nor2_1)
     2    0.01    0.13    0.15    1.54 ^ _146_/Y (sky130_fd_sc_hd__nor2_1)
                                         _084_ (net)
                  0.13    0.00    1.54 ^ _148_/B (sky130_fd_sc_hd__nand3_1)
     1    0.00    0.06    0.09    1.63 v _148_/Y (sky130_fd_sc_hd__nand3_1)
                                         _086_ (net)
                  0.06    0.00    1.63 v _149_/B (sky130_fd_sc_hd__nand2_1)
     1    0.00    0.05    0.07    1.70 ^ _149_/Y (sky130_fd_sc_hd__nand2_1)
                                         _087_ (net)
                  0.05    0.00    1.70 ^ _151_/A (sky130_fd_sc_hd__nand2_1)
     1    0.00    0.04    0.05    1.75 v _151_/Y (sky130_fd_sc_hd__nand2_1)
                                         _089_ (net)
                  0.04    0.00    1.75 v _154_/A (sky130_fd_sc_hd__nand2_1)
     2    0.01    0.07    0.06    1.82 ^ _154_/Y (sky130_fd_sc_hd__nand2_1)
                                         _092_ (net)
                  0.07    0.00    1.82 ^ _156_/A (sky130_fd_sc_hd__nand2_1)
     2    0.01    0.06    0.08    1.90 v _156_/Y (sky130_fd_sc_hd__nand2_1)
                                         _094_ (net)
                  0.06    0.00    1.90 v _157_/A (sky130_fd_sc_hd__inv_2)
     1    0.00    0.03    0.05    1.94 ^ _157_/Y (sky130_fd_sc_hd__inv_2)
                                         next_state[0] (net)
                  0.03    0.00    1.94 ^ _256_/D (sky130_fd_sc_hd__dfrtp_4)
                                  1.94   data arrival time

                         10.00   10.00   clock clk (rise edge)
                          0.50   10.50   clock source latency
     1    0.02    0.05    0.04   10.54 ^ clk (in)
                                         clk (net)
                  0.05    0.00   10.54 ^ clkbuf_0_clk/A (sky130_fd_sc_hd__clkbuf_16)
     2    0.02    0.04    0.13   10.67 ^ clkbuf_0_clk/X (sky130_fd_sc_hd__clkbuf_16)
                                         clknet_0_clk (net)
                  0.04    0.00   10.67 ^ clkbuf_1_0__f_clk/A (sky130_fd_sc_hd__clkbuf_16)
    16    0.05    0.06    0.14   10.81 ^ clkbuf_1_0__f_clk/X (sky130_fd_sc_hd__clkbuf_16)
                                         clknet_1_0__leaf_clk (net)
                  0.06    0.00   10.81 ^ _256_/CLK (sky130_fd_sc_hd__dfrtp_4)
                         -0.30   10.51   clock uncertainty
                          0.00   10.51   clock reconvergence pessimism
                         -0.06   10.46   library setup time
                                 10.46   data required time
-----------------------------------------------------------------------------
                                 10.46   data required time
                                 -1.94   data arrival time
-----------------------------------------------------------------------------
                                  8.51   slack (MET)


Startpoint: _246_ (rising edge-triggered flip-flop clocked by clk)
Endpoint: _251_ (rising edge-triggered flip-flop clocked by clk)
Path Group: clk
Path Type: max
Corner: Typical

Fanout     Cap    Slew   Delay    Time   Description
-----------------------------------------------------------------------------
                          0.00    0.00   clock clk (rise edge)
                          0.50    0.50   clock source latency
     1    0.02    0.05    0.04    0.54 ^ clk (in)
                                         clk (net)
                  0.05    0.00    0.54 ^ clkbuf_0_clk/A (sky130_fd_sc_hd__clkbuf_16)
     2    0.02    0.04    0.13    0.67 ^ clkbuf_0_clk/X (sky130_fd_sc_hd__clkbuf_16)
                                         clknet_0_clk (net)
                  0.04    0.00    0.67 ^ clkbuf_1_1__f_clk/A (sky130_fd_sc_hd__clkbuf_16)
    13    0.05    0.06    0.14    0.81 ^ clkbuf_1_1__f_clk/X (sky130_fd_sc_hd__clkbuf_16)
                                         clknet_1_1__leaf_clk (net)
                  0.06    0.00    0.81 ^ _246_/CLK (sky130_fd_sc_hd__dfrtp_1)
     3    0.01    0.06    0.39    1.20 v _246_/Q (sky130_fd_sc_hd__dfrtp_1)
                                         seq_timer[6] (net)
                  0.06    0.00    1.20 v _121_/A (sky130_fd_sc_hd__nor2_1)
     2    0.01    0.14    0.15    1.35 ^ _121_/Y (sky130_fd_sc_hd__nor2_1)
                                         _061_ (net)
                  0.14    0.00    1.35 ^ _122_/B (sky130_fd_sc_hd__nand2_1)
     3    0.01    0.08    0.11    1.46 v _122_/Y (sky130_fd_sc_hd__nand2_1)
                                         _062_ (net)
                  0.08    0.00    1.46 v _123_/B (sky130_fd_sc_hd__nor2_1)
     3    0.01    0.22    0.20    1.66 ^ _123_/Y (sky130_fd_sc_hd__nor2_1)
                                         _063_ (net)
                  0.22    0.00    1.66 ^ _198_/C1 (sky130_fd_sc_hd__o211a_1)
     1    0.00    0.06    0.19    1.85 ^ _198_/X (sky130_fd_sc_hd__o211a_1)
                                         _003_ (net)
                  0.06    0.00    1.85 ^ _251_/D (sky130_fd_sc_hd__dfrtp_1)
                                  1.85   data arrival time

                         10.00   10.00   clock clk (rise edge)
                          0.50   10.50   clock source latency
     1    0.02    0.05    0.04   10.54 ^ clk (in)
                                         clk (net)
                  0.05    0.00   10.54 ^ clkbuf_0_clk/A (sky130_fd_sc_hd__clkbuf_16)
     2    0.02    0.04    0.13   10.67 ^ clkbuf_0_clk/X (sky130_fd_sc_hd__clkbuf_16)
                                         clknet_0_clk (net)
                  0.04    0.00   10.67 ^ clkbuf_1_0__f_clk/A (sky130_fd_sc_hd__clkbuf_16)
    16    0.05    0.06    0.14   10.81 ^ clkbuf_1_0__f_clk/X (sky130_fd_sc_hd__clkbuf_16)
                                         clknet_1_0__leaf_clk (net)
                  0.06    0.00   10.81 ^ _251_/CLK (sky130_fd_sc_hd__dfrtp_1)
                         -0.30   10.51   clock uncertainty
                          0.00   10.51   clock reconvergence pessimism
                         -0.06   10.45   library setup time
                                 10.45   data required time
-----------------------------------------------------------------------------
                                 10.45   data required time
                                 -1.85   data arrival time
-----------------------------------------------------------------------------
                                  8.60   slack (MET)


Startpoint: _258_ (rising edge-triggered flip-flop clocked by clk)
Endpoint: _239_ (rising edge-triggered flip-flop clocked by clk)
Path Group: clk
Path Type: max
Corner: Typical

Fanout     Cap    Slew   Delay    Time   Description
-----------------------------------------------------------------------------
                          0.00    0.00   clock clk (rise edge)
                          0.50    0.50   clock source latency
     1    0.02    0.05    0.04    0.54 ^ clk (in)
                                         clk (net)
                  0.05    0.00    0.54 ^ clkbuf_0_clk/A (sky130_fd_sc_hd__clkbuf_16)
     2    0.02    0.04    0.13    0.67 ^ clkbuf_0_clk/X (sky130_fd_sc_hd__clkbuf_16)
                                         clknet_0_clk (net)
                  0.04    0.00    0.67 ^ clkbuf_1_0__f_clk/A (sky130_fd_sc_hd__clkbuf_16)
    16    0.05    0.06    0.14    0.81 ^ clkbuf_1_0__f_clk/X (sky130_fd_sc_hd__clkbuf_16)
                                         clknet_1_0__leaf_clk (net)
                  0.06    0.00    0.81 ^ _258_/CLK (sky130_fd_sc_hd__dfrtp_4)
     8    0.04    0.10    0.54    1.35 v _258_/Q (sky130_fd_sc_hd__dfrtp_4)
                                         curr_state[2] (net)
                  0.10    0.00    1.35 v _124_/A (sky130_fd_sc_hd__inv_6)
     6    0.02    0.06    0.09    1.44 ^ _124_/Y (sky130_fd_sc_hd__inv_6)
                                         _064_ (net)
                  0.06    0.00    1.44 ^ _180_/A (sky130_fd_sc_hd__nand2_1)
     2    0.01    0.08    0.08    1.53 v _180_/Y (sky130_fd_sc_hd__nand2_1)
                                         _016_ (net)
                  0.08    0.00    1.53 v _189_/B (sky130_fd_sc_hd__nor2_1)
     2    0.01    0.19    0.18    1.71 ^ _189_/Y (sky130_fd_sc_hd__nor2_1)
                                         _022_ (net)
                  0.19    0.00    1.71 ^ _190_/A (sky130_fd_sc_hd__inv_2)
     1    0.00    0.04    0.04    1.75 v _190_/Y (sky130_fd_sc_hd__inv_2)
                                         _001_ (net)
                  0.04    0.00    1.75 v _239_/D (sky130_fd_sc_hd__dfstp_1)
                                  1.75   data arrival time

                         10.00   10.00   clock clk (rise edge)
                          0.50   10.50   clock source latency
     1    0.02    0.05    0.04   10.54 ^ clk (in)
                                         clk (net)
                  0.05    0.00   10.54 ^ clkbuf_0_clk/A (sky130_fd_sc_hd__clkbuf_16)
     2    0.02    0.04    0.13   10.67 ^ clkbuf_0_clk/X (sky130_fd_sc_hd__clkbuf_16)
                                         clknet_0_clk (net)
                  0.04    0.00   10.67 ^ clkbuf_1_1__f_clk/A (sky130_fd_sc_hd__clkbuf_16)
    13    0.05    0.06    0.14   10.81 ^ clkbuf_1_1__f_clk/X (sky130_fd_sc_hd__clkbuf_16)
                                         clknet_1_1__leaf_clk (net)
                  0.06    0.00   10.81 ^ _239_/CLK (sky130_fd_sc_hd__dfstp_1)
                         -0.30   10.51   clock uncertainty
                          0.00   10.51   clock reconvergence pessimism
                         -0.06   10.45   library setup time
                                 10.45   data required time
-----------------------------------------------------------------------------
                                 10.45   data required time
                                 -1.75   data arrival time
-----------------------------------------------------------------------------
                                  8.70   slack (MET)


Startpoint: _257_ (rising edge-triggered flip-flop clocked by clk)
Endpoint: _254_ (rising edge-triggered flip-flop clocked by clk)
Path Group: clk
Path Type: max
Corner: Typical

Fanout     Cap    Slew   Delay    Time   Description
-----------------------------------------------------------------------------
                          0.00    0.00   clock clk (rise edge)
                          0.50    0.50   clock source latency
     1    0.02    0.05    0.04    0.54 ^ clk (in)
                                         clk (net)
                  0.05    0.00    0.54 ^ clkbuf_0_clk/A (sky130_fd_sc_hd__clkbuf_16)
     2    0.02    0.04    0.13    0.67 ^ clkbuf_0_clk/X (sky130_fd_sc_hd__clkbuf_16)
                                         clknet_0_clk (net)
                  0.04    0.00    0.67 ^ clkbuf_1_0__f_clk/A (sky130_fd_sc_hd__clkbuf_16)
    16    0.05    0.06    0.14    0.81 ^ clkbuf_1_0__f_clk/X (sky130_fd_sc_hd__clkbuf_16)
                                         clknet_1_0__leaf_clk (net)
                  0.06    0.00    0.81 ^ _257_/CLK (sky130_fd_sc_hd__dfrtp_1)
     3    0.01    0.07    0.40    1.21 v _257_/Q (sky130_fd_sc_hd__dfrtp_1)
                                         curr_state[1] (net)
                  0.07    0.00    1.21 v _126_/A (sky130_fd_sc_hd__clkbuf_2)
     8    0.03    0.11    0.18    1.39 v _126_/X (sky130_fd_sc_hd__clkbuf_2)
                                         _066_ (net)
                  0.11    0.00    1.39 v _191_/A2 (sky130_fd_sc_hd__a21oi_1)
     1    0.01    0.21    0.25    1.64 ^ _191_/Y (sky130_fd_sc_hd__a21oi_1)
                                         _112_ (net)
                  0.21    0.00    1.64 ^ _254_/D (sky130_fd_sc_hd__dfrtp_1)
                                  1.64   data arrival time

                         10.00   10.00   clock clk (rise edge)
                          0.50   10.50   clock source latency
     1    0.02    0.05    0.04   10.54 ^ clk (in)
                                         clk (net)
                  0.05    0.00   10.54 ^ clkbuf_0_clk/A (sky130_fd_sc_hd__clkbuf_16)
     2    0.02    0.04    0.13   10.67 ^ clkbuf_0_clk/X (sky130_fd_sc_hd__clkbuf_16)
                                         clknet_0_clk (net)
                  0.04    0.00   10.67 ^ clkbuf_1_1__f_clk/A (sky130_fd_sc_hd__clkbuf_16)
    13    0.05    0.06    0.14   10.81 ^ clkbuf_1_1__f_clk/X (sky130_fd_sc_hd__clkbuf_16)
                                         clknet_1_1__leaf_clk (net)
                  0.06    0.00   10.81 ^ _254_/CLK (sky130_fd_sc_hd__dfrtp_1)
                         -0.30   10.51   clock uncertainty
                          0.00   10.51   clock reconvergence pessimism
                         -0.10   10.42   library setup time
                                 10.42   data required time
-----------------------------------------------------------------------------
                                 10.42   data required time
                                 -1.64   data arrival time
-----------------------------------------------------------------------------
                                  8.78   slack (MET)


Startpoint: _257_ (rising edge-triggered flip-flop clocked by clk)
Endpoint: _248_ (rising edge-triggered flip-flop clocked by clk)
Path Group: clk
Path Type: max
Corner: Typical

Fanout     Cap    Slew   Delay    Time   Description
-----------------------------------------------------------------------------
                          0.00    0.00   clock clk (rise edge)
                          0.50    0.50   clock source latency
     1    0.02    0.05    0.04    0.54 ^ clk (in)
                                         clk (net)
                  0.05    0.00    0.54 ^ clkbuf_0_clk/A (sky130_fd_sc_hd__clkbuf_16)
     2    0.02    0.04    0.13    0.67 ^ clkbuf_0_clk/X (sky130_fd_sc_hd__clkbuf_16)
                                         clknet_0_clk (net)
                  0.04    0.00    0.67 ^ clkbuf_1_0__f_clk/A (sky130_fd_sc_hd__clkbuf_16)
    16    0.05    0.06    0.14    0.81 ^ clkbuf_1_0__f_clk/X (sky130_fd_sc_hd__clkbuf_16)
                                         clknet_1_0__leaf_clk (net)
                  0.06    0.00    0.81 ^ _257_/CLK (sky130_fd_sc_hd__dfrtp_1)
     3    0.01    0.07    0.40    1.21 v _257_/Q (sky130_fd_sc_hd__dfrtp_1)
                                         curr_state[1] (net)
                  0.07    0.00    1.21 v _126_/A (sky130_fd_sc_hd__clkbuf_2)
     8    0.03    0.11    0.18    1.39 v _126_/X (sky130_fd_sc_hd__clkbuf_2)
                                         _066_ (net)
                  0.11    0.00    1.39 v _188_/A2 (sky130_fd_sc_hd__o21a_1)
     1    0.00    0.04    0.19    1.58 v _188_/X (sky130_fd_sc_hd__o21a_1)
                                         _000_ (net)
                  0.04    0.00    1.59 v _248_/D (sky130_fd_sc_hd__dfrtp_1)
                                  1.59   data arrival time

                         10.00   10.00   clock clk (rise edge)
                          0.50   10.50   clock source latency
     1    0.02    0.05    0.04   10.54 ^ clk (in)
                                         clk (net)
                  0.05    0.00   10.54 ^ clkbuf_0_clk/A (sky130_fd_sc_hd__clkbuf_16)
     2    0.02    0.04    0.13   10.67 ^ clkbuf_0_clk/X (sky130_fd_sc_hd__clkbuf_16)
                                         clknet_0_clk (net)
                  0.04    0.00   10.67 ^ clkbuf_1_0__f_clk/A (sky130_fd_sc_hd__clkbuf_16)
    16    0.05    0.06    0.14   10.81 ^ clkbuf_1_0__f_clk/X (sky130_fd_sc_hd__clkbuf_16)
                                         clknet_1_0__leaf_clk (net)
                  0.06    0.00   10.81 ^ _248_/CLK (sky130_fd_sc_hd__dfrtp_1)
                         -0.30   10.51   clock uncertainty
                          0.00   10.51   clock reconvergence pessimism
                         -0.11   10.41   library setup time
                                 10.41   data required time
-----------------------------------------------------------------------------
                                 10.41   data required time
                                 -1.59   data arrival time
-----------------------------------------------------------------------------
                                  8.82   slack (MET)


Startpoint: _258_ (rising edge-triggered flip-flop clocked by clk)
Endpoint: _249_ (rising edge-triggered flip-flop clocked by clk)
Path Group: clk
Path Type: max
Corner: Typical

Fanout     Cap    Slew   Delay    Time   Description
-----------------------------------------------------------------------------
                          0.00    0.00   clock clk (rise edge)
                          0.50    0.50   clock source latency
     1    0.02    0.05    0.04    0.54 ^ clk (in)
                                         clk (net)
                  0.05    0.00    0.54 ^ clkbuf_0_clk/A (sky130_fd_sc_hd__clkbuf_16)
     2    0.02    0.04    0.13    0.67 ^ clkbuf_0_clk/X (sky130_fd_sc_hd__clkbuf_16)
                                         clknet_0_clk (net)
                  0.04    0.00    0.67 ^ clkbuf_1_0__f_clk/A (sky130_fd_sc_hd__clkbuf_16)
    16    0.05    0.06    0.14    0.81 ^ clkbuf_1_0__f_clk/X (sky130_fd_sc_hd__clkbuf_16)
                                         clknet_1_0__leaf_clk (net)
                  0.06    0.00    0.81 ^ _258_/CLK (sky130_fd_sc_hd__dfrtp_4)
     8    0.04    0.10    0.54    1.35 v _258_/Q (sky130_fd_sc_hd__dfrtp_4)
                                         curr_state[2] (net)
                  0.10    0.00    1.35 v _183_/A (sky130_fd_sc_hd__nor2_1)
     2    0.01    0.17    0.19    1.54 ^ _183_/Y (sky130_fd_sc_hd__nor2_1)
                                         _002_ (net)
                  0.17    0.00    1.54 ^ _249_/D (sky130_fd_sc_hd__dfrtp_1)
                                  1.54   data arrival time

                         10.00   10.00   clock clk (rise edge)
                          0.50   10.50   clock source latency
     1    0.02    0.05    0.04   10.54 ^ clk (in)
                                         clk (net)
                  0.05    0.00   10.54 ^ clkbuf_0_clk/A (sky130_fd_sc_hd__clkbuf_16)
     2    0.02    0.04    0.13   10.67 ^ clkbuf_0_clk/X (sky130_fd_sc_hd__clkbuf_16)
                                         clknet_0_clk (net)
                  0.04    0.00   10.67 ^ clkbuf_1_0__f_clk/A (sky130_fd_sc_hd__clkbuf_16)
    16    0.05    0.06    0.14   10.81 ^ clkbuf_1_0__f_clk/X (sky130_fd_sc_hd__clkbuf_16)
                                         clknet_1_0__leaf_clk (net)
                  0.06    0.00   10.81 ^ _249_/CLK (sky130_fd_sc_hd__dfrtp_1)
                         -0.30   10.51   clock uncertainty
                          0.00   10.51   clock reconvergence pessimism
                         -0.09   10.43   library setup time
                                 10.43   data required time
-----------------------------------------------------------------------------
                                 10.43   data required time
                                 -1.54   data arrival time
-----------------------------------------------------------------------------
                                  8.89   slack (MET)


Startpoint: _259_ (rising edge-triggered flip-flop clocked by clk)
Endpoint: _263_ (rising edge-triggered flip-flop clocked by clk)
Path Group: clk
Path Type: max
Corner: Typical

Fanout     Cap    Slew   Delay    Time   Description
-----------------------------------------------------------------------------
                          0.00    0.00   clock clk (rise edge)
                          0.50    0.50   clock source latency
     1    0.02    0.05    0.04    0.54 ^ clk (in)
                                         clk (net)
                  0.05    0.00    0.54 ^ clkbuf_0_clk/A (sky130_fd_sc_hd__clkbuf_16)
     2    0.02    0.04    0.13    0.67 ^ clkbuf_0_clk/X (sky130_fd_sc_hd__clkbuf_16)
                                         clknet_0_clk (net)
                  0.04    0.00    0.67 ^ clkbuf_1_0__f_clk/A (sky130_fd_sc_hd__clkbuf_16)
    16    0.05    0.06    0.14    0.81 ^ clkbuf_1_0__f_clk/X (sky130_fd_sc_hd__clkbuf_16)
                                         clknet_1_0__leaf_clk (net)
                  0.06    0.00    0.81 ^ _259_/CLK (sky130_fd_sc_hd__dfrtp_1)
     1    0.00    0.04    0.37    1.18 v _259_/Q (sky130_fd_sc_hd__dfrtp_1)
                                         sync_stage1[0] (net)
                  0.04    0.00    1.18 v _263_/D (sky130_fd_sc_hd__dfrtp_1)
                                  1.18   data arrival time

                         10.00   10.00   clock clk (rise edge)
                          0.50   10.50   clock source latency
     1    0.02    0.05    0.04   10.54 ^ clk (in)
                                         clk (net)
                  0.05    0.00   10.54 ^ clkbuf_0_clk/A (sky130_fd_sc_hd__clkbuf_16)
     2    0.02    0.04    0.13   10.67 ^ clkbuf_0_clk/X (sky130_fd_sc_hd__clkbuf_16)
                                         clknet_0_clk (net)
                  0.04    0.00   10.67 ^ clkbuf_1_0__f_clk/A (sky130_fd_sc_hd__clkbuf_16)
    16    0.05    0.06    0.14   10.81 ^ clkbuf_1_0__f_clk/X (sky130_fd_sc_hd__clkbuf_16)
                                         clknet_1_0__leaf_clk (net)
                  0.06    0.00   10.81 ^ _263_/CLK (sky130_fd_sc_hd__dfrtp_1)
                         -0.30   10.51   clock uncertainty
                          0.00   10.51   clock reconvergence pessimism
                         -0.11   10.40   library setup time
                                 10.40   data required time
-----------------------------------------------------------------------------
                                 10.40   data required time
                                 -1.18   data arrival time
-----------------------------------------------------------------------------
                                  9.22   slack (MET)


Startpoint: _260_ (rising edge-triggered flip-flop clocked by clk)
Endpoint: _264_ (rising edge-triggered flip-flop clocked by clk)
Path Group: clk
Path Type: max
Corner: Typical

Fanout     Cap    Slew   Delay    Time   Description
-----------------------------------------------------------------------------
                          0.00    0.00   clock clk (rise edge)
                          0.50    0.50   clock source latency
     1    0.02    0.05    0.04    0.54 ^ clk (in)
                                         clk (net)
                  0.05    0.00    0.54 ^ clkbuf_0_clk/A (sky130_fd_sc_hd__clkbuf_16)
     2    0.02    0.04    0.13    0.67 ^ clkbuf_0_clk/X (sky130_fd_sc_hd__clkbuf_16)
                                         clknet_0_clk (net)
                  0.04    0.00    0.67 ^ clkbuf_1_0__f_clk/A (sky130_fd_sc_hd__clkbuf_16)
    16    0.05    0.06    0.14    0.81 ^ clkbuf_1_0__f_clk/X (sky130_fd_sc_hd__clkbuf_16)
                                         clknet_1_0__leaf_clk (net)
                  0.06    0.00    0.81 ^ _260_/CLK (sky130_fd_sc_hd__dfrtp_1)
     1    0.00    0.04    0.36    1.17 v _260_/Q (sky130_fd_sc_hd__dfrtp_1)
                                         sync_stage1[1] (net)
                  0.04    0.00    1.17 v _264_/D (sky130_fd_sc_hd__dfrtp_1)
                                  1.17   data arrival time

                         10.00   10.00   clock clk (rise edge)
                          0.50   10.50   clock source latency
     1    0.02    0.05    0.04   10.54 ^ clk (in)
                                         clk (net)
                  0.05    0.00   10.54 ^ clkbuf_0_clk/A (sky130_fd_sc_hd__clkbuf_16)
     2    0.02    0.04    0.13   10.67 ^ clkbuf_0_clk/X (sky130_fd_sc_hd__clkbuf_16)
                                         clknet_0_clk (net)
                  0.04    0.00   10.67 ^ clkbuf_1_0__f_clk/A (sky130_fd_sc_hd__clkbuf_16)
    16    0.05    0.06    0.14   10.81 ^ clkbuf_1_0__f_clk/X (sky130_fd_sc_hd__clkbuf_16)
                                         clknet_1_0__leaf_clk (net)
                  0.06    0.00   10.81 ^ _264_/CLK (sky130_fd_sc_hd__dfrtp_1)
                         -0.30   10.51   clock uncertainty
                          0.00   10.51   clock reconvergence pessimism
                         -0.11   10.40   library setup time
                                 10.40   data required time
-----------------------------------------------------------------------------
                                 10.40   data required time
                                 -1.17   data arrival time
-----------------------------------------------------------------------------
                                  9.23   slack (MET)


Startpoint: _261_ (rising edge-triggered flip-flop clocked by clk)
Endpoint: _265_ (rising edge-triggered flip-flop clocked by clk)
Path Group: clk
Path Type: max
Corner: Typical

Fanout     Cap    Slew   Delay    Time   Description
-----------------------------------------------------------------------------
                          0.00    0.00   clock clk (rise edge)
                          0.50    0.50   clock source latency
     1    0.02    0.05    0.04    0.54 ^ clk (in)
                                         clk (net)
                  0.05    0.00    0.54 ^ clkbuf_0_clk/A (sky130_fd_sc_hd__clkbuf_16)
     2    0.02    0.04    0.13    0.67 ^ clkbuf_0_clk/X (sky130_fd_sc_hd__clkbuf_16)
                                         clknet_0_clk (net)
                  0.04    0.00    0.67 ^ clkbuf_1_0__f_clk/A (sky130_fd_sc_hd__clkbuf_16)
    16    0.05    0.06    0.14    0.81 ^ clkbuf_1_0__f_clk/X (sky130_fd_sc_hd__clkbuf_16)
                                         clknet_1_0__leaf_clk (net)
                  0.06    0.00    0.81 ^ _261_/CLK (sky130_fd_sc_hd__dfrtp_1)
     1    0.00    0.04    0.36    1.17 v _261_/Q (sky130_fd_sc_hd__dfrtp_1)
                                         sync_stage1[2] (net)
                  0.04    0.00    1.17 v _265_/D (sky130_fd_sc_hd__dfrtp_1)
                                  1.17   data arrival time

                         10.00   10.00   clock clk (rise edge)
                          0.50   10.50   clock source latency
     1    0.02    0.05    0.04   10.54 ^ clk (in)
                                         clk (net)
                  0.05    0.00   10.54 ^ clkbuf_0_clk/A (sky130_fd_sc_hd__clkbuf_16)
     2    0.02    0.04    0.13   10.67 ^ clkbuf_0_clk/X (sky130_fd_sc_hd__clkbuf_16)
                                         clknet_0_clk (net)
                  0.04    0.00   10.67 ^ clkbuf_1_0__f_clk/A (sky130_fd_sc_hd__clkbuf_16)
    16    0.05    0.06    0.14   10.81 ^ clkbuf_1_0__f_clk/X (sky130_fd_sc_hd__clkbuf_16)
                                         clknet_1_0__leaf_clk (net)
                  0.06    0.00   10.81 ^ _265_/CLK (sky130_fd_sc_hd__dfrtp_1)
                         -0.30   10.51   clock uncertainty
                          0.00   10.51   clock reconvergence pessimism
                         -0.11   10.40   library setup time
                                 10.40   data required time
-----------------------------------------------------------------------------
                                 10.40   data required time
                                 -1.17   data arrival time
-----------------------------------------------------------------------------
                                  9.24   slack (MET)


Startpoint: _262_ (rising edge-triggered flip-flop clocked by clk)
Endpoint: _266_ (rising edge-triggered flip-flop clocked by clk)
Path Group: clk
Path Type: max
Corner: Typical

Fanout     Cap    Slew   Delay    Time   Description
-----------------------------------------------------------------------------
                          0.00    0.00   clock clk (rise edge)
                          0.50    0.50   clock source latency
     1    0.02    0.05    0.04    0.54 ^ clk (in)
                                         clk (net)
                  0.05    0.00    0.54 ^ clkbuf_0_clk/A (sky130_fd_sc_hd__clkbuf_16)
     2    0.02    0.04    0.13    0.67 ^ clkbuf_0_clk/X (sky130_fd_sc_hd__clkbuf_16)
                                         clknet_0_clk (net)
                  0.04    0.00    0.67 ^ clkbuf_1_0__f_clk/A (sky130_fd_sc_hd__clkbuf_16)
    16    0.05    0.06    0.14    0.81 ^ clkbuf_1_0__f_clk/X (sky130_fd_sc_hd__clkbuf_16)
                                         clknet_1_0__leaf_clk (net)
                  0.06    0.00    0.81 ^ _262_/CLK (sky130_fd_sc_hd__dfrtp_1)
     1    0.00    0.04    0.36    1.17 v _262_/Q (sky130_fd_sc_hd__dfrtp_1)
                                         sync_stage1[3] (net)
                  0.04    0.00    1.17 v _266_/D (sky130_fd_sc_hd__dfrtp_1)
                                  1.17   data arrival time

                         10.00   10.00   clock clk (rise edge)
                          0.50   10.50   clock source latency
     1    0.02    0.05    0.04   10.54 ^ clk (in)
                                         clk (net)
                  0.05    0.00   10.54 ^ clkbuf_0_clk/A (sky130_fd_sc_hd__clkbuf_16)
     2    0.02    0.04    0.13   10.67 ^ clkbuf_0_clk/X (sky130_fd_sc_hd__clkbuf_16)
                                         clknet_0_clk (net)
                  0.04    0.00   10.67 ^ clkbuf_1_0__f_clk/A (sky130_fd_sc_hd__clkbuf_16)
    16    0.05    0.06    0.14   10.81 ^ clkbuf_1_0__f_clk/X (sky130_fd_sc_hd__clkbuf_16)
                                         clknet_1_0__leaf_clk (net)
                  0.06    0.00   10.81 ^ _266_/CLK (sky130_fd_sc_hd__dfrtp_1)
                         -0.30   10.51   clock uncertainty
                          0.00   10.51   clock reconvergence pessimism
                         -0.11   10.41   library setup time
                                 10.41   data required time
-----------------------------------------------------------------------------
                                 10.41   data required time
                                 -1.17   data arrival time
-----------------------------------------------------------------------------
                                  9.24   slack (MET)



worst slack corner Typical: 3.8815
