
===========================================================================
report_checks -path_delay min (Hold)
============================================================================
======================= Fastest Corner ===================================

Startpoint: _262_ (rising edge-triggered flip-flop clocked by clk)
Endpoint: _266_ (rising edge-triggered flip-flop clocked by clk)
Path Group: clk
Path Type: min
Corner: Fastest

Fanout     Cap    Slew   Delay    Time   Description
-----------------------------------------------------------------------------
                          0.00    0.00   clock clk (rise edge)
                          0.50    0.50   clock source latency
     1    0.02    0.04    0.03    0.53 ^ clk (in)
                                         clk (net)
                  0.04    0.00    0.53 ^ clkbuf_0_clk/A (sky130_fd_sc_hd__clkbuf_16)
     2    0.02    0.03    0.09    0.61 ^ clkbuf_0_clk/X (sky130_fd_sc_hd__clkbuf_16)
                                         clknet_0_clk (net)
                  0.03    0.00    0.61 ^ clkbuf_1_0__f_clk/A (sky130_fd_sc_hd__clkbuf_16)
    16    0.05    0.05    0.10    0.71 ^ clkbuf_1_0__f_clk/X (sky130_fd_sc_hd__clkbuf_16)
                                         clknet_1_0__leaf_clk (net)
                  0.05    0.00    0.72 ^ _262_/CLK (sky130_fd_sc_hd__dfrtp_1)
     1    0.00    0.03    0.20    0.92 ^ _262_/Q (sky130_fd_sc_hd__dfrtp_1)
                                         sync_stage1[3] (net)
                  0.03    0.00    0.92 ^ _266_/D (sky130_fd_sc_hd__dfrtp_1)
                                  0.92   data arrival time

                          0.00    0.00   clock clk (rise edge)
                          0.50    0.50   clock source latency
     1    0.02    0.04    0.03    0.53 ^ clk (in)
                                         clk (net)
                  0.04    0.00    0.53 ^ clkbuf_0_clk/A (sky130_fd_sc_hd__clkbuf_16)
     2    0.02    0.03    0.09    0.61 ^ clkbuf_0_clk/X (sky130_fd_sc_hd__clkbuf_16)
                                         clknet_0_clk (net)
                  0.03    0.00    0.61 ^ clkbuf_1_0__f_clk/A (sky130_fd_sc_hd__clkbuf_16)
    16    0.05    0.05    0.10    0.71 ^ clkbuf_1_0__f_clk/X (sky130_fd_sc_hd__clkbuf_16)
                                         clknet_1_0__leaf_clk (net)
                  0.05    0.00    0.72 ^ _266_/CLK (sky130_fd_sc_hd__dfrtp_1)
                          0.10    0.82   clock uncertainty
                          0.00    0.82   clock reconvergence pessimism
                         -0.02    0.80   library hold time
                                  0.80   data required time
-----------------------------------------------------------------------------
                                  0.80   data required time
                                 -0.92   data arrival time
-----------------------------------------------------------------------------
                                  0.12   slack (MET)


Startpoint: _261_ (rising edge-triggered flip-flop clocked by clk)
Endpoint: _265_ (rising edge-triggered flip-flop clocked by clk)
Path Group: clk
Path Type: min
Corner: Fastest

Fanout     Cap    Slew   Delay    Time   Description
-----------------------------------------------------------------------------
                          0.00    0.00   clock clk (rise edge)
                          0.50    0.50   clock source latency
     1    0.02    0.04    0.03    0.53 ^ clk (in)
                                         clk (net)
                  0.04    0.00    0.53 ^ clkbuf_0_clk/A (sky130_fd_sc_hd__clkbuf_16)
     2    0.02    0.03    0.09    0.61 ^ clkbuf_0_clk/X (sky130_fd_sc_hd__clkbuf_16)
                                         clknet_0_clk (net)
                  0.03    0.00    0.61 ^ clkbuf_1_0__f_clk/A (sky130_fd_sc_hd__clkbuf_16)
    16    0.05    0.05    0.10    0.71 ^ clkbuf_1_0__f_clk/X (sky130_fd_sc_hd__clkbuf_16)
                                         clknet_1_0__leaf_clk (net)
                  0.05    0.00    0.72 ^ _261_/CLK (sky130_fd_sc_hd__dfrtp_1)
     1    0.00    0.03    0.20    0.92 ^ _261_/Q (sky130_fd_sc_hd__dfrtp_1)
                                         sync_stage1[2] (net)
                  0.03    0.00    0.92 ^ _265_/D (sky130_fd_sc_hd__dfrtp_1)
                                  0.92   data arrival time

                          0.00    0.00   clock clk (rise edge)
                          0.50    0.50   clock source latency
     1    0.02    0.04    0.03    0.53 ^ clk (in)
                                         clk (net)
                  0.04    0.00    0.53 ^ clkbuf_0_clk/A (sky130_fd_sc_hd__clkbuf_16)
     2    0.02    0.03    0.09    0.61 ^ clkbuf_0_clk/X (sky130_fd_sc_hd__clkbuf_16)
                                         clknet_0_clk (net)
                  0.03    0.00    0.61 ^ clkbuf_1_0__f_clk/A (sky130_fd_sc_hd__clkbuf_16)
    16    0.05    0.05    0.10    0.71 ^ clkbuf_1_0__f_clk/X (sky130_fd_sc_hd__clkbuf_16)
                                         clknet_1_0__leaf_clk (net)
                  0.05    0.00    0.72 ^ _265_/CLK (sky130_fd_sc_hd__dfrtp_1)
                          0.10    0.82   clock uncertainty
                          0.00    0.82   clock reconvergence pessimism
                         -0.02    0.80   library hold time
                                  0.80   data required time
-----------------------------------------------------------------------------
                                  0.80   data required time
                                 -0.92   data arrival time
-----------------------------------------------------------------------------
                                  0.12   slack (MET)


Startpoint: _260_ (rising edge-triggered flip-flop clocked by clk)
Endpoint: _264_ (rising edge-triggered flip-flop clocked by clk)
Path Group: clk
Path Type: min
Corner: Fastest

Fanout     Cap    Slew   Delay    Time   Description
-----------------------------------------------------------------------------
                          0.00    0.00   clock clk (rise edge)
                          0.50    0.50   clock source latency
     1    0.02    0.04    0.03    0.53 ^ clk (in)
                                         clk (net)
                  0.04    0.00    0.53 ^ clkbuf_0_clk/A (sky130_fd_sc_hd__clkbuf_16)
     2    0.02    0.03    0.09    0.61 ^ clkbuf_0_clk/X (sky130_fd_sc_hd__clkbuf_16)
                                         clknet_0_clk (net)
                  0.03    0.00    0.61 ^ clkbuf_1_0__f_clk/A (sky130_fd_sc_hd__clkbuf_16)
    16    0.05    0.05    0.10    0.71 ^ clkbuf_1_0__f_clk/X (sky130_fd_sc_hd__clkbuf_16)
                                         clknet_1_0__leaf_clk (net)
                  0.05    0.00    0.72 ^ _260_/CLK (sky130_fd_sc_hd__dfrtp_1)
     1    0.00    0.03    0.20    0.92 ^ _260_/Q (sky130_fd_sc_hd__dfrtp_1)
                                         sync_stage1[1] (net)
                  0.03    0.00    0.92 ^ _264_/D (sky130_fd_sc_hd__dfrtp_1)
                                  0.92   data arrival time

                          0.00    0.00   clock clk (rise edge)
                          0.50    0.50   clock source latency
     1    0.02    0.04    0.03    0.53 ^ clk (in)
                                         clk (net)
                  0.04    0.00    0.53 ^ clkbuf_0_clk/A (sky130_fd_sc_hd__clkbuf_16)
     2    0.02    0.03    0.09    0.61 ^ clkbuf_0_clk/X (sky130_fd_sc_hd__clkbuf_16)
                                         clknet_0_clk (net)
                  0.03    0.00    0.61 ^ clkbuf_1_0__f_clk/A (sky130_fd_sc_hd__clkbuf_16)
    16    0.05    0.05    0.10    0.71 ^ clkbuf_1_0__f_clk/X (sky130_fd_sc_hd__clkbuf_16)
                                         clknet_1_0__leaf_clk (net)
                  0.05    0.00    0.71 ^ _264_/CLK (sky130_fd_sc_hd__dfrtp_1)
                          0.10    0.81   clock uncertainty
                          0.00    0.81   clock reconvergence pessimism
                         -0.02    0.80   library hold time
                                  0.80   data required time
-----------------------------------------------------------------------------
                                  0.80   data required time
                                 -0.92   data arrival time
-----------------------------------------------------------------------------
                                  0.12   slack (MET)


Startpoint: _259_ (rising edge-triggered flip-flop clocked by clk)
Endpoint: _263_ (rising edge-triggered flip-flop clocked by clk)
Path Group: clk
Path Type: min
Corner: Fastest

Fanout     Cap    Slew   Delay    Time   Description
-----------------------------------------------------------------------------
                          0.00    0.00   clock clk (rise edge)
                          0.50    0.50   clock source latency
     1    0.02    0.04    0.03    0.53 ^ clk (in)
                                         clk (net)
                  0.04    0.00    0.53 ^ clkbuf_0_clk/A (sky130_fd_sc_hd__clkbuf_16)
     2    0.02    0.03    0.09    0.61 ^ clkbuf_0_clk/X (sky130_fd_sc_hd__clkbuf_16)
                                         clknet_0_clk (net)
                  0.03    0.00    0.61 ^ clkbuf_1_0__f_clk/A (sky130_fd_sc_hd__clkbuf_16)
    16    0.05    0.05    0.10    0.71 ^ clkbuf_1_0__f_clk/X (sky130_fd_sc_hd__clkbuf_16)
                                         clknet_1_0__leaf_clk (net)
                  0.05    0.00    0.71 ^ _259_/CLK (sky130_fd_sc_hd__dfrtp_1)
     1    0.00    0.04    0.21    0.92 ^ _259_/Q (sky130_fd_sc_hd__dfrtp_1)
                                         sync_stage1[0] (net)
                  0.04    0.00    0.92 ^ _263_/D (sky130_fd_sc_hd__dfrtp_1)
                                  0.92   data arrival time

                          0.00    0.00   clock clk (rise edge)
                          0.50    0.50   clock source latency
     1    0.02    0.04    0.03    0.53 ^ clk (in)
                                         clk (net)
                  0.04    0.00    0.53 ^ clkbuf_0_clk/A (sky130_fd_sc_hd__clkbuf_16)
     2    0.02    0.03    0.09    0.61 ^ clkbuf_0_clk/X (sky130_fd_sc_hd__clkbuf_16)
                                         clknet_0_clk (net)
                  0.03    0.00    0.61 ^ clkbuf_1_0__f_clk/A (sky130_fd_sc_hd__clkbuf_16)
    16    0.05    0.05    0.10    0.71 ^ clkbuf_1_0__f_clk/X (sky130_fd_sc_hd__clkbuf_16)
                                         clknet_1_0__leaf_clk (net)
                  0.05    0.00    0.71 ^ _263_/CLK (sky130_fd_sc_hd__dfrtp_1)
                          0.10    0.81   clock uncertainty
                          0.00    0.81   clock reconvergence pessimism
                         -0.02    0.79   library hold time
                                  0.79   data required time
-----------------------------------------------------------------------------
                                  0.79   data required time
                                 -0.92   data arrival time
-----------------------------------------------------------------------------
                                  0.13   slack (MET)


Startpoint: req_off (input port clocked by clk)
Endpoint: _260_ (rising edge-triggered flip-flop clocked by clk)
Path Group: clk
Path Type: min
Corner: Fastest

Fanout     Cap    Slew   Delay    Time   Description
-----------------------------------------------------------------------------
                          0.00    0.00   clock clk (rise edge)
                          0.50    0.50   clock network delay (propagated)
                          0.50    1.00 ^ input external delay
     1    0.00    0.02    0.01    1.01 ^ req_off (in)
                                         req_off (net)
                  0.02    0.00    1.01 ^ input4/A (sky130_fd_sc_hd__clkbuf_1)
     1    0.00    0.03    0.05    1.05 ^ input4/X (sky130_fd_sc_hd__clkbuf_1)
                                         net4 (net)
                  0.03    0.00    1.05 ^ _260_/D (sky130_fd_sc_hd__dfrtp_1)
                                  1.05   data arrival time

                          0.00    0.00   clock clk (rise edge)
                          0.50    0.50   clock source latency
     1    0.02    0.04    0.03    0.53 ^ clk (in)
                                         clk (net)
                  0.04    0.00    0.53 ^ clkbuf_0_clk/A (sky130_fd_sc_hd__clkbuf_16)
     2    0.02    0.03    0.09    0.61 ^ clkbuf_0_clk/X (sky130_fd_sc_hd__clkbuf_16)
                                         clknet_0_clk (net)
                  0.03    0.00    0.61 ^ clkbuf_1_0__f_clk/A (sky130_fd_sc_hd__clkbuf_16)
    16    0.05    0.05    0.10    0.71 ^ clkbuf_1_0__f_clk/X (sky130_fd_sc_hd__clkbuf_16)
                                         clknet_1_0__leaf_clk (net)
                  0.05    0.00    0.72 ^ _260_/CLK (sky130_fd_sc_hd__dfrtp_1)
                          0.10    0.82   clock uncertainty
                          0.00    0.82   clock reconvergence pessimism
                         -0.02    0.80   library hold time
                                  0.80   data required time
-----------------------------------------------------------------------------
                                  0.80   data required time
                                 -1.05   data arrival time
-----------------------------------------------------------------------------
                                  0.26   slack (MET)


Startpoint: req_idle (input port clocked by clk)
Endpoint: _262_ (rising edge-triggered flip-flop clocked by clk)
Path Group: clk
Path Type: min
Corner: Fastest

Fanout     Cap    Slew   Delay    Time   Description
-----------------------------------------------------------------------------
                          0.00    0.00   clock clk (rise edge)
                          0.50    0.50   clock network delay (propagated)
                          0.50    1.00 ^ input external delay
     1    0.00    0.02    0.01    1.01 ^ req_idle (in)
                                         req_idle (net)
                  0.02    0.00    1.01 ^ input3/A (sky130_fd_sc_hd__clkbuf_1)
     1    0.00    0.03    0.05    1.05 ^ input3/X (sky130_fd_sc_hd__clkbuf_1)
                                         net3 (net)
                  0.03    0.00    1.05 ^ _262_/D (sky130_fd_sc_hd__dfrtp_1)
                                  1.05   data arrival time

                          0.00    0.00   clock clk (rise edge)
                          0.50    0.50   clock source latency
     1    0.02    0.04    0.03    0.53 ^ clk (in)
                                         clk (net)
                  0.04    0.00    0.53 ^ clkbuf_0_clk/A (sky130_fd_sc_hd__clkbuf_16)
     2    0.02    0.03    0.09    0.61 ^ clkbuf_0_clk/X (sky130_fd_sc_hd__clkbuf_16)
                                         clknet_0_clk (net)
                  0.03    0.00    0.61 ^ clkbuf_1_0__f_clk/A (sky130_fd_sc_hd__clkbuf_16)
    16    0.05    0.05    0.10    0.71 ^ clkbuf_1_0__f_clk/X (sky130_fd_sc_hd__clkbuf_16)
                                         clknet_1_0__leaf_clk (net)
                  0.05    0.00    0.72 ^ _262_/CLK (sky130_fd_sc_hd__dfrtp_1)
                          0.10    0.82   clock uncertainty
                          0.00    0.82   clock reconvergence pessimism
                         -0.02    0.80   library hold time
                                  0.80   data required time
-----------------------------------------------------------------------------
                                  0.80   data required time
                                 -1.05   data arrival time
-----------------------------------------------------------------------------
                                  0.26   slack (MET)


Startpoint: _247_ (rising edge-triggered flip-flop clocked by clk)
Endpoint: _247_ (rising edge-triggered flip-flop clocked by clk)
Path Group: clk
Path Type: min
Corner: Fastest

Fanout     Cap    Slew   Delay    Time   Description
-----------------------------------------------------------------------------
                          0.00    0.00   clock clk (rise edge)
                          0.50    0.50   clock source latency
     1    0.02    0.04    0.03    0.53 ^ clk (in)
                                         clk (net)
                  0.04    0.00    0.53 ^ clkbuf_0_clk/A (sky130_fd_sc_hd__clkbuf_16)
     2    0.02    0.03    0.09    0.61 ^ clkbuf_0_clk/X (sky130_fd_sc_hd__clkbuf_16)
                                         clknet_0_clk (net)
                  0.03    0.00    0.61 ^ clkbuf_1_1__f_clk/A (sky130_fd_sc_hd__clkbuf_16)
    13    0.05    0.05    0.10    0.71 ^ clkbuf_1_1__f_clk/X (sky130_fd_sc_hd__clkbuf_16)
                                         clknet_1_1__leaf_clk (net)
                  0.05    0.00    0.71 ^ _247_/CLK (sky130_fd_sc_hd__dfrtp_1)
     2    0.01    0.07    0.23    0.95 ^ _247_/Q (sky130_fd_sc_hd__dfrtp_1)
                                         seq_timer[7] (net)
                  0.07    0.00    0.95 ^ _237_/A (sky130_fd_sc_hd__xor2_1)
     1    0.00    0.03    0.04    0.99 v _237_/X (sky130_fd_sc_hd__xor2_1)
                                         _056_ (net)
                  0.03    0.00    0.99 v _238_/A (sky130_fd_sc_hd__nor2_1)
     1    0.00    0.05    0.06    1.05 ^ _238_/Y (sky130_fd_sc_hd__nor2_1)
                                         _011_ (net)
                  0.05    0.00    1.05 ^ _247_/D (sky130_fd_sc_hd__dfrtp_1)
                                  1.05   data arrival time

                          0.00    0.00   clock clk (rise edge)
                          0.50    0.50   clock source latency
     1    0.02    0.04    0.03    0.53 ^ clk (in)
                                         clk (net)
                  0.04    0.00    0.53 ^ clkbuf_0_clk/A (sky130_fd_sc_hd__clkbuf_16)
     2    0.02    0.03    0.09    0.61 ^ clkbuf_0_clk/X (sky130_fd_sc_hd__clkbuf_16)
                                         clknet_0_clk (net)
                  0.03    0.00    0.61 ^ clkbuf_1_1__f_clk/A (sky130_fd_sc_hd__clkbuf_16)
    13    0.05    0.05    0.10    0.71 ^ clkbuf_1_1__f_clk/X (sky130_fd_sc_hd__clkbuf_16)
                                         clknet_1_1__leaf_clk (net)
                  0.05    0.00    0.71 ^ _247_/CLK (sky130_fd_sc_hd__dfrtp_1)
                          0.10    0.81   clock uncertainty
                          0.00    0.81   clock reconvergence pessimism
                         -0.02    0.79   library hold time
                                  0.79   data required time
-----------------------------------------------------------------------------
                                  0.79   data required time
                                 -1.05   data arrival time
-----------------------------------------------------------------------------
                                  0.26   slack (MET)


Startpoint: _257_ (rising edge-triggered flip-flop clocked by clk)
Endpoint: _249_ (rising edge-triggered flip-flop clocked by clk)
Path Group: clk
Path Type: min
Corner: Fastest

Fanout     Cap    Slew   Delay    Time   Description
-----------------------------------------------------------------------------
                          0.00    0.00   clock clk (rise edge)
                          0.50    0.50   clock source latency
     1    0.02    0.04    0.03    0.53 ^ clk (in)
                                         clk (net)
                  0.04    0.00    0.53 ^ clkbuf_0_clk/A (sky130_fd_sc_hd__clkbuf_16)
     2    0.02    0.03    0.09    0.61 ^ clkbuf_0_clk/X (sky130_fd_sc_hd__clkbuf_16)
                                         clknet_0_clk (net)
                  0.03    0.00    0.61 ^ clkbuf_1_0__f_clk/A (sky130_fd_sc_hd__clkbuf_16)
    16    0.05    0.05    0.10    0.71 ^ clkbuf_1_0__f_clk/X (sky130_fd_sc_hd__clkbuf_16)
                                         clknet_1_0__leaf_clk (net)
                  0.05    0.00    0.71 ^ _257_/CLK (sky130_fd_sc_hd__dfrtp_1)
     3    0.01    0.05    0.25    0.97 v _257_/Q (sky130_fd_sc_hd__dfrtp_1)
                                         curr_state[1] (net)
                  0.05    0.00    0.97 v _169_/A (sky130_fd_sc_hd__inv_2)
     2    0.01    0.03    0.04    1.01 ^ _169_/Y (sky130_fd_sc_hd__inv_2)
                                         _106_ (net)
                  0.03    0.00    1.01 ^ _183_/B (sky130_fd_sc_hd__nor2_1)
     2    0.01    0.03    0.03    1.05 v _183_/Y (sky130_fd_sc_hd__nor2_1)
                                         _002_ (net)
                  0.03    0.00    1.05 v _249_/D (sky130_fd_sc_hd__dfrtp_1)
                                  1.05   data arrival time

                          0.00    0.00   clock clk (rise edge)
                          0.50    0.50   clock source latency
     1    0.02    0.04    0.03    0.53 ^ clk (in)
                                         clk (net)
                  0.04    0.00    0.53 ^ clkbuf_0_clk/A (sky130_fd_sc_hd__clkbuf_16)
     2    0.02    0.03    0.09    0.61 ^ clkbuf_0_clk/X (sky130_fd_sc_hd__clkbuf_16)
                                         clknet_0_clk (net)
                  0.03    0.00    0.61 ^ clkbuf_1_0__f_clk/A (sky130_fd_sc_hd__clkbuf_16)
    16    0.05    0.05    0.10    0.71 ^ clkbuf_1_0__f_clk/X (sky130_fd_sc_hd__clkbuf_16)
                                         clknet_1_0__leaf_clk (net)
                  0.05    0.00    0.72 ^ _249_/CLK (sky130_fd_sc_hd__dfrtp_1)
                          0.10    0.82   clock uncertainty
                          0.00    0.82   clock reconvergence pessimism
                         -0.03    0.79   library hold time
                                  0.79   data required time
-----------------------------------------------------------------------------
                                  0.79   data required time
                                 -1.05   data arrival time
-----------------------------------------------------------------------------
                                  0.26   slack (MET)


Startpoint: req_sleep (input port clocked by clk)
Endpoint: _261_ (rising edge-triggered flip-flop clocked by clk)
Path Group: clk
Path Type: min
Corner: Fastest

Fanout     Cap    Slew   Delay    Time   Description
-----------------------------------------------------------------------------
                          0.00    0.00   clock clk (rise edge)
                          0.50    0.50   clock network delay (propagated)
                          0.50    1.00 ^ input external delay
     1    0.00    0.02    0.01    1.01 ^ req_sleep (in)
                                         req_sleep (net)
                  0.02    0.00    1.01 ^ input5/A (sky130_fd_sc_hd__clkbuf_1)
     1    0.00    0.04    0.05    1.06 ^ input5/X (sky130_fd_sc_hd__clkbuf_1)
                                         net5 (net)
                  0.04    0.00    1.06 ^ _261_/D (sky130_fd_sc_hd__dfrtp_1)
                                  1.06   data arrival time

                          0.00    0.00   clock clk (rise edge)
                          0.50    0.50   clock source latency
     1    0.02    0.04    0.03    0.53 ^ clk (in)
                                         clk (net)
                  0.04    0.00    0.53 ^ clkbuf_0_clk/A (sky130_fd_sc_hd__clkbuf_16)
     2    0.02    0.03    0.09    0.61 ^ clkbuf_0_clk/X (sky130_fd_sc_hd__clkbuf_16)
                                         clknet_0_clk (net)
                  0.03    0.00    0.61 ^ clkbuf_1_0__f_clk/A (sky130_fd_sc_hd__clkbuf_16)
    16    0.05    0.05    0.10    0.71 ^ clkbuf_1_0__f_clk/X (sky130_fd_sc_hd__clkbuf_16)
                                         clknet_1_0__leaf_clk (net)
                  0.05    0.00    0.72 ^ _261_/CLK (sky130_fd_sc_hd__dfrtp_1)
                          0.10    0.82   clock uncertainty
                          0.00    0.82   clock reconvergence pessimism
                         -0.02    0.80   library hold time
                                  0.80   data required time
-----------------------------------------------------------------------------
                                  0.80   data required time
                                 -1.06   data arrival time
-----------------------------------------------------------------------------
                                  0.26   slack (MET)


Startpoint: wake_up (input port clocked by clk)
Endpoint: _259_ (rising edge-triggered flip-flop clocked by clk)
Path Group: clk
Path Type: min
Corner: Fastest

Fanout     Cap    Slew   Delay    Time   Description
-----------------------------------------------------------------------------
                          0.00    0.00   clock clk (rise edge)
                          0.50    0.50   clock network delay (propagated)
                          0.50    1.00 ^ input external delay
     1    0.00    0.02    0.01    1.01 ^ wake_up (in)
                                         wake_up (net)
                  0.02    0.00    1.01 ^ input7/A (sky130_fd_sc_hd__clkbuf_1)
     1    0.00    0.04    0.05    1.06 ^ input7/X (sky130_fd_sc_hd__clkbuf_1)
                                         net7 (net)
                  0.04    0.00    1.06 ^ _259_/D (sky130_fd_sc_hd__dfrtp_1)
                                  1.06   data arrival time

                          0.00    0.00   clock clk (rise edge)
                          0.50    0.50   clock source latency
     1    0.02    0.04    0.03    0.53 ^ clk (in)
                                         clk (net)
                  0.04    0.00    0.53 ^ clkbuf_0_clk/A (sky130_fd_sc_hd__clkbuf_16)
     2    0.02    0.03    0.09    0.61 ^ clkbuf_0_clk/X (sky130_fd_sc_hd__clkbuf_16)
                                         clknet_0_clk (net)
                  0.03    0.00    0.61 ^ clkbuf_1_0__f_clk/A (sky130_fd_sc_hd__clkbuf_16)
    16    0.05    0.05    0.10    0.71 ^ clkbuf_1_0__f_clk/X (sky130_fd_sc_hd__clkbuf_16)
                                         clknet_1_0__leaf_clk (net)
                  0.05    0.00    0.71 ^ _259_/CLK (sky130_fd_sc_hd__dfrtp_1)
                          0.10    0.81   clock uncertainty
                          0.00    0.81   clock reconvergence pessimism
                         -0.02    0.80   library hold time
                                  0.80   data required time
-----------------------------------------------------------------------------
                                  0.80   data required time
                                 -1.06   data arrival time
-----------------------------------------------------------------------------
                                  0.26   slack (MET)


Startpoint: _246_ (rising edge-triggered flip-flop clocked by clk)
Endpoint: _246_ (rising edge-triggered flip-flop clocked by clk)
Path Group: clk
Path Type: min
Corner: Fastest

Fanout     Cap    Slew   Delay    Time   Description
-----------------------------------------------------------------------------
                          0.00    0.00   clock clk (rise edge)
                          0.50    0.50   clock source latency
     1    0.02    0.04    0.03    0.53 ^ clk (in)
                                         clk (net)
                  0.04    0.00    0.53 ^ clkbuf_0_clk/A (sky130_fd_sc_hd__clkbuf_16)
     2    0.02    0.03    0.09    0.61 ^ clkbuf_0_clk/X (sky130_fd_sc_hd__clkbuf_16)
                                         clknet_0_clk (net)
                  0.03    0.00    0.61 ^ clkbuf_1_1__f_clk/A (sky130_fd_sc_hd__clkbuf_16)
    13    0.05    0.05    0.10    0.71 ^ clkbuf_1_1__f_clk/X (sky130_fd_sc_hd__clkbuf_16)
                                         clknet_1_1__leaf_clk (net)
                  0.05    0.00    0.71 ^ _246_/CLK (sky130_fd_sc_hd__dfrtp_1)
     3    0.01    0.07    0.23    0.95 ^ _246_/Q (sky130_fd_sc_hd__dfrtp_1)
                                         seq_timer[6] (net)
                  0.07    0.00    0.95 ^ _234_/B (sky130_fd_sc_hd__nand2_1)
     2    0.01    0.05    0.06    1.00 v _234_/Y (sky130_fd_sc_hd__nand2_1)
                                         _054_ (net)
                  0.05    0.00    1.00 v _235_/B (sky130_fd_sc_hd__nand2_1)
     1    0.00    0.03    0.05    1.06 ^ _235_/Y (sky130_fd_sc_hd__nand2_1)
                                         _055_ (net)
                  0.03    0.00    1.06 ^ _236_/A (sky130_fd_sc_hd__nor2_1)
     1    0.00    0.02    0.02    1.08 v _236_/Y (sky130_fd_sc_hd__nor2_1)
                                         _010_ (net)
                  0.02    0.00    1.08 v _246_/D (sky130_fd_sc_hd__dfrtp_1)
                                  1.08   data arrival time

                          0.00    0.00   clock clk (rise edge)
                          0.50    0.50   clock source latency
     1    0.02    0.04    0.03    0.53 ^ clk (in)
                                         clk (net)
                  0.04    0.00    0.53 ^ clkbuf_0_clk/A (sky130_fd_sc_hd__clkbuf_16)
     2    0.02    0.03    0.09    0.61 ^ clkbuf_0_clk/X (sky130_fd_sc_hd__clkbuf_16)
                                         clknet_0_clk (net)
                  0.03    0.00    0.61 ^ clkbuf_1_1__f_clk/A (sky130_fd_sc_hd__clkbuf_16)
    13    0.05    0.05    0.10    0.71 ^ clkbuf_1_1__f_clk/X (sky130_fd_sc_hd__clkbuf_16)
                                         clknet_1_1__leaf_clk (net)
                  0.05    0.00    0.71 ^ _246_/CLK (sky130_fd_sc_hd__dfrtp_1)
                          0.10    0.81   clock uncertainty
                          0.00    0.81   clock reconvergence pessimism
                         -0.03    0.79   library hold time
                                  0.79   data required time
-----------------------------------------------------------------------------
                                  0.79   data required time
                                 -1.08   data arrival time
-----------------------------------------------------------------------------
                                  0.29   slack (MET)


Startpoint: _240_ (rising edge-triggered flip-flop clocked by clk)
Endpoint: _251_ (rising edge-triggered flip-flop clocked by clk)
Path Group: clk
Path Type: min
Corner: Fastest

Fanout     Cap    Slew   Delay    Time   Description
-----------------------------------------------------------------------------
                          0.00    0.00   clock clk (rise edge)
                          0.50    0.50   clock source latency
     1    0.02    0.04    0.03    0.53 ^ clk (in)
                                         clk (net)
                  0.04    0.00    0.53 ^ clkbuf_0_clk/A (sky130_fd_sc_hd__clkbuf_16)
     2    0.02    0.03    0.09    0.61 ^ clkbuf_0_clk/X (sky130_fd_sc_hd__clkbuf_16)
                                         clknet_0_clk (net)
                  0.03    0.00    0.61 ^ clkbuf_1_1__f_clk/A (sky130_fd_sc_hd__clkbuf_16)
    13    0.05    0.05    0.10    0.71 ^ clkbuf_1_1__f_clk/X (sky130_fd_sc_hd__clkbuf_16)
                                         clknet_1_1__leaf_clk (net)
                  0.05    0.00    0.71 ^ _240_/CLK (sky130_fd_sc_hd__dfrtp_1)
     5    0.02    0.13    0.28    0.99 ^ _240_/Q (sky130_fd_sc_hd__dfrtp_1)
                                         seq_timer[0] (net)
                  0.13    0.00    0.99 ^ _198_/A2 (sky130_fd_sc_hd__o211a_1)
     1    0.00    0.04    0.10    1.09 ^ _198_/X (sky130_fd_sc_hd__o211a_1)
                                         _003_ (net)
                  0.04    0.00    1.09 ^ _251_/D (sky130_fd_sc_hd__dfrtp_1)
                                  1.09   data arrival time

                          0.00    0.00   clock clk (rise edge)
                          0.50    0.50   clock source latency
     1    0.02    0.04    0.03    0.53 ^ clk (in)
                                         clk (net)
                  0.04    0.00    0.53 ^ clkbuf_0_clk/A (sky130_fd_sc_hd__clkbuf_16)
     2    0.02    0.03    0.09    0.61 ^ clkbuf_0_clk/X (sky130_fd_sc_hd__clkbuf_16)
                                         clknet_0_clk (net)
                  0.03    0.00    0.61 ^ clkbuf_1_0__f_clk/A (sky130_fd_sc_hd__clkbuf_16)
    16    0.05    0.05    0.10    0.71 ^ clkbuf_1_0__f_clk/X (sky130_fd_sc_hd__clkbuf_16)
                                         clknet_1_0__leaf_clk (net)
                  0.05    0.00    0.72 ^ _251_/CLK (sky130_fd_sc_hd__dfrtp_1)
                          0.10    0.82   clock uncertainty
                          0.00    0.82   clock reconvergence pessimism
                         -0.02    0.80   library hold time
                                  0.80   data required time
-----------------------------------------------------------------------------
                                  0.80   data required time
                                 -1.09   data arrival time
-----------------------------------------------------------------------------
                                  0.29   slack (MET)


Startpoint: _256_ (rising edge-triggered flip-flop clocked by clk)
Endpoint: _239_ (rising edge-triggered flip-flop clocked by clk)
Path Group: clk
Path Type: min
Corner: Fastest

Fanout     Cap    Slew   Delay    Time   Description
-----------------------------------------------------------------------------
                          0.00    0.00   clock clk (rise edge)
                          0.50    0.50   clock source latency
     1    0.02    0.04    0.03    0.53 ^ clk (in)
                                         clk (net)
                  0.04    0.00    0.53 ^ clkbuf_0_clk/A (sky130_fd_sc_hd__clkbuf_16)
     2    0.02    0.03    0.09    0.61 ^ clkbuf_0_clk/X (sky130_fd_sc_hd__clkbuf_16)
                                         clknet_0_clk (net)
                  0.03    0.00    0.61 ^ clkbuf_1_0__f_clk/A (sky130_fd_sc_hd__clkbuf_16)
    16    0.05    0.05    0.10    0.71 ^ clkbuf_1_0__f_clk/X (sky130_fd_sc_hd__clkbuf_16)
                                         clknet_1_0__leaf_clk (net)
                  0.05    0.00    0.72 ^ _256_/CLK (sky130_fd_sc_hd__dfrtp_4)
     8    0.03    0.08    0.29    1.01 ^ _256_/Q (sky130_fd_sc_hd__dfrtp_4)
                                         curr_state[0] (net)
                  0.08    0.00    1.01 ^ _189_/A (sky130_fd_sc_hd__nor2_1)
     2    0.01    0.04    0.05    1.06 v _189_/Y (sky130_fd_sc_hd__nor2_1)
                                         _022_ (net)
                  0.04    0.00    1.06 v _190_/A (sky130_fd_sc_hd__inv_2)
     1    0.00    0.02    0.03    1.09 ^ _190_/Y (sky130_fd_sc_hd__inv_2)
                                         _001_ (net)
                  0.02    0.00    1.09 ^ _239_/D (sky130_fd_sc_hd__dfstp_1)
                                  1.09   data arrival time

                          0.00    0.00   clock clk (rise edge)
                          0.50    0.50   clock source latency
     1    0.02    0.04    0.03    0.53 ^ clk (in)
                                         clk (net)
                  0.04    0.00    0.53 ^ clkbuf_0_clk/A (sky130_fd_sc_hd__clkbuf_16)
     2    0.02    0.03    0.09    0.61 ^ clkbuf_0_clk/X (sky130_fd_sc_hd__clkbuf_16)
                                         clknet_0_clk (net)
                  0.03    0.00    0.61 ^ clkbuf_1_1__f_clk/A (sky130_fd_sc_hd__clkbuf_16)
    13    0.05    0.05    0.10    0.71 ^ clkbuf_1_1__f_clk/X (sky130_fd_sc_hd__clkbuf_16)
                                         clknet_1_1__leaf_clk (net)
                  0.05    0.00    0.71 ^ _239_/CLK (sky130_fd_sc_hd__dfstp_1)
                          0.10    0.81   clock uncertainty
                          0.00    0.81   clock reconvergence pessimism
                         -0.02    0.80   library hold time
                                  0.80   data required time
-----------------------------------------------------------------------------
                                  0.80   data required time
                                 -1.09   data arrival time
-----------------------------------------------------------------------------
                                  0.30   slack (MET)


Startpoint: _256_ (rising edge-triggered flip-flop clocked by clk)
Endpoint: _248_ (rising edge-triggered flip-flop clocked by clk)
Path Group: clk
Path Type: min
Corner: Fastest

Fanout     Cap    Slew   Delay    Time   Description
-----------------------------------------------------------------------------
                          0.00    0.00   clock clk (rise edge)
                          0.50    0.50   clock source latency
     1    0.02    0.04    0.03    0.53 ^ clk (in)
                                         clk (net)
                  0.04    0.00    0.53 ^ clkbuf_0_clk/A (sky130_fd_sc_hd__clkbuf_16)
     2    0.02    0.03    0.09    0.61 ^ clkbuf_0_clk/X (sky130_fd_sc_hd__clkbuf_16)
                                         clknet_0_clk (net)
                  0.03    0.00    0.61 ^ clkbuf_1_0__f_clk/A (sky130_fd_sc_hd__clkbuf_16)
    16    0.05    0.05    0.10    0.71 ^ clkbuf_1_0__f_clk/X (sky130_fd_sc_hd__clkbuf_16)
                                         clknet_1_0__leaf_clk (net)
                  0.05    0.00    0.72 ^ _256_/CLK (sky130_fd_sc_hd__dfrtp_4)
     8    0.03    0.08    0.29    1.01 ^ _256_/Q (sky130_fd_sc_hd__dfrtp_4)
                                         curr_state[0] (net)
                  0.08    0.00    1.01 ^ _188_/A1 (sky130_fd_sc_hd__o21a_1)
     1    0.00    0.03    0.08    1.09 ^ _188_/X (sky130_fd_sc_hd__o21a_1)
                                         _000_ (net)
                  0.03    0.00    1.09 ^ _248_/D (sky130_fd_sc_hd__dfrtp_1)
                                  1.09   data arrival time

                          0.00    0.00   clock clk (rise edge)
                          0.50    0.50   clock source latency
     1    0.02    0.04    0.03    0.53 ^ clk (in)
                                         clk (net)
                  0.04    0.00    0.53 ^ clkbuf_0_clk/A (sky130_fd_sc_hd__clkbuf_16)
     2    0.02    0.03    0.09    0.61 ^ clkbuf_0_clk/X (sky130_fd_sc_hd__clkbuf_16)
                                         clknet_0_clk (net)
                  0.03    0.00    0.61 ^ clkbuf_1_0__f_clk/A (sky130_fd_sc_hd__clkbuf_16)
    16    0.05    0.05    0.10    0.71 ^ clkbuf_1_0__f_clk/X (sky130_fd_sc_hd__clkbuf_16)
                                         clknet_1_0__leaf_clk (net)
                  0.05    0.00    0.72 ^ _248_/CLK (sky130_fd_sc_hd__dfrtp_1)
                          0.10    0.82   clock uncertainty
                          0.00    0.82   clock reconvergence pessimism
                         -0.02    0.80   library hold time
                                  0.80   data required time
-----------------------------------------------------------------------------
                                  0.80   data required time
                                 -1.09   data arrival time
-----------------------------------------------------------------------------
                                  0.30   slack (MET)


Startpoint: _244_ (rising edge-triggered flip-flop clocked by clk)
Endpoint: _244_ (rising edge-triggered flip-flop clocked by clk)
Path Group: clk
Path Type: min
Corner: Fastest

Fanout     Cap    Slew   Delay    Time   Description
-----------------------------------------------------------------------------
                          0.00    0.00   clock clk (rise edge)
                          0.50    0.50   clock source latency
     1    0.02    0.04    0.03    0.53 ^ clk (in)
                                         clk (net)
                  0.04    0.00    0.53 ^ clkbuf_0_clk/A (sky130_fd_sc_hd__clkbuf_16)
     2    0.02    0.03    0.09    0.61 ^ clkbuf_0_clk/X (sky130_fd_sc_hd__clkbuf_16)
                                         clknet_0_clk (net)
                  0.03    0.00    0.61 ^ clkbuf_1_1__f_clk/A (sky130_fd_sc_hd__clkbuf_16)
    13    0.05    0.05    0.10    0.71 ^ clkbuf_1_1__f_clk/X (sky130_fd_sc_hd__clkbuf_16)
                                         clknet_1_1__leaf_clk (net)
                  0.05    0.00    0.71 ^ _244_/CLK (sky130_fd_sc_hd__dfrtp_1)
     3    0.01    0.06    0.23    0.94 ^ _244_/Q (sky130_fd_sc_hd__dfrtp_1)
                                         seq_timer[4] (net)
                  0.06    0.00    0.94 ^ _224_/A_N (sky130_fd_sc_hd__nand2b_1)
     1    0.00    0.03    0.07    1.01 ^ _224_/Y (sky130_fd_sc_hd__nand2b_1)
                                         _046_ (net)
                  0.03    0.00    1.01 ^ _226_/A (sky130_fd_sc_hd__nand2_1)
     1    0.00    0.02    0.03    1.04 v _226_/Y (sky130_fd_sc_hd__nand2_1)
                                         _048_ (net)
                  0.02    0.00    1.04 v _227_/A (sky130_fd_sc_hd__nor2_1)
     1    0.00    0.05    0.06    1.10 ^ _227_/Y (sky130_fd_sc_hd__nor2_1)
                                         _008_ (net)
                  0.05    0.00    1.10 ^ _244_/D (sky130_fd_sc_hd__dfrtp_1)
                                  1.10   data arrival time

                          0.00    0.00   clock clk (rise edge)
                          0.50    0.50   clock source latency
     1    0.02    0.04    0.03    0.53 ^ clk (in)
                                         clk (net)
                  0.04    0.00    0.53 ^ clkbuf_0_clk/A (sky130_fd_sc_hd__clkbuf_16)
     2    0.02    0.03    0.09    0.61 ^ clkbuf_0_clk/X (sky130_fd_sc_hd__clkbuf_16)
                                         clknet_0_clk (net)
                  0.03    0.00    0.61 ^ clkbuf_1_1__f_clk/A (sky130_fd_sc_hd__clkbuf_16)
    13    0.05    0.05    0.10    0.71 ^ clkbuf_1_1__f_clk/X (sky130_fd_sc_hd__clkbuf_16)
                                         clknet_1_1__leaf_clk (net)
                  0.05    0.00    0.71 ^ _244_/CLK (sky130_fd_sc_hd__dfrtp_1)
                          0.10    0.81   clock uncertainty
                          0.00    0.81   clock reconvergence pessimism
                         -0.02    0.79   library hold time
                                  0.79   data required time
-----------------------------------------------------------------------------
                                  0.79   data required time
                                 -1.10   data arrival time
-----------------------------------------------------------------------------
                                  0.31   slack (MET)


Startpoint: _243_ (rising edge-triggered flip-flop clocked by clk)
Endpoint: _243_ (rising edge-triggered flip-flop clocked by clk)
Path Group: clk
Path Type: min
Corner: Fastest

Fanout     Cap    Slew   Delay    Time   Description
-----------------------------------------------------------------------------
                          0.00    0.00   clock clk (rise edge)
                          0.50    0.50   clock source latency
     1    0.02    0.04    0.03    0.53 ^ clk (in)
                                         clk (net)
                  0.04    0.00    0.53 ^ clkbuf_0_clk/A (sky130_fd_sc_hd__clkbuf_16)
     2    0.02    0.03    0.09    0.61 ^ clkbuf_0_clk/X (sky130_fd_sc_hd__clkbuf_16)
                                         clknet_0_clk (net)
                  0.03    0.00    0.61 ^ clkbuf_1_1__f_clk/A (sky130_fd_sc_hd__clkbuf_16)
    13    0.05    0.05    0.10    0.71 ^ clkbuf_1_1__f_clk/X (sky130_fd_sc_hd__clkbuf_16)
                                         clknet_1_1__leaf_clk (net)
                  0.05    0.00    0.71 ^ _243_/CLK (sky130_fd_sc_hd__dfrtp_1)
     3    0.01    0.05    0.25    0.97 v _243_/Q (sky130_fd_sc_hd__dfrtp_1)
                                         seq_timer[3] (net)
                  0.05    0.00    0.97 v _133_/A (sky130_fd_sc_hd__inv_2)
     2    0.01    0.03    0.04    1.01 ^ _133_/Y (sky130_fd_sc_hd__inv_2)
                                         _073_ (net)
                  0.03    0.00    1.01 ^ _220_/B (sky130_fd_sc_hd__nand2_1)
     1    0.00    0.02    0.03    1.04 v _220_/Y (sky130_fd_sc_hd__nand2_1)
                                         _043_ (net)
                  0.02    0.00    1.04 v _222_/A (sky130_fd_sc_hd__nand2_1)
     1    0.00    0.03    0.03    1.07 ^ _222_/Y (sky130_fd_sc_hd__nand2_1)
                                         _045_ (net)
                  0.03    0.00    1.07 ^ _223_/A (sky130_fd_sc_hd__nor2_1)
     1    0.00    0.02    0.03    1.10 v _223_/Y (sky130_fd_sc_hd__nor2_1)
                                         _007_ (net)
                  0.02    0.00    1.10 v _243_/D (sky130_fd_sc_hd__dfrtp_1)
                                  1.10   data arrival time

                          0.00    0.00   clock clk (rise edge)
                          0.50    0.50   clock source latency
     1    0.02    0.04    0.03    0.53 ^ clk (in)
                                         clk (net)
                  0.04    0.00    0.53 ^ clkbuf_0_clk/A (sky130_fd_sc_hd__clkbuf_16)
     2    0.02    0.03    0.09    0.61 ^ clkbuf_0_clk/X (sky130_fd_sc_hd__clkbuf_16)
                                         clknet_0_clk (net)
                  0.03    0.00    0.61 ^ clkbuf_1_1__f_clk/A (sky130_fd_sc_hd__clkbuf_16)
    13    0.05    0.05    0.10    0.71 ^ clkbuf_1_1__f_clk/X (sky130_fd_sc_hd__clkbuf_16)
                                         clknet_1_1__leaf_clk (net)
                  0.05    0.00    0.71 ^ _243_/CLK (sky130_fd_sc_hd__dfrtp_1)
                          0.10    0.81   clock uncertainty
                          0.00    0.81   clock reconvergence pessimism
                         -0.03    0.79   library hold time
                                  0.79   data required time
-----------------------------------------------------------------------------
                                  0.79   data required time
                                 -1.10   data arrival time
-----------------------------------------------------------------------------
                                  0.31   slack (MET)


Startpoint: _258_ (rising edge-triggered flip-flop clocked by clk)
Endpoint: _254_ (rising edge-triggered flip-flop clocked by clk)
Path Group: clk
Path Type: min
Corner: Fastest

Fanout     Cap    Slew   Delay    Time   Description
-----------------------------------------------------------------------------
                          0.00    0.00   clock clk (rise edge)
                          0.50    0.50   clock source latency
     1    0.02    0.04    0.03    0.53 ^ clk (in)
                                         clk (net)
                  0.04    0.00    0.53 ^ clkbuf_0_clk/A (sky130_fd_sc_hd__clkbuf_16)
     2    0.02    0.03    0.09    0.61 ^ clkbuf_0_clk/X (sky130_fd_sc_hd__clkbuf_16)
                                         clknet_0_clk (net)
                  0.03    0.00    0.61 ^ clkbuf_1_0__f_clk/A (sky130_fd_sc_hd__clkbuf_16)
    16    0.05    0.05    0.10    0.71 ^ clkbuf_1_0__f_clk/X (sky130_fd_sc_hd__clkbuf_16)
                                         clknet_1_0__leaf_clk (net)
                  0.05    0.00    0.71 ^ _258_/CLK (sky130_fd_sc_hd__dfrtp_4)
     8    0.04    0.10    0.31    1.03 ^ _258_/Q (sky130_fd_sc_hd__dfrtp_4)
                                         curr_state[2] (net)
                  0.10    0.00    1.03 ^ _191_/A1 (sky130_fd_sc_hd__a21oi_1)
     1    0.01    0.03    0.07    1.09 v _191_/Y (sky130_fd_sc_hd__a21oi_1)
                                         _112_ (net)
                  0.03    0.00    1.09 v _254_/D (sky130_fd_sc_hd__dfrtp_1)
                                  1.09   data arrival time

                          0.00    0.00   clock clk (rise edge)
                          0.50    0.50   clock source latency
     1    0.02    0.04    0.03    0.53 ^ clk (in)
                                         clk (net)
                  0.04    0.00    0.53 ^ clkbuf_0_clk/A (sky130_fd_sc_hd__clkbuf_16)
     2    0.02    0.03    0.09    0.61 ^ clkbuf_0_clk/X (sky130_fd_sc_hd__clkbuf_16)
                                         clknet_0_clk (net)
                  0.03    0.00    0.61 ^ clkbuf_1_1__f_clk/A (sky130_fd_sc_hd__clkbuf_16)
    13    0.05    0.05    0.10    0.71 ^ clkbuf_1_1__f_clk/X (sky130_fd_sc_hd__clkbuf_16)
                                         clknet_1_1__leaf_clk (net)
                  0.05    0.00    0.71 ^ _254_/CLK (sky130_fd_sc_hd__dfrtp_1)
                          0.10    0.81   clock uncertainty
                          0.00    0.81   clock reconvergence pessimism
                         -0.03    0.78   library hold time
                                  0.78   data required time
-----------------------------------------------------------------------------
                                  0.78   data required time
                                 -1.09   data arrival time
-----------------------------------------------------------------------------
                                  0.31   slack (MET)


Startpoint: _241_ (rising edge-triggered flip-flop clocked by clk)
Endpoint: _241_ (rising edge-triggered flip-flop clocked by clk)
Path Group: clk
Path Type: min
Corner: Fastest

Fanout     Cap    Slew   Delay    Time   Description
-----------------------------------------------------------------------------
                          0.00    0.00   clock clk (rise edge)
                          0.50    0.50   clock source latency
     1    0.02    0.04    0.03    0.53 ^ clk (in)
                                         clk (net)
                  0.04    0.00    0.53 ^ clkbuf_0_clk/A (sky130_fd_sc_hd__clkbuf_16)
     2    0.02    0.03    0.09    0.61 ^ clkbuf_0_clk/X (sky130_fd_sc_hd__clkbuf_16)
                                         clknet_0_clk (net)
                  0.03    0.00    0.61 ^ clkbuf_1_1__f_clk/A (sky130_fd_sc_hd__clkbuf_16)
    13    0.05    0.05    0.10    0.71 ^ clkbuf_1_1__f_clk/X (sky130_fd_sc_hd__clkbuf_16)
                                         clknet_1_1__leaf_clk (net)
                  0.05    0.00    0.72 ^ _241_/CLK (sky130_fd_sc_hd__dfrtp_1)
     2    0.01    0.07    0.23    0.95 ^ _241_/Q (sky130_fd_sc_hd__dfrtp_1)
                                         seq_timer[1] (net)
                  0.07    0.00    0.95 ^ _130_/A (sky130_fd_sc_hd__inv_2)
     4    0.01    0.03    0.03    0.98 v _130_/Y (sky130_fd_sc_hd__inv_2)
                                         _070_ (net)
                  0.03    0.00    0.98 v _212_/B (sky130_fd_sc_hd__nand2_1)
     1    0.00    0.03    0.04    1.02 ^ _212_/Y (sky130_fd_sc_hd__nand2_1)
                                         _037_ (net)
                  0.03    0.00    1.02 ^ _213_/B (sky130_fd_sc_hd__nand2_1)
     1    0.00    0.02    0.03    1.05 v _213_/Y (sky130_fd_sc_hd__nand2_1)
                                         _038_ (net)
                  0.02    0.00    1.05 v _214_/A (sky130_fd_sc_hd__nor2_1)
     1    0.00    0.05    0.06    1.11 ^ _214_/Y (sky130_fd_sc_hd__nor2_1)
                                         _005_ (net)
                  0.05    0.00    1.11 ^ _241_/D (sky130_fd_sc_hd__dfrtp_1)
                                  1.11   data arrival time

                          0.00    0.00   clock clk (rise edge)
                          0.50    0.50   clock source latency
     1    0.02    0.04    0.03    0.53 ^ clk (in)
                                         clk (net)
                  0.04    0.00    0.53 ^ clkbuf_0_clk/A (sky130_fd_sc_hd__clkbuf_16)
     2    0.02    0.03    0.09    0.61 ^ clkbuf_0_clk/X (sky130_fd_sc_hd__clkbuf_16)
                                         clknet_0_clk (net)
                  0.03    0.00    0.61 ^ clkbuf_1_1__f_clk/A (sky130_fd_sc_hd__clkbuf_16)
    13    0.05    0.05    0.10    0.71 ^ clkbuf_1_1__f_clk/X (sky130_fd_sc_hd__clkbuf_16)
                                         clknet_1_1__leaf_clk (net)
                  0.05    0.00    0.72 ^ _241_/CLK (sky130_fd_sc_hd__dfrtp_1)
                          0.10    0.82   clock uncertainty
                          0.00    0.82   clock reconvergence pessimism
                         -0.02    0.79   library hold time
                                  0.79   data required time
-----------------------------------------------------------------------------
                                  0.79   data required time
                                 -1.11   data arrival time
-----------------------------------------------------------------------------
                                  0.31   slack (MET)


Startpoint: _242_ (rising edge-triggered flip-flop clocked by clk)
Endpoint: _242_ (rising edge-triggered flip-flop clocked by clk)
Path Group: clk
Path Type: min
Corner: Fastest

Fanout     Cap    Slew   Delay    Time   Description
-----------------------------------------------------------------------------
                          0.00    0.00   clock clk (rise edge)
                          0.50    0.50   clock source latency
     1    0.02    0.04    0.03    0.53 ^ clk (in)
                                         clk (net)
                  0.04    0.00    0.53 ^ clkbuf_0_clk/A (sky130_fd_sc_hd__clkbuf_16)
     2    0.02    0.03    0.09    0.61 ^ clkbuf_0_clk/X (sky130_fd_sc_hd__clkbuf_16)
                                         clknet_0_clk (net)
                  0.03    0.00    0.61 ^ clkbuf_1_1__f_clk/A (sky130_fd_sc_hd__clkbuf_16)
    13    0.05    0.05    0.10    0.71 ^ clkbuf_1_1__f_clk/X (sky130_fd_sc_hd__clkbuf_16)
                                         clknet_1_1__leaf_clk (net)
                  0.05    0.00    0.71 ^ _242_/CLK (sky130_fd_sc_hd__dfrtp_1)
     5    0.01    0.06    0.27    0.98 v _242_/Q (sky130_fd_sc_hd__dfrtp_1)
                                         seq_timer[2] (net)
                  0.06    0.00    0.98 v _215_/A (sky130_fd_sc_hd__inv_2)
     2    0.01    0.03    0.05    1.03 ^ _215_/Y (sky130_fd_sc_hd__inv_2)
                                         _039_ (net)
                  0.03    0.00    1.03 ^ _217_/B (sky130_fd_sc_hd__nand2_1)
     1    0.00    0.02    0.03    1.05 v _217_/Y (sky130_fd_sc_hd__nand2_1)
                                         _041_ (net)
                  0.02    0.00    1.05 v _218_/B (sky130_fd_sc_hd__nand2_1)
     1    0.00    0.03    0.04    1.09 ^ _218_/Y (sky130_fd_sc_hd__nand2_1)
                                         _042_ (net)
                  0.03    0.00    1.09 ^ _219_/A (sky130_fd_sc_hd__nor2_1)
     1    0.00    0.02    0.02    1.12 v _219_/Y (sky130_fd_sc_hd__nor2_1)
                                         _006_ (net)
                  0.02    0.00    1.12 v _242_/D (sky130_fd_sc_hd__dfrtp_1)
                                  1.12   data arrival time

                          0.00    0.00   clock clk (rise edge)
                          0.50    0.50   clock source latency
     1    0.02    0.04    0.03    0.53 ^ clk (in)
                                         clk (net)
                  0.04    0.00    0.53 ^ clkbuf_0_clk/A (sky130_fd_sc_hd__clkbuf_16)
     2    0.02    0.03    0.09    0.61 ^ clkbuf_0_clk/X (sky130_fd_sc_hd__clkbuf_16)
                                         clknet_0_clk (net)
                  0.03    0.00    0.61 ^ clkbuf_1_1__f_clk/A (sky130_fd_sc_hd__clkbuf_16)
    13    0.05    0.05    0.10    0.71 ^ clkbuf_1_1__f_clk/X (sky130_fd_sc_hd__clkbuf_16)
                                         clknet_1_1__leaf_clk (net)
                  0.05    0.00    0.71 ^ _242_/CLK (sky130_fd_sc_hd__dfrtp_1)
                          0.10    0.81   clock uncertainty
                          0.00    0.81   clock reconvergence pessimism
                         -0.03    0.79   library hold time
                                  0.79   data required time
-----------------------------------------------------------------------------
                                  0.79   data required time
                                 -1.12   data arrival time
-----------------------------------------------------------------------------
                                  0.33   slack (MET)


Startpoint: _240_ (rising edge-triggered flip-flop clocked by clk)
Endpoint: _240_ (rising edge-triggered flip-flop clocked by clk)
Path Group: clk
Path Type: min
Corner: Fastest

Fanout     Cap    Slew   Delay    Time   Description
-----------------------------------------------------------------------------
                          0.00    0.00   clock clk (rise edge)
                          0.50    0.50   clock source latency
     1    0.02    0.04    0.03    0.53 ^ clk (in)
                                         clk (net)
                  0.04    0.00    0.53 ^ clkbuf_0_clk/A (sky130_fd_sc_hd__clkbuf_16)
     2    0.02    0.03    0.09    0.61 ^ clkbuf_0_clk/X (sky130_fd_sc_hd__clkbuf_16)
                                         clknet_0_clk (net)
                  0.03    0.00    0.61 ^ clkbuf_1_1__f_clk/A (sky130_fd_sc_hd__clkbuf_16)
    13    0.05    0.05    0.10    0.71 ^ clkbuf_1_1__f_clk/X (sky130_fd_sc_hd__clkbuf_16)
                                         clknet_1_1__leaf_clk (net)
                  0.05    0.00    0.71 ^ _240_/CLK (sky130_fd_sc_hd__dfrtp_1)
     5    0.02    0.13    0.28    0.99 ^ _240_/Q (sky130_fd_sc_hd__dfrtp_1)
                                         seq_timer[0] (net)
                  0.13    0.00    0.99 ^ _202_/B (sky130_fd_sc_hd__nand2_1)
     3    0.01    0.05    0.06    1.05 v _202_/Y (sky130_fd_sc_hd__nand2_1)
                                         _028_ (net)
                  0.05    0.00    1.05 v _203_/B (sky130_fd_sc_hd__nand2_1)
     1    0.00    0.03    0.05    1.10 ^ _203_/Y (sky130_fd_sc_hd__nand2_1)
                                         _029_ (net)
                  0.03    0.00    1.10 ^ _210_/A (sky130_fd_sc_hd__nor2_1)
     1    0.00    0.02    0.02    1.12 v _210_/Y (sky130_fd_sc_hd__nor2_1)
                                         _004_ (net)
                  0.02    0.00    1.12 v _240_/D (sky130_fd_sc_hd__dfrtp_1)
                                  1.12   data arrival time

                          0.00    0.00   clock clk (rise edge)
                          0.50    0.50   clock source latency
     1    0.02    0.04    0.03    0.53 ^ clk (in)
                                         clk (net)
                  0.04    0.00    0.53 ^ clkbuf_0_clk/A (sky130_fd_sc_hd__clkbuf_16)
     2    0.02    0.03    0.09    0.61 ^ clkbuf_0_clk/X (sky130_fd_sc_hd__clkbuf_16)
                                         clknet_0_clk (net)
                  0.03    0.00    0.61 ^ clkbuf_1_1__f_clk/A (sky130_fd_sc_hd__clkbuf_16)
    13    0.05    0.05    0.10    0.71 ^ clkbuf_1_1__f_clk/X (sky130_fd_sc_hd__clkbuf_16)
                                         clknet_1_1__leaf_clk (net)
                  0.05    0.00    0.71 ^ _240_/CLK (sky130_fd_sc_hd__dfrtp_1)
                          0.10    0.81   clock uncertainty
                          0.00    0.81   clock reconvergence pessimism
                         -0.03    0.79   library hold time
                                  0.79   data required time
-----------------------------------------------------------------------------
                                  0.79   data required time
                                 -1.12   data arrival time
-----------------------------------------------------------------------------
                                  0.33   slack (MET)


Startpoint: _263_ (rising edge-triggered flip-flop clocked by clk)
Endpoint: _256_ (rising edge-triggered flip-flop clocked by clk)
Path Group: clk
Path Type: min
Corner: Fastest

Fanout     Cap    Slew   Delay    Time   Description
-----------------------------------------------------------------------------
                          0.00    0.00   clock clk (rise edge)
                          0.50    0.50   clock source latency
     1    0.02    0.04    0.03    0.53 ^ clk (in)
                                         clk (net)
                  0.04    0.00    0.53 ^ clkbuf_0_clk/A (sky130_fd_sc_hd__clkbuf_16)
     2    0.02    0.03    0.09    0.61 ^ clkbuf_0_clk/X (sky130_fd_sc_hd__clkbuf_16)
                                         clknet_0_clk (net)
                  0.03    0.00    0.61 ^ clkbuf_1_0__f_clk/A (sky130_fd_sc_hd__clkbuf_16)
    16    0.05    0.05    0.10    0.71 ^ clkbuf_1_0__f_clk/X (sky130_fd_sc_hd__clkbuf_16)
                                         clknet_1_0__leaf_clk (net)
                  0.05    0.00    0.71 ^ _263_/CLK (sky130_fd_sc_hd__dfrtp_1)
     2    0.01    0.07    0.23    0.95 ^ _263_/Q (sky130_fd_sc_hd__dfrtp_1)
                                         wake_up_sync (net)
                  0.07    0.00    0.95 ^ _150_/A (sky130_fd_sc_hd__inv_2)
     3    0.01    0.03    0.03    0.98 v _150_/Y (sky130_fd_sc_hd__inv_2)
                                         _088_ (net)
                  0.03    0.00    0.98 v _151_/B (sky130_fd_sc_hd__nand2_1)
     1    0.00    0.03    0.05    1.02 ^ _151_/Y (sky130_fd_sc_hd__nand2_1)
                                         _089_ (net)
                  0.03    0.00    1.02 ^ _154_/A (sky130_fd_sc_hd__nand2_1)
     2    0.00    0.03    0.03    1.05 v _154_/Y (sky130_fd_sc_hd__nand2_1)
                                         _092_ (net)
                  0.03    0.00    1.05 v _156_/A (sky130_fd_sc_hd__nand2_1)
     2    0.01    0.06    0.06    1.12 ^ _156_/Y (sky130_fd_sc_hd__nand2_1)
                                         _094_ (net)
                  0.06    0.00    1.12 ^ _157_/A (sky130_fd_sc_hd__inv_2)
     1    0.00    0.02    0.01    1.13 v _157_/Y (sky130_fd_sc_hd__inv_2)
                                         next_state[0] (net)
                  0.02    0.00    1.13 v _256_/D (sky130_fd_sc_hd__dfrtp_4)
                                  1.13   data arrival time

                          0.00    0.00   clock clk (rise edge)
                          0.50    0.50   clock source latency
     1    0.02    0.04    0.03    0.53 ^ clk (in)
                                         clk (net)
                  0.04    0.00    0.53 ^ clkbuf_0_clk/A (sky130_fd_sc_hd__clkbuf_16)
     2    0.02    0.03    0.09    0.61 ^ clkbuf_0_clk/X (sky130_fd_sc_hd__clkbuf_16)
                                         clknet_0_clk (net)
                  0.03    0.00    0.61 ^ clkbuf_1_0__f_clk/A (sky130_fd_sc_hd__clkbuf_16)
    16    0.05    0.05    0.10    0.71 ^ clkbuf_1_0__f_clk/X (sky130_fd_sc_hd__clkbuf_16)
                                         clknet_1_0__leaf_clk (net)
                  0.05    0.00    0.72 ^ _256_/CLK (sky130_fd_sc_hd__dfrtp_4)
                          0.10    0.82   clock uncertainty
                          0.00    0.82   clock reconvergence pessimism
                         -0.02    0.79   library hold time
                                  0.79   data required time
-----------------------------------------------------------------------------
                                  0.79   data required time
                                 -1.13   data arrival time
-----------------------------------------------------------------------------
                                  0.34   slack (MET)


Startpoint: _245_ (rising edge-triggered flip-flop clocked by clk)
Endpoint: _245_ (rising edge-triggered flip-flop clocked by clk)
Path Group: clk
Path Type: min
Corner: Fastest

Fanout     Cap    Slew   Delay    Time   Description
-----------------------------------------------------------------------------
                          0.00    0.00   clock clk (rise edge)
                          0.50    0.50   clock source latency
     1    0.02    0.04    0.03    0.53 ^ clk (in)
                                         clk (net)
                  0.04    0.00    0.53 ^ clkbuf_0_clk/A (sky130_fd_sc_hd__clkbuf_16)
     2    0.02    0.03    0.09    0.61 ^ clkbuf_0_clk/X (sky130_fd_sc_hd__clkbuf_16)
                                         clknet_0_clk (net)
                  0.03    0.00    0.61 ^ clkbuf_1_1__f_clk/A (sky130_fd_sc_hd__clkbuf_16)
    13    0.05    0.05    0.10    0.71 ^ clkbuf_1_1__f_clk/X (sky130_fd_sc_hd__clkbuf_16)
                                         clknet_1_1__leaf_clk (net)
                  0.05    0.00    0.71 ^ _245_/CLK (sky130_fd_sc_hd__dfrtp_1)
     2    0.01    0.04    0.24    0.96 v _245_/Q (sky130_fd_sc_hd__dfrtp_1)
                                         seq_timer[5] (net)
                  0.04    0.00    0.96 v _228_/A (sky130_fd_sc_hd__inv_2)
     2    0.01    0.03    0.04    1.00 ^ _228_/Y (sky130_fd_sc_hd__inv_2)
                                         _049_ (net)
                  0.03    0.00    1.00 ^ _230_/B (sky130_fd_sc_hd__nand2_1)
     1    0.00    0.01    0.02    1.02 v _230_/Y (sky130_fd_sc_hd__nand2_1)
                                         _051_ (net)
                  0.01    0.00    1.02 v _231_/B_N (sky130_fd_sc_hd__or2b_1)
     1    0.00    0.03    0.09    1.11 ^ _231_/X (sky130_fd_sc_hd__or2b_1)
                                         _052_ (net)
                  0.03    0.00    1.11 ^ _232_/A (sky130_fd_sc_hd__nor2_1)
     1    0.00    0.02    0.02    1.14 v _232_/Y (sky130_fd_sc_hd__nor2_1)
                                         _009_ (net)
                  0.02    0.00    1.14 v _245_/D (sky130_fd_sc_hd__dfrtp_1)
                                  1.14   data arrival time

                          0.00    0.00   clock clk (rise edge)
                          0.50    0.50   clock source latency
     1    0.02    0.04    0.03    0.53 ^ clk (in)
                                         clk (net)
                  0.04    0.00    0.53 ^ clkbuf_0_clk/A (sky130_fd_sc_hd__clkbuf_16)
     2    0.02    0.03    0.09    0.61 ^ clkbuf_0_clk/X (sky130_fd_sc_hd__clkbuf_16)
                                         clknet_0_clk (net)
                  0.03    0.00    0.61 ^ clkbuf_1_1__f_clk/A (sky130_fd_sc_hd__clkbuf_16)
    13    0.05    0.05    0.10    0.71 ^ clkbuf_1_1__f_clk/X (sky130_fd_sc_hd__clkbuf_16)
                                         clknet_1_1__leaf_clk (net)
                  0.05    0.00    0.71 ^ _245_/CLK (sky130_fd_sc_hd__dfrtp_1)
                          0.10    0.81   clock uncertainty
                          0.00    0.81   clock reconvergence pessimism
                         -0.03    0.79   library hold time
                                  0.79   data required time
-----------------------------------------------------------------------------
                                  0.79   data required time
                                 -1.14   data arrival time
-----------------------------------------------------------------------------
                                  0.35   slack (MET)


Startpoint: _264_ (rising edge-triggered flip-flop clocked by clk)
Endpoint: _258_ (rising edge-triggered flip-flop clocked by clk)
Path Group: clk
Path Type: min
Corner: Fastest

Fanout     Cap    Slew   Delay    Time   Description
-----------------------------------------------------------------------------
                          0.00    0.00   clock clk (rise edge)
                          0.50    0.50   clock source latency
     1    0.02    0.04    0.03    0.53 ^ clk (in)
                                         clk (net)
                  0.04    0.00    0.53 ^ clkbuf_0_clk/A (sky130_fd_sc_hd__clkbuf_16)
     2    0.02    0.03    0.09    0.61 ^ clkbuf_0_clk/X (sky130_fd_sc_hd__clkbuf_16)
                                         clknet_0_clk (net)
                  0.03    0.00    0.61 ^ clkbuf_1_0__f_clk/A (sky130_fd_sc_hd__clkbuf_16)
    16    0.05    0.05    0.10    0.71 ^ clkbuf_1_0__f_clk/X (sky130_fd_sc_hd__clkbuf_16)
                                         clknet_1_0__leaf_clk (net)
                  0.05    0.00    0.71 ^ _264_/CLK (sky130_fd_sc_hd__dfrtp_1)
     2    0.01    0.07    0.23    0.95 ^ _264_/Q (sky130_fd_sc_hd__dfrtp_1)
                                         req_off_sync (net)
                  0.07    0.00    0.95 ^ _184_/C (sky130_fd_sc_hd__nand3_1)
     1    0.00    0.04    0.05    1.00 v _184_/Y (sky130_fd_sc_hd__nand3_1)
                                         _019_ (net)
                  0.04    0.00    1.00 v _185_/C1 (sky130_fd_sc_hd__o211ai_2)
     2    0.01    0.05    0.06    1.06 ^ _185_/Y (sky130_fd_sc_hd__o211ai_2)
                                         _020_ (net)
                  0.05    0.00    1.06 ^ _186_/B1 (sky130_fd_sc_hd__a21oi_1)
     2    0.01    0.03    0.04    1.10 v _186_/Y (sky130_fd_sc_hd__a21oi_1)
                                         _021_ (net)
                  0.03    0.00    1.10 v _187_/B (sky130_fd_sc_hd__nand2_1)
     1    0.00    0.03    0.04    1.14 ^ _187_/Y (sky130_fd_sc_hd__nand2_1)
                                         next_state[2] (net)
                  0.03    0.00    1.14 ^ _258_/D (sky130_fd_sc_hd__dfrtp_4)
                                  1.14   data arrival time

                          0.00    0.00   clock clk (rise edge)
                          0.50    0.50   clock source latency
     1    0.02    0.04    0.03    0.53 ^ clk (in)
                                         clk (net)
                  0.04    0.00    0.53 ^ clkbuf_0_clk/A (sky130_fd_sc_hd__clkbuf_16)
     2    0.02    0.03    0.09    0.61 ^ clkbuf_0_clk/X (sky130_fd_sc_hd__clkbuf_16)
                                         clknet_0_clk (net)
                  0.03    0.00    0.61 ^ clkbuf_1_0__f_clk/A (sky130_fd_sc_hd__clkbuf_16)
    16    0.05    0.05    0.10    0.71 ^ clkbuf_1_0__f_clk/X (sky130_fd_sc_hd__clkbuf_16)
                                         clknet_1_0__leaf_clk (net)
                  0.05    0.00    0.71 ^ _258_/CLK (sky130_fd_sc_hd__dfrtp_4)
                          0.10    0.81   clock uncertainty
                          0.00    0.81   clock reconvergence pessimism
                         -0.02    0.80   library hold time
                                  0.80   data required time
-----------------------------------------------------------------------------
                                  0.80   data required time
                                 -1.14   data arrival time
-----------------------------------------------------------------------------
                                  0.35   slack (MET)


Startpoint: _258_ (rising edge-triggered flip-flop clocked by clk)
Endpoint: _253_ (rising edge-triggered flip-flop clocked by clk)
Path Group: clk
Path Type: min
Corner: Fastest

Fanout     Cap    Slew   Delay    Time   Description
-----------------------------------------------------------------------------
                          0.00    0.00   clock clk (rise edge)
                          0.50    0.50   clock source latency
     1    0.02    0.04    0.03    0.53 ^ clk (in)
                                         clk (net)
                  0.04    0.00    0.53 ^ clkbuf_0_clk/A (sky130_fd_sc_hd__clkbuf_16)
     2    0.02    0.03    0.09    0.61 ^ clkbuf_0_clk/X (sky130_fd_sc_hd__clkbuf_16)
                                         clknet_0_clk (net)
                  0.03    0.00    0.61 ^ clkbuf_1_0__f_clk/A (sky130_fd_sc_hd__clkbuf_16)
    16    0.05    0.05    0.10    0.71 ^ clkbuf_1_0__f_clk/X (sky130_fd_sc_hd__clkbuf_16)
                                         clknet_1_0__leaf_clk (net)
                  0.05    0.00    0.71 ^ _258_/CLK (sky130_fd_sc_hd__dfrtp_4)
     8    0.04    0.10    0.31    1.03 ^ _258_/Q (sky130_fd_sc_hd__dfrtp_4)
                                         curr_state[2] (net)
                  0.10    0.00    1.03 ^ _192_/A (sky130_fd_sc_hd__nor2_1)
     2    0.01    0.04    0.04    1.07 v _192_/Y (sky130_fd_sc_hd__nor2_1)
                                         _023_ (net)
                  0.04    0.00    1.07 v _196_/B1 (sky130_fd_sc_hd__a21o_1)
     1    0.00    0.02    0.07    1.14 v _196_/X (sky130_fd_sc_hd__a21o_1)
                                         _115_ (net)
                  0.02    0.00    1.14 v _253_/D (sky130_fd_sc_hd__dfrtp_1)
                                  1.14   data arrival time

                          0.00    0.00   clock clk (rise edge)
                          0.50    0.50   clock source latency
     1    0.02    0.04    0.03    0.53 ^ clk (in)
                                         clk (net)
                  0.04    0.00    0.53 ^ clkbuf_0_clk/A (sky130_fd_sc_hd__clkbuf_16)
     2    0.02    0.03    0.09    0.61 ^ clkbuf_0_clk/X (sky130_fd_sc_hd__clkbuf_16)
                                         clknet_0_clk (net)
                  0.03    0.00    0.61 ^ clkbuf_1_1__f_clk/A (sky130_fd_sc_hd__clkbuf_16)
    13    0.05    0.05    0.10    0.71 ^ clkbuf_1_1__f_clk/X (sky130_fd_sc_hd__clkbuf_16)
                                         clknet_1_1__leaf_clk (net)
                  0.05    0.00    0.71 ^ _253_/CLK (sky130_fd_sc_hd__dfrtp_1)
                          0.10    0.81   clock uncertainty
                          0.00    0.81   clock reconvergence pessimism
                         -0.03    0.79   library hold time
                                  0.79   data required time
-----------------------------------------------------------------------------
                                  0.79   data required time
                                 -1.14   data arrival time
-----------------------------------------------------------------------------
                                  0.35   slack (MET)


Startpoint: _242_ (rising edge-triggered flip-flop clocked by clk)
Endpoint: _252_ (rising edge-triggered flip-flop clocked by clk)
Path Group: clk
Path Type: min
Corner: Fastest

Fanout     Cap    Slew   Delay    Time   Description
-----------------------------------------------------------------------------
                          0.00    0.00   clock clk (rise edge)
                          0.50    0.50   clock source latency
     1    0.02    0.04    0.03    0.53 ^ clk (in)
                                         clk (net)
                  0.04    0.00    0.53 ^ clkbuf_0_clk/A (sky130_fd_sc_hd__clkbuf_16)
     2    0.02    0.03    0.09    0.61 ^ clkbuf_0_clk/X (sky130_fd_sc_hd__clkbuf_16)
                                         clknet_0_clk (net)
                  0.03    0.00    0.61 ^ clkbuf_1_1__f_clk/A (sky130_fd_sc_hd__clkbuf_16)
    13    0.05    0.05    0.10    0.71 ^ clkbuf_1_1__f_clk/X (sky130_fd_sc_hd__clkbuf_16)
                                         clknet_1_1__leaf_clk (net)
                  0.05    0.00    0.71 ^ _242_/CLK (sky130_fd_sc_hd__dfrtp_1)
     5    0.02    0.11    0.26    0.98 ^ _242_/Q (sky130_fd_sc_hd__dfrtp_1)
                                         seq_timer[2] (net)
                  0.11    0.00    0.98 ^ _135_/A (sky130_fd_sc_hd__or3_1)
     1    0.01    0.05    0.10    1.08 ^ _135_/X (sky130_fd_sc_hd__or3_1)
                                         _075_ (net)
                  0.05    0.00    1.08 ^ _136_/A (sky130_fd_sc_hd__inv_2)
     3    0.01    0.02    0.03    1.10 v _136_/Y (sky130_fd_sc_hd__inv_2)
                                         _076_ (net)
                  0.02    0.00    1.10 v _137_/B (sky130_fd_sc_hd__nor2_1)
     1    0.00    0.05    0.05    1.15 ^ _137_/Y (sky130_fd_sc_hd__nor2_1)
                                         _114_ (net)
                  0.05    0.00    1.15 ^ _252_/D (sky130_fd_sc_hd__dfrtp_1)
                                  1.15   data arrival time

                          0.00    0.00   clock clk (rise edge)
                          0.50    0.50   clock source latency
     1    0.02    0.04    0.03    0.53 ^ clk (in)
                                         clk (net)
                  0.04    0.00    0.53 ^ clkbuf_0_clk/A (sky130_fd_sc_hd__clkbuf_16)
     2    0.02    0.03    0.09    0.61 ^ clkbuf_0_clk/X (sky130_fd_sc_hd__clkbuf_16)
                                         clknet_0_clk (net)
                  0.03    0.00    0.61 ^ clkbuf_1_0__f_clk/A (sky130_fd_sc_hd__clkbuf_16)
    16    0.05    0.05    0.10    0.71 ^ clkbuf_1_0__f_clk/X (sky130_fd_sc_hd__clkbuf_16)
                                         clknet_1_0__leaf_clk (net)
                  0.05    0.00    0.72 ^ _252_/CLK (sky130_fd_sc_hd__dfrtp_1)
                          0.10    0.82   clock uncertainty
                          0.00    0.82   clock reconvergence pessimism
                         -0.02    0.79   library hold time
                                  0.79   data required time
-----------------------------------------------------------------------------
                                  0.79   data required time
                                 -1.15   data arrival time
-----------------------------------------------------------------------------
                                  0.36   slack (MET)


Startpoint: _263_ (rising edge-triggered flip-flop clocked by clk)
Endpoint: _257_ (rising edge-triggered flip-flop clocked by clk)
Path Group: clk
Path Type: min
Corner: Fastest

Fanout     Cap    Slew   Delay    Time   Description
-----------------------------------------------------------------------------
                          0.00    0.00   clock clk (rise edge)
                          0.50    0.50   clock source latency
     1    0.02    0.04    0.03    0.53 ^ clk (in)
                                         clk (net)
                  0.04    0.00    0.53 ^ clkbuf_0_clk/A (sky130_fd_sc_hd__clkbuf_16)
     2    0.02    0.03    0.09    0.61 ^ clkbuf_0_clk/X (sky130_fd_sc_hd__clkbuf_16)
                                         clknet_0_clk (net)
                  0.03    0.00    0.61 ^ clkbuf_1_0__f_clk/A (sky130_fd_sc_hd__clkbuf_16)
    16    0.05    0.05    0.10    0.71 ^ clkbuf_1_0__f_clk/X (sky130_fd_sc_hd__clkbuf_16)
                                         clknet_1_0__leaf_clk (net)
                  0.05    0.00    0.71 ^ _263_/CLK (sky130_fd_sc_hd__dfrtp_1)
     2    0.01    0.07    0.23    0.95 ^ _263_/Q (sky130_fd_sc_hd__dfrtp_1)
                                         wake_up_sync (net)
                  0.07    0.00    0.95 ^ _173_/A2 (sky130_fd_sc_hd__o311a_1)
     1    0.00    0.03    0.10    1.04 ^ _173_/X (sky130_fd_sc_hd__o311a_1)
                                         _110_ (net)
                  0.03    0.00    1.04 ^ _174_/C (sky130_fd_sc_hd__or3_1)
     1    0.00    0.03    0.06    1.10 ^ _174_/X (sky130_fd_sc_hd__or3_1)
                                         _111_ (net)
                  0.03    0.00    1.10 ^ _175_/A (sky130_fd_sc_hd__clkbuf_1)
     1    0.00    0.04    0.06    1.16 ^ _175_/X (sky130_fd_sc_hd__clkbuf_1)
                                         next_state[1] (net)
                  0.04    0.00    1.16 ^ _257_/D (sky130_fd_sc_hd__dfrtp_1)
                                  1.16   data arrival time

                          0.00    0.00   clock clk (rise edge)
                          0.50    0.50   clock source latency
     1    0.02    0.04    0.03    0.53 ^ clk (in)
                                         clk (net)
                  0.04    0.00    0.53 ^ clkbuf_0_clk/A (sky130_fd_sc_hd__clkbuf_16)
     2    0.02    0.03    0.09    0.61 ^ clkbuf_0_clk/X (sky130_fd_sc_hd__clkbuf_16)
                                         clknet_0_clk (net)
                  0.03    0.00    0.61 ^ clkbuf_1_0__f_clk/A (sky130_fd_sc_hd__clkbuf_16)
    16    0.05    0.05    0.10    0.71 ^ clkbuf_1_0__f_clk/X (sky130_fd_sc_hd__clkbuf_16)
                                         clknet_1_0__leaf_clk (net)
                  0.05    0.00    0.71 ^ _257_/CLK (sky130_fd_sc_hd__dfrtp_1)
                          0.10    0.81   clock uncertainty
                          0.00    0.81   clock reconvergence pessimism
                         -0.02    0.79   library hold time
                                  0.79   data required time
-----------------------------------------------------------------------------
                                  0.79   data required time
                                 -1.16   data arrival time
-----------------------------------------------------------------------------
                                  0.36   slack (MET)


Startpoint: _256_ (rising edge-triggered flip-flop clocked by clk)
Endpoint: _250_ (rising edge-triggered flip-flop clocked by clk)
Path Group: clk
Path Type: min
Corner: Fastest

Fanout     Cap    Slew   Delay    Time   Description
-----------------------------------------------------------------------------
                          0.00    0.00   clock clk (rise edge)
                          0.50    0.50   clock source latency
     1    0.02    0.04    0.03    0.53 ^ clk (in)
                                         clk (net)
                  0.04    0.00    0.53 ^ clkbuf_0_clk/A (sky130_fd_sc_hd__clkbuf_16)
     2    0.02    0.03    0.09    0.61 ^ clkbuf_0_clk/X (sky130_fd_sc_hd__clkbuf_16)
                                         clknet_0_clk (net)
                  0.03    0.00    0.61 ^ clkbuf_1_0__f_clk/A (sky130_fd_sc_hd__clkbuf_16)
    16    0.05    0.05    0.10    0.71 ^ clkbuf_1_0__f_clk/X (sky130_fd_sc_hd__clkbuf_16)
                                         clknet_1_0__leaf_clk (net)
                  0.05    0.00    0.72 ^ _256_/CLK (sky130_fd_sc_hd__dfrtp_4)
     8    0.03    0.08    0.29    1.01 ^ _256_/Q (sky130_fd_sc_hd__dfrtp_4)
                                         curr_state[0] (net)
                  0.08    0.00    1.01 ^ _189_/A (sky130_fd_sc_hd__nor2_1)
     2    0.01    0.04    0.05    1.06 v _189_/Y (sky130_fd_sc_hd__nor2_1)
                                         _022_ (net)
                  0.04    0.00    1.06 v _193_/A (sky130_fd_sc_hd__nor2_1)
     2    0.00    0.07    0.08    1.14 ^ _193_/Y (sky130_fd_sc_hd__nor2_1)
                                         _024_ (net)
                  0.07    0.00    1.14 ^ _197_/B1 (sky130_fd_sc_hd__o21ai_1)
     1    0.00    0.02    0.03    1.18 v _197_/Y (sky130_fd_sc_hd__o21ai_1)
                                         _116_ (net)
                  0.02    0.00    1.18 v _250_/D (sky130_fd_sc_hd__dfrtp_1)
                                  1.18   data arrival time

                          0.00    0.00   clock clk (rise edge)
                          0.50    0.50   clock source latency
     1    0.02    0.04    0.03    0.53 ^ clk (in)
                                         clk (net)
                  0.04    0.00    0.53 ^ clkbuf_0_clk/A (sky130_fd_sc_hd__clkbuf_16)
     2    0.02    0.03    0.09    0.61 ^ clkbuf_0_clk/X (sky130_fd_sc_hd__clkbuf_16)
                                         clknet_0_clk (net)
                  0.03    0.00    0.61 ^ clkbuf_1_0__f_clk/A (sky130_fd_sc_hd__clkbuf_16)
    16    0.05    0.05    0.10    0.71 ^ clkbuf_1_0__f_clk/X (sky130_fd_sc_hd__clkbuf_16)
                                         clknet_1_0__leaf_clk (net)
                  0.05    0.00    0.72 ^ _250_/CLK (sky130_fd_sc_hd__dfrtp_1)
                          0.10    0.82   clock uncertainty
                          0.00    0.82   clock reconvergence pessimism
                         -0.03    0.79   library hold time
                                  0.79   data required time
-----------------------------------------------------------------------------
                                  0.79   data required time
                                 -1.18   data arrival time
-----------------------------------------------------------------------------
                                  0.39   slack (MET)


Startpoint: _256_ (rising edge-triggered flip-flop clocked by clk)
Endpoint: _255_ (rising edge-triggered flip-flop clocked by clk)
Path Group: clk
Path Type: min
Corner: Fastest

Fanout     Cap    Slew   Delay    Time   Description
-----------------------------------------------------------------------------
                          0.00    0.00   clock clk (rise edge)
                          0.50    0.50   clock source latency
     1    0.02    0.04    0.03    0.53 ^ clk (in)
                                         clk (net)
                  0.04    0.00    0.53 ^ clkbuf_0_clk/A (sky130_fd_sc_hd__clkbuf_16)
     2    0.02    0.03    0.09    0.61 ^ clkbuf_0_clk/X (sky130_fd_sc_hd__clkbuf_16)
                                         clknet_0_clk (net)
                  0.03    0.00    0.61 ^ clkbuf_1_0__f_clk/A (sky130_fd_sc_hd__clkbuf_16)
    16    0.05    0.05    0.10    0.71 ^ clkbuf_1_0__f_clk/X (sky130_fd_sc_hd__clkbuf_16)
                                         clknet_1_0__leaf_clk (net)
                  0.05    0.00    0.72 ^ _256_/CLK (sky130_fd_sc_hd__dfrtp_4)
     8    0.03    0.08    0.29    1.01 ^ _256_/Q (sky130_fd_sc_hd__dfrtp_4)
                                         curr_state[0] (net)
                  0.08    0.00    1.01 ^ _153_/B (sky130_fd_sc_hd__nand2_1)
     3    0.01    0.05    0.06    1.08 v _153_/Y (sky130_fd_sc_hd__nand2_1)
                                         _091_ (net)
                  0.05    0.00    1.08 v _179_/A (sky130_fd_sc_hd__inv_2)
     2    0.01    0.03    0.04    1.12 ^ _179_/Y (sky130_fd_sc_hd__inv_2)
                                         _015_ (net)
                  0.03    0.00    1.12 ^ _194_/A (sky130_fd_sc_hd__or3b_1)
     1    0.01    0.05    0.08    1.20 ^ _194_/X (sky130_fd_sc_hd__or3b_1)
                                         _025_ (net)
                  0.05    0.00    1.20 ^ _195_/A (sky130_fd_sc_hd__clkbuf_1)
     1    0.00    0.03    0.06    1.26 ^ _195_/X (sky130_fd_sc_hd__clkbuf_1)
                                         _113_ (net)
                  0.03    0.00    1.26 ^ _255_/D (sky130_fd_sc_hd__dfrtp_1)
                                  1.26   data arrival time

                          0.00    0.00   clock clk (rise edge)
                          0.50    0.50   clock source latency
     1    0.02    0.04    0.03    0.53 ^ clk (in)
                                         clk (net)
                  0.04    0.00    0.53 ^ clkbuf_0_clk/A (sky130_fd_sc_hd__clkbuf_16)
     2    0.02    0.03    0.09    0.61 ^ clkbuf_0_clk/X (sky130_fd_sc_hd__clkbuf_16)
                                         clknet_0_clk (net)
                  0.03    0.00    0.61 ^ clkbuf_1_1__f_clk/A (sky130_fd_sc_hd__clkbuf_16)
    13    0.05    0.05    0.10    0.71 ^ clkbuf_1_1__f_clk/X (sky130_fd_sc_hd__clkbuf_16)
                                         clknet_1_1__leaf_clk (net)
                  0.05    0.00    0.72 ^ _255_/CLK (sky130_fd_sc_hd__dfrtp_1)
                          0.10    0.82   clock uncertainty
                          0.00    0.82   clock reconvergence pessimism
                         -0.02    0.80   library hold time
                                  0.80   data required time
-----------------------------------------------------------------------------
                                  0.80   data required time
                                 -1.26   data arrival time
-----------------------------------------------------------------------------
                                  0.46   slack (MET)


Startpoint: _255_ (rising edge-triggered flip-flop clocked by clk)
Endpoint: pwr_state[1] (output port clocked by clk)
Path Group: clk
Path Type: min
Corner: Fastest

Fanout     Cap    Slew   Delay    Time   Description
-----------------------------------------------------------------------------
                          0.00    0.00   clock clk (rise edge)
                          0.50    0.50   clock source latency
     1    0.02    0.04    0.03    0.53 ^ clk (in)
                                         clk (net)
                  0.04    0.00    0.53 ^ clkbuf_0_clk/A (sky130_fd_sc_hd__clkbuf_16)
     2    0.02    0.03    0.09    0.61 ^ clkbuf_0_clk/X (sky130_fd_sc_hd__clkbuf_16)
                                         clknet_0_clk (net)
                  0.03    0.00    0.61 ^ clkbuf_1_1__f_clk/A (sky130_fd_sc_hd__clkbuf_16)
    13    0.05    0.05    0.10    0.71 ^ clkbuf_1_1__f_clk/X (sky130_fd_sc_hd__clkbuf_16)
                                         clknet_1_1__leaf_clk (net)
                  0.05    0.00    0.72 ^ _255_/CLK (sky130_fd_sc_hd__dfrtp_1)
     1    0.00    0.03    0.20    0.92 ^ _255_/Q (sky130_fd_sc_hd__dfrtp_1)
                                         net13 (net)
                  0.03    0.00    0.92 ^ output13/A (sky130_fd_sc_hd__clkbuf_2)
     1    0.02    0.09    0.11    1.02 ^ output13/X (sky130_fd_sc_hd__clkbuf_2)
                                         pwr_state[1] (net)
                  0.09    0.00    1.03 ^ pwr_state[1] (out)
                                  1.03   data arrival time

                          0.00    0.00   clock clk (rise edge)
                          0.50    0.50   clock network delay (propagated)
                          0.10    0.60   clock uncertainty
                          0.00    0.60   clock reconvergence pessimism
                         -0.50    0.10   output external delay
                                  0.10   data required time
-----------------------------------------------------------------------------
                                  0.10   data required time
                                 -1.03   data arrival time
-----------------------------------------------------------------------------
                                  0.93   slack (MET)


Startpoint: _254_ (rising edge-triggered flip-flop clocked by clk)
Endpoint: pwr_state[0] (output port clocked by clk)
Path Group: clk
Path Type: min
Corner: Fastest

Fanout     Cap    Slew   Delay    Time   Description
-----------------------------------------------------------------------------
                          0.00    0.00   clock clk (rise edge)
                          0.50    0.50   clock source latency
     1    0.02    0.04    0.03    0.53 ^ clk (in)
                                         clk (net)
                  0.04    0.00    0.53 ^ clkbuf_0_clk/A (sky130_fd_sc_hd__clkbuf_16)
     2    0.02    0.03    0.09    0.61 ^ clkbuf_0_clk/X (sky130_fd_sc_hd__clkbuf_16)
                                         clknet_0_clk (net)
                  0.03    0.00    0.61 ^ clkbuf_1_1__f_clk/A (sky130_fd_sc_hd__clkbuf_16)
    13    0.05    0.05    0.10    0.71 ^ clkbuf_1_1__f_clk/X (sky130_fd_sc_hd__clkbuf_16)
                                         clknet_1_1__leaf_clk (net)
                  0.05    0.00    0.71 ^ _254_/CLK (sky130_fd_sc_hd__dfrtp_1)
     1    0.00    0.03    0.20    0.92 ^ _254_/Q (sky130_fd_sc_hd__dfrtp_1)
                                         net12 (net)
                  0.03    0.00    0.92 ^ output12/A (sky130_fd_sc_hd__clkbuf_2)
     1    0.02    0.09    0.11    1.03 ^ output12/X (sky130_fd_sc_hd__clkbuf_2)
                                         pwr_state[0] (net)
                  0.09    0.00    1.03 ^ pwr_state[0] (out)
                                  1.03   data arrival time

                          0.00    0.00   clock clk (rise edge)
                          0.50    0.50   clock network delay (propagated)
                          0.10    0.60   clock uncertainty
                          0.00    0.60   clock reconvergence pessimism
                         -0.50    0.10   output external delay
                                  0.10   data required time
-----------------------------------------------------------------------------
                                  0.10   data required time
                                 -1.03   data arrival time
-----------------------------------------------------------------------------
                                  0.93   slack (MET)


Startpoint: _239_ (rising edge-triggered flip-flop clocked by clk)
Endpoint: dvfs_ctrl[1] (output port clocked by clk)
Path Group: clk
Path Type: min
Corner: Fastest

Fanout     Cap    Slew   Delay    Time   Description
-----------------------------------------------------------------------------
                          0.00    0.00   clock clk (rise edge)
                          0.50    0.50   clock source latency
     1    0.02    0.04    0.03    0.53 ^ clk (in)
                                         clk (net)
                  0.04    0.00    0.53 ^ clkbuf_0_clk/A (sky130_fd_sc_hd__clkbuf_16)
     2    0.02    0.03    0.09    0.61 ^ clkbuf_0_clk/X (sky130_fd_sc_hd__clkbuf_16)
                                         clknet_0_clk (net)
                  0.03    0.00    0.61 ^ clkbuf_1_1__f_clk/A (sky130_fd_sc_hd__clkbuf_16)
    13    0.05    0.05    0.10    0.71 ^ clkbuf_1_1__f_clk/X (sky130_fd_sc_hd__clkbuf_16)
                                         clknet_1_1__leaf_clk (net)
                  0.05    0.00    0.71 ^ _239_/CLK (sky130_fd_sc_hd__dfstp_1)
     1    0.00    0.02    0.22    0.94 v _239_/Q (sky130_fd_sc_hd__dfstp_1)
                                         net9 (net)
                  0.02    0.00    0.94 v output9/A (sky130_fd_sc_hd__clkbuf_2)
     1    0.02    0.06    0.10    1.03 v output9/X (sky130_fd_sc_hd__clkbuf_2)
                                         dvfs_ctrl[1] (net)
                  0.06    0.00    1.03 v dvfs_ctrl[1] (out)
                                  1.03   data arrival time

                          0.00    0.00   clock clk (rise edge)
                          0.50    0.50   clock network delay (propagated)
                          0.10    0.60   clock uncertainty
                          0.00    0.60   clock reconvergence pessimism
                         -0.50    0.10   output external delay
                                  0.10   data required time
-----------------------------------------------------------------------------
                                  0.10   data required time
                                 -1.03   data arrival time
-----------------------------------------------------------------------------
                                  0.93   slack (MET)


Startpoint: _253_ (rising edge-triggered flip-flop clocked by clk)
Endpoint: reset_ctrl (output port clocked by clk)
Path Group: clk
Path Type: min
Corner: Fastest

Fanout     Cap    Slew   Delay    Time   Description
-----------------------------------------------------------------------------
                          0.00    0.00   clock clk (rise edge)
                          0.50    0.50   clock source latency
     1    0.02    0.04    0.03    0.53 ^ clk (in)
                                         clk (net)
                  0.04    0.00    0.53 ^ clkbuf_0_clk/A (sky130_fd_sc_hd__clkbuf_16)
     2    0.02    0.03    0.09    0.61 ^ clkbuf_0_clk/X (sky130_fd_sc_hd__clkbuf_16)
                                         clknet_0_clk (net)
                  0.03    0.00    0.61 ^ clkbuf_1_1__f_clk/A (sky130_fd_sc_hd__clkbuf_16)
    13    0.05    0.05    0.10    0.71 ^ clkbuf_1_1__f_clk/X (sky130_fd_sc_hd__clkbuf_16)
                                         clknet_1_1__leaf_clk (net)
                  0.05    0.00    0.71 ^ _253_/CLK (sky130_fd_sc_hd__dfrtp_1)
     1    0.00    0.03    0.20    0.91 ^ _253_/Q (sky130_fd_sc_hd__dfrtp_1)
                                         net14 (net)
                  0.03    0.00    0.91 ^ output14/A (sky130_fd_sc_hd__buf_2)
     1    0.03    0.12    0.13    1.04 ^ output14/X (sky130_fd_sc_hd__buf_2)
                                         reset_ctrl (net)
                  0.12    0.00    1.04 ^ reset_ctrl (out)
                                  1.04   data arrival time

                          0.00    0.00   clock clk (rise edge)
                          0.50    0.50   clock network delay (propagated)
                          0.10    0.60   clock uncertainty
                          0.00    0.60   clock reconvergence pessimism
                         -0.50    0.10   output external delay
                                  0.10   data required time
-----------------------------------------------------------------------------
                                  0.10   data required time
                                 -1.04   data arrival time
-----------------------------------------------------------------------------
                                  0.94   slack (MET)


Startpoint: _252_ (rising edge-triggered flip-flop clocked by clk)
Endpoint: retention_restore (output port clocked by clk)
Path Group: clk
Path Type: min
Corner: Fastest

Fanout     Cap    Slew   Delay    Time   Description
-----------------------------------------------------------------------------
                          0.00    0.00   clock clk (rise edge)
                          0.50    0.50   clock source latency
     1    0.02    0.04    0.03    0.53 ^ clk (in)
                                         clk (net)
                  0.04    0.00    0.53 ^ clkbuf_0_clk/A (sky130_fd_sc_hd__clkbuf_16)
     2    0.02    0.03    0.09    0.61 ^ clkbuf_0_clk/X (sky130_fd_sc_hd__clkbuf_16)
                                         clknet_0_clk (net)
                  0.03    0.00    0.61 ^ clkbuf_1_0__f_clk/A (sky130_fd_sc_hd__clkbuf_16)
    16    0.05    0.05    0.10    0.71 ^ clkbuf_1_0__f_clk/X (sky130_fd_sc_hd__clkbuf_16)
                                         clknet_1_0__leaf_clk (net)
                  0.05    0.00    0.72 ^ _252_/CLK (sky130_fd_sc_hd__dfrtp_1)
     1    0.00    0.03    0.20    0.91 ^ _252_/Q (sky130_fd_sc_hd__dfrtp_1)
                                         net16 (net)
                  0.03    0.00    0.91 ^ output16/A (sky130_fd_sc_hd__buf_2)
     1    0.03    0.12    0.13    1.04 ^ output16/X (sky130_fd_sc_hd__buf_2)
                                         retention_restore (net)
                  0.12    0.00    1.04 ^ retention_restore (out)
                                  1.04   data arrival time

                          0.00    0.00   clock clk (rise edge)
                          0.50    0.50   clock network delay (propagated)
                          0.10    0.60   clock uncertainty
                          0.00    0.60   clock reconvergence pessimism
                         -0.50    0.10   output external delay
                                  0.10   data required time
-----------------------------------------------------------------------------
                                  0.10   data required time
                                 -1.04   data arrival time
-----------------------------------------------------------------------------
                                  0.94   slack (MET)


Startpoint: _251_ (rising edge-triggered flip-flop clocked by clk)
Endpoint: retention_save (output port clocked by clk)
Path Group: clk
Path Type: min
Corner: Fastest

Fanout     Cap    Slew   Delay    Time   Description
-----------------------------------------------------------------------------
                          0.00    0.00   clock clk (rise edge)
                          0.50    0.50   clock source latency
     1    0.02    0.04    0.03    0.53 ^ clk (in)
                                         clk (net)
                  0.04    0.00    0.53 ^ clkbuf_0_clk/A (sky130_fd_sc_hd__clkbuf_16)
     2    0.02    0.03    0.09    0.61 ^ clkbuf_0_clk/X (sky130_fd_sc_hd__clkbuf_16)
                                         clknet_0_clk (net)
                  0.03    0.00    0.61 ^ clkbuf_1_0__f_clk/A (sky130_fd_sc_hd__clkbuf_16)
    16    0.05    0.05    0.10    0.71 ^ clkbuf_1_0__f_clk/X (sky130_fd_sc_hd__clkbuf_16)
                                         clknet_1_0__leaf_clk (net)
                  0.05    0.00    0.72 ^ _251_/CLK (sky130_fd_sc_hd__dfrtp_1)
     1    0.00    0.03    0.20    0.91 ^ _251_/Q (sky130_fd_sc_hd__dfrtp_1)
                                         net17 (net)
                  0.03    0.00    0.91 ^ output17/A (sky130_fd_sc_hd__buf_2)
     1    0.03    0.12    0.13    1.04 ^ output17/X (sky130_fd_sc_hd__buf_2)
                                         retention_save (net)
                  0.12    0.00    1.04 ^ retention_save (out)
                                  1.04   data arrival time

                          0.00    0.00   clock clk (rise edge)
                          0.50    0.50   clock network delay (propagated)
                          0.10    0.60   clock uncertainty
                          0.00    0.60   clock reconvergence pessimism
                         -0.50    0.10   output external delay
                                  0.10   data required time
-----------------------------------------------------------------------------
                                  0.10   data required time
                                 -1.04   data arrival time
-----------------------------------------------------------------------------
                                  0.94   slack (MET)


Startpoint: _249_ (rising edge-triggered flip-flop clocked by clk)
Endpoint: pwr_gate_en (output port clocked by clk)
Path Group: clk
Path Type: min
Corner: Fastest

Fanout     Cap    Slew   Delay    Time   Description
-----------------------------------------------------------------------------
                          0.00    0.00   clock clk (rise edge)
                          0.50    0.50   clock source latency
     1    0.02    0.04    0.03    0.53 ^ clk (in)
                                         clk (net)
                  0.04    0.00    0.53 ^ clkbuf_0_clk/A (sky130_fd_sc_hd__clkbuf_16)
     2    0.02    0.03    0.09    0.61 ^ clkbuf_0_clk/X (sky130_fd_sc_hd__clkbuf_16)
                                         clknet_0_clk (net)
                  0.03    0.00    0.61 ^ clkbuf_1_0__f_clk/A (sky130_fd_sc_hd__clkbuf_16)
    16    0.05    0.05    0.10    0.71 ^ clkbuf_1_0__f_clk/X (sky130_fd_sc_hd__clkbuf_16)
                                         clknet_1_0__leaf_clk (net)
                  0.05    0.00    0.72 ^ _249_/CLK (sky130_fd_sc_hd__dfrtp_1)
     1    0.00    0.03    0.20    0.92 ^ _249_/Q (sky130_fd_sc_hd__dfrtp_1)
                                         net11 (net)
                  0.03    0.00    0.92 ^ output11/A (sky130_fd_sc_hd__buf_4)
     1    0.05    0.11    0.13    1.05 ^ output11/X (sky130_fd_sc_hd__buf_4)
                                         pwr_gate_en (net)
                  0.11    0.00    1.05 ^ pwr_gate_en (out)
                                  1.05   data arrival time

                          0.00    0.00   clock clk (rise edge)
                          0.50    0.50   clock network delay (propagated)
                          0.10    0.60   clock uncertainty
                          0.00    0.60   clock reconvergence pessimism
                         -0.50    0.10   output external delay
                                  0.10   data required time
-----------------------------------------------------------------------------
                                  0.10   data required time
                                 -1.05   data arrival time
-----------------------------------------------------------------------------
                                  0.95   slack (MET)


Startpoint: _250_ (rising edge-triggered flip-flop clocked by clk)
Endpoint: retention_en (output port clocked by clk)
Path Group: clk
Path Type: min
Corner: Fastest

Fanout     Cap    Slew   Delay    Time   Description
-----------------------------------------------------------------------------
                          0.00    0.00   clock clk (rise edge)
                          0.50    0.50   clock source latency
     1    0.02    0.04    0.03    0.53 ^ clk (in)
                                         clk (net)
                  0.04    0.00    0.53 ^ clkbuf_0_clk/A (sky130_fd_sc_hd__clkbuf_16)
     2    0.02    0.03    0.09    0.61 ^ clkbuf_0_clk/X (sky130_fd_sc_hd__clkbuf_16)
                                         clknet_0_clk (net)
                  0.03    0.00    0.61 ^ clkbuf_1_0__f_clk/A (sky130_fd_sc_hd__clkbuf_16)
    16    0.05    0.05    0.10    0.71 ^ clkbuf_1_0__f_clk/X (sky130_fd_sc_hd__clkbuf_16)
                                         clknet_1_0__leaf_clk (net)
                  0.05    0.00    0.72 ^ _250_/CLK (sky130_fd_sc_hd__dfrtp_1)
     1    0.00    0.03    0.20    0.92 ^ _250_/Q (sky130_fd_sc_hd__dfrtp_1)
                                         net15 (net)
                  0.03    0.00    0.92 ^ output15/A (sky130_fd_sc_hd__buf_4)
     1    0.05    0.11    0.13    1.05 ^ output15/X (sky130_fd_sc_hd__buf_4)
                                         retention_en (net)
                  0.11    0.00    1.05 ^ retention_en (out)
                                  1.05   data arrival time

                          0.00    0.00   clock clk (rise edge)
                          0.50    0.50   clock network delay (propagated)
                          0.10    0.60   clock uncertainty
                          0.00    0.60   clock reconvergence pessimism
                         -0.50    0.10   output external delay
                                  0.10   data required time
-----------------------------------------------------------------------------
                                  0.10   data required time
                                 -1.05   data arrival time
-----------------------------------------------------------------------------
                                  0.95   slack (MET)


Startpoint: _248_ (rising edge-triggered flip-flop clocked by clk)
Endpoint: clk_gate_en (output port clocked by clk)
Path Group: clk
Path Type: min
Corner: Fastest

Fanout     Cap    Slew   Delay    Time   Description
-----------------------------------------------------------------------------
                          0.00    0.00   clock clk (rise edge)
                          0.50    0.50   clock source latency
     1    0.02    0.04    0.03    0.53 ^ clk (in)
                                         clk (net)
                  0.04    0.00    0.53 ^ clkbuf_0_clk/A (sky130_fd_sc_hd__clkbuf_16)
     2    0.02    0.03    0.09    0.61 ^ clkbuf_0_clk/X (sky130_fd_sc_hd__clkbuf_16)
                                         clknet_0_clk (net)
                  0.03    0.00    0.61 ^ clkbuf_1_0__f_clk/A (sky130_fd_sc_hd__clkbuf_16)
    16    0.05    0.05    0.10    0.71 ^ clkbuf_1_0__f_clk/X (sky130_fd_sc_hd__clkbuf_16)
                                         clknet_1_0__leaf_clk (net)
                  0.05    0.00    0.72 ^ _248_/CLK (sky130_fd_sc_hd__dfrtp_1)
     1    0.00    0.03    0.20    0.92 ^ _248_/Q (sky130_fd_sc_hd__dfrtp_1)
                                         net8 (net)
                  0.03    0.00    0.92 ^ output8/A (sky130_fd_sc_hd__buf_4)
     1    0.05    0.12    0.13    1.05 ^ output8/X (sky130_fd_sc_hd__buf_4)
                                         clk_gate_en (net)
                  0.12    0.00    1.05 ^ clk_gate_en (out)
                                  1.05   data arrival time

                          0.00    0.00   clock clk (rise edge)
                          0.50    0.50   clock network delay (propagated)
                          0.10    0.60   clock uncertainty
                          0.00    0.60   clock reconvergence pessimism
                         -0.50    0.10   output external delay
                                  0.10   data required time
-----------------------------------------------------------------------------
                                  0.10   data required time
                                 -1.05   data arrival time
-----------------------------------------------------------------------------
                                  0.95   slack (MET)


Startpoint: _256_ (rising edge-triggered flip-flop clocked by clk)
Endpoint: error (output port clocked by clk)
Path Group: clk
Path Type: min
Corner: Fastest

Fanout     Cap    Slew   Delay    Time   Description
-----------------------------------------------------------------------------
                          0.00    0.00   clock clk (rise edge)
                          0.50    0.50   clock source latency
     1    0.02    0.04    0.03    0.53 ^ clk (in)
                                         clk (net)
                  0.04    0.00    0.53 ^ clkbuf_0_clk/A (sky130_fd_sc_hd__clkbuf_16)
     2    0.02    0.03    0.09    0.61 ^ clkbuf_0_clk/X (sky130_fd_sc_hd__clkbuf_16)
                                         clknet_0_clk (net)
                  0.03    0.00    0.61 ^ clkbuf_1_0__f_clk/A (sky130_fd_sc_hd__clkbuf_16)
    16    0.05    0.05    0.10    0.71 ^ clkbuf_1_0__f_clk/X (sky130_fd_sc_hd__clkbuf_16)
                                         clknet_1_0__leaf_clk (net)
                  0.05    0.00    0.72 ^ _256_/CLK (sky130_fd_sc_hd__dfrtp_4)
     8    0.03    0.08    0.29    1.01 ^ _256_/Q (sky130_fd_sc_hd__dfrtp_4)
                                         curr_state[0] (net)
                  0.08    0.00    1.01 ^ _125_/A (sky130_fd_sc_hd__nor2_1)
     3    0.01    0.03    0.05    1.06 v _125_/Y (sky130_fd_sc_hd__nor2_1)
                                         _065_ (net)
                  0.03    0.00    1.06 v _199_/A (sky130_fd_sc_hd__nand2_1)
     1    0.00    0.03    0.04    1.10 ^ _199_/Y (sky130_fd_sc_hd__nand2_1)
                                         _026_ (net)
                  0.03    0.00    1.10 ^ _200_/B1 (sky130_fd_sc_hd__a211oi_1)
     1    0.01    0.03    0.03    1.13 v _200_/Y (sky130_fd_sc_hd__a211oi_1)
                                         net10 (net)
                  0.03    0.00    1.13 v wire19/A (sky130_fd_sc_hd__clkbuf_1)
     1    0.01    0.03    0.06    1.20 v wire19/X (sky130_fd_sc_hd__clkbuf_1)
                                         net19 (net)
                  0.03    0.00    1.20 v output10/A (sky130_fd_sc_hd__clkbuf_2)
     1    0.02    0.06    0.10    1.30 v output10/X (sky130_fd_sc_hd__clkbuf_2)
                                         error (net)
                  0.06    0.00    1.30 v error (out)
                                  1.30   data arrival time

                          0.00    0.00   clock clk (rise edge)
                          0.50    0.50   clock network delay (propagated)
                          0.10    0.60   clock uncertainty
                          0.00    0.60   clock reconvergence pessimism
                         -0.50    0.10   output external delay
                                  0.10   data required time
-----------------------------------------------------------------------------
                                  0.10   data required time
                                 -1.30   data arrival time
-----------------------------------------------------------------------------
                                  1.20   slack (MET)


Startpoint: _257_ (rising edge-triggered flip-flop clocked by clk)
Endpoint: seq_busy (output port clocked by clk)
Path Group: clk
Path Type: min
Corner: Fastest

Fanout     Cap    Slew   Delay    Time   Description
-----------------------------------------------------------------------------
                          0.00    0.00   clock clk (rise edge)
                          0.50    0.50   clock source latency
     1    0.02    0.04    0.03    0.53 ^ clk (in)
                                         clk (net)
                  0.04    0.00    0.53 ^ clkbuf_0_clk/A (sky130_fd_sc_hd__clkbuf_16)
     2    0.02    0.03    0.09    0.61 ^ clkbuf_0_clk/X (sky130_fd_sc_hd__clkbuf_16)
                                         clknet_0_clk (net)
                  0.03    0.00    0.61 ^ clkbuf_1_0__f_clk/A (sky130_fd_sc_hd__clkbuf_16)
    16    0.05    0.05    0.10    0.71 ^ clkbuf_1_0__f_clk/X (sky130_fd_sc_hd__clkbuf_16)
                                         clknet_1_0__leaf_clk (net)
                  0.05    0.00    0.71 ^ _257_/CLK (sky130_fd_sc_hd__dfrtp_1)
     3    0.01    0.08    0.24    0.96 ^ _257_/Q (sky130_fd_sc_hd__dfrtp_1)
                                         curr_state[1] (net)
                  0.08    0.00    0.96 ^ _138_/B (sky130_fd_sc_hd__nand2_1)
     3    0.01    0.06    0.07    1.03 v _138_/Y (sky130_fd_sc_hd__nand2_1)
                                         _077_ (net)
                  0.06    0.00    1.03 v _139_/A (sky130_fd_sc_hd__inv_2)
     2    0.01    0.03    0.05    1.08 ^ _139_/Y (sky130_fd_sc_hd__inv_2)
                                         _078_ (net)
                  0.03    0.00    1.08 ^ _140_/B (sky130_fd_sc_hd__nor2_1)
     1    0.00    0.02    0.02    1.10 v _140_/Y (sky130_fd_sc_hd__nor2_1)
                                         net18 (net)
                  0.02    0.00    1.10 v wire20/A (sky130_fd_sc_hd__buf_1)
     4    0.02    0.07    0.09    1.19 v wire20/X (sky130_fd_sc_hd__buf_1)
                                         net20 (net)
                  0.07    0.00    1.19 v output18/A (sky130_fd_sc_hd__clkbuf_2)
     1    0.02    0.06    0.12    1.31 v output18/X (sky130_fd_sc_hd__clkbuf_2)
                                         seq_busy (net)
                  0.06    0.00    1.31 v seq_busy (out)
                                  1.31   data arrival time

                          0.00    0.00   clock clk (rise edge)
                          0.50    0.50   clock network delay (propagated)
                          0.10    0.60   clock uncertainty
                          0.00    0.60   clock reconvergence pessimism
                         -0.50    0.10   output external delay
                                  0.10   data required time
-----------------------------------------------------------------------------
                                  0.10   data required time
                                 -1.31   data arrival time
-----------------------------------------------------------------------------
                                  1.21   slack (MET)



worst slack corner Fastest: 0.1201
======================= Slowest Corner ===================================

Startpoint: req_off (input port clocked by clk)
Endpoint: _260_ (rising edge-triggered flip-flop clocked by clk)
Path Group: clk
Path Type: min
Corner: Slowest

Fanout     Cap    Slew   Delay    Time   Description
-----------------------------------------------------------------------------
                          0.00    0.00   clock clk (rise edge)
                          0.50    0.50   clock network delay (propagated)
                          0.50    1.00 ^ input external delay
     1    0.00    0.04    0.02    1.02 ^ req_off (in)
                                         req_off (net)
                  0.04    0.00    1.02 ^ input4/A (sky130_fd_sc_hd__clkbuf_1)
     1    0.00    0.06    0.13    1.14 ^ input4/X (sky130_fd_sc_hd__clkbuf_1)
                                         net4 (net)
                  0.06    0.00    1.14 ^ _260_/D (sky130_fd_sc_hd__dfrtp_1)
                                  1.14   data arrival time

                          0.00    0.00   clock clk (rise edge)
                          0.50    0.50   clock source latency
     1    0.02    0.09    0.06    0.56 ^ clk (in)
                                         clk (net)
                  0.09    0.00    0.56 ^ clkbuf_0_clk/A (sky130_fd_sc_hd__clkbuf_16)
     2    0.02    0.07    0.23    0.79 ^ clkbuf_0_clk/X (sky130_fd_sc_hd__clkbuf_16)
                                         clknet_0_clk (net)
                  0.07    0.00    0.79 ^ clkbuf_1_0__f_clk/A (sky130_fd_sc_hd__clkbuf_16)
    16    0.04    0.10    0.25    1.05 ^ clkbuf_1_0__f_clk/X (sky130_fd_sc_hd__clkbuf_16)
                                         clknet_1_0__leaf_clk (net)
                  0.10    0.00    1.05 ^ _260_/CLK (sky130_fd_sc_hd__dfrtp_1)
                          0.10    1.15   clock uncertainty
                          0.00    1.15   clock reconvergence pessimism
                         -0.07    1.08   library hold time
                                  1.08   data required time
-----------------------------------------------------------------------------
                                  1.08   data required time
                                 -1.14   data arrival time
-----------------------------------------------------------------------------
                                  0.07   slack (MET)


Startpoint: req_idle (input port clocked by clk)
Endpoint: _262_ (rising edge-triggered flip-flop clocked by clk)
Path Group: clk
Path Type: min
Corner: Slowest

Fanout     Cap    Slew   Delay    Time   Description
-----------------------------------------------------------------------------
                          0.00    0.00   clock clk (rise edge)
                          0.50    0.50   clock network delay (propagated)
                          0.50    1.00 ^ input external delay
     1    0.00    0.04    0.02    1.02 ^ req_idle (in)
                                         req_idle (net)
                  0.04    0.00    1.02 ^ input3/A (sky130_fd_sc_hd__clkbuf_1)
     1    0.00    0.06    0.13    1.15 ^ input3/X (sky130_fd_sc_hd__clkbuf_1)
                                         net3 (net)
                  0.06    0.00    1.15 ^ _262_/D (sky130_fd_sc_hd__dfrtp_1)
                                  1.15   data arrival time

                          0.00    0.00   clock clk (rise edge)
                          0.50    0.50   clock source latency
     1    0.02    0.09    0.06    0.56 ^ clk (in)
                                         clk (net)
                  0.09    0.00    0.56 ^ clkbuf_0_clk/A (sky130_fd_sc_hd__clkbuf_16)
     2    0.02    0.07    0.23    0.79 ^ clkbuf_0_clk/X (sky130_fd_sc_hd__clkbuf_16)
                                         clknet_0_clk (net)
                  0.07    0.00    0.79 ^ clkbuf_1_0__f_clk/A (sky130_fd_sc_hd__clkbuf_16)
    16    0.04    0.10    0.25    1.05 ^ clkbuf_1_0__f_clk/X (sky130_fd_sc_hd__clkbuf_16)
                                         clknet_1_0__leaf_clk (net)
                  0.10    0.00    1.05 ^ _262_/CLK (sky130_fd_sc_hd__dfrtp_1)
                          0.10    1.15   clock uncertainty
                          0.00    1.15   clock reconvergence pessimism
                         -0.07    1.08   library hold time
                                  1.08   data required time
-----------------------------------------------------------------------------
                                  1.08   data required time
                                 -1.15   data arrival time
-----------------------------------------------------------------------------
                                  0.07   slack (MET)


Startpoint: req_sleep (input port clocked by clk)
Endpoint: _261_ (rising edge-triggered flip-flop clocked by clk)
Path Group: clk
Path Type: min
Corner: Slowest

Fanout     Cap    Slew   Delay    Time   Description
-----------------------------------------------------------------------------
                          0.00    0.00   clock clk (rise edge)
                          0.50    0.50   clock network delay (propagated)
                          0.50    1.00 ^ input external delay
     1    0.00    0.04    0.02    1.02 ^ req_sleep (in)
                                         req_sleep (net)
                  0.04    0.00    1.02 ^ input5/A (sky130_fd_sc_hd__clkbuf_1)
     1    0.00    0.08    0.14    1.16 ^ input5/X (sky130_fd_sc_hd__clkbuf_1)
                                         net5 (net)
                  0.08    0.00    1.16 ^ _261_/D (sky130_fd_sc_hd__dfrtp_1)
                                  1.16   data arrival time

                          0.00    0.00   clock clk (rise edge)
                          0.50    0.50   clock source latency
     1    0.02    0.09    0.06    0.56 ^ clk (in)
                                         clk (net)
                  0.09    0.00    0.56 ^ clkbuf_0_clk/A (sky130_fd_sc_hd__clkbuf_16)
     2    0.02    0.07    0.23    0.79 ^ clkbuf_0_clk/X (sky130_fd_sc_hd__clkbuf_16)
                                         clknet_0_clk (net)
                  0.07    0.00    0.79 ^ clkbuf_1_0__f_clk/A (sky130_fd_sc_hd__clkbuf_16)
    16    0.04    0.10    0.25    1.05 ^ clkbuf_1_0__f_clk/X (sky130_fd_sc_hd__clkbuf_16)
                                         clknet_1_0__leaf_clk (net)
                  0.10    0.00    1.05 ^ _261_/CLK (sky130_fd_sc_hd__dfrtp_1)
                          0.10    1.15   clock uncertainty
                          0.00    1.15   clock reconvergence pessimism
                         -0.07    1.07   library hold time
                                  1.07   data required time
-----------------------------------------------------------------------------
                                  1.07   data required time
                                 -1.16   data arrival time
-----------------------------------------------------------------------------
                                  0.08   slack (MET)


Startpoint: wake_up (input port clocked by clk)
Endpoint: _259_ (rising edge-triggered flip-flop clocked by clk)
Path Group: clk
Path Type: min
Corner: Slowest

Fanout     Cap    Slew   Delay    Time   Description
-----------------------------------------------------------------------------
                          0.00    0.00   clock clk (rise edge)
                          0.50    0.50   clock network delay (propagated)
                          0.50    1.00 ^ input external delay
     1    0.00    0.04    0.02    1.02 ^ wake_up (in)
                                         wake_up (net)
                  0.04    0.00    1.02 ^ input7/A (sky130_fd_sc_hd__clkbuf_1)
     1    0.00    0.08    0.15    1.16 ^ input7/X (sky130_fd_sc_hd__clkbuf_1)
                                         net7 (net)
                  0.08    0.00    1.16 ^ _259_/D (sky130_fd_sc_hd__dfrtp_1)
                                  1.16   data arrival time

                          0.00    0.00   clock clk (rise edge)
                          0.50    0.50   clock source latency
     1    0.02    0.09    0.06    0.56 ^ clk (in)
                                         clk (net)
                  0.09    0.00    0.56 ^ clkbuf_0_clk/A (sky130_fd_sc_hd__clkbuf_16)
     2    0.02    0.07    0.23    0.79 ^ clkbuf_0_clk/X (sky130_fd_sc_hd__clkbuf_16)
                                         clknet_0_clk (net)
                  0.07    0.00    0.79 ^ clkbuf_1_0__f_clk/A (sky130_fd_sc_hd__clkbuf_16)
    16    0.04    0.10    0.25    1.05 ^ clkbuf_1_0__f_clk/X (sky130_fd_sc_hd__clkbuf_16)
                                         clknet_1_0__leaf_clk (net)
                  0.10    0.00    1.05 ^ _259_/CLK (sky130_fd_sc_hd__dfrtp_1)
                          0.10    1.15   clock uncertainty
                          0.00    1.15   clock reconvergence pessimism
                         -0.07    1.07   library hold time
                                  1.07   data required time
-----------------------------------------------------------------------------
                                  1.07   data required time
                                 -1.16   data arrival time
-----------------------------------------------------------------------------
                                  0.09   slack (MET)


Startpoint: _262_ (rising edge-triggered flip-flop clocked by clk)
Endpoint: _266_ (rising edge-triggered flip-flop clocked by clk)
Path Group: clk
Path Type: min
Corner: Slowest

Fanout     Cap    Slew   Delay    Time   Description
-----------------------------------------------------------------------------
                          0.00    0.00   clock clk (rise edge)
                          0.50    0.50   clock source latency
     1    0.02    0.09    0.06    0.56 ^ clk (in)
                                         clk (net)
                  0.09    0.00    0.56 ^ clkbuf_0_clk/A (sky130_fd_sc_hd__clkbuf_16)
     2    0.02    0.07    0.23    0.79 ^ clkbuf_0_clk/X (sky130_fd_sc_hd__clkbuf_16)
                                         clknet_0_clk (net)
                  0.07    0.00    0.79 ^ clkbuf_1_0__f_clk/A (sky130_fd_sc_hd__clkbuf_16)
    16    0.04    0.10    0.25    1.05 ^ clkbuf_1_0__f_clk/X (sky130_fd_sc_hd__clkbuf_16)
                                         clknet_1_0__leaf_clk (net)
                  0.10    0.00    1.05 ^ _262_/CLK (sky130_fd_sc_hd__dfrtp_1)
     1    0.00    0.08    0.64    1.69 ^ _262_/Q (sky130_fd_sc_hd__dfrtp_1)
                                         sync_stage1[3] (net)
                  0.08    0.00    1.69 ^ _266_/D (sky130_fd_sc_hd__dfrtp_1)
                                  1.69   data arrival time

                          0.00    0.00   clock clk (rise edge)
                          0.50    0.50   clock source latency
     1    0.02    0.09    0.06    0.56 ^ clk (in)
                                         clk (net)
                  0.09    0.00    0.56 ^ clkbuf_0_clk/A (sky130_fd_sc_hd__clkbuf_16)
     2    0.02    0.07    0.23    0.79 ^ clkbuf_0_clk/X (sky130_fd_sc_hd__clkbuf_16)
                                         clknet_0_clk (net)
                  0.07    0.00    0.79 ^ clkbuf_1_0__f_clk/A (sky130_fd_sc_hd__clkbuf_16)
    16    0.04    0.10    0.25    1.05 ^ clkbuf_1_0__f_clk/X (sky130_fd_sc_hd__clkbuf_16)
                                         clknet_1_0__leaf_clk (net)
                  0.10    0.00    1.05 ^ _266_/CLK (sky130_fd_sc_hd__dfrtp_1)
                          0.10    1.15   clock uncertainty
                          0.00    1.15   clock reconvergence pessimism
                         -0.07    1.07   library hold time
                                  1.07   data required time
-----------------------------------------------------------------------------
                                  1.07   data required time
                                 -1.69   data arrival time
-----------------------------------------------------------------------------
                                  0.61   slack (MET)


Startpoint: _261_ (rising edge-triggered flip-flop clocked by clk)
Endpoint: _265_ (rising edge-triggered flip-flop clocked by clk)
Path Group: clk
Path Type: min
Corner: Slowest

Fanout     Cap    Slew   Delay    Time   Description
-----------------------------------------------------------------------------
                          0.00    0.00   clock clk (rise edge)
                          0.50    0.50   clock source latency
     1    0.02    0.09    0.06    0.56 ^ clk (in)
                                         clk (net)
                  0.09    0.00    0.56 ^ clkbuf_0_clk/A (sky130_fd_sc_hd__clkbuf_16)
     2    0.02    0.07    0.23    0.79 ^ clkbuf_0_clk/X (sky130_fd_sc_hd__clkbuf_16)
                                         clknet_0_clk (net)
                  0.07    0.00    0.79 ^ clkbuf_1_0__f_clk/A (sky130_fd_sc_hd__clkbuf_16)
    16    0.04    0.10    0.25    1.05 ^ clkbuf_1_0__f_clk/X (sky130_fd_sc_hd__clkbuf_16)
                                         clknet_1_0__leaf_clk (net)
                  0.10    0.00    1.05 ^ _261_/CLK (sky130_fd_sc_hd__dfrtp_1)
     1    0.00    0.07    0.64    1.69 ^ _261_/Q (sky130_fd_sc_hd__dfrtp_1)
                                         sync_stage1[2] (net)
                  0.07    0.00    1.69 ^ _265_/D (sky130_fd_sc_hd__dfrtp_1)
                                  1.69   data arrival time

                          0.00    0.00   clock clk (rise edge)
                          0.50    0.50   clock source latency
     1    0.02    0.09    0.06    0.56 ^ clk (in)
                                         clk (net)
                  0.09    0.00    0.56 ^ clkbuf_0_clk/A (sky130_fd_sc_hd__clkbuf_16)
     2    0.02    0.07    0.23    0.79 ^ clkbuf_0_clk/X (sky130_fd_sc_hd__clkbuf_16)
                                         clknet_0_clk (net)
                  0.07    0.00    0.79 ^ clkbuf_1_0__f_clk/A (sky130_fd_sc_hd__clkbuf_16)
    16    0.04    0.10    0.25    1.05 ^ clkbuf_1_0__f_clk/X (sky130_fd_sc_hd__clkbuf_16)
                                         clknet_1_0__leaf_clk (net)
                  0.10    0.00    1.05 ^ _265_/CLK (sky130_fd_sc_hd__dfrtp_1)
                          0.10    1.15   clock uncertainty
                          0.00    1.15   clock reconvergence pessimism
                         -0.07    1.07   library hold time
                                  1.07   data required time
-----------------------------------------------------------------------------
                                  1.07   data required time
                                 -1.69   data arrival time
-----------------------------------------------------------------------------
                                  0.62   slack (MET)


Startpoint: _260_ (rising edge-triggered flip-flop clocked by clk)
Endpoint: _264_ (rising edge-triggered flip-flop clocked by clk)
Path Group: clk
Path Type: min
Corner: Slowest

Fanout     Cap    Slew   Delay    Time   Description
-----------------------------------------------------------------------------
                          0.00    0.00   clock clk (rise edge)
                          0.50    0.50   clock source latency
     1    0.02    0.09    0.06    0.56 ^ clk (in)
                                         clk (net)
                  0.09    0.00    0.56 ^ clkbuf_0_clk/A (sky130_fd_sc_hd__clkbuf_16)
     2    0.02    0.07    0.23    0.79 ^ clkbuf_0_clk/X (sky130_fd_sc_hd__clkbuf_16)
                                         clknet_0_clk (net)
                  0.07    0.00    0.79 ^ clkbuf_1_0__f_clk/A (sky130_fd_sc_hd__clkbuf_16)
    16    0.04    0.10    0.25    1.05 ^ clkbuf_1_0__f_clk/X (sky130_fd_sc_hd__clkbuf_16)
                                         clknet_1_0__leaf_clk (net)
                  0.10    0.00    1.05 ^ _260_/CLK (sky130_fd_sc_hd__dfrtp_1)
     1    0.00    0.07    0.64    1.69 ^ _260_/Q (sky130_fd_sc_hd__dfrtp_1)
                                         sync_stage1[1] (net)
                  0.07    0.00    1.69 ^ _264_/D (sky130_fd_sc_hd__dfrtp_1)
                                  1.69   data arrival time

                          0.00    0.00   clock clk (rise edge)
                          0.50    0.50   clock source latency
     1    0.02    0.09    0.06    0.56 ^ clk (in)
                                         clk (net)
                  0.09    0.00    0.56 ^ clkbuf_0_clk/A (sky130_fd_sc_hd__clkbuf_16)
     2    0.02    0.07    0.23    0.79 ^ clkbuf_0_clk/X (sky130_fd_sc_hd__clkbuf_16)
                                         clknet_0_clk (net)
                  0.07    0.00    0.79 ^ clkbuf_1_0__f_clk/A (sky130_fd_sc_hd__clkbuf_16)
    16    0.04    0.10    0.25    1.05 ^ clkbuf_1_0__f_clk/X (sky130_fd_sc_hd__clkbuf_16)
                                         clknet_1_0__leaf_clk (net)
                  0.10    0.00    1.05 ^ _264_/CLK (sky130_fd_sc_hd__dfrtp_1)
                          0.10    1.15   clock uncertainty
                          0.00    1.15   clock reconvergence pessimism
                         -0.07    1.07   library hold time
                                  1.07   data required time
-----------------------------------------------------------------------------
                                  1.07   data required time
                                 -1.69   data arrival time
-----------------------------------------------------------------------------
                                  0.62   slack (MET)


Startpoint: _259_ (rising edge-triggered flip-flop clocked by clk)
Endpoint: _263_ (rising edge-triggered flip-flop clocked by clk)
Path Group: clk
Path Type: min
Corner: Slowest

Fanout     Cap    Slew   Delay    Time   Description
-----------------------------------------------------------------------------
                          0.00    0.00   clock clk (rise edge)
                          0.50    0.50   clock source latency
     1    0.02    0.09    0.06    0.56 ^ clk (in)
                                         clk (net)
                  0.09    0.00    0.56 ^ clkbuf_0_clk/A (sky130_fd_sc_hd__clkbuf_16)
     2    0.02    0.07    0.23    0.79 ^ clkbuf_0_clk/X (sky130_fd_sc_hd__clkbuf_16)
                                         clknet_0_clk (net)
                  0.07    0.00    0.79 ^ clkbuf_1_0__f_clk/A (sky130_fd_sc_hd__clkbuf_16)
    16    0.04    0.10    0.25    1.05 ^ clkbuf_1_0__f_clk/X (sky130_fd_sc_hd__clkbuf_16)
                                         clknet_1_0__leaf_clk (net)
                  0.10    0.00    1.05 ^ _259_/CLK (sky130_fd_sc_hd__dfrtp_1)
     1    0.00    0.09    0.66    1.71 ^ _259_/Q (sky130_fd_sc_hd__dfrtp_1)
                                         sync_stage1[0] (net)
                  0.09    0.00    1.71 ^ _263_/D (sky130_fd_sc_hd__dfrtp_1)
                                  1.71   data arrival time

                          0.00    0.00   clock clk (rise edge)
                          0.50    0.50   clock source latency
     1    0.02    0.09    0.06    0.56 ^ clk (in)
                                         clk (net)
                  0.09    0.00    0.56 ^ clkbuf_0_clk/A (sky130_fd_sc_hd__clkbuf_16)
     2    0.02    0.07    0.23    0.79 ^ clkbuf_0_clk/X (sky130_fd_sc_hd__clkbuf_16)
                                         clknet_0_clk (net)
                  0.07    0.00    0.79 ^ clkbuf_1_0__f_clk/A (sky130_fd_sc_hd__clkbuf_16)
    16    0.04    0.10    0.25    1.05 ^ clkbuf_1_0__f_clk/X (sky130_fd_sc_hd__clkbuf_16)
                                         clknet_1_0__leaf_clk (net)
                  0.10    0.00    1.05 ^ _263_/CLK (sky130_fd_sc_hd__dfrtp_1)
                          0.10    1.15   clock uncertainty
                          0.00    1.15   clock reconvergence pessimism
                         -0.08    1.07   library hold time
                                  1.07   data required time
-----------------------------------------------------------------------------
                                  1.07   data required time
                                 -1.71   data arrival time
-----------------------------------------------------------------------------
                                  0.64   slack (MET)


Startpoint: _257_ (rising edge-triggered flip-flop clocked by clk)
Endpoint: _249_ (rising edge-triggered flip-flop clocked by clk)
Path Group: clk
Path Type: min
Corner: Slowest

Fanout     Cap    Slew   Delay    Time   Description
-----------------------------------------------------------------------------
                          0.00    0.00   clock clk (rise edge)
                          0.50    0.50   clock source latency
     1    0.02    0.09    0.06    0.56 ^ clk (in)
                                         clk (net)
                  0.09    0.00    0.56 ^ clkbuf_0_clk/A (sky130_fd_sc_hd__clkbuf_16)
     2    0.02    0.07    0.23    0.79 ^ clkbuf_0_clk/X (sky130_fd_sc_hd__clkbuf_16)
                                         clknet_0_clk (net)
                  0.07    0.00    0.79 ^ clkbuf_1_0__f_clk/A (sky130_fd_sc_hd__clkbuf_16)
    16    0.04    0.10    0.25    1.05 ^ clkbuf_1_0__f_clk/X (sky130_fd_sc_hd__clkbuf_16)
                                         clknet_1_0__leaf_clk (net)
                  0.10    0.00    1.05 ^ _257_/CLK (sky130_fd_sc_hd__dfrtp_1)
     3    0.01    0.14    0.82    1.86 v _257_/Q (sky130_fd_sc_hd__dfrtp_1)
                                         curr_state[1] (net)
                  0.14    0.00    1.86 v _169_/A (sky130_fd_sc_hd__inv_2)
     2    0.01    0.07    0.11    1.97 ^ _169_/Y (sky130_fd_sc_hd__inv_2)
                                         _106_ (net)
                  0.07    0.00    1.97 ^ _183_/B (sky130_fd_sc_hd__nor2_1)
     2    0.01    0.08    0.10    2.07 v _183_/Y (sky130_fd_sc_hd__nor2_1)
                                         _002_ (net)
                  0.08    0.00    2.07 v _249_/D (sky130_fd_sc_hd__dfrtp_1)
                                  2.07   data arrival time

                          0.00    0.00   clock clk (rise edge)
                          0.50    0.50   clock source latency
     1    0.02    0.09    0.06    0.56 ^ clk (in)
                                         clk (net)
                  0.09    0.00    0.56 ^ clkbuf_0_clk/A (sky130_fd_sc_hd__clkbuf_16)
     2    0.02    0.07    0.23    0.79 ^ clkbuf_0_clk/X (sky130_fd_sc_hd__clkbuf_16)
                                         clknet_0_clk (net)
                  0.07    0.00    0.79 ^ clkbuf_1_0__f_clk/A (sky130_fd_sc_hd__clkbuf_16)
    16    0.04    0.10    0.25    1.05 ^ clkbuf_1_0__f_clk/X (sky130_fd_sc_hd__clkbuf_16)
                                         clknet_1_0__leaf_clk (net)
                  0.10    0.00    1.05 ^ _249_/CLK (sky130_fd_sc_hd__dfrtp_1)
                          0.10    1.15   clock uncertainty
                          0.00    1.15   clock reconvergence pessimism
                         -0.09    1.05   library hold time
                                  1.05   data required time
-----------------------------------------------------------------------------
                                  1.05   data required time
                                 -2.07   data arrival time
-----------------------------------------------------------------------------
                                  1.02   slack (MET)


Startpoint: _247_ (rising edge-triggered flip-flop clocked by clk)
Endpoint: _247_ (rising edge-triggered flip-flop clocked by clk)
Path Group: clk
Path Type: min
Corner: Slowest

Fanout     Cap    Slew   Delay    Time   Description
-----------------------------------------------------------------------------
                          0.00    0.00   clock clk (rise edge)
                          0.50    0.50   clock source latency
     1    0.02    0.09    0.06    0.56 ^ clk (in)
                                         clk (net)
                  0.09    0.00    0.56 ^ clkbuf_0_clk/A (sky130_fd_sc_hd__clkbuf_16)
     2    0.02    0.07    0.23    0.79 ^ clkbuf_0_clk/X (sky130_fd_sc_hd__clkbuf_16)
                                         clknet_0_clk (net)
                  0.07    0.00    0.79 ^ clkbuf_1_1__f_clk/A (sky130_fd_sc_hd__clkbuf_16)
    13    0.04    0.10    0.25    1.05 ^ clkbuf_1_1__f_clk/X (sky130_fd_sc_hd__clkbuf_16)
                                         clknet_1_1__leaf_clk (net)
                  0.10    0.00    1.05 ^ _247_/CLK (sky130_fd_sc_hd__dfrtp_1)
     2    0.01    0.15    0.72    1.76 ^ _247_/Q (sky130_fd_sc_hd__dfrtp_1)
                                         seq_timer[7] (net)
                  0.15    0.00    1.76 ^ _237_/A (sky130_fd_sc_hd__xor2_1)
     1    0.00    0.07    0.16    1.93 v _237_/X (sky130_fd_sc_hd__xor2_1)
                                         _056_ (net)
                  0.07    0.00    1.93 v _238_/A (sky130_fd_sc_hd__nor2_1)
     1    0.00    0.13    0.16    2.09 ^ _238_/Y (sky130_fd_sc_hd__nor2_1)
                                         _011_ (net)
                  0.13    0.00    2.09 ^ _247_/D (sky130_fd_sc_hd__dfrtp_1)
                                  2.09   data arrival time

                          0.00    0.00   clock clk (rise edge)
                          0.50    0.50   clock source latency
     1    0.02    0.09    0.06    0.56 ^ clk (in)
                                         clk (net)
                  0.09    0.00    0.56 ^ clkbuf_0_clk/A (sky130_fd_sc_hd__clkbuf_16)
     2    0.02    0.07    0.23    0.79 ^ clkbuf_0_clk/X (sky130_fd_sc_hd__clkbuf_16)
                                         clknet_0_clk (net)
                  0.07    0.00    0.79 ^ clkbuf_1_1__f_clk/A (sky130_fd_sc_hd__clkbuf_16)
    13    0.04    0.10    0.25    1.05 ^ clkbuf_1_1__f_clk/X (sky130_fd_sc_hd__clkbuf_16)
                                         clknet_1_1__leaf_clk (net)
                  0.10    0.00    1.05 ^ _247_/CLK (sky130_fd_sc_hd__dfrtp_1)
                          0.10    1.15   clock uncertainty
                          0.00    1.15   clock reconvergence pessimism
                         -0.09    1.06   library hold time
                                  1.06   data required time
-----------------------------------------------------------------------------
                                  1.06   data required time
                                 -2.09   data arrival time
-----------------------------------------------------------------------------
                                  1.03   slack (MET)


Startpoint: _246_ (rising edge-triggered flip-flop clocked by clk)
Endpoint: _246_ (rising edge-triggered flip-flop clocked by clk)
Path Group: clk
Path Type: min
Corner: Slowest

Fanout     Cap    Slew   Delay    Time   Description
-----------------------------------------------------------------------------
                          0.00    0.00   clock clk (rise edge)
                          0.50    0.50   clock source latency
     1    0.02    0.09    0.06    0.56 ^ clk (in)
                                         clk (net)
                  0.09    0.00    0.56 ^ clkbuf_0_clk/A (sky130_fd_sc_hd__clkbuf_16)
     2    0.02    0.07    0.23    0.79 ^ clkbuf_0_clk/X (sky130_fd_sc_hd__clkbuf_16)
                                         clknet_0_clk (net)
                  0.07    0.00    0.79 ^ clkbuf_1_1__f_clk/A (sky130_fd_sc_hd__clkbuf_16)
    13    0.04    0.10    0.25    1.05 ^ clkbuf_1_1__f_clk/X (sky130_fd_sc_hd__clkbuf_16)
                                         clknet_1_1__leaf_clk (net)
                  0.10    0.00    1.05 ^ _246_/CLK (sky130_fd_sc_hd__dfrtp_1)
     3    0.01    0.15    0.72    1.76 ^ _246_/Q (sky130_fd_sc_hd__dfrtp_1)
                                         seq_timer[6] (net)
                  0.15    0.00    1.76 ^ _234_/B (sky130_fd_sc_hd__nand2_1)
     2    0.01    0.17    0.21    1.97 v _234_/Y (sky130_fd_sc_hd__nand2_1)
                                         _054_ (net)
                  0.17    0.00    1.97 v _235_/B (sky130_fd_sc_hd__nand2_1)
     1    0.00    0.07    0.15    2.13 ^ _235_/Y (sky130_fd_sc_hd__nand2_1)
                                         _055_ (net)
                  0.07    0.00    2.13 ^ _236_/A (sky130_fd_sc_hd__nor2_1)
     1    0.00    0.04    0.07    2.20 v _236_/Y (sky130_fd_sc_hd__nor2_1)
                                         _010_ (net)
                  0.04    0.00    2.20 v _246_/D (sky130_fd_sc_hd__dfrtp_1)
                                  2.20   data arrival time

                          0.00    0.00   clock clk (rise edge)
                          0.50    0.50   clock source latency
     1    0.02    0.09    0.06    0.56 ^ clk (in)
                                         clk (net)
                  0.09    0.00    0.56 ^ clkbuf_0_clk/A (sky130_fd_sc_hd__clkbuf_16)
     2    0.02    0.07    0.23    0.79 ^ clkbuf_0_clk/X (sky130_fd_sc_hd__clkbuf_16)
                                         clknet_0_clk (net)
                  0.07    0.00    0.79 ^ clkbuf_1_1__f_clk/A (sky130_fd_sc_hd__clkbuf_16)
    13    0.04    0.10    0.25    1.05 ^ clkbuf_1_1__f_clk/X (sky130_fd_sc_hd__clkbuf_16)
                                         clknet_1_1__leaf_clk (net)
                  0.10    0.00    1.05 ^ _246_/CLK (sky130_fd_sc_hd__dfrtp_1)
                          0.10    1.15   clock uncertainty
                          0.00    1.15   clock reconvergence pessimism
                         -0.08    1.07   library hold time
                                  1.07   data required time
-----------------------------------------------------------------------------
                                  1.07   data required time
                                 -2.20   data arrival time
-----------------------------------------------------------------------------
                                  1.13   slack (MET)


Startpoint: _256_ (rising edge-triggered flip-flop clocked by clk)
Endpoint: _239_ (rising edge-triggered flip-flop clocked by clk)
Path Group: clk
Path Type: min
Corner: Slowest

Fanout     Cap    Slew   Delay    Time   Description
-----------------------------------------------------------------------------
                          0.00    0.00   clock clk (rise edge)
                          0.50    0.50   clock source latency
     1    0.02    0.09    0.06    0.56 ^ clk (in)
                                         clk (net)
                  0.09    0.00    0.56 ^ clkbuf_0_clk/A (sky130_fd_sc_hd__clkbuf_16)
     2    0.02    0.07    0.23    0.79 ^ clkbuf_0_clk/X (sky130_fd_sc_hd__clkbuf_16)
                                         clknet_0_clk (net)
                  0.07    0.00    0.79 ^ clkbuf_1_0__f_clk/A (sky130_fd_sc_hd__clkbuf_16)
    16    0.04    0.10    0.25    1.05 ^ clkbuf_1_0__f_clk/X (sky130_fd_sc_hd__clkbuf_16)
                                         clknet_1_0__leaf_clk (net)
                  0.10    0.00    1.05 ^ _256_/CLK (sky130_fd_sc_hd__dfrtp_4)
     8    0.03    0.19    0.93    1.98 ^ _256_/Q (sky130_fd_sc_hd__dfrtp_4)
                                         curr_state[0] (net)
                  0.19    0.00    1.98 ^ _189_/A (sky130_fd_sc_hd__nor2_1)
     2    0.01    0.09    0.18    2.15 v _189_/Y (sky130_fd_sc_hd__nor2_1)
                                         _022_ (net)
                  0.09    0.00    2.15 v _190_/A (sky130_fd_sc_hd__inv_2)
     1    0.00    0.04    0.08    2.23 ^ _190_/Y (sky130_fd_sc_hd__inv_2)
                                         _001_ (net)
                  0.04    0.00    2.23 ^ _239_/D (sky130_fd_sc_hd__dfstp_1)
                                  2.23   data arrival time

                          0.00    0.00   clock clk (rise edge)
                          0.50    0.50   clock source latency
     1    0.02    0.09    0.06    0.56 ^ clk (in)
                                         clk (net)
                  0.09    0.00    0.56 ^ clkbuf_0_clk/A (sky130_fd_sc_hd__clkbuf_16)
     2    0.02    0.07    0.23    0.79 ^ clkbuf_0_clk/X (sky130_fd_sc_hd__clkbuf_16)
                                         clknet_0_clk (net)
                  0.07    0.00    0.79 ^ clkbuf_1_1__f_clk/A (sky130_fd_sc_hd__clkbuf_16)
    13    0.04    0.10    0.25    1.05 ^ clkbuf_1_1__f_clk/X (sky130_fd_sc_hd__clkbuf_16)
                                         clknet_1_1__leaf_clk (net)
                  0.10    0.00    1.05 ^ _239_/CLK (sky130_fd_sc_hd__dfstp_1)
                          0.10    1.15   clock uncertainty
                          0.00    1.15   clock reconvergence pessimism
                         -0.06    1.09   library hold time
                                  1.09   data required time
-----------------------------------------------------------------------------
                                  1.09   data required time
                                 -2.23   data arrival time
-----------------------------------------------------------------------------
                                  1.14   slack (MET)


Startpoint: _240_ (rising edge-triggered flip-flop clocked by clk)
Endpoint: _251_ (rising edge-triggered flip-flop clocked by clk)
Path Group: clk
Path Type: min
Corner: Slowest

Fanout     Cap    Slew   Delay    Time   Description
-----------------------------------------------------------------------------
                          0.00    0.00   clock clk (rise edge)
                          0.50    0.50   clock source latency
     1    0.02    0.09    0.06    0.56 ^ clk (in)
                                         clk (net)
                  0.09    0.00    0.56 ^ clkbuf_0_clk/A (sky130_fd_sc_hd__clkbuf_16)
     2    0.02    0.07    0.23    0.79 ^ clkbuf_0_clk/X (sky130_fd_sc_hd__clkbuf_16)
                                         clknet_0_clk (net)
                  0.07    0.00    0.79 ^ clkbuf_1_1__f_clk/A (sky130_fd_sc_hd__clkbuf_16)
    13    0.04    0.10    0.25    1.05 ^ clkbuf_1_1__f_clk/X (sky130_fd_sc_hd__clkbuf_16)
                                         clknet_1_1__leaf_clk (net)
                  0.10    0.00    1.05 ^ _240_/CLK (sky130_fd_sc_hd__dfrtp_1)
     5    0.02    0.27    0.81    1.86 ^ _240_/Q (sky130_fd_sc_hd__dfrtp_1)
                                         seq_timer[0] (net)
                  0.27    0.00    1.86 ^ _198_/A2 (sky130_fd_sc_hd__o211a_1)
     1    0.00    0.09    0.36    2.22 ^ _198_/X (sky130_fd_sc_hd__o211a_1)
                                         _003_ (net)
                  0.09    0.00    2.22 ^ _251_/D (sky130_fd_sc_hd__dfrtp_1)
                                  2.22   data arrival time

                          0.00    0.00   clock clk (rise edge)
                          0.50    0.50   clock source latency
     1    0.02    0.09    0.06    0.56 ^ clk (in)
                                         clk (net)
                  0.09    0.00    0.56 ^ clkbuf_0_clk/A (sky130_fd_sc_hd__clkbuf_16)
     2    0.02    0.07    0.23    0.79 ^ clkbuf_0_clk/X (sky130_fd_sc_hd__clkbuf_16)
                                         clknet_0_clk (net)
                  0.07    0.00    0.79 ^ clkbuf_1_0__f_clk/A (sky130_fd_sc_hd__clkbuf_16)
    16    0.04    0.10    0.25    1.05 ^ clkbuf_1_0__f_clk/X (sky130_fd_sc_hd__clkbuf_16)
                                         clknet_1_0__leaf_clk (net)
                  0.10    0.00    1.05 ^ _251_/CLK (sky130_fd_sc_hd__dfrtp_1)
                          0.10    1.15   clock uncertainty
                          0.00    1.15   clock reconvergence pessimism
                         -0.08    1.07   library hold time
                                  1.07   data required time
-----------------------------------------------------------------------------
                                  1.07   data required time
                                 -2.22   data arrival time
-----------------------------------------------------------------------------
                                  1.15   slack (MET)


Startpoint: _244_ (rising edge-triggered flip-flop clocked by clk)
Endpoint: _244_ (rising edge-triggered flip-flop clocked by clk)
Path Group: clk
Path Type: min
Corner: Slowest

Fanout     Cap    Slew   Delay    Time   Description
-----------------------------------------------------------------------------
                          0.00    0.00   clock clk (rise edge)
                          0.50    0.50   clock source latency
     1    0.02    0.09    0.06    0.56 ^ clk (in)
                                         clk (net)
                  0.09    0.00    0.56 ^ clkbuf_0_clk/A (sky130_fd_sc_hd__clkbuf_16)
     2    0.02    0.07    0.23    0.79 ^ clkbuf_0_clk/X (sky130_fd_sc_hd__clkbuf_16)
                                         clknet_0_clk (net)
                  0.07    0.00    0.79 ^ clkbuf_1_1__f_clk/A (sky130_fd_sc_hd__clkbuf_16)
    13    0.04    0.10    0.25    1.05 ^ clkbuf_1_1__f_clk/X (sky130_fd_sc_hd__clkbuf_16)
                                         clknet_1_1__leaf_clk (net)
                  0.10    0.00    1.05 ^ _244_/CLK (sky130_fd_sc_hd__dfrtp_1)
     3    0.01    0.14    0.71    1.76 ^ _244_/Q (sky130_fd_sc_hd__dfrtp_1)
                                         seq_timer[4] (net)
                  0.14    0.00    1.76 ^ _224_/A_N (sky130_fd_sc_hd__nand2b_1)
     1    0.00    0.07    0.19    1.95 ^ _224_/Y (sky130_fd_sc_hd__nand2b_1)
                                         _046_ (net)
                  0.07    0.00    1.95 ^ _226_/A (sky130_fd_sc_hd__nand2_1)
     1    0.00    0.09    0.11    2.06 v _226_/Y (sky130_fd_sc_hd__nand2_1)
                                         _048_ (net)
                  0.09    0.00    2.06 v _227_/A (sky130_fd_sc_hd__nor2_1)
     1    0.00    0.12    0.16    2.22 ^ _227_/Y (sky130_fd_sc_hd__nor2_1)
                                         _008_ (net)
                  0.12    0.00    2.22 ^ _244_/D (sky130_fd_sc_hd__dfrtp_1)
                                  2.22   data arrival time

                          0.00    0.00   clock clk (rise edge)
                          0.50    0.50   clock source latency
     1    0.02    0.09    0.06    0.56 ^ clk (in)
                                         clk (net)
                  0.09    0.00    0.56 ^ clkbuf_0_clk/A (sky130_fd_sc_hd__clkbuf_16)
     2    0.02    0.07    0.23    0.79 ^ clkbuf_0_clk/X (sky130_fd_sc_hd__clkbuf_16)
                                         clknet_0_clk (net)
                  0.07    0.00    0.79 ^ clkbuf_1_1__f_clk/A (sky130_fd_sc_hd__clkbuf_16)
    13    0.04    0.10    0.25    1.05 ^ clkbuf_1_1__f_clk/X (sky130_fd_sc_hd__clkbuf_16)
                                         clknet_1_1__leaf_clk (net)
                  0.10    0.00    1.05 ^ _244_/CLK (sky130_fd_sc_hd__dfrtp_1)
                          0.10    1.15   clock uncertainty
                          0.00    1.15   clock reconvergence pessimism
                         -0.08    1.06   library hold time
                                  1.06   data required time
-----------------------------------------------------------------------------
                                  1.06   data required time
                                 -2.22   data arrival time
-----------------------------------------------------------------------------
                                  1.16   slack (MET)


Startpoint: _241_ (rising edge-triggered flip-flop clocked by clk)
Endpoint: _241_ (rising edge-triggered flip-flop clocked by clk)
Path Group: clk
Path Type: min
Corner: Slowest

Fanout     Cap    Slew   Delay    Time   Description
-----------------------------------------------------------------------------
                          0.00    0.00   clock clk (rise edge)
                          0.50    0.50   clock source latency
     1    0.02    0.09    0.06    0.56 ^ clk (in)
                                         clk (net)
                  0.09    0.00    0.56 ^ clkbuf_0_clk/A (sky130_fd_sc_hd__clkbuf_16)
     2    0.02    0.07    0.23    0.79 ^ clkbuf_0_clk/X (sky130_fd_sc_hd__clkbuf_16)
                                         clknet_0_clk (net)
                  0.07    0.00    0.79 ^ clkbuf_1_1__f_clk/A (sky130_fd_sc_hd__clkbuf_16)
    13    0.04    0.10    0.25    1.05 ^ clkbuf_1_1__f_clk/X (sky130_fd_sc_hd__clkbuf_16)
                                         clknet_1_1__leaf_clk (net)
                  0.10    0.00    1.05 ^ _241_/CLK (sky130_fd_sc_hd__dfrtp_1)
     2    0.01    0.15    0.72    1.76 ^ _241_/Q (sky130_fd_sc_hd__dfrtp_1)
                                         seq_timer[1] (net)
                  0.15    0.00    1.76 ^ _130_/A (sky130_fd_sc_hd__inv_2)
     4    0.01    0.07    0.11    1.88 v _130_/Y (sky130_fd_sc_hd__inv_2)
                                         _070_ (net)
                  0.07    0.00    1.88 v _212_/B (sky130_fd_sc_hd__nand2_1)
     1    0.00    0.07    0.10    1.98 ^ _212_/Y (sky130_fd_sc_hd__nand2_1)
                                         _037_ (net)
                  0.07    0.00    1.98 ^ _213_/B (sky130_fd_sc_hd__nand2_1)
     1    0.00    0.07    0.11    2.08 v _213_/Y (sky130_fd_sc_hd__nand2_1)
                                         _038_ (net)
                  0.07    0.00    2.08 v _214_/A (sky130_fd_sc_hd__nor2_1)
     1    0.00    0.11    0.15    2.23 ^ _214_/Y (sky130_fd_sc_hd__nor2_1)
                                         _005_ (net)
                  0.11    0.00    2.23 ^ _241_/D (sky130_fd_sc_hd__dfrtp_1)
                                  2.23   data arrival time

                          0.00    0.00   clock clk (rise edge)
                          0.50    0.50   clock source latency
     1    0.02    0.09    0.06    0.56 ^ clk (in)
                                         clk (net)
                  0.09    0.00    0.56 ^ clkbuf_0_clk/A (sky130_fd_sc_hd__clkbuf_16)
     2    0.02    0.07    0.23    0.79 ^ clkbuf_0_clk/X (sky130_fd_sc_hd__clkbuf_16)
                                         clknet_0_clk (net)
                  0.07    0.00    0.79 ^ clkbuf_1_1__f_clk/A (sky130_fd_sc_hd__clkbuf_16)
    13    0.04    0.10    0.25    1.05 ^ clkbuf_1_1__f_clk/X (sky130_fd_sc_hd__clkbuf_16)
                                         clknet_1_1__leaf_clk (net)
                  0.10    0.00    1.05 ^ _241_/CLK (sky130_fd_sc_hd__dfrtp_1)
                          0.10    1.15   clock uncertainty
                          0.00    1.15   clock reconvergence pessimism
                         -0.08    1.06   library hold time
                                  1.06   data required time
-----------------------------------------------------------------------------
                                  1.06   data required time
                                 -2.23   data arrival time
-----------------------------------------------------------------------------
                                  1.17   slack (MET)


Startpoint: _243_ (rising edge-triggered flip-flop clocked by clk)
Endpoint: _243_ (rising edge-triggered flip-flop clocked by clk)
Path Group: clk
Path Type: min
Corner: Slowest

Fanout     Cap    Slew   Delay    Time   Description
-----------------------------------------------------------------------------
                          0.00    0.00   clock clk (rise edge)
                          0.50    0.50   clock source latency
     1    0.02    0.09    0.06    0.56 ^ clk (in)
                                         clk (net)
                  0.09    0.00    0.56 ^ clkbuf_0_clk/A (sky130_fd_sc_hd__clkbuf_16)
     2    0.02    0.07    0.23    0.79 ^ clkbuf_0_clk/X (sky130_fd_sc_hd__clkbuf_16)
                                         clknet_0_clk (net)
                  0.07    0.00    0.79 ^ clkbuf_1_1__f_clk/A (sky130_fd_sc_hd__clkbuf_16)
    13    0.04    0.10    0.25    1.05 ^ clkbuf_1_1__f_clk/X (sky130_fd_sc_hd__clkbuf_16)
                                         clknet_1_1__leaf_clk (net)
                  0.10    0.00    1.05 ^ _243_/CLK (sky130_fd_sc_hd__dfrtp_1)
     3    0.01    0.14    0.82    1.86 v _243_/Q (sky130_fd_sc_hd__dfrtp_1)
                                         seq_timer[3] (net)
                  0.14    0.00    1.86 v _133_/A (sky130_fd_sc_hd__inv_2)
     2    0.01    0.06    0.11    1.97 ^ _133_/Y (sky130_fd_sc_hd__inv_2)
                                         _073_ (net)
                  0.06    0.00    1.97 ^ _220_/B (sky130_fd_sc_hd__nand2_1)
     1    0.00    0.07    0.10    2.08 v _220_/Y (sky130_fd_sc_hd__nand2_1)
                                         _043_ (net)
                  0.07    0.00    2.08 v _222_/A (sky130_fd_sc_hd__nand2_1)
     1    0.00    0.06    0.09    2.16 ^ _222_/Y (sky130_fd_sc_hd__nand2_1)
                                         _045_ (net)
                  0.06    0.00    2.16 ^ _223_/A (sky130_fd_sc_hd__nor2_1)
     1    0.00    0.05    0.08    2.24 v _223_/Y (sky130_fd_sc_hd__nor2_1)
                                         _007_ (net)
                  0.05    0.00    2.24 v _243_/D (sky130_fd_sc_hd__dfrtp_1)
                                  2.24   data arrival time

                          0.00    0.00   clock clk (rise edge)
                          0.50    0.50   clock source latency
     1    0.02    0.09    0.06    0.56 ^ clk (in)
                                         clk (net)
                  0.09    0.00    0.56 ^ clkbuf_0_clk/A (sky130_fd_sc_hd__clkbuf_16)
     2    0.02    0.07    0.23    0.79 ^ clkbuf_0_clk/X (sky130_fd_sc_hd__clkbuf_16)
                                         clknet_0_clk (net)
                  0.07    0.00    0.79 ^ clkbuf_1_1__f_clk/A (sky130_fd_sc_hd__clkbuf_16)
    13    0.04    0.10    0.25    1.05 ^ clkbuf_1_1__f_clk/X (sky130_fd_sc_hd__clkbuf_16)
                                         clknet_1_1__leaf_clk (net)
                  0.10    0.00    1.05 ^ _243_/CLK (sky130_fd_sc_hd__dfrtp_1)
                          0.10    1.15   clock uncertainty
                          0.00    1.15   clock reconvergence pessimism
                         -0.08    1.06   library hold time
                                  1.06   data required time
-----------------------------------------------------------------------------
                                  1.06   data required time
                                 -2.24   data arrival time
-----------------------------------------------------------------------------
                                  1.18   slack (MET)


Startpoint: _256_ (rising edge-triggered flip-flop clocked by clk)
Endpoint: _248_ (rising edge-triggered flip-flop clocked by clk)
Path Group: clk
Path Type: min
Corner: Slowest

Fanout     Cap    Slew   Delay    Time   Description
-----------------------------------------------------------------------------
                          0.00    0.00   clock clk (rise edge)
                          0.50    0.50   clock source latency
     1    0.02    0.09    0.06    0.56 ^ clk (in)
                                         clk (net)
                  0.09    0.00    0.56 ^ clkbuf_0_clk/A (sky130_fd_sc_hd__clkbuf_16)
     2    0.02    0.07    0.23    0.79 ^ clkbuf_0_clk/X (sky130_fd_sc_hd__clkbuf_16)
                                         clknet_0_clk (net)
                  0.07    0.00    0.79 ^ clkbuf_1_0__f_clk/A (sky130_fd_sc_hd__clkbuf_16)
    16    0.04    0.10    0.25    1.05 ^ clkbuf_1_0__f_clk/X (sky130_fd_sc_hd__clkbuf_16)
                                         clknet_1_0__leaf_clk (net)
                  0.10    0.00    1.05 ^ _256_/CLK (sky130_fd_sc_hd__dfrtp_4)
     8    0.03    0.19    0.93    1.98 ^ _256_/Q (sky130_fd_sc_hd__dfrtp_4)
                                         curr_state[0] (net)
                  0.19    0.00    1.98 ^ _188_/A1 (sky130_fd_sc_hd__o21a_1)
     1    0.00    0.08    0.29    2.26 ^ _188_/X (sky130_fd_sc_hd__o21a_1)
                                         _000_ (net)
                  0.08    0.00    2.26 ^ _248_/D (sky130_fd_sc_hd__dfrtp_1)
                                  2.26   data arrival time

                          0.00    0.00   clock clk (rise edge)
                          0.50    0.50   clock source latency
     1    0.02    0.09    0.06    0.56 ^ clk (in)
                                         clk (net)
                  0.09    0.00    0.56 ^ clkbuf_0_clk/A (sky130_fd_sc_hd__clkbuf_16)
     2    0.02    0.07    0.23    0.79 ^ clkbuf_0_clk/X (sky130_fd_sc_hd__clkbuf_16)
                                         clknet_0_clk (net)
                  0.07    0.00    0.79 ^ clkbuf_1_0__f_clk/A (sky130_fd_sc_hd__clkbuf_16)
    16    0.04    0.10    0.25    1.05 ^ clkbuf_1_0__f_clk/X (sky130_fd_sc_hd__clkbuf_16)
                                         clknet_1_0__leaf_clk (net)
                  0.10    0.00    1.05 ^ _248_/CLK (sky130_fd_sc_hd__dfrtp_1)
                          0.10    1.15   clock uncertainty
                          0.00    1.15   clock reconvergence pessimism
                         -0.07    1.07   library hold time
                                  1.07   data required time
-----------------------------------------------------------------------------
                                  1.07   data required time
                                 -2.26   data arrival time
-----------------------------------------------------------------------------
                                  1.19   slack (MET)


Startpoint: retention_ready (input port clocked by clk)
Endpoint: _258_ (rising edge-triggered flip-flop clocked by clk)
Path Group: clk
Path Type: min
Corner: Slowest

Fanout     Cap    Slew   Delay    Time   Description
-----------------------------------------------------------------------------
                          0.00    0.00   clock clk (rise edge)
                          0.50    0.50   clock network delay (propagated)
                          1.00    1.50 v input external delay
     1    0.00    0.04    0.01    1.51 v retention_ready (in)
                                         retention_ready (net)
                  0.04    0.00    1.51 v input6/A (sky130_fd_sc_hd__buf_1)
     1    0.01    0.10    0.19    1.70 v input6/X (sky130_fd_sc_hd__buf_1)
                                         net6 (net)
                  0.10    0.00    1.70 v _164_/A (sky130_fd_sc_hd__inv_2)
     3    0.01    0.08    0.12    1.82 ^ _164_/Y (sky130_fd_sc_hd__inv_2)
                                         _101_ (net)
                  0.08    0.00    1.82 ^ _168_/A (sky130_fd_sc_hd__nor2_1)
     2    0.01    0.07    0.10    1.92 v _168_/Y (sky130_fd_sc_hd__nor2_1)
                                         _105_ (net)
                  0.07    0.00    1.92 v _177_/B (sky130_fd_sc_hd__nor2_1)
     1    0.00    0.13    0.14    2.06 ^ _177_/Y (sky130_fd_sc_hd__nor2_1)
                                         _013_ (net)
                  0.13    0.00    2.06 ^ _178_/A (sky130_fd_sc_hd__nor2_1)
     2    0.01    0.06    0.12    2.18 v _178_/Y (sky130_fd_sc_hd__nor2_1)
                                         _014_ (net)
                  0.06    0.00    2.18 v _187_/A (sky130_fd_sc_hd__nand2_1)
     1    0.00    0.06    0.08    2.27 ^ _187_/Y (sky130_fd_sc_hd__nand2_1)
                                         next_state[2] (net)
                  0.06    0.00    2.27 ^ _258_/D (sky130_fd_sc_hd__dfrtp_4)
                                  2.27   data arrival time

                          0.00    0.00   clock clk (rise edge)
                          0.50    0.50   clock source latency
     1    0.02    0.09    0.06    0.56 ^ clk (in)
                                         clk (net)
                  0.09    0.00    0.56 ^ clkbuf_0_clk/A (sky130_fd_sc_hd__clkbuf_16)
     2    0.02    0.07    0.23    0.79 ^ clkbuf_0_clk/X (sky130_fd_sc_hd__clkbuf_16)
                                         clknet_0_clk (net)
                  0.07    0.00    0.79 ^ clkbuf_1_0__f_clk/A (sky130_fd_sc_hd__clkbuf_16)
    16    0.04    0.10    0.25    1.05 ^ clkbuf_1_0__f_clk/X (sky130_fd_sc_hd__clkbuf_16)
                                         clknet_1_0__leaf_clk (net)
                  0.10    0.00    1.05 ^ _258_/CLK (sky130_fd_sc_hd__dfrtp_4)
                          0.10    1.15   clock uncertainty
                          0.00    1.15   clock reconvergence pessimism
                         -0.07    1.07   library hold time
                                  1.07   data required time
-----------------------------------------------------------------------------
                                  1.07   data required time
                                 -2.27   data arrival time
-----------------------------------------------------------------------------
                                  1.19   slack (MET)


Startpoint: _258_ (rising edge-triggered flip-flop clocked by clk)
Endpoint: _254_ (rising edge-triggered flip-flop clocked by clk)
Path Group: clk
Path Type: min
Corner: Slowest

Fanout     Cap    Slew   Delay    Time   Description
-----------------------------------------------------------------------------
                          0.00    0.00   clock clk (rise edge)
                          0.50    0.50   clock source latency
     1    0.02    0.09    0.06    0.56 ^ clk (in)
                                         clk (net)
                  0.09    0.00    0.56 ^ clkbuf_0_clk/A (sky130_fd_sc_hd__clkbuf_16)
     2    0.02    0.07    0.23    0.79 ^ clkbuf_0_clk/X (sky130_fd_sc_hd__clkbuf_16)
                                         clknet_0_clk (net)
                  0.07    0.00    0.79 ^ clkbuf_1_0__f_clk/A (sky130_fd_sc_hd__clkbuf_16)
    16    0.04    0.10    0.25    1.05 ^ clkbuf_1_0__f_clk/X (sky130_fd_sc_hd__clkbuf_16)
                                         clknet_1_0__leaf_clk (net)
                  0.10    0.00    1.05 ^ _258_/CLK (sky130_fd_sc_hd__dfrtp_4)
     8    0.04    0.24    0.97    2.01 ^ _258_/Q (sky130_fd_sc_hd__dfrtp_4)
                                         curr_state[2] (net)
                  0.24    0.00    2.01 ^ _191_/A1 (sky130_fd_sc_hd__a21oi_1)
     1    0.01    0.09    0.26    2.27 v _191_/Y (sky130_fd_sc_hd__a21oi_1)
                                         _112_ (net)
                  0.09    0.00    2.27 v _254_/D (sky130_fd_sc_hd__dfrtp_1)
                                  2.27   data arrival time

                          0.00    0.00   clock clk (rise edge)
                          0.50    0.50   clock source latency
     1    0.02    0.09    0.06    0.56 ^ clk (in)
                                         clk (net)
                  0.09    0.00    0.56 ^ clkbuf_0_clk/A (sky130_fd_sc_hd__clkbuf_16)
     2    0.02    0.07    0.23    0.79 ^ clkbuf_0_clk/X (sky130_fd_sc_hd__clkbuf_16)
                                         clknet_0_clk (net)
                  0.07    0.00    0.79 ^ clkbuf_1_1__f_clk/A (sky130_fd_sc_hd__clkbuf_16)
    13    0.04    0.10    0.25    1.05 ^ clkbuf_1_1__f_clk/X (sky130_fd_sc_hd__clkbuf_16)
                                         clknet_1_1__leaf_clk (net)
                  0.10    0.00    1.05 ^ _254_/CLK (sky130_fd_sc_hd__dfrtp_1)
                          0.10    1.15   clock uncertainty
                          0.00    1.15   clock reconvergence pessimism
                         -0.10    1.05   library hold time
                                  1.05   data required time
-----------------------------------------------------------------------------
                                  1.05   data required time
                                 -2.27   data arrival time
-----------------------------------------------------------------------------
                                  1.22   slack (MET)


Startpoint: _240_ (rising edge-triggered flip-flop clocked by clk)
Endpoint: _240_ (rising edge-triggered flip-flop clocked by clk)
Path Group: clk
Path Type: min
Corner: Slowest

Fanout     Cap    Slew   Delay    Time   Description
-----------------------------------------------------------------------------
                          0.00    0.00   clock clk (rise edge)
                          0.50    0.50   clock source latency
     1    0.02    0.09    0.06    0.56 ^ clk (in)
                                         clk (net)
                  0.09    0.00    0.56 ^ clkbuf_0_clk/A (sky130_fd_sc_hd__clkbuf_16)
     2    0.02    0.07    0.23    0.79 ^ clkbuf_0_clk/X (sky130_fd_sc_hd__clkbuf_16)
                                         clknet_0_clk (net)
                  0.07    0.00    0.79 ^ clkbuf_1_1__f_clk/A (sky130_fd_sc_hd__clkbuf_16)
    13    0.04    0.10    0.25    1.05 ^ clkbuf_1_1__f_clk/X (sky130_fd_sc_hd__clkbuf_16)
                                         clknet_1_1__leaf_clk (net)
                  0.10    0.00    1.05 ^ _240_/CLK (sky130_fd_sc_hd__dfrtp_1)
     5    0.02    0.27    0.81    1.86 ^ _240_/Q (sky130_fd_sc_hd__dfrtp_1)
                                         seq_timer[0] (net)
                  0.27    0.00    1.86 ^ _202_/B (sky130_fd_sc_hd__nand2_1)
     3    0.01    0.14    0.22    2.08 v _202_/Y (sky130_fd_sc_hd__nand2_1)
                                         _028_ (net)
                  0.14    0.00    2.08 v _203_/B (sky130_fd_sc_hd__nand2_1)
     1    0.00    0.07    0.13    2.22 ^ _203_/Y (sky130_fd_sc_hd__nand2_1)
                                         _029_ (net)
                  0.07    0.00    2.22 ^ _210_/A (sky130_fd_sc_hd__nor2_1)
     1    0.00    0.04    0.07    2.29 v _210_/Y (sky130_fd_sc_hd__nor2_1)
                                         _004_ (net)
                  0.04    0.00    2.29 v _240_/D (sky130_fd_sc_hd__dfrtp_1)
                                  2.29   data arrival time

                          0.00    0.00   clock clk (rise edge)
                          0.50    0.50   clock source latency
     1    0.02    0.09    0.06    0.56 ^ clk (in)
                                         clk (net)
                  0.09    0.00    0.56 ^ clkbuf_0_clk/A (sky130_fd_sc_hd__clkbuf_16)
     2    0.02    0.07    0.23    0.79 ^ clkbuf_0_clk/X (sky130_fd_sc_hd__clkbuf_16)
                                         clknet_0_clk (net)
                  0.07    0.00    0.79 ^ clkbuf_1_1__f_clk/A (sky130_fd_sc_hd__clkbuf_16)
    13    0.04    0.10    0.25    1.05 ^ clkbuf_1_1__f_clk/X (sky130_fd_sc_hd__clkbuf_16)
                                         clknet_1_1__leaf_clk (net)
                  0.10    0.00    1.05 ^ _240_/CLK (sky130_fd_sc_hd__dfrtp_1)
                          0.10    1.15   clock uncertainty
                          0.00    1.15   clock reconvergence pessimism
                         -0.08    1.07   library hold time
                                  1.07   data required time
-----------------------------------------------------------------------------
                                  1.07   data required time
                                 -2.29   data arrival time
-----------------------------------------------------------------------------
                                  1.22   slack (MET)


Startpoint: _242_ (rising edge-triggered flip-flop clocked by clk)
Endpoint: _242_ (rising edge-triggered flip-flop clocked by clk)
Path Group: clk
Path Type: min
Corner: Slowest

Fanout     Cap    Slew   Delay    Time   Description
-----------------------------------------------------------------------------
                          0.00    0.00   clock clk (rise edge)
                          0.50    0.50   clock source latency
     1    0.02    0.09    0.06    0.56 ^ clk (in)
                                         clk (net)
                  0.09    0.00    0.56 ^ clkbuf_0_clk/A (sky130_fd_sc_hd__clkbuf_16)
     2    0.02    0.07    0.23    0.79 ^ clkbuf_0_clk/X (sky130_fd_sc_hd__clkbuf_16)
                                         clknet_0_clk (net)
                  0.07    0.00    0.79 ^ clkbuf_1_1__f_clk/A (sky130_fd_sc_hd__clkbuf_16)
    13    0.04    0.10    0.25    1.05 ^ clkbuf_1_1__f_clk/X (sky130_fd_sc_hd__clkbuf_16)
                                         clknet_1_1__leaf_clk (net)
                  0.10    0.00    1.05 ^ _242_/CLK (sky130_fd_sc_hd__dfrtp_1)
     5    0.01    0.17    0.86    1.90 v _242_/Q (sky130_fd_sc_hd__dfrtp_1)
                                         seq_timer[2] (net)
                  0.17    0.00    1.90 v _215_/A (sky130_fd_sc_hd__inv_2)
     2    0.00    0.07    0.12    2.02 ^ _215_/Y (sky130_fd_sc_hd__inv_2)
                                         _039_ (net)
                  0.07    0.00    2.02 ^ _217_/B (sky130_fd_sc_hd__nand2_1)
     1    0.00    0.07    0.10    2.12 v _217_/Y (sky130_fd_sc_hd__nand2_1)
                                         _041_ (net)
                  0.07    0.00    2.12 v _218_/B (sky130_fd_sc_hd__nand2_1)
     1    0.00    0.07    0.10    2.23 ^ _218_/Y (sky130_fd_sc_hd__nand2_1)
                                         _042_ (net)
                  0.07    0.00    2.23 ^ _219_/A (sky130_fd_sc_hd__nor2_1)
     1    0.00    0.04    0.08    2.30 v _219_/Y (sky130_fd_sc_hd__nor2_1)
                                         _006_ (net)
                  0.04    0.00    2.30 v _242_/D (sky130_fd_sc_hd__dfrtp_1)
                                  2.30   data arrival time

                          0.00    0.00   clock clk (rise edge)
                          0.50    0.50   clock source latency
     1    0.02    0.09    0.06    0.56 ^ clk (in)
                                         clk (net)
                  0.09    0.00    0.56 ^ clkbuf_0_clk/A (sky130_fd_sc_hd__clkbuf_16)
     2    0.02    0.07    0.23    0.79 ^ clkbuf_0_clk/X (sky130_fd_sc_hd__clkbuf_16)
                                         clknet_0_clk (net)
                  0.07    0.00    0.79 ^ clkbuf_1_1__f_clk/A (sky130_fd_sc_hd__clkbuf_16)
    13    0.04    0.10    0.25    1.05 ^ clkbuf_1_1__f_clk/X (sky130_fd_sc_hd__clkbuf_16)
                                         clknet_1_1__leaf_clk (net)
                  0.10    0.00    1.05 ^ _242_/CLK (sky130_fd_sc_hd__dfrtp_1)
                          0.10    1.15   clock uncertainty
                          0.00    1.15   clock reconvergence pessimism
                         -0.08    1.07   library hold time
                                  1.07   data required time
-----------------------------------------------------------------------------
                                  1.07   data required time
                                 -2.30   data arrival time
-----------------------------------------------------------------------------
                                  1.24   slack (MET)


Startpoint: _263_ (rising edge-triggered flip-flop clocked by clk)
Endpoint: _256_ (rising edge-triggered flip-flop clocked by clk)
Path Group: clk
Path Type: min
Corner: Slowest

Fanout     Cap    Slew   Delay    Time   Description
-----------------------------------------------------------------------------
                          0.00    0.00   clock clk (rise edge)
                          0.50    0.50   clock source latency
     1    0.02    0.09    0.06    0.56 ^ clk (in)
                                         clk (net)
                  0.09    0.00    0.56 ^ clkbuf_0_clk/A (sky130_fd_sc_hd__clkbuf_16)
     2    0.02    0.07    0.23    0.79 ^ clkbuf_0_clk/X (sky130_fd_sc_hd__clkbuf_16)
                                         clknet_0_clk (net)
                  0.07    0.00    0.79 ^ clkbuf_1_0__f_clk/A (sky130_fd_sc_hd__clkbuf_16)
    16    0.04    0.10    0.25    1.05 ^ clkbuf_1_0__f_clk/X (sky130_fd_sc_hd__clkbuf_16)
                                         clknet_1_0__leaf_clk (net)
                  0.10    0.00    1.05 ^ _263_/CLK (sky130_fd_sc_hd__dfrtp_1)
     2    0.01    0.15    0.71    1.76 ^ _263_/Q (sky130_fd_sc_hd__dfrtp_1)
                                         wake_up_sync (net)
                  0.15    0.00    1.76 ^ _150_/A (sky130_fd_sc_hd__inv_2)
     3    0.01    0.06    0.11    1.87 v _150_/Y (sky130_fd_sc_hd__inv_2)
                                         _088_ (net)
                  0.06    0.00    1.87 v _151_/B (sky130_fd_sc_hd__nand2_1)
     1    0.00    0.07    0.11    1.97 ^ _151_/Y (sky130_fd_sc_hd__nand2_1)
                                         _089_ (net)
                  0.07    0.00    1.98 ^ _154_/A (sky130_fd_sc_hd__nand2_1)
     2    0.00    0.10    0.12    2.10 v _154_/Y (sky130_fd_sc_hd__nand2_1)
                                         _092_ (net)
                  0.10    0.00    2.10 v _156_/A (sky130_fd_sc_hd__nand2_1)
     2    0.01    0.14    0.16    2.26 ^ _156_/Y (sky130_fd_sc_hd__nand2_1)
                                         _094_ (net)
                  0.14    0.00    2.26 ^ _157_/A (sky130_fd_sc_hd__inv_2)
     1    0.00    0.03    0.07    2.33 v _157_/Y (sky130_fd_sc_hd__inv_2)
                                         next_state[0] (net)
                  0.03    0.00    2.33 v _256_/D (sky130_fd_sc_hd__dfrtp_4)
                                  2.33   data arrival time

                          0.00    0.00   clock clk (rise edge)
                          0.50    0.50   clock source latency
     1    0.02    0.09    0.06    0.56 ^ clk (in)
                                         clk (net)
                  0.09    0.00    0.56 ^ clkbuf_0_clk/A (sky130_fd_sc_hd__clkbuf_16)
     2    0.02    0.07    0.23    0.79 ^ clkbuf_0_clk/X (sky130_fd_sc_hd__clkbuf_16)
                                         clknet_0_clk (net)
                  0.07    0.00    0.79 ^ clkbuf_1_0__f_clk/A (sky130_fd_sc_hd__clkbuf_16)
    16    0.04    0.10    0.25    1.05 ^ clkbuf_1_0__f_clk/X (sky130_fd_sc_hd__clkbuf_16)
                                         clknet_1_0__leaf_clk (net)
                  0.10    0.00    1.05 ^ _256_/CLK (sky130_fd_sc_hd__dfrtp_4)
                          0.10    1.15   clock uncertainty
                          0.00    1.15   clock reconvergence pessimism
                         -0.07    1.08   library hold time
                                  1.08   data required time
-----------------------------------------------------------------------------
                                  1.08   data required time
                                 -2.33   data arrival time
-----------------------------------------------------------------------------
                                  1.25   slack (MET)


Startpoint: _242_ (rising edge-triggered flip-flop clocked by clk)
Endpoint: _252_ (rising edge-triggered flip-flop clocked by clk)
Path Group: clk
Path Type: min
Corner: Slowest

Fanout     Cap    Slew   Delay    Time   Description
-----------------------------------------------------------------------------
                          0.00    0.00   clock clk (rise edge)
                          0.50    0.50   clock source latency
     1    0.02    0.09    0.06    0.56 ^ clk (in)
                                         clk (net)
                  0.09    0.00    0.56 ^ clkbuf_0_clk/A (sky130_fd_sc_hd__clkbuf_16)
     2    0.02    0.07    0.23    0.79 ^ clkbuf_0_clk/X (sky130_fd_sc_hd__clkbuf_16)
                                         clknet_0_clk (net)
                  0.07    0.00    0.79 ^ clkbuf_1_1__f_clk/A (sky130_fd_sc_hd__clkbuf_16)
    13    0.04    0.10    0.25    1.05 ^ clkbuf_1_1__f_clk/X (sky130_fd_sc_hd__clkbuf_16)
                                         clknet_1_1__leaf_clk (net)
                  0.10    0.00    1.05 ^ _242_/CLK (sky130_fd_sc_hd__dfrtp_1)
     5    0.02    0.23    0.79    1.83 ^ _242_/Q (sky130_fd_sc_hd__dfrtp_1)
                                         seq_timer[2] (net)
                  0.23    0.00    1.83 ^ _135_/A (sky130_fd_sc_hd__or3_1)
     1    0.01    0.11    0.28    2.11 ^ _135_/X (sky130_fd_sc_hd__or3_1)
                                         _075_ (net)
                  0.11    0.00    2.11 ^ _136_/A (sky130_fd_sc_hd__inv_2)
     3    0.01    0.05    0.09    2.20 v _136_/Y (sky130_fd_sc_hd__inv_2)
                                         _076_ (net)
                  0.05    0.00    2.20 v _137_/B (sky130_fd_sc_hd__nor2_1)
     1    0.00    0.13    0.13    2.33 ^ _137_/Y (sky130_fd_sc_hd__nor2_1)
                                         _114_ (net)
                  0.13    0.00    2.33 ^ _252_/D (sky130_fd_sc_hd__dfrtp_1)
                                  2.33   data arrival time

                          0.00    0.00   clock clk (rise edge)
                          0.50    0.50   clock source latency
     1    0.02    0.09    0.06    0.56 ^ clk (in)
                                         clk (net)
                  0.09    0.00    0.56 ^ clkbuf_0_clk/A (sky130_fd_sc_hd__clkbuf_16)
     2    0.02    0.07    0.23    0.79 ^ clkbuf_0_clk/X (sky130_fd_sc_hd__clkbuf_16)
                                         clknet_0_clk (net)
                  0.07    0.00    0.79 ^ clkbuf_1_0__f_clk/A (sky130_fd_sc_hd__clkbuf_16)
    16    0.04    0.10    0.25    1.05 ^ clkbuf_1_0__f_clk/X (sky130_fd_sc_hd__clkbuf_16)
                                         clknet_1_0__leaf_clk (net)
                  0.10    0.00    1.05 ^ _252_/CLK (sky130_fd_sc_hd__dfrtp_1)
                          0.10    1.15   clock uncertainty
                          0.00    1.15   clock reconvergence pessimism
                         -0.08    1.06   library hold time
                                  1.06   data required time
-----------------------------------------------------------------------------
                                  1.06   data required time
                                 -2.33   data arrival time
-----------------------------------------------------------------------------
                                  1.27   slack (MET)


Startpoint: _245_ (rising edge-triggered flip-flop clocked by clk)
Endpoint: _245_ (rising edge-triggered flip-flop clocked by clk)
Path Group: clk
Path Type: min
Corner: Slowest

Fanout     Cap    Slew   Delay    Time   Description
-----------------------------------------------------------------------------
                          0.00    0.00   clock clk (rise edge)
                          0.50    0.50   clock source latency
     1    0.02    0.09    0.06    0.56 ^ clk (in)
                                         clk (net)
                  0.09    0.00    0.56 ^ clkbuf_0_clk/A (sky130_fd_sc_hd__clkbuf_16)
     2    0.02    0.07    0.23    0.79 ^ clkbuf_0_clk/X (sky130_fd_sc_hd__clkbuf_16)
                                         clknet_0_clk (net)
                  0.07    0.00    0.79 ^ clkbuf_1_1__f_clk/A (sky130_fd_sc_hd__clkbuf_16)
    13    0.04    0.10    0.25    1.05 ^ clkbuf_1_1__f_clk/X (sky130_fd_sc_hd__clkbuf_16)
                                         clknet_1_1__leaf_clk (net)
                  0.10    0.00    1.05 ^ _245_/CLK (sky130_fd_sc_hd__dfrtp_1)
     2    0.01    0.11    0.79    1.84 v _245_/Q (sky130_fd_sc_hd__dfrtp_1)
                                         seq_timer[5] (net)
                  0.11    0.00    1.84 v _228_/A (sky130_fd_sc_hd__inv_2)
     2    0.01    0.06    0.10    1.94 ^ _228_/Y (sky130_fd_sc_hd__inv_2)
                                         _049_ (net)
                  0.06    0.00    1.94 ^ _230_/B (sky130_fd_sc_hd__nand2_1)
     1    0.00    0.05    0.09    2.03 v _230_/Y (sky130_fd_sc_hd__nand2_1)
                                         _051_ (net)
                  0.05    0.00    2.03 v _231_/B_N (sky130_fd_sc_hd__or2b_1)
     1    0.00    0.06    0.27    2.29 ^ _231_/X (sky130_fd_sc_hd__or2b_1)
                                         _052_ (net)
                  0.06    0.00    2.29 ^ _232_/A (sky130_fd_sc_hd__nor2_1)
     1    0.00    0.04    0.07    2.37 v _232_/Y (sky130_fd_sc_hd__nor2_1)
                                         _009_ (net)
                  0.04    0.00    2.37 v _245_/D (sky130_fd_sc_hd__dfrtp_1)
                                  2.37   data arrival time

                          0.00    0.00   clock clk (rise edge)
                          0.50    0.50   clock source latency
     1    0.02    0.09    0.06    0.56 ^ clk (in)
                                         clk (net)
                  0.09    0.00    0.56 ^ clkbuf_0_clk/A (sky130_fd_sc_hd__clkbuf_16)
     2    0.02    0.07    0.23    0.79 ^ clkbuf_0_clk/X (sky130_fd_sc_hd__clkbuf_16)
                                         clknet_0_clk (net)
                  0.07    0.00    0.79 ^ clkbuf_1_1__f_clk/A (sky130_fd_sc_hd__clkbuf_16)
    13    0.04    0.10    0.25    1.05 ^ clkbuf_1_1__f_clk/X (sky130_fd_sc_hd__clkbuf_16)
                                         clknet_1_1__leaf_clk (net)
                  0.10    0.00    1.05 ^ _245_/CLK (sky130_fd_sc_hd__dfrtp_1)
                          0.10    1.15   clock uncertainty
                          0.00    1.15   clock reconvergence pessimism
                         -0.08    1.07   library hold time
                                  1.07   data required time
-----------------------------------------------------------------------------
                                  1.07   data required time
                                 -2.37   data arrival time
-----------------------------------------------------------------------------
                                  1.30   slack (MET)


Startpoint: _242_ (rising edge-triggered flip-flop clocked by clk)
Endpoint: _250_ (rising edge-triggered flip-flop clocked by clk)
Path Group: clk
Path Type: min
Corner: Slowest

Fanout     Cap    Slew   Delay    Time   Description
-----------------------------------------------------------------------------
                          0.00    0.00   clock clk (rise edge)
                          0.50    0.50   clock source latency
     1    0.02    0.09    0.06    0.56 ^ clk (in)
                                         clk (net)
                  0.09    0.00    0.56 ^ clkbuf_0_clk/A (sky130_fd_sc_hd__clkbuf_16)
     2    0.02    0.07    0.23    0.79 ^ clkbuf_0_clk/X (sky130_fd_sc_hd__clkbuf_16)
                                         clknet_0_clk (net)
                  0.07    0.00    0.79 ^ clkbuf_1_1__f_clk/A (sky130_fd_sc_hd__clkbuf_16)
    13    0.04    0.10    0.25    1.05 ^ clkbuf_1_1__f_clk/X (sky130_fd_sc_hd__clkbuf_16)
                                         clknet_1_1__leaf_clk (net)
                  0.10    0.00    1.05 ^ _242_/CLK (sky130_fd_sc_hd__dfrtp_1)
     5    0.02    0.23    0.79    1.83 ^ _242_/Q (sky130_fd_sc_hd__dfrtp_1)
                                         seq_timer[2] (net)
                  0.23    0.00    1.83 ^ _135_/A (sky130_fd_sc_hd__or3_1)
     1    0.01    0.11    0.28    2.11 ^ _135_/X (sky130_fd_sc_hd__or3_1)
                                         _075_ (net)
                  0.11    0.00    2.11 ^ _136_/A (sky130_fd_sc_hd__inv_2)
     3    0.01    0.05    0.09    2.20 v _136_/Y (sky130_fd_sc_hd__inv_2)
                                         _076_ (net)
                  0.05    0.00    2.20 v _197_/A2 (sky130_fd_sc_hd__o21ai_1)
     1    0.00    0.14    0.20    2.40 ^ _197_/Y (sky130_fd_sc_hd__o21ai_1)
                                         _116_ (net)
                  0.14    0.00    2.40 ^ _250_/D (sky130_fd_sc_hd__dfrtp_1)
                                  2.40   data arrival time

                          0.00    0.00   clock clk (rise edge)
                          0.50    0.50   clock source latency
     1    0.02    0.09    0.06    0.56 ^ clk (in)
                                         clk (net)
                  0.09    0.00    0.56 ^ clkbuf_0_clk/A (sky130_fd_sc_hd__clkbuf_16)
     2    0.02    0.07    0.23    0.79 ^ clkbuf_0_clk/X (sky130_fd_sc_hd__clkbuf_16)
                                         clknet_0_clk (net)
                  0.07    0.00    0.79 ^ clkbuf_1_0__f_clk/A (sky130_fd_sc_hd__clkbuf_16)
    16    0.04    0.10    0.25    1.05 ^ clkbuf_1_0__f_clk/X (sky130_fd_sc_hd__clkbuf_16)
                                         clknet_1_0__leaf_clk (net)
                  0.10    0.00    1.05 ^ _250_/CLK (sky130_fd_sc_hd__dfrtp_1)
                          0.10    1.15   clock uncertainty
                          0.00    1.15   clock reconvergence pessimism
                         -0.09    1.06   library hold time
                                  1.06   data required time
-----------------------------------------------------------------------------
                                  1.06   data required time
                                 -2.40   data arrival time
-----------------------------------------------------------------------------
                                  1.35   slack (MET)


Startpoint: _263_ (rising edge-triggered flip-flop clocked by clk)
Endpoint: _257_ (rising edge-triggered flip-flop clocked by clk)
Path Group: clk
Path Type: min
Corner: Slowest

Fanout     Cap    Slew   Delay    Time   Description
-----------------------------------------------------------------------------
                          0.00    0.00   clock clk (rise edge)
                          0.50    0.50   clock source latency
     1    0.02    0.09    0.06    0.56 ^ clk (in)
                                         clk (net)
                  0.09    0.00    0.56 ^ clkbuf_0_clk/A (sky130_fd_sc_hd__clkbuf_16)
     2    0.02    0.07    0.23    0.79 ^ clkbuf_0_clk/X (sky130_fd_sc_hd__clkbuf_16)
                                         clknet_0_clk (net)
                  0.07    0.00    0.79 ^ clkbuf_1_0__f_clk/A (sky130_fd_sc_hd__clkbuf_16)
    16    0.04    0.10    0.25    1.05 ^ clkbuf_1_0__f_clk/X (sky130_fd_sc_hd__clkbuf_16)
                                         clknet_1_0__leaf_clk (net)
                  0.10    0.00    1.05 ^ _263_/CLK (sky130_fd_sc_hd__dfrtp_1)
     2    0.01    0.15    0.71    1.76 ^ _263_/Q (sky130_fd_sc_hd__dfrtp_1)
                                         wake_up_sync (net)
                  0.15    0.00    1.76 ^ _173_/A2 (sky130_fd_sc_hd__o311a_1)
     1    0.00    0.08    0.35    2.11 ^ _173_/X (sky130_fd_sc_hd__o311a_1)
                                         _110_ (net)
                  0.08    0.00    2.11 ^ _174_/C (sky130_fd_sc_hd__or3_1)
     1    0.00    0.06    0.17    2.28 ^ _174_/X (sky130_fd_sc_hd__or3_1)
                                         _111_ (net)
                  0.06    0.00    2.28 ^ _175_/A (sky130_fd_sc_hd__clkbuf_1)
     1    0.00    0.08    0.15    2.43 ^ _175_/X (sky130_fd_sc_hd__clkbuf_1)
                                         next_state[1] (net)
                  0.08    0.00    2.43 ^ _257_/D (sky130_fd_sc_hd__dfrtp_1)
                                  2.43   data arrival time

                          0.00    0.00   clock clk (rise edge)
                          0.50    0.50   clock source latency
     1    0.02    0.09    0.06    0.56 ^ clk (in)
                                         clk (net)
                  0.09    0.00    0.56 ^ clkbuf_0_clk/A (sky130_fd_sc_hd__clkbuf_16)
     2    0.02    0.07    0.23    0.79 ^ clkbuf_0_clk/X (sky130_fd_sc_hd__clkbuf_16)
                                         clknet_0_clk (net)
                  0.07    0.00    0.79 ^ clkbuf_1_0__f_clk/A (sky130_fd_sc_hd__clkbuf_16)
    16    0.04    0.10    0.25    1.05 ^ clkbuf_1_0__f_clk/X (sky130_fd_sc_hd__clkbuf_16)
                                         clknet_1_0__leaf_clk (net)
                  0.10    0.00    1.05 ^ _257_/CLK (sky130_fd_sc_hd__dfrtp_1)
                          0.10    1.15   clock uncertainty
                          0.00    1.15   clock reconvergence pessimism
                         -0.07    1.07   library hold time
                                  1.07   data required time
-----------------------------------------------------------------------------
                                  1.07   data required time
                                 -2.43   data arrival time
-----------------------------------------------------------------------------
                                  1.36   slack (MET)


Startpoint: _258_ (rising edge-triggered flip-flop clocked by clk)
Endpoint: _253_ (rising edge-triggered flip-flop clocked by clk)
Path Group: clk
Path Type: min
Corner: Slowest

Fanout     Cap    Slew   Delay    Time   Description
-----------------------------------------------------------------------------
                          0.00    0.00   clock clk (rise edge)
                          0.50    0.50   clock source latency
     1    0.02    0.09    0.06    0.56 ^ clk (in)
                                         clk (net)
                  0.09    0.00    0.56 ^ clkbuf_0_clk/A (sky130_fd_sc_hd__clkbuf_16)
     2    0.02    0.07    0.23    0.79 ^ clkbuf_0_clk/X (sky130_fd_sc_hd__clkbuf_16)
                                         clknet_0_clk (net)
                  0.07    0.00    0.79 ^ clkbuf_1_0__f_clk/A (sky130_fd_sc_hd__clkbuf_16)
    16    0.04    0.10    0.25    1.05 ^ clkbuf_1_0__f_clk/X (sky130_fd_sc_hd__clkbuf_16)
                                         clknet_1_0__leaf_clk (net)
                  0.10    0.00    1.05 ^ _258_/CLK (sky130_fd_sc_hd__dfrtp_4)
     8    0.04    0.24    0.97    2.01 ^ _258_/Q (sky130_fd_sc_hd__dfrtp_4)
                                         curr_state[2] (net)
                  0.24    0.00    2.01 ^ _192_/A (sky130_fd_sc_hd__nor2_1)
     2    0.01    0.08    0.17    2.19 v _192_/Y (sky130_fd_sc_hd__nor2_1)
                                         _023_ (net)
                  0.08    0.00    2.19 v _196_/B1 (sky130_fd_sc_hd__a21o_1)
     1    0.00    0.05    0.27    2.46 v _196_/X (sky130_fd_sc_hd__a21o_1)
                                         _115_ (net)
                  0.05    0.00    2.46 v _253_/D (sky130_fd_sc_hd__dfrtp_1)
                                  2.46   data arrival time

                          0.00    0.00   clock clk (rise edge)
                          0.50    0.50   clock source latency
     1    0.02    0.09    0.06    0.56 ^ clk (in)
                                         clk (net)
                  0.09    0.00    0.56 ^ clkbuf_0_clk/A (sky130_fd_sc_hd__clkbuf_16)
     2    0.02    0.07    0.23    0.79 ^ clkbuf_0_clk/X (sky130_fd_sc_hd__clkbuf_16)
                                         clknet_0_clk (net)
                  0.07    0.00    0.79 ^ clkbuf_1_1__f_clk/A (sky130_fd_sc_hd__clkbuf_16)
    13    0.04    0.10    0.25    1.05 ^ clkbuf_1_1__f_clk/X (sky130_fd_sc_hd__clkbuf_16)
                                         clknet_1_1__leaf_clk (net)
                  0.10    0.00    1.05 ^ _253_/CLK (sky130_fd_sc_hd__dfrtp_1)
                          0.10    1.15   clock uncertainty
                          0.00    1.15   clock reconvergence pessimism
                         -0.08    1.06   library hold time
                                  1.06   data required time
-----------------------------------------------------------------------------
                                  1.06   data required time
                                 -2.46   data arrival time
-----------------------------------------------------------------------------
                                  1.39   slack (MET)


Startpoint: _256_ (rising edge-triggered flip-flop clocked by clk)
Endpoint: _255_ (rising edge-triggered flip-flop clocked by clk)
Path Group: clk
Path Type: min
Corner: Slowest

Fanout     Cap    Slew   Delay    Time   Description
-----------------------------------------------------------------------------
                          0.00    0.00   clock clk (rise edge)
                          0.50    0.50   clock source latency
     1    0.02    0.09    0.06    0.56 ^ clk (in)
                                         clk (net)
                  0.09    0.00    0.56 ^ clkbuf_0_clk/A (sky130_fd_sc_hd__clkbuf_16)
     2    0.02    0.07    0.23    0.79 ^ clkbuf_0_clk/X (sky130_fd_sc_hd__clkbuf_16)
                                         clknet_0_clk (net)
                  0.07    0.00    0.79 ^ clkbuf_1_0__f_clk/A (sky130_fd_sc_hd__clkbuf_16)
    16    0.04    0.10    0.25    1.05 ^ clkbuf_1_0__f_clk/X (sky130_fd_sc_hd__clkbuf_16)
                                         clknet_1_0__leaf_clk (net)
                  0.10    0.00    1.05 ^ _256_/CLK (sky130_fd_sc_hd__dfrtp_4)
     8    0.03    0.19    0.93    1.98 ^ _256_/Q (sky130_fd_sc_hd__dfrtp_4)
                                         curr_state[0] (net)
                  0.19    0.00    1.98 ^ _153_/B (sky130_fd_sc_hd__nand2_1)
     3    0.01    0.19    0.25    2.22 v _153_/Y (sky130_fd_sc_hd__nand2_1)
                                         _091_ (net)
                  0.19    0.00    2.22 v _179_/A (sky130_fd_sc_hd__inv_2)
     2    0.01    0.08    0.13    2.36 ^ _179_/Y (sky130_fd_sc_hd__inv_2)
                                         _015_ (net)
                  0.08    0.00    2.36 ^ _194_/A (sky130_fd_sc_hd__or3b_1)
     1    0.01    0.11    0.21    2.57 ^ _194_/X (sky130_fd_sc_hd__or3b_1)
                                         _025_ (net)
                  0.11    0.00    2.57 ^ _195_/A (sky130_fd_sc_hd__clkbuf_1)
     1    0.00    0.07    0.17    2.74 ^ _195_/X (sky130_fd_sc_hd__clkbuf_1)
                                         _113_ (net)
                  0.07    0.00    2.74 ^ _255_/D (sky130_fd_sc_hd__dfrtp_1)
                                  2.74   data arrival time

                          0.00    0.00   clock clk (rise edge)
                          0.50    0.50   clock source latency
     1    0.02    0.09    0.06    0.56 ^ clk (in)
                                         clk (net)
                  0.09    0.00    0.56 ^ clkbuf_0_clk/A (sky130_fd_sc_hd__clkbuf_16)
     2    0.02    0.07    0.23    0.79 ^ clkbuf_0_clk/X (sky130_fd_sc_hd__clkbuf_16)
                                         clknet_0_clk (net)
                  0.07    0.00    0.79 ^ clkbuf_1_1__f_clk/A (sky130_fd_sc_hd__clkbuf_16)
    13    0.04    0.10    0.25    1.05 ^ clkbuf_1_1__f_clk/X (sky130_fd_sc_hd__clkbuf_16)
                                         clknet_1_1__leaf_clk (net)
                  0.10    0.00    1.05 ^ _255_/CLK (sky130_fd_sc_hd__dfrtp_1)
                          0.10    1.15   clock uncertainty
                          0.00    1.15   clock reconvergence pessimism
                         -0.07    1.07   library hold time
                                  1.07   data required time
-----------------------------------------------------------------------------
                                  1.07   data required time
                                 -2.74   data arrival time
-----------------------------------------------------------------------------
                                  1.66   slack (MET)


Startpoint: _254_ (rising edge-triggered flip-flop clocked by clk)
Endpoint: pwr_state[0] (output port clocked by clk)
Path Group: clk
Path Type: min
Corner: Slowest

Fanout     Cap    Slew   Delay    Time   Description
-----------------------------------------------------------------------------
                          0.00    0.00   clock clk (rise edge)
                          0.50    0.50   clock source latency
     1    0.02    0.09    0.06    0.56 ^ clk (in)
                                         clk (net)
                  0.09    0.00    0.56 ^ clkbuf_0_clk/A (sky130_fd_sc_hd__clkbuf_16)
     2    0.02    0.07    0.23    0.79 ^ clkbuf_0_clk/X (sky130_fd_sc_hd__clkbuf_16)
                                         clknet_0_clk (net)
                  0.07    0.00    0.79 ^ clkbuf_1_1__f_clk/A (sky130_fd_sc_hd__clkbuf_16)
    13    0.04    0.10    0.25    1.05 ^ clkbuf_1_1__f_clk/X (sky130_fd_sc_hd__clkbuf_16)
                                         clknet_1_1__leaf_clk (net)
                  0.10    0.00    1.05 ^ _254_/CLK (sky130_fd_sc_hd__dfrtp_1)
     1    0.00    0.08    0.65    1.69 ^ _254_/Q (sky130_fd_sc_hd__dfrtp_1)
                                         net12 (net)
                  0.08    0.00    1.69 ^ output12/A (sky130_fd_sc_hd__clkbuf_2)
     1    0.02    0.18    0.28    1.97 ^ output12/X (sky130_fd_sc_hd__clkbuf_2)
                                         pwr_state[0] (net)
                  0.18    0.00    1.97 ^ pwr_state[0] (out)
                                  1.97   data arrival time

                          0.00    0.00   clock clk (rise edge)
                          0.50    0.50   clock network delay (propagated)
                          0.10    0.60   clock uncertainty
                          0.00    0.60   clock reconvergence pessimism
                         -0.50    0.10   output external delay
                                  0.10   data required time
-----------------------------------------------------------------------------
                                  0.10   data required time
                                 -1.97   data arrival time
-----------------------------------------------------------------------------
                                  1.87   slack (MET)


Startpoint: _255_ (rising edge-triggered flip-flop clocked by clk)
Endpoint: pwr_state[1] (output port clocked by clk)
Path Group: clk
Path Type: min
Corner: Slowest

Fanout     Cap    Slew   Delay    Time   Description
-----------------------------------------------------------------------------
                          0.00    0.00   clock clk (rise edge)
                          0.50    0.50   clock source latency
     1    0.02    0.09    0.06    0.56 ^ clk (in)
                                         clk (net)
                  0.09    0.00    0.56 ^ clkbuf_0_clk/A (sky130_fd_sc_hd__clkbuf_16)
     2    0.02    0.07    0.23    0.79 ^ clkbuf_0_clk/X (sky130_fd_sc_hd__clkbuf_16)
                                         clknet_0_clk (net)
                  0.07    0.00    0.79 ^ clkbuf_1_1__f_clk/A (sky130_fd_sc_hd__clkbuf_16)
    13    0.04    0.10    0.25    1.05 ^ clkbuf_1_1__f_clk/X (sky130_fd_sc_hd__clkbuf_16)
                                         clknet_1_1__leaf_clk (net)
                  0.10    0.00    1.05 ^ _255_/CLK (sky130_fd_sc_hd__dfrtp_1)
     1    0.00    0.08    0.65    1.69 ^ _255_/Q (sky130_fd_sc_hd__dfrtp_1)
                                         net13 (net)
                  0.08    0.00    1.69 ^ output13/A (sky130_fd_sc_hd__clkbuf_2)
     1    0.02    0.18    0.28    1.97 ^ output13/X (sky130_fd_sc_hd__clkbuf_2)
                                         pwr_state[1] (net)
                  0.18    0.00    1.97 ^ pwr_state[1] (out)
                                  1.97   data arrival time

                          0.00    0.00   clock clk (rise edge)
                          0.50    0.50   clock network delay (propagated)
                          0.10    0.60   clock uncertainty
                          0.00    0.60   clock reconvergence pessimism
                         -0.50    0.10   output external delay
                                  0.10   data required time
-----------------------------------------------------------------------------
                                  0.10   data required time
                                 -1.97   data arrival time
-----------------------------------------------------------------------------
                                  1.87   slack (MET)


Startpoint: _252_ (rising edge-triggered flip-flop clocked by clk)
Endpoint: retention_restore (output port clocked by clk)
Path Group: clk
Path Type: min
Corner: Slowest

Fanout     Cap    Slew   Delay    Time   Description
-----------------------------------------------------------------------------
                          0.00    0.00   clock clk (rise edge)
                          0.50    0.50   clock source latency
     1    0.02    0.09    0.06    0.56 ^ clk (in)
                                         clk (net)
                  0.09    0.00    0.56 ^ clkbuf_0_clk/A (sky130_fd_sc_hd__clkbuf_16)
     2    0.02    0.07    0.23    0.79 ^ clkbuf_0_clk/X (sky130_fd_sc_hd__clkbuf_16)
                                         clknet_0_clk (net)
                  0.07    0.00    0.79 ^ clkbuf_1_0__f_clk/A (sky130_fd_sc_hd__clkbuf_16)
    16    0.04    0.10    0.25    1.05 ^ clkbuf_1_0__f_clk/X (sky130_fd_sc_hd__clkbuf_16)
                                         clknet_1_0__leaf_clk (net)
                  0.10    0.00    1.05 ^ _252_/CLK (sky130_fd_sc_hd__dfrtp_1)
     1    0.00    0.07    0.64    1.68 ^ _252_/Q (sky130_fd_sc_hd__dfrtp_1)
                                         net16 (net)
                  0.07    0.00    1.68 ^ output16/A (sky130_fd_sc_hd__buf_2)
     1    0.03    0.25    0.33    2.01 ^ output16/X (sky130_fd_sc_hd__buf_2)
                                         retention_restore (net)
                  0.25    0.00    2.01 ^ retention_restore (out)
                                  2.01   data arrival time

                          0.00    0.00   clock clk (rise edge)
                          0.50    0.50   clock network delay (propagated)
                          0.10    0.60   clock uncertainty
                          0.00    0.60   clock reconvergence pessimism
                         -0.50    0.10   output external delay
                                  0.10   data required time
-----------------------------------------------------------------------------
                                  0.10   data required time
                                 -2.01   data arrival time
-----------------------------------------------------------------------------
                                  1.91   slack (MET)


Startpoint: _253_ (rising edge-triggered flip-flop clocked by clk)
Endpoint: reset_ctrl (output port clocked by clk)
Path Group: clk
Path Type: min
Corner: Slowest

Fanout     Cap    Slew   Delay    Time   Description
-----------------------------------------------------------------------------
                          0.00    0.00   clock clk (rise edge)
                          0.50    0.50   clock source latency
     1    0.02    0.09    0.06    0.56 ^ clk (in)
                                         clk (net)
                  0.09    0.00    0.56 ^ clkbuf_0_clk/A (sky130_fd_sc_hd__clkbuf_16)
     2    0.02    0.07    0.23    0.79 ^ clkbuf_0_clk/X (sky130_fd_sc_hd__clkbuf_16)
                                         clknet_0_clk (net)
                  0.07    0.00    0.79 ^ clkbuf_1_1__f_clk/A (sky130_fd_sc_hd__clkbuf_16)
    13    0.04    0.10    0.25    1.05 ^ clkbuf_1_1__f_clk/X (sky130_fd_sc_hd__clkbuf_16)
                                         clknet_1_1__leaf_clk (net)
                  0.10    0.00    1.05 ^ _253_/CLK (sky130_fd_sc_hd__dfrtp_1)
     1    0.00    0.07    0.64    1.68 ^ _253_/Q (sky130_fd_sc_hd__dfrtp_1)
                                         net14 (net)
                  0.07    0.00    1.68 ^ output14/A (sky130_fd_sc_hd__buf_2)
     1    0.03    0.25    0.33    2.01 ^ output14/X (sky130_fd_sc_hd__buf_2)
                                         reset_ctrl (net)
                  0.25    0.00    2.01 ^ reset_ctrl (out)
                                  2.01   data arrival time

                          0.00    0.00   clock clk (rise edge)
                          0.50    0.50   clock network delay (propagated)
                          0.10    0.60   clock uncertainty
                          0.00    0.60   clock reconvergence pessimism
                         -0.50    0.10   output external delay
                                  0.10   data required time
-----------------------------------------------------------------------------
                                  0.10   data required time
                                 -2.01   data arrival time
-----------------------------------------------------------------------------
                                  1.91   slack (MET)


Startpoint: _251_ (rising edge-triggered flip-flop clocked by clk)
Endpoint: retention_save (output port clocked by clk)
Path Group: clk
Path Type: min
Corner: Slowest

Fanout     Cap    Slew   Delay    Time   Description
-----------------------------------------------------------------------------
                          0.00    0.00   clock clk (rise edge)
                          0.50    0.50   clock source latency
     1    0.02    0.09    0.06    0.56 ^ clk (in)
                                         clk (net)
                  0.09    0.00    0.56 ^ clkbuf_0_clk/A (sky130_fd_sc_hd__clkbuf_16)
     2    0.02    0.07    0.23    0.79 ^ clkbuf_0_clk/X (sky130_fd_sc_hd__clkbuf_16)
                                         clknet_0_clk (net)
                  0.07    0.00    0.79 ^ clkbuf_1_0__f_clk/A (sky130_fd_sc_hd__clkbuf_16)
    16    0.04    0.10    0.25    1.05 ^ clkbuf_1_0__f_clk/X (sky130_fd_sc_hd__clkbuf_16)
                                         clknet_1_0__leaf_clk (net)
                  0.10    0.00    1.05 ^ _251_/CLK (sky130_fd_sc_hd__dfrtp_1)
     1    0.00    0.07    0.64    1.68 ^ _251_/Q (sky130_fd_sc_hd__dfrtp_1)
                                         net17 (net)
                  0.07    0.00    1.68 ^ output17/A (sky130_fd_sc_hd__buf_2)
     1    0.03    0.25    0.33    2.01 ^ output17/X (sky130_fd_sc_hd__buf_2)
                                         retention_save (net)
                  0.25    0.00    2.01 ^ retention_save (out)
                                  2.01   data arrival time

                          0.00    0.00   clock clk (rise edge)
                          0.50    0.50   clock network delay (propagated)
                          0.10    0.60   clock uncertainty
                          0.00    0.60   clock reconvergence pessimism
                         -0.50    0.10   output external delay
                                  0.10   data required time
-----------------------------------------------------------------------------
                                  0.10   data required time
                                 -2.01   data arrival time
-----------------------------------------------------------------------------
                                  1.91   slack (MET)


Startpoint: _239_ (rising edge-triggered flip-flop clocked by clk)
Endpoint: dvfs_ctrl[1] (output port clocked by clk)
Path Group: clk
Path Type: min
Corner: Slowest

Fanout     Cap    Slew   Delay    Time   Description
-----------------------------------------------------------------------------
                          0.00    0.00   clock clk (rise edge)
                          0.50    0.50   clock source latency
     1    0.02    0.09    0.06    0.56 ^ clk (in)
                                         clk (net)
                  0.09    0.00    0.56 ^ clkbuf_0_clk/A (sky130_fd_sc_hd__clkbuf_16)
     2    0.02    0.07    0.23    0.79 ^ clkbuf_0_clk/X (sky130_fd_sc_hd__clkbuf_16)
                                         clknet_0_clk (net)
                  0.07    0.00    0.79 ^ clkbuf_1_1__f_clk/A (sky130_fd_sc_hd__clkbuf_16)
    13    0.04    0.10    0.25    1.05 ^ clkbuf_1_1__f_clk/X (sky130_fd_sc_hd__clkbuf_16)
                                         clknet_1_1__leaf_clk (net)
                  0.10    0.00    1.05 ^ _239_/CLK (sky130_fd_sc_hd__dfstp_1)
     1    0.00    0.05    0.71    1.76 v _239_/Q (sky130_fd_sc_hd__dfstp_1)
                                         net9 (net)
                  0.05    0.00    1.76 v output9/A (sky130_fd_sc_hd__clkbuf_2)
     1    0.02    0.15    0.26    2.02 v output9/X (sky130_fd_sc_hd__clkbuf_2)
                                         dvfs_ctrl[1] (net)
                  0.15    0.00    2.02 v dvfs_ctrl[1] (out)
                                  2.02   data arrival time

                          0.00    0.00   clock clk (rise edge)
                          0.50    0.50   clock network delay (propagated)
                          0.10    0.60   clock uncertainty
                          0.00    0.60   clock reconvergence pessimism
                         -0.50    0.10   output external delay
                                  0.10   data required time
-----------------------------------------------------------------------------
                                  0.10   data required time
                                 -2.02   data arrival time
-----------------------------------------------------------------------------
                                  1.92   slack (MET)


Startpoint: _249_ (rising edge-triggered flip-flop clocked by clk)
Endpoint: pwr_gate_en (output port clocked by clk)
Path Group: clk
Path Type: min
Corner: Slowest

Fanout     Cap    Slew   Delay    Time   Description
-----------------------------------------------------------------------------
                          0.00    0.00   clock clk (rise edge)
                          0.50    0.50   clock source latency
     1    0.02    0.09    0.06    0.56 ^ clk (in)
                                         clk (net)
                  0.09    0.00    0.56 ^ clkbuf_0_clk/A (sky130_fd_sc_hd__clkbuf_16)
     2    0.02    0.07    0.23    0.79 ^ clkbuf_0_clk/X (sky130_fd_sc_hd__clkbuf_16)
                                         clknet_0_clk (net)
                  0.07    0.00    0.79 ^ clkbuf_1_0__f_clk/A (sky130_fd_sc_hd__clkbuf_16)
    16    0.04    0.10    0.25    1.05 ^ clkbuf_1_0__f_clk/X (sky130_fd_sc_hd__clkbuf_16)
                                         clknet_1_0__leaf_clk (net)
                  0.10    0.00    1.05 ^ _249_/CLK (sky130_fd_sc_hd__dfrtp_1)
     1    0.00    0.08    0.65    1.69 ^ _249_/Q (sky130_fd_sc_hd__dfrtp_1)
                                         net11 (net)
                  0.08    0.00    1.69 ^ output11/A (sky130_fd_sc_hd__buf_4)
     1    0.05    0.24    0.34    2.03 ^ output11/X (sky130_fd_sc_hd__buf_4)
                                         pwr_gate_en (net)
                  0.24    0.00    2.03 ^ pwr_gate_en (out)
                                  2.03   data arrival time

                          0.00    0.00   clock clk (rise edge)
                          0.50    0.50   clock network delay (propagated)
                          0.10    0.60   clock uncertainty
                          0.00    0.60   clock reconvergence pessimism
                         -0.50    0.10   output external delay
                                  0.10   data required time
-----------------------------------------------------------------------------
                                  0.10   data required time
                                 -2.03   data arrival time
-----------------------------------------------------------------------------
                                  1.93   slack (MET)


Startpoint: _250_ (rising edge-triggered flip-flop clocked by clk)
Endpoint: retention_en (output port clocked by clk)
Path Group: clk
Path Type: min
Corner: Slowest

Fanout     Cap    Slew   Delay    Time   Description
-----------------------------------------------------------------------------
                          0.00    0.00   clock clk (rise edge)
                          0.50    0.50   clock source latency
     1    0.02    0.09    0.06    0.56 ^ clk (in)
                                         clk (net)
                  0.09    0.00    0.56 ^ clkbuf_0_clk/A (sky130_fd_sc_hd__clkbuf_16)
     2    0.02    0.07    0.23    0.79 ^ clkbuf_0_clk/X (sky130_fd_sc_hd__clkbuf_16)
                                         clknet_0_clk (net)
                  0.07    0.00    0.79 ^ clkbuf_1_0__f_clk/A (sky130_fd_sc_hd__clkbuf_16)
    16    0.04    0.10    0.25    1.05 ^ clkbuf_1_0__f_clk/X (sky130_fd_sc_hd__clkbuf_16)
                                         clknet_1_0__leaf_clk (net)
                  0.10    0.00    1.05 ^ _250_/CLK (sky130_fd_sc_hd__dfrtp_1)
     1    0.00    0.08    0.65    1.70 ^ _250_/Q (sky130_fd_sc_hd__dfrtp_1)
                                         net15 (net)
                  0.08    0.00    1.70 ^ output15/A (sky130_fd_sc_hd__buf_4)
     1    0.05    0.23    0.34    2.04 ^ output15/X (sky130_fd_sc_hd__buf_4)
                                         retention_en (net)
                  0.23    0.00    2.04 ^ retention_en (out)
                                  2.04   data arrival time

                          0.00    0.00   clock clk (rise edge)
                          0.50    0.50   clock network delay (propagated)
                          0.10    0.60   clock uncertainty
                          0.00    0.60   clock reconvergence pessimism
                         -0.50    0.10   output external delay
                                  0.10   data required time
-----------------------------------------------------------------------------
                                  0.10   data required time
                                 -2.04   data arrival time
-----------------------------------------------------------------------------
                                  1.94   slack (MET)


Startpoint: _248_ (rising edge-triggered flip-flop clocked by clk)
Endpoint: clk_gate_en (output port clocked by clk)
Path Group: clk
Path Type: min
Corner: Slowest

Fanout     Cap    Slew   Delay    Time   Description
-----------------------------------------------------------------------------
                          0.00    0.00   clock clk (rise edge)
                          0.50    0.50   clock source latency
     1    0.02    0.09    0.06    0.56 ^ clk (in)
                                         clk (net)
                  0.09    0.00    0.56 ^ clkbuf_0_clk/A (sky130_fd_sc_hd__clkbuf_16)
     2    0.02    0.07    0.23    0.79 ^ clkbuf_0_clk/X (sky130_fd_sc_hd__clkbuf_16)
                                         clknet_0_clk (net)
                  0.07    0.00    0.79 ^ clkbuf_1_0__f_clk/A (sky130_fd_sc_hd__clkbuf_16)
    16    0.04    0.10    0.25    1.05 ^ clkbuf_1_0__f_clk/X (sky130_fd_sc_hd__clkbuf_16)
                                         clknet_1_0__leaf_clk (net)
                  0.10    0.00    1.05 ^ _248_/CLK (sky130_fd_sc_hd__dfrtp_1)
     1    0.00    0.08    0.65    1.70 ^ _248_/Q (sky130_fd_sc_hd__dfrtp_1)
                                         net8 (net)
                  0.08    0.00    1.70 ^ output8/A (sky130_fd_sc_hd__buf_4)
     1    0.05    0.25    0.34    2.04 ^ output8/X (sky130_fd_sc_hd__buf_4)
                                         clk_gate_en (net)
                  0.25    0.00    2.04 ^ clk_gate_en (out)
                                  2.04   data arrival time

                          0.00    0.00   clock clk (rise edge)
                          0.50    0.50   clock network delay (propagated)
                          0.10    0.60   clock uncertainty
                          0.00    0.60   clock reconvergence pessimism
                         -0.50    0.10   output external delay
                                  0.10   data required time
-----------------------------------------------------------------------------
                                  0.10   data required time
                                 -2.04   data arrival time
-----------------------------------------------------------------------------
                                  1.94   slack (MET)


Startpoint: clk_stable (input port clocked by clk)
Endpoint: error (output port clocked by clk)
Path Group: clk
Path Type: min
Corner: Slowest

Fanout     Cap    Slew   Delay    Time   Description
-----------------------------------------------------------------------------
                          0.00    0.00   clock clk (rise edge)
                          0.50    0.50   clock network delay (propagated)
                          1.00    1.50 v input external delay
     1    0.00    0.04    0.01    1.51 v clk_stable (in)
                                         clk_stable (net)
                  0.04    0.00    1.51 v input1/A (sky130_fd_sc_hd__clkbuf_1)
     1    0.00    0.05    0.15    1.66 v input1/X (sky130_fd_sc_hd__clkbuf_1)
                                         net1 (net)
                  0.05    0.00    1.66 v _158_/B (sky130_fd_sc_hd__nand2_1)
     2    0.01    0.11    0.13    1.79 ^ _158_/Y (sky130_fd_sc_hd__nand2_1)
                                         _095_ (net)
                  0.11    0.00    1.79 ^ _200_/A2 (sky130_fd_sc_hd__a211oi_1)
     1    0.01    0.08    0.19    1.98 v _200_/Y (sky130_fd_sc_hd__a211oi_1)
                                         net10 (net)
                  0.08    0.00    1.98 v wire19/A (sky130_fd_sc_hd__clkbuf_1)
     1    0.01    0.08    0.19    2.17 v wire19/X (sky130_fd_sc_hd__clkbuf_1)
                                         net19 (net)
                  0.08    0.00    2.17 v output10/A (sky130_fd_sc_hd__clkbuf_2)
     1    0.02    0.16    0.28    2.45 v output10/X (sky130_fd_sc_hd__clkbuf_2)
                                         error (net)
                  0.16    0.00    2.45 v error (out)
                                  2.45   data arrival time

                          0.00    0.00   clock clk (rise edge)
                          0.50    0.50   clock network delay (propagated)
                          0.10    0.60   clock uncertainty
                          0.00    0.60   clock reconvergence pessimism
                         -0.50    0.10   output external delay
                                  0.10   data required time
-----------------------------------------------------------------------------
                                  0.10   data required time
                                 -2.45   data arrival time
-----------------------------------------------------------------------------
                                  2.35   slack (MET)


Startpoint: _257_ (rising edge-triggered flip-flop clocked by clk)
Endpoint: seq_busy (output port clocked by clk)
Path Group: clk
Path Type: min
Corner: Slowest

Fanout     Cap    Slew   Delay    Time   Description
-----------------------------------------------------------------------------
                          0.00    0.00   clock clk (rise edge)
                          0.50    0.50   clock source latency
     1    0.02    0.09    0.06    0.56 ^ clk (in)
                                         clk (net)
                  0.09    0.00    0.56 ^ clkbuf_0_clk/A (sky130_fd_sc_hd__clkbuf_16)
     2    0.02    0.07    0.23    0.79 ^ clkbuf_0_clk/X (sky130_fd_sc_hd__clkbuf_16)
                                         clknet_0_clk (net)
                  0.07    0.00    0.79 ^ clkbuf_1_0__f_clk/A (sky130_fd_sc_hd__clkbuf_16)
    16    0.04    0.10    0.25    1.05 ^ clkbuf_1_0__f_clk/X (sky130_fd_sc_hd__clkbuf_16)
                                         clknet_1_0__leaf_clk (net)
                  0.10    0.00    1.05 ^ _257_/CLK (sky130_fd_sc_hd__dfrtp_1)
     3    0.01    0.18    0.74    1.78 ^ _257_/Q (sky130_fd_sc_hd__dfrtp_1)
                                         curr_state[1] (net)
                  0.18    0.00    1.78 ^ _138_/B (sky130_fd_sc_hd__nand2_1)
     3    0.01    0.22    0.26    2.05 v _138_/Y (sky130_fd_sc_hd__nand2_1)
                                         _077_ (net)
                  0.22    0.00    2.05 v _139_/A (sky130_fd_sc_hd__inv_2)
     2    0.01    0.09    0.15    2.20 ^ _139_/Y (sky130_fd_sc_hd__inv_2)
                                         _078_ (net)
                  0.09    0.00    2.20 ^ _140_/B (sky130_fd_sc_hd__nor2_1)
     1    0.00    0.04    0.08    2.28 v _140_/Y (sky130_fd_sc_hd__nor2_1)
                                         net18 (net)
                  0.04    0.00    2.28 v wire20/A (sky130_fd_sc_hd__buf_1)
     4    0.02    0.18    0.25    2.53 v wire20/X (sky130_fd_sc_hd__buf_1)
                                         net20 (net)
                  0.18    0.00    2.53 v output18/A (sky130_fd_sc_hd__clkbuf_2)
     1    0.02    0.15    0.33    2.86 v output18/X (sky130_fd_sc_hd__clkbuf_2)
                                         seq_busy (net)
                  0.15    0.00    2.86 v seq_busy (out)
                                  2.86   data arrival time

                          0.00    0.00   clock clk (rise edge)
                          0.50    0.50   clock network delay (propagated)
                          0.10    0.60   clock uncertainty
                          0.00    0.60   clock reconvergence pessimism
                         -0.50    0.10   output external delay
                                  0.10   data required time
-----------------------------------------------------------------------------
                                  0.10   data required time
                                 -2.86   data arrival time
-----------------------------------------------------------------------------
                                  2.76   slack (MET)



worst slack corner Slowest: 0.0685
======================= Typical Corner ===================================

Startpoint: req_off (input port clocked by clk)
Endpoint: _260_ (rising edge-triggered flip-flop clocked by clk)
Path Group: clk
Path Type: min
Corner: Typical

Fanout     Cap    Slew   Delay    Time   Description
-----------------------------------------------------------------------------
                          0.00    0.00   clock clk (rise edge)
                          0.50    0.50   clock network delay (propagated)
                          0.50    1.00 ^ input external delay
     1    0.00    0.02    0.01    1.01 ^ req_off (in)
                                         req_off (net)
                  0.02    0.00    1.01 ^ input4/A (sky130_fd_sc_hd__clkbuf_1)
     1    0.00    0.04    0.07    1.08 ^ input4/X (sky130_fd_sc_hd__clkbuf_1)
                                         net4 (net)
                  0.04    0.00    1.08 ^ _260_/D (sky130_fd_sc_hd__dfrtp_1)
                                  1.08   data arrival time

                          0.00    0.00   clock clk (rise edge)
                          0.50    0.50   clock source latency
     1    0.02    0.05    0.04    0.54 ^ clk (in)
                                         clk (net)
                  0.05    0.00    0.54 ^ clkbuf_0_clk/A (sky130_fd_sc_hd__clkbuf_16)
     2    0.02    0.04    0.13    0.67 ^ clkbuf_0_clk/X (sky130_fd_sc_hd__clkbuf_16)
                                         clknet_0_clk (net)
                  0.04    0.00    0.67 ^ clkbuf_1_0__f_clk/A (sky130_fd_sc_hd__clkbuf_16)
    16    0.05    0.06    0.14    0.81 ^ clkbuf_1_0__f_clk/X (sky130_fd_sc_hd__clkbuf_16)
                                         clknet_1_0__leaf_clk (net)
                  0.06    0.00    0.81 ^ _260_/CLK (sky130_fd_sc_hd__dfrtp_1)
                          0.10    0.91   clock uncertainty
                          0.00    0.91   clock reconvergence pessimism
                         -0.03    0.88   library hold time
                                  0.88   data required time
-----------------------------------------------------------------------------
                                  0.88   data required time
                                 -1.08   data arrival time
-----------------------------------------------------------------------------
                                  0.20   slack (MET)


Startpoint: req_idle (input port clocked by clk)
Endpoint: _262_ (rising edge-triggered flip-flop clocked by clk)
Path Group: clk
Path Type: min
Corner: Typical

Fanout     Cap    Slew   Delay    Time   Description
-----------------------------------------------------------------------------
                          0.00    0.00   clock clk (rise edge)
                          0.50    0.50   clock network delay (propagated)
                          0.50    1.00 ^ input external delay
     1    0.00    0.02    0.01    1.01 ^ req_idle (in)
                                         req_idle (net)
                  0.02    0.00    1.01 ^ input3/A (sky130_fd_sc_hd__clkbuf_1)
     1    0.00    0.04    0.07    1.08 ^ input3/X (sky130_fd_sc_hd__clkbuf_1)
                                         net3 (net)
                  0.04    0.00    1.08 ^ _262_/D (sky130_fd_sc_hd__dfrtp_1)
                                  1.08   data arrival time

                          0.00    0.00   clock clk (rise edge)
                          0.50    0.50   clock source latency
     1    0.02    0.05    0.04    0.54 ^ clk (in)
                                         clk (net)
                  0.05    0.00    0.54 ^ clkbuf_0_clk/A (sky130_fd_sc_hd__clkbuf_16)
     2    0.02    0.04    0.13    0.67 ^ clkbuf_0_clk/X (sky130_fd_sc_hd__clkbuf_16)
                                         clknet_0_clk (net)
                  0.04    0.00    0.67 ^ clkbuf_1_0__f_clk/A (sky130_fd_sc_hd__clkbuf_16)
    16    0.05    0.06    0.14    0.81 ^ clkbuf_1_0__f_clk/X (sky130_fd_sc_hd__clkbuf_16)
                                         clknet_1_0__leaf_clk (net)
                  0.06    0.00    0.81 ^ _262_/CLK (sky130_fd_sc_hd__dfrtp_1)
                          0.10    0.91   clock uncertainty
                          0.00    0.91   clock reconvergence pessimism
                         -0.03    0.88   library hold time
                                  0.88   data required time
-----------------------------------------------------------------------------
                                  0.88   data required time
                                 -1.08   data arrival time
-----------------------------------------------------------------------------
                                  0.20   slack (MET)


Startpoint: req_sleep (input port clocked by clk)
Endpoint: _261_ (rising edge-triggered flip-flop clocked by clk)
Path Group: clk
Path Type: min
Corner: Typical

Fanout     Cap    Slew   Delay    Time   Description
-----------------------------------------------------------------------------
                          0.00    0.00   clock clk (rise edge)
                          0.50    0.50   clock network delay (propagated)
                          0.50    1.00 ^ input external delay
     1    0.00    0.02    0.01    1.01 ^ req_sleep (in)
                                         req_sleep (net)
                  0.02    0.00    1.01 ^ input5/A (sky130_fd_sc_hd__clkbuf_1)
     1    0.00    0.05    0.08    1.09 ^ input5/X (sky130_fd_sc_hd__clkbuf_1)
                                         net5 (net)
                  0.05    0.00    1.09 ^ _261_/D (sky130_fd_sc_hd__dfrtp_1)
                                  1.09   data arrival time

                          0.00    0.00   clock clk (rise edge)
                          0.50    0.50   clock source latency
     1    0.02    0.05    0.04    0.54 ^ clk (in)
                                         clk (net)
                  0.05    0.00    0.54 ^ clkbuf_0_clk/A (sky130_fd_sc_hd__clkbuf_16)
     2    0.02    0.04    0.13    0.67 ^ clkbuf_0_clk/X (sky130_fd_sc_hd__clkbuf_16)
                                         clknet_0_clk (net)
                  0.04    0.00    0.67 ^ clkbuf_1_0__f_clk/A (sky130_fd_sc_hd__clkbuf_16)
    16    0.05    0.06    0.14    0.81 ^ clkbuf_1_0__f_clk/X (sky130_fd_sc_hd__clkbuf_16)
                                         clknet_1_0__leaf_clk (net)
                  0.06    0.00    0.81 ^ _261_/CLK (sky130_fd_sc_hd__dfrtp_1)
                          0.10    0.91   clock uncertainty
                          0.00    0.91   clock reconvergence pessimism
                         -0.03    0.88   library hold time
                                  0.88   data required time
-----------------------------------------------------------------------------
                                  0.88   data required time
                                 -1.09   data arrival time
-----------------------------------------------------------------------------
                                  0.21   slack (MET)


Startpoint: wake_up (input port clocked by clk)
Endpoint: _259_ (rising edge-triggered flip-flop clocked by clk)
Path Group: clk
Path Type: min
Corner: Typical

Fanout     Cap    Slew   Delay    Time   Description
-----------------------------------------------------------------------------
                          0.00    0.00   clock clk (rise edge)
                          0.50    0.50   clock network delay (propagated)
                          0.50    1.00 ^ input external delay
     1    0.00    0.02    0.01    1.01 ^ wake_up (in)
                                         wake_up (net)
                  0.02    0.00    1.01 ^ input7/A (sky130_fd_sc_hd__clkbuf_1)
     1    0.00    0.05    0.08    1.09 ^ input7/X (sky130_fd_sc_hd__clkbuf_1)
                                         net7 (net)
                  0.05    0.00    1.09 ^ _259_/D (sky130_fd_sc_hd__dfrtp_1)
                                  1.09   data arrival time

                          0.00    0.00   clock clk (rise edge)
                          0.50    0.50   clock source latency
     1    0.02    0.05    0.04    0.54 ^ clk (in)
                                         clk (net)
                  0.05    0.00    0.54 ^ clkbuf_0_clk/A (sky130_fd_sc_hd__clkbuf_16)
     2    0.02    0.04    0.13    0.67 ^ clkbuf_0_clk/X (sky130_fd_sc_hd__clkbuf_16)
                                         clknet_0_clk (net)
                  0.04    0.00    0.67 ^ clkbuf_1_0__f_clk/A (sky130_fd_sc_hd__clkbuf_16)
    16    0.05    0.06    0.14    0.81 ^ clkbuf_1_0__f_clk/X (sky130_fd_sc_hd__clkbuf_16)
                                         clknet_1_0__leaf_clk (net)
                  0.06    0.00    0.81 ^ _259_/CLK (sky130_fd_sc_hd__dfrtp_1)
                          0.10    0.91   clock uncertainty
                          0.00    0.91   clock reconvergence pessimism
                         -0.03    0.88   library hold time
                                  0.88   data required time
-----------------------------------------------------------------------------
                                  0.88   data required time
                                 -1.09   data arrival time
-----------------------------------------------------------------------------
                                  0.21   slack (MET)


Startpoint: _262_ (rising edge-triggered flip-flop clocked by clk)
Endpoint: _266_ (rising edge-triggered flip-flop clocked by clk)
Path Group: clk
Path Type: min
Corner: Typical

Fanout     Cap    Slew   Delay    Time   Description
-----------------------------------------------------------------------------
                          0.00    0.00   clock clk (rise edge)
                          0.50    0.50   clock source latency
     1    0.02    0.05    0.04    0.54 ^ clk (in)
                                         clk (net)
                  0.05    0.00    0.54 ^ clkbuf_0_clk/A (sky130_fd_sc_hd__clkbuf_16)
     2    0.02    0.04    0.13    0.67 ^ clkbuf_0_clk/X (sky130_fd_sc_hd__clkbuf_16)
                                         clknet_0_clk (net)
                  0.04    0.00    0.67 ^ clkbuf_1_0__f_clk/A (sky130_fd_sc_hd__clkbuf_16)
    16    0.05    0.06    0.14    0.81 ^ clkbuf_1_0__f_clk/X (sky130_fd_sc_hd__clkbuf_16)
                                         clknet_1_0__leaf_clk (net)
                  0.06    0.00    0.81 ^ _262_/CLK (sky130_fd_sc_hd__dfrtp_1)
     1    0.00    0.04    0.32    1.13 ^ _262_/Q (sky130_fd_sc_hd__dfrtp_1)
                                         sync_stage1[3] (net)
                  0.04    0.00    1.13 ^ _266_/D (sky130_fd_sc_hd__dfrtp_1)
                                  1.13   data arrival time

                          0.00    0.00   clock clk (rise edge)
                          0.50    0.50   clock source latency
     1    0.02    0.05    0.04    0.54 ^ clk (in)
                                         clk (net)
                  0.05    0.00    0.54 ^ clkbuf_0_clk/A (sky130_fd_sc_hd__clkbuf_16)
     2    0.02    0.04    0.13    0.67 ^ clkbuf_0_clk/X (sky130_fd_sc_hd__clkbuf_16)
                                         clknet_0_clk (net)
                  0.04    0.00    0.67 ^ clkbuf_1_0__f_clk/A (sky130_fd_sc_hd__clkbuf_16)
    16    0.05    0.06    0.14    0.81 ^ clkbuf_1_0__f_clk/X (sky130_fd_sc_hd__clkbuf_16)
                                         clknet_1_0__leaf_clk (net)
                  0.06    0.00    0.81 ^ _266_/CLK (sky130_fd_sc_hd__dfrtp_1)
                          0.10    0.91   clock uncertainty
                          0.00    0.91   clock reconvergence pessimism
                         -0.03    0.88   library hold time
                                  0.88   data required time
-----------------------------------------------------------------------------
                                  0.88   data required time
                                 -1.13   data arrival time
-----------------------------------------------------------------------------
                                  0.25   slack (MET)


Startpoint: _261_ (rising edge-triggered flip-flop clocked by clk)
Endpoint: _265_ (rising edge-triggered flip-flop clocked by clk)
Path Group: clk
Path Type: min
Corner: Typical

Fanout     Cap    Slew   Delay    Time   Description
-----------------------------------------------------------------------------
                          0.00    0.00   clock clk (rise edge)
                          0.50    0.50   clock source latency
     1    0.02    0.05    0.04    0.54 ^ clk (in)
                                         clk (net)
                  0.05    0.00    0.54 ^ clkbuf_0_clk/A (sky130_fd_sc_hd__clkbuf_16)
     2    0.02    0.04    0.13    0.67 ^ clkbuf_0_clk/X (sky130_fd_sc_hd__clkbuf_16)
                                         clknet_0_clk (net)
                  0.04    0.00    0.67 ^ clkbuf_1_0__f_clk/A (sky130_fd_sc_hd__clkbuf_16)
    16    0.05    0.06    0.14    0.81 ^ clkbuf_1_0__f_clk/X (sky130_fd_sc_hd__clkbuf_16)
                                         clknet_1_0__leaf_clk (net)
                  0.06    0.00    0.81 ^ _261_/CLK (sky130_fd_sc_hd__dfrtp_1)
     1    0.00    0.04    0.32    1.13 ^ _261_/Q (sky130_fd_sc_hd__dfrtp_1)
                                         sync_stage1[2] (net)
                  0.04    0.00    1.13 ^ _265_/D (sky130_fd_sc_hd__dfrtp_1)
                                  1.13   data arrival time

                          0.00    0.00   clock clk (rise edge)
                          0.50    0.50   clock source latency
     1    0.02    0.05    0.04    0.54 ^ clk (in)
                                         clk (net)
                  0.05    0.00    0.54 ^ clkbuf_0_clk/A (sky130_fd_sc_hd__clkbuf_16)
     2    0.02    0.04    0.13    0.67 ^ clkbuf_0_clk/X (sky130_fd_sc_hd__clkbuf_16)
                                         clknet_0_clk (net)
                  0.04    0.00    0.67 ^ clkbuf_1_0__f_clk/A (sky130_fd_sc_hd__clkbuf_16)
    16    0.05    0.06    0.14    0.81 ^ clkbuf_1_0__f_clk/X (sky130_fd_sc_hd__clkbuf_16)
                                         clknet_1_0__leaf_clk (net)
                  0.06    0.00    0.81 ^ _265_/CLK (sky130_fd_sc_hd__dfrtp_1)
                          0.10    0.91   clock uncertainty
                          0.00    0.91   clock reconvergence pessimism
                         -0.03    0.88   library hold time
                                  0.88   data required time
-----------------------------------------------------------------------------
                                  0.88   data required time
                                 -1.13   data arrival time
-----------------------------------------------------------------------------
                                  0.25   slack (MET)


Startpoint: _260_ (rising edge-triggered flip-flop clocked by clk)
Endpoint: _264_ (rising edge-triggered flip-flop clocked by clk)
Path Group: clk
Path Type: min
Corner: Typical

Fanout     Cap    Slew   Delay    Time   Description
-----------------------------------------------------------------------------
                          0.00    0.00   clock clk (rise edge)
                          0.50    0.50   clock source latency
     1    0.02    0.05    0.04    0.54 ^ clk (in)
                                         clk (net)
                  0.05    0.00    0.54 ^ clkbuf_0_clk/A (sky130_fd_sc_hd__clkbuf_16)
     2    0.02    0.04    0.13    0.67 ^ clkbuf_0_clk/X (sky130_fd_sc_hd__clkbuf_16)
                                         clknet_0_clk (net)
                  0.04    0.00    0.67 ^ clkbuf_1_0__f_clk/A (sky130_fd_sc_hd__clkbuf_16)
    16    0.05    0.06    0.14    0.81 ^ clkbuf_1_0__f_clk/X (sky130_fd_sc_hd__clkbuf_16)
                                         clknet_1_0__leaf_clk (net)
                  0.06    0.00    0.81 ^ _260_/CLK (sky130_fd_sc_hd__dfrtp_1)
     1    0.00    0.04    0.32    1.13 ^ _260_/Q (sky130_fd_sc_hd__dfrtp_1)
                                         sync_stage1[1] (net)
                  0.04    0.00    1.13 ^ _264_/D (sky130_fd_sc_hd__dfrtp_1)
                                  1.13   data arrival time

                          0.00    0.00   clock clk (rise edge)
                          0.50    0.50   clock source latency
     1    0.02    0.05    0.04    0.54 ^ clk (in)
                                         clk (net)
                  0.05    0.00    0.54 ^ clkbuf_0_clk/A (sky130_fd_sc_hd__clkbuf_16)
     2    0.02    0.04    0.13    0.67 ^ clkbuf_0_clk/X (sky130_fd_sc_hd__clkbuf_16)
                                         clknet_0_clk (net)
                  0.04    0.00    0.67 ^ clkbuf_1_0__f_clk/A (sky130_fd_sc_hd__clkbuf_16)
    16    0.05    0.06    0.14    0.81 ^ clkbuf_1_0__f_clk/X (sky130_fd_sc_hd__clkbuf_16)
                                         clknet_1_0__leaf_clk (net)
                  0.06    0.00    0.81 ^ _264_/CLK (sky130_fd_sc_hd__dfrtp_1)
                          0.10    0.91   clock uncertainty
                          0.00    0.91   clock reconvergence pessimism
                         -0.03    0.88   library hold time
                                  0.88   data required time
-----------------------------------------------------------------------------
                                  0.88   data required time
                                 -1.13   data arrival time
-----------------------------------------------------------------------------
                                  0.25   slack (MET)


Startpoint: _259_ (rising edge-triggered flip-flop clocked by clk)
Endpoint: _263_ (rising edge-triggered flip-flop clocked by clk)
Path Group: clk
Path Type: min
Corner: Typical

Fanout     Cap    Slew   Delay    Time   Description
-----------------------------------------------------------------------------
                          0.00    0.00   clock clk (rise edge)
                          0.50    0.50   clock source latency
     1    0.02    0.05    0.04    0.54 ^ clk (in)
                                         clk (net)
                  0.05    0.00    0.54 ^ clkbuf_0_clk/A (sky130_fd_sc_hd__clkbuf_16)
     2    0.02    0.04    0.13    0.67 ^ clkbuf_0_clk/X (sky130_fd_sc_hd__clkbuf_16)
                                         clknet_0_clk (net)
                  0.04    0.00    0.67 ^ clkbuf_1_0__f_clk/A (sky130_fd_sc_hd__clkbuf_16)
    16    0.05    0.06    0.14    0.81 ^ clkbuf_1_0__f_clk/X (sky130_fd_sc_hd__clkbuf_16)
                                         clknet_1_0__leaf_clk (net)
                  0.06    0.00    0.81 ^ _259_/CLK (sky130_fd_sc_hd__dfrtp_1)
     1    0.00    0.05    0.33    1.14 ^ _259_/Q (sky130_fd_sc_hd__dfrtp_1)
                                         sync_stage1[0] (net)
                  0.05    0.00    1.14 ^ _263_/D (sky130_fd_sc_hd__dfrtp_1)
                                  1.14   data arrival time

                          0.00    0.00   clock clk (rise edge)
                          0.50    0.50   clock source latency
     1    0.02    0.05    0.04    0.54 ^ clk (in)
                                         clk (net)
                  0.05    0.00    0.54 ^ clkbuf_0_clk/A (sky130_fd_sc_hd__clkbuf_16)
     2    0.02    0.04    0.13    0.67 ^ clkbuf_0_clk/X (sky130_fd_sc_hd__clkbuf_16)
                                         clknet_0_clk (net)
                  0.04    0.00    0.67 ^ clkbuf_1_0__f_clk/A (sky130_fd_sc_hd__clkbuf_16)
    16    0.05    0.06    0.14    0.81 ^ clkbuf_1_0__f_clk/X (sky130_fd_sc_hd__clkbuf_16)
                                         clknet_1_0__leaf_clk (net)
                  0.06    0.00    0.81 ^ _263_/CLK (sky130_fd_sc_hd__dfrtp_1)
                          0.10    0.91   clock uncertainty
                          0.00    0.91   clock reconvergence pessimism
                         -0.03    0.88   library hold time
                                  0.88   data required time
-----------------------------------------------------------------------------
                                  0.88   data required time
                                 -1.14   data arrival time
-----------------------------------------------------------------------------
                                  0.26   slack (MET)


Startpoint: _257_ (rising edge-triggered flip-flop clocked by clk)
Endpoint: _249_ (rising edge-triggered flip-flop clocked by clk)
Path Group: clk
Path Type: min
Corner: Typical

Fanout     Cap    Slew   Delay    Time   Description
-----------------------------------------------------------------------------
                          0.00    0.00   clock clk (rise edge)
                          0.50    0.50   clock source latency
     1    0.02    0.05    0.04    0.54 ^ clk (in)
                                         clk (net)
                  0.05    0.00    0.54 ^ clkbuf_0_clk/A (sky130_fd_sc_hd__clkbuf_16)
     2    0.02    0.04    0.13    0.67 ^ clkbuf_0_clk/X (sky130_fd_sc_hd__clkbuf_16)
                                         clknet_0_clk (net)
                  0.04    0.00    0.67 ^ clkbuf_1_0__f_clk/A (sky130_fd_sc_hd__clkbuf_16)
    16    0.05    0.06    0.14    0.81 ^ clkbuf_1_0__f_clk/X (sky130_fd_sc_hd__clkbuf_16)
                                         clknet_1_0__leaf_clk (net)
                  0.06    0.00    0.81 ^ _257_/CLK (sky130_fd_sc_hd__dfrtp_1)
     3    0.01    0.07    0.40    1.21 v _257_/Q (sky130_fd_sc_hd__dfrtp_1)
                                         curr_state[1] (net)
                  0.07    0.00    1.21 v _169_/A (sky130_fd_sc_hd__inv_2)
     2    0.01    0.04    0.06    1.27 ^ _169_/Y (sky130_fd_sc_hd__inv_2)
                                         _106_ (net)
                  0.04    0.00    1.27 ^ _183_/B (sky130_fd_sc_hd__nor2_1)
     2    0.01    0.04    0.05    1.32 v _183_/Y (sky130_fd_sc_hd__nor2_1)
                                         _002_ (net)
                  0.04    0.00    1.32 v _249_/D (sky130_fd_sc_hd__dfrtp_1)
                                  1.32   data arrival time

                          0.00    0.00   clock clk (rise edge)
                          0.50    0.50   clock source latency
     1    0.02    0.05    0.04    0.54 ^ clk (in)
                                         clk (net)
                  0.05    0.00    0.54 ^ clkbuf_0_clk/A (sky130_fd_sc_hd__clkbuf_16)
     2    0.02    0.04    0.13    0.67 ^ clkbuf_0_clk/X (sky130_fd_sc_hd__clkbuf_16)
                                         clknet_0_clk (net)
                  0.04    0.00    0.67 ^ clkbuf_1_0__f_clk/A (sky130_fd_sc_hd__clkbuf_16)
    16    0.05    0.06    0.14    0.81 ^ clkbuf_1_0__f_clk/X (sky130_fd_sc_hd__clkbuf_16)
                                         clknet_1_0__leaf_clk (net)
                  0.06    0.00    0.81 ^ _249_/CLK (sky130_fd_sc_hd__dfrtp_1)
                          0.10    0.91   clock uncertainty
                          0.00    0.91   clock reconvergence pessimism
                         -0.04    0.87   library hold time
                                  0.87   data required time
-----------------------------------------------------------------------------
                                  0.87   data required time
                                 -1.32   data arrival time
-----------------------------------------------------------------------------
                                  0.45   slack (MET)


Startpoint: _247_ (rising edge-triggered flip-flop clocked by clk)
Endpoint: _247_ (rising edge-triggered flip-flop clocked by clk)
Path Group: clk
Path Type: min
Corner: Typical

Fanout     Cap    Slew   Delay    Time   Description
-----------------------------------------------------------------------------
                          0.00    0.00   clock clk (rise edge)
                          0.50    0.50   clock source latency
     1    0.02    0.05    0.04    0.54 ^ clk (in)
                                         clk (net)
                  0.05    0.00    0.54 ^ clkbuf_0_clk/A (sky130_fd_sc_hd__clkbuf_16)
     2    0.02    0.04    0.13    0.67 ^ clkbuf_0_clk/X (sky130_fd_sc_hd__clkbuf_16)
                                         clknet_0_clk (net)
                  0.04    0.00    0.67 ^ clkbuf_1_1__f_clk/A (sky130_fd_sc_hd__clkbuf_16)
    13    0.05    0.06    0.14    0.81 ^ clkbuf_1_1__f_clk/X (sky130_fd_sc_hd__clkbuf_16)
                                         clknet_1_1__leaf_clk (net)
                  0.06    0.00    0.81 ^ _247_/CLK (sky130_fd_sc_hd__dfrtp_1)
     2    0.01    0.09    0.36    1.17 ^ _247_/Q (sky130_fd_sc_hd__dfrtp_1)
                                         seq_timer[7] (net)
                  0.09    0.00    1.17 ^ _237_/A (sky130_fd_sc_hd__xor2_1)
     1    0.00    0.04    0.07    1.25 v _237_/X (sky130_fd_sc_hd__xor2_1)
                                         _056_ (net)
                  0.04    0.00    1.25 v _238_/A (sky130_fd_sc_hd__nor2_1)
     1    0.00    0.08    0.09    1.34 ^ _238_/Y (sky130_fd_sc_hd__nor2_1)
                                         _011_ (net)
                  0.08    0.00    1.34 ^ _247_/D (sky130_fd_sc_hd__dfrtp_1)
                                  1.34   data arrival time

                          0.00    0.00   clock clk (rise edge)
                          0.50    0.50   clock source latency
     1    0.02    0.05    0.04    0.54 ^ clk (in)
                                         clk (net)
                  0.05    0.00    0.54 ^ clkbuf_0_clk/A (sky130_fd_sc_hd__clkbuf_16)
     2    0.02    0.04    0.13    0.67 ^ clkbuf_0_clk/X (sky130_fd_sc_hd__clkbuf_16)
                                         clknet_0_clk (net)
                  0.04    0.00    0.67 ^ clkbuf_1_1__f_clk/A (sky130_fd_sc_hd__clkbuf_16)
    13    0.05    0.06    0.14    0.81 ^ clkbuf_1_1__f_clk/X (sky130_fd_sc_hd__clkbuf_16)
                                         clknet_1_1__leaf_clk (net)
                  0.06    0.00    0.81 ^ _247_/CLK (sky130_fd_sc_hd__dfrtp_1)
                          0.10    0.91   clock uncertainty
                          0.00    0.91   clock reconvergence pessimism
                         -0.04    0.87   library hold time
                                  0.87   data required time
-----------------------------------------------------------------------------
                                  0.87   data required time
                                 -1.34   data arrival time
-----------------------------------------------------------------------------
                                  0.47   slack (MET)


Startpoint: _246_ (rising edge-triggered flip-flop clocked by clk)
Endpoint: _246_ (rising edge-triggered flip-flop clocked by clk)
Path Group: clk
Path Type: min
Corner: Typical

Fanout     Cap    Slew   Delay    Time   Description
-----------------------------------------------------------------------------
                          0.00    0.00   clock clk (rise edge)
                          0.50    0.50   clock source latency
     1    0.02    0.05    0.04    0.54 ^ clk (in)
                                         clk (net)
                  0.05    0.00    0.54 ^ clkbuf_0_clk/A (sky130_fd_sc_hd__clkbuf_16)
     2    0.02    0.04    0.13    0.67 ^ clkbuf_0_clk/X (sky130_fd_sc_hd__clkbuf_16)
                                         clknet_0_clk (net)
                  0.04    0.00    0.67 ^ clkbuf_1_1__f_clk/A (sky130_fd_sc_hd__clkbuf_16)
    13    0.05    0.06    0.14    0.81 ^ clkbuf_1_1__f_clk/X (sky130_fd_sc_hd__clkbuf_16)
                                         clknet_1_1__leaf_clk (net)
                  0.06    0.00    0.81 ^ _246_/CLK (sky130_fd_sc_hd__dfrtp_1)
     3    0.01    0.09    0.36    1.17 ^ _246_/Q (sky130_fd_sc_hd__dfrtp_1)
                                         seq_timer[6] (net)
                  0.09    0.00    1.17 ^ _234_/B (sky130_fd_sc_hd__nand2_1)
     2    0.01    0.07    0.09    1.27 v _234_/Y (sky130_fd_sc_hd__nand2_1)
                                         _054_ (net)
                  0.07    0.00    1.27 v _235_/B (sky130_fd_sc_hd__nand2_1)
     1    0.00    0.04    0.08    1.35 ^ _235_/Y (sky130_fd_sc_hd__nand2_1)
                                         _055_ (net)
                  0.04    0.00    1.35 ^ _236_/A (sky130_fd_sc_hd__nor2_1)
     1    0.00    0.02    0.04    1.39 v _236_/Y (sky130_fd_sc_hd__nor2_1)
                                         _010_ (net)
                  0.02    0.00    1.39 v _246_/D (sky130_fd_sc_hd__dfrtp_1)
                                  1.39   data arrival time

                          0.00    0.00   clock clk (rise edge)
                          0.50    0.50   clock source latency
     1    0.02    0.05    0.04    0.54 ^ clk (in)
                                         clk (net)
                  0.05    0.00    0.54 ^ clkbuf_0_clk/A (sky130_fd_sc_hd__clkbuf_16)
     2    0.02    0.04    0.13    0.67 ^ clkbuf_0_clk/X (sky130_fd_sc_hd__clkbuf_16)
                                         clknet_0_clk (net)
                  0.04    0.00    0.67 ^ clkbuf_1_1__f_clk/A (sky130_fd_sc_hd__clkbuf_16)
    13    0.05    0.06    0.14    0.81 ^ clkbuf_1_1__f_clk/X (sky130_fd_sc_hd__clkbuf_16)
                                         clknet_1_1__leaf_clk (net)
                  0.06    0.00    0.81 ^ _246_/CLK (sky130_fd_sc_hd__dfrtp_1)
                          0.10    0.91   clock uncertainty
                          0.00    0.91   clock reconvergence pessimism
                         -0.03    0.88   library hold time
                                  0.88   data required time
-----------------------------------------------------------------------------
                                  0.88   data required time
                                 -1.39   data arrival time
-----------------------------------------------------------------------------
                                  0.51   slack (MET)


Startpoint: _240_ (rising edge-triggered flip-flop clocked by clk)
Endpoint: _251_ (rising edge-triggered flip-flop clocked by clk)
Path Group: clk
Path Type: min
Corner: Typical

Fanout     Cap    Slew   Delay    Time   Description
-----------------------------------------------------------------------------
                          0.00    0.00   clock clk (rise edge)
                          0.50    0.50   clock source latency
     1    0.02    0.05    0.04    0.54 ^ clk (in)
                                         clk (net)
                  0.05    0.00    0.54 ^ clkbuf_0_clk/A (sky130_fd_sc_hd__clkbuf_16)
     2    0.02    0.04    0.13    0.67 ^ clkbuf_0_clk/X (sky130_fd_sc_hd__clkbuf_16)
                                         clknet_0_clk (net)
                  0.04    0.00    0.67 ^ clkbuf_1_1__f_clk/A (sky130_fd_sc_hd__clkbuf_16)
    13    0.05    0.06    0.14    0.81 ^ clkbuf_1_1__f_clk/X (sky130_fd_sc_hd__clkbuf_16)
                                         clknet_1_1__leaf_clk (net)
                  0.06    0.00    0.81 ^ _240_/CLK (sky130_fd_sc_hd__dfrtp_1)
     5    0.02    0.17    0.42    1.23 ^ _240_/Q (sky130_fd_sc_hd__dfrtp_1)
                                         seq_timer[0] (net)
                  0.17    0.00    1.23 ^ _198_/A2 (sky130_fd_sc_hd__o211a_1)
     1    0.00    0.05    0.17    1.40 ^ _198_/X (sky130_fd_sc_hd__o211a_1)
                                         _003_ (net)
                  0.05    0.00    1.40 ^ _251_/D (sky130_fd_sc_hd__dfrtp_1)
                                  1.40   data arrival time

                          0.00    0.00   clock clk (rise edge)
                          0.50    0.50   clock source latency
     1    0.02    0.05    0.04    0.54 ^ clk (in)
                                         clk (net)
                  0.05    0.00    0.54 ^ clkbuf_0_clk/A (sky130_fd_sc_hd__clkbuf_16)
     2    0.02    0.04    0.13    0.67 ^ clkbuf_0_clk/X (sky130_fd_sc_hd__clkbuf_16)
                                         clknet_0_clk (net)
                  0.04    0.00    0.67 ^ clkbuf_1_0__f_clk/A (sky130_fd_sc_hd__clkbuf_16)
    16    0.05    0.06    0.14    0.81 ^ clkbuf_1_0__f_clk/X (sky130_fd_sc_hd__clkbuf_16)
                                         clknet_1_0__leaf_clk (net)
                  0.06    0.00    0.81 ^ _251_/CLK (sky130_fd_sc_hd__dfrtp_1)
                          0.10    0.91   clock uncertainty
                          0.00    0.91   clock reconvergence pessimism
                         -0.03    0.88   library hold time
                                  0.88   data required time
-----------------------------------------------------------------------------
                                  0.88   data required time
                                 -1.40   data arrival time
-----------------------------------------------------------------------------
                                  0.52   slack (MET)


Startpoint: _256_ (rising edge-triggered flip-flop clocked by clk)
Endpoint: _239_ (rising edge-triggered flip-flop clocked by clk)
Path Group: clk
Path Type: min
Corner: Typical

Fanout     Cap    Slew   Delay    Time   Description
-----------------------------------------------------------------------------
                          0.00    0.00   clock clk (rise edge)
                          0.50    0.50   clock source latency
     1    0.02    0.05    0.04    0.54 ^ clk (in)
                                         clk (net)
                  0.05    0.00    0.54 ^ clkbuf_0_clk/A (sky130_fd_sc_hd__clkbuf_16)
     2    0.02    0.04    0.13    0.67 ^ clkbuf_0_clk/X (sky130_fd_sc_hd__clkbuf_16)
                                         clknet_0_clk (net)
                  0.04    0.00    0.67 ^ clkbuf_1_0__f_clk/A (sky130_fd_sc_hd__clkbuf_16)
    16    0.05    0.06    0.14    0.81 ^ clkbuf_1_0__f_clk/X (sky130_fd_sc_hd__clkbuf_16)
                                         clknet_1_0__leaf_clk (net)
                  0.06    0.00    0.81 ^ _256_/CLK (sky130_fd_sc_hd__dfrtp_4)
     8    0.03    0.11    0.46    1.28 ^ _256_/Q (sky130_fd_sc_hd__dfrtp_4)
                                         curr_state[0] (net)
                  0.11    0.00    1.28 ^ _189_/A (sky130_fd_sc_hd__nor2_1)
     2    0.01    0.05    0.09    1.36 v _189_/Y (sky130_fd_sc_hd__nor2_1)
                                         _022_ (net)
                  0.05    0.00    1.36 v _190_/A (sky130_fd_sc_hd__inv_2)
     1    0.00    0.03    0.05    1.41 ^ _190_/Y (sky130_fd_sc_hd__inv_2)
                                         _001_ (net)
                  0.03    0.00    1.41 ^ _239_/D (sky130_fd_sc_hd__dfstp_1)
                                  1.41   data arrival time

                          0.00    0.00   clock clk (rise edge)
                          0.50    0.50   clock source latency
     1    0.02    0.05    0.04    0.54 ^ clk (in)
                                         clk (net)
                  0.05    0.00    0.54 ^ clkbuf_0_clk/A (sky130_fd_sc_hd__clkbuf_16)
     2    0.02    0.04    0.13    0.67 ^ clkbuf_0_clk/X (sky130_fd_sc_hd__clkbuf_16)
                                         clknet_0_clk (net)
                  0.04    0.00    0.67 ^ clkbuf_1_1__f_clk/A (sky130_fd_sc_hd__clkbuf_16)
    13    0.05    0.06    0.14    0.81 ^ clkbuf_1_1__f_clk/X (sky130_fd_sc_hd__clkbuf_16)
                                         clknet_1_1__leaf_clk (net)
                  0.06    0.00    0.81 ^ _239_/CLK (sky130_fd_sc_hd__dfstp_1)
                          0.10    0.91   clock uncertainty
                          0.00    0.91   clock reconvergence pessimism
                         -0.03    0.88   library hold time
                                  0.88   data required time
-----------------------------------------------------------------------------
                                  0.88   data required time
                                 -1.41   data arrival time
-----------------------------------------------------------------------------
                                  0.53   slack (MET)


Startpoint: _243_ (rising edge-triggered flip-flop clocked by clk)
Endpoint: _243_ (rising edge-triggered flip-flop clocked by clk)
Path Group: clk
Path Type: min
Corner: Typical

Fanout     Cap    Slew   Delay    Time   Description
-----------------------------------------------------------------------------
                          0.00    0.00   clock clk (rise edge)
                          0.50    0.50   clock source latency
     1    0.02    0.05    0.04    0.54 ^ clk (in)
                                         clk (net)
                  0.05    0.00    0.54 ^ clkbuf_0_clk/A (sky130_fd_sc_hd__clkbuf_16)
     2    0.02    0.04    0.13    0.67 ^ clkbuf_0_clk/X (sky130_fd_sc_hd__clkbuf_16)
                                         clknet_0_clk (net)
                  0.04    0.00    0.67 ^ clkbuf_1_1__f_clk/A (sky130_fd_sc_hd__clkbuf_16)
    13    0.05    0.06    0.14    0.81 ^ clkbuf_1_1__f_clk/X (sky130_fd_sc_hd__clkbuf_16)
                                         clknet_1_1__leaf_clk (net)
                  0.06    0.00    0.81 ^ _243_/CLK (sky130_fd_sc_hd__dfrtp_1)
     3    0.01    0.07    0.40    1.21 v _243_/Q (sky130_fd_sc_hd__dfrtp_1)
                                         seq_timer[3] (net)
                  0.07    0.00    1.21 v _133_/A (sky130_fd_sc_hd__inv_2)
     2    0.01    0.04    0.06    1.27 ^ _133_/Y (sky130_fd_sc_hd__inv_2)
                                         _073_ (net)
                  0.04    0.00    1.27 ^ _220_/B (sky130_fd_sc_hd__nand2_1)
     1    0.00    0.03    0.04    1.31 v _220_/Y (sky130_fd_sc_hd__nand2_1)
                                         _043_ (net)
                  0.03    0.00    1.31 v _222_/A (sky130_fd_sc_hd__nand2_1)
     1    0.00    0.04    0.05    1.36 ^ _222_/Y (sky130_fd_sc_hd__nand2_1)
                                         _045_ (net)
                  0.04    0.00    1.36 ^ _223_/A (sky130_fd_sc_hd__nor2_1)
     1    0.00    0.03    0.04    1.40 v _223_/Y (sky130_fd_sc_hd__nor2_1)
                                         _007_ (net)
                  0.03    0.00    1.40 v _243_/D (sky130_fd_sc_hd__dfrtp_1)
                                  1.40   data arrival time

                          0.00    0.00   clock clk (rise edge)
                          0.50    0.50   clock source latency
     1    0.02    0.05    0.04    0.54 ^ clk (in)
                                         clk (net)
                  0.05    0.00    0.54 ^ clkbuf_0_clk/A (sky130_fd_sc_hd__clkbuf_16)
     2    0.02    0.04    0.13    0.67 ^ clkbuf_0_clk/X (sky130_fd_sc_hd__clkbuf_16)
                                         clknet_0_clk (net)
                  0.04    0.00    0.67 ^ clkbuf_1_1__f_clk/A (sky130_fd_sc_hd__clkbuf_16)
    13    0.05    0.06    0.14    0.81 ^ clkbuf_1_1__f_clk/X (sky130_fd_sc_hd__clkbuf_16)
                                         clknet_1_1__leaf_clk (net)
                  0.06    0.00    0.81 ^ _243_/CLK (sky130_fd_sc_hd__dfrtp_1)
                          0.10    0.91   clock uncertainty
                          0.00    0.91   clock reconvergence pessimism
                         -0.03    0.88   library hold time
                                  0.88   data required time
-----------------------------------------------------------------------------
                                  0.88   data required time
                                 -1.40   data arrival time
-----------------------------------------------------------------------------
                                  0.53   slack (MET)


Startpoint: _256_ (rising edge-triggered flip-flop clocked by clk)
Endpoint: _248_ (rising edge-triggered flip-flop clocked by clk)
Path Group: clk
Path Type: min
Corner: Typical

Fanout     Cap    Slew   Delay    Time   Description
-----------------------------------------------------------------------------
                          0.00    0.00   clock clk (rise edge)
                          0.50    0.50   clock source latency
     1    0.02    0.05    0.04    0.54 ^ clk (in)
                                         clk (net)
                  0.05    0.00    0.54 ^ clkbuf_0_clk/A (sky130_fd_sc_hd__clkbuf_16)
     2    0.02    0.04    0.13    0.67 ^ clkbuf_0_clk/X (sky130_fd_sc_hd__clkbuf_16)
                                         clknet_0_clk (net)
                  0.04    0.00    0.67 ^ clkbuf_1_0__f_clk/A (sky130_fd_sc_hd__clkbuf_16)
    16    0.05    0.06    0.14    0.81 ^ clkbuf_1_0__f_clk/X (sky130_fd_sc_hd__clkbuf_16)
                                         clknet_1_0__leaf_clk (net)
                  0.06    0.00    0.81 ^ _256_/CLK (sky130_fd_sc_hd__dfrtp_4)
     8    0.03    0.11    0.46    1.28 ^ _256_/Q (sky130_fd_sc_hd__dfrtp_4)
                                         curr_state[0] (net)
                  0.11    0.00    1.28 ^ _188_/A1 (sky130_fd_sc_hd__o21a_1)
     1    0.00    0.05    0.14    1.41 ^ _188_/X (sky130_fd_sc_hd__o21a_1)
                                         _000_ (net)
                  0.05    0.00    1.41 ^ _248_/D (sky130_fd_sc_hd__dfrtp_1)
                                  1.41   data arrival time

                          0.00    0.00   clock clk (rise edge)
                          0.50    0.50   clock source latency
     1    0.02    0.05    0.04    0.54 ^ clk (in)
                                         clk (net)
                  0.05    0.00    0.54 ^ clkbuf_0_clk/A (sky130_fd_sc_hd__clkbuf_16)
     2    0.02    0.04    0.13    0.67 ^ clkbuf_0_clk/X (sky130_fd_sc_hd__clkbuf_16)
                                         clknet_0_clk (net)
                  0.04    0.00    0.67 ^ clkbuf_1_0__f_clk/A (sky130_fd_sc_hd__clkbuf_16)
    16    0.05    0.06    0.14    0.81 ^ clkbuf_1_0__f_clk/X (sky130_fd_sc_hd__clkbuf_16)
                                         clknet_1_0__leaf_clk (net)
                  0.06    0.00    0.81 ^ _248_/CLK (sky130_fd_sc_hd__dfrtp_1)
                          0.10    0.91   clock uncertainty
                          0.00    0.91   clock reconvergence pessimism
                         -0.03    0.88   library hold time
                                  0.88   data required time
-----------------------------------------------------------------------------
                                  0.88   data required time
                                 -1.41   data arrival time
-----------------------------------------------------------------------------
                                  0.53   slack (MET)


Startpoint: _244_ (rising edge-triggered flip-flop clocked by clk)
Endpoint: _244_ (rising edge-triggered flip-flop clocked by clk)
Path Group: clk
Path Type: min
Corner: Typical

Fanout     Cap    Slew   Delay    Time   Description
-----------------------------------------------------------------------------
                          0.00    0.00   clock clk (rise edge)
                          0.50    0.50   clock source latency
     1    0.02    0.05    0.04    0.54 ^ clk (in)
                                         clk (net)
                  0.05    0.00    0.54 ^ clkbuf_0_clk/A (sky130_fd_sc_hd__clkbuf_16)
     2    0.02    0.04    0.13    0.67 ^ clkbuf_0_clk/X (sky130_fd_sc_hd__clkbuf_16)
                                         clknet_0_clk (net)
                  0.04    0.00    0.67 ^ clkbuf_1_1__f_clk/A (sky130_fd_sc_hd__clkbuf_16)
    13    0.05    0.06    0.14    0.81 ^ clkbuf_1_1__f_clk/X (sky130_fd_sc_hd__clkbuf_16)
                                         clknet_1_1__leaf_clk (net)
                  0.06    0.00    0.81 ^ _244_/CLK (sky130_fd_sc_hd__dfrtp_1)
     3    0.01    0.09    0.36    1.17 ^ _244_/Q (sky130_fd_sc_hd__dfrtp_1)
                                         seq_timer[4] (net)
                  0.09    0.00    1.17 ^ _224_/A_N (sky130_fd_sc_hd__nand2b_1)
     1    0.00    0.04    0.10    1.27 ^ _224_/Y (sky130_fd_sc_hd__nand2b_1)
                                         _046_ (net)
                  0.04    0.00    1.27 ^ _226_/A (sky130_fd_sc_hd__nand2_1)
     1    0.00    0.04    0.05    1.32 v _226_/Y (sky130_fd_sc_hd__nand2_1)
                                         _048_ (net)
                  0.04    0.00    1.32 v _227_/A (sky130_fd_sc_hd__nor2_1)
     1    0.00    0.07    0.09    1.41 ^ _227_/Y (sky130_fd_sc_hd__nor2_1)
                                         _008_ (net)
                  0.07    0.00    1.41 ^ _244_/D (sky130_fd_sc_hd__dfrtp_1)
                                  1.41   data arrival time

                          0.00    0.00   clock clk (rise edge)
                          0.50    0.50   clock source latency
     1    0.02    0.05    0.04    0.54 ^ clk (in)
                                         clk (net)
                  0.05    0.00    0.54 ^ clkbuf_0_clk/A (sky130_fd_sc_hd__clkbuf_16)
     2    0.02    0.04    0.13    0.67 ^ clkbuf_0_clk/X (sky130_fd_sc_hd__clkbuf_16)
                                         clknet_0_clk (net)
                  0.04    0.00    0.67 ^ clkbuf_1_1__f_clk/A (sky130_fd_sc_hd__clkbuf_16)
    13    0.05    0.06    0.14    0.81 ^ clkbuf_1_1__f_clk/X (sky130_fd_sc_hd__clkbuf_16)
                                         clknet_1_1__leaf_clk (net)
                  0.06    0.00    0.81 ^ _244_/CLK (sky130_fd_sc_hd__dfrtp_1)
                          0.10    0.91   clock uncertainty
                          0.00    0.91   clock reconvergence pessimism
                         -0.04    0.87   library hold time
                                  0.87   data required time
-----------------------------------------------------------------------------
                                  0.87   data required time
                                 -1.41   data arrival time
-----------------------------------------------------------------------------
                                  0.54   slack (MET)


Startpoint: _241_ (rising edge-triggered flip-flop clocked by clk)
Endpoint: _241_ (rising edge-triggered flip-flop clocked by clk)
Path Group: clk
Path Type: min
Corner: Typical

Fanout     Cap    Slew   Delay    Time   Description
-----------------------------------------------------------------------------
                          0.00    0.00   clock clk (rise edge)
                          0.50    0.50   clock source latency
     1    0.02    0.05    0.04    0.54 ^ clk (in)
                                         clk (net)
                  0.05    0.00    0.54 ^ clkbuf_0_clk/A (sky130_fd_sc_hd__clkbuf_16)
     2    0.02    0.04    0.13    0.67 ^ clkbuf_0_clk/X (sky130_fd_sc_hd__clkbuf_16)
                                         clknet_0_clk (net)
                  0.04    0.00    0.67 ^ clkbuf_1_1__f_clk/A (sky130_fd_sc_hd__clkbuf_16)
    13    0.05    0.06    0.14    0.81 ^ clkbuf_1_1__f_clk/X (sky130_fd_sc_hd__clkbuf_16)
                                         clknet_1_1__leaf_clk (net)
                  0.06    0.00    0.81 ^ _241_/CLK (sky130_fd_sc_hd__dfrtp_1)
     2    0.01    0.09    0.36    1.17 ^ _241_/Q (sky130_fd_sc_hd__dfrtp_1)
                                         seq_timer[1] (net)
                  0.09    0.00    1.17 ^ _130_/A (sky130_fd_sc_hd__inv_2)
     4    0.01    0.04    0.06    1.23 v _130_/Y (sky130_fd_sc_hd__inv_2)
                                         _070_ (net)
                  0.04    0.00    1.23 v _212_/B (sky130_fd_sc_hd__nand2_1)
     1    0.00    0.04    0.06    1.29 ^ _212_/Y (sky130_fd_sc_hd__nand2_1)
                                         _037_ (net)
                  0.04    0.00    1.29 ^ _213_/B (sky130_fd_sc_hd__nand2_1)
     1    0.00    0.03    0.05    1.34 v _213_/Y (sky130_fd_sc_hd__nand2_1)
                                         _038_ (net)
                  0.03    0.00    1.34 v _214_/A (sky130_fd_sc_hd__nor2_1)
     1    0.00    0.07    0.08    1.42 ^ _214_/Y (sky130_fd_sc_hd__nor2_1)
                                         _005_ (net)
                  0.07    0.00    1.42 ^ _241_/D (sky130_fd_sc_hd__dfrtp_1)
                                  1.42   data arrival time

                          0.00    0.00   clock clk (rise edge)
                          0.50    0.50   clock source latency
     1    0.02    0.05    0.04    0.54 ^ clk (in)
                                         clk (net)
                  0.05    0.00    0.54 ^ clkbuf_0_clk/A (sky130_fd_sc_hd__clkbuf_16)
     2    0.02    0.04    0.13    0.67 ^ clkbuf_0_clk/X (sky130_fd_sc_hd__clkbuf_16)
                                         clknet_0_clk (net)
                  0.04    0.00    0.67 ^ clkbuf_1_1__f_clk/A (sky130_fd_sc_hd__clkbuf_16)
    13    0.05    0.06    0.14    0.81 ^ clkbuf_1_1__f_clk/X (sky130_fd_sc_hd__clkbuf_16)
                                         clknet_1_1__leaf_clk (net)
                  0.06    0.00    0.81 ^ _241_/CLK (sky130_fd_sc_hd__dfrtp_1)
                          0.10    0.91   clock uncertainty
                          0.00    0.91   clock reconvergence pessimism
                         -0.04    0.87   library hold time
                                  0.87   data required time
-----------------------------------------------------------------------------
                                  0.87   data required time
                                 -1.42   data arrival time
-----------------------------------------------------------------------------
                                  0.55   slack (MET)


Startpoint: _258_ (rising edge-triggered flip-flop clocked by clk)
Endpoint: _254_ (rising edge-triggered flip-flop clocked by clk)
Path Group: clk
Path Type: min
Corner: Typical

Fanout     Cap    Slew   Delay    Time   Description
-----------------------------------------------------------------------------
                          0.00    0.00   clock clk (rise edge)
                          0.50    0.50   clock source latency
     1    0.02    0.05    0.04    0.54 ^ clk (in)
                                         clk (net)
                  0.05    0.00    0.54 ^ clkbuf_0_clk/A (sky130_fd_sc_hd__clkbuf_16)
     2    0.02    0.04    0.13    0.67 ^ clkbuf_0_clk/X (sky130_fd_sc_hd__clkbuf_16)
                                         clknet_0_clk (net)
                  0.04    0.00    0.67 ^ clkbuf_1_0__f_clk/A (sky130_fd_sc_hd__clkbuf_16)
    16    0.05    0.06    0.14    0.81 ^ clkbuf_1_0__f_clk/X (sky130_fd_sc_hd__clkbuf_16)
                                         clknet_1_0__leaf_clk (net)
                  0.06    0.00    0.81 ^ _258_/CLK (sky130_fd_sc_hd__dfrtp_4)
     8    0.04    0.14    0.49    1.30 ^ _258_/Q (sky130_fd_sc_hd__dfrtp_4)
                                         curr_state[2] (net)
                  0.14    0.00    1.30 ^ _191_/A1 (sky130_fd_sc_hd__a21oi_1)
     1    0.01    0.05    0.12    1.42 v _191_/Y (sky130_fd_sc_hd__a21oi_1)
                                         _112_ (net)
                  0.05    0.00    1.42 v _254_/D (sky130_fd_sc_hd__dfrtp_1)
                                  1.42   data arrival time

                          0.00    0.00   clock clk (rise edge)
                          0.50    0.50   clock source latency
     1    0.02    0.05    0.04    0.54 ^ clk (in)
                                         clk (net)
                  0.05    0.00    0.54 ^ clkbuf_0_clk/A (sky130_fd_sc_hd__clkbuf_16)
     2    0.02    0.04    0.13    0.67 ^ clkbuf_0_clk/X (sky130_fd_sc_hd__clkbuf_16)
                                         clknet_0_clk (net)
                  0.04    0.00    0.67 ^ clkbuf_1_1__f_clk/A (sky130_fd_sc_hd__clkbuf_16)
    13    0.05    0.06    0.14    0.81 ^ clkbuf_1_1__f_clk/X (sky130_fd_sc_hd__clkbuf_16)
                                         clknet_1_1__leaf_clk (net)
                  0.06    0.00    0.81 ^ _254_/CLK (sky130_fd_sc_hd__dfrtp_1)
                          0.10    0.91   clock uncertainty
                          0.00    0.91   clock reconvergence pessimism
                         -0.04    0.87   library hold time
                                  0.87   data required time
-----------------------------------------------------------------------------
                                  0.87   data required time
                                 -1.42   data arrival time
-----------------------------------------------------------------------------
                                  0.55   slack (MET)


Startpoint: _242_ (rising edge-triggered flip-flop clocked by clk)
Endpoint: _242_ (rising edge-triggered flip-flop clocked by clk)
Path Group: clk
Path Type: min
Corner: Typical

Fanout     Cap    Slew   Delay    Time   Description
-----------------------------------------------------------------------------
                          0.00    0.00   clock clk (rise edge)
                          0.50    0.50   clock source latency
     1    0.02    0.05    0.04    0.54 ^ clk (in)
                                         clk (net)
                  0.05    0.00    0.54 ^ clkbuf_0_clk/A (sky130_fd_sc_hd__clkbuf_16)
     2    0.02    0.04    0.13    0.67 ^ clkbuf_0_clk/X (sky130_fd_sc_hd__clkbuf_16)
                                         clknet_0_clk (net)
                  0.04    0.00    0.67 ^ clkbuf_1_1__f_clk/A (sky130_fd_sc_hd__clkbuf_16)
    13    0.05    0.06    0.14    0.81 ^ clkbuf_1_1__f_clk/X (sky130_fd_sc_hd__clkbuf_16)
                                         clknet_1_1__leaf_clk (net)
                  0.06    0.00    0.81 ^ _242_/CLK (sky130_fd_sc_hd__dfrtp_1)
     5    0.01    0.09    0.42    1.23 v _242_/Q (sky130_fd_sc_hd__dfrtp_1)
                                         seq_timer[2] (net)
                  0.09    0.00    1.23 v _215_/A (sky130_fd_sc_hd__inv_2)
     2    0.00    0.04    0.06    1.29 ^ _215_/Y (sky130_fd_sc_hd__inv_2)
                                         _039_ (net)
                  0.04    0.00    1.29 ^ _217_/B (sky130_fd_sc_hd__nand2_1)
     1    0.00    0.03    0.04    1.34 v _217_/Y (sky130_fd_sc_hd__nand2_1)
                                         _041_ (net)
                  0.03    0.00    1.34 v _218_/B (sky130_fd_sc_hd__nand2_1)
     1    0.00    0.04    0.06    1.39 ^ _218_/Y (sky130_fd_sc_hd__nand2_1)
                                         _042_ (net)
                  0.04    0.00    1.39 ^ _219_/A (sky130_fd_sc_hd__nor2_1)
     1    0.00    0.02    0.04    1.43 v _219_/Y (sky130_fd_sc_hd__nor2_1)
                                         _006_ (net)
                  0.02    0.00    1.43 v _242_/D (sky130_fd_sc_hd__dfrtp_1)
                                  1.43   data arrival time

                          0.00    0.00   clock clk (rise edge)
                          0.50    0.50   clock source latency
     1    0.02    0.05    0.04    0.54 ^ clk (in)
                                         clk (net)
                  0.05    0.00    0.54 ^ clkbuf_0_clk/A (sky130_fd_sc_hd__clkbuf_16)
     2    0.02    0.04    0.13    0.67 ^ clkbuf_0_clk/X (sky130_fd_sc_hd__clkbuf_16)
                                         clknet_0_clk (net)
                  0.04    0.00    0.67 ^ clkbuf_1_1__f_clk/A (sky130_fd_sc_hd__clkbuf_16)
    13    0.05    0.06    0.14    0.81 ^ clkbuf_1_1__f_clk/X (sky130_fd_sc_hd__clkbuf_16)
                                         clknet_1_1__leaf_clk (net)
                  0.06    0.00    0.81 ^ _242_/CLK (sky130_fd_sc_hd__dfrtp_1)
                          0.10    0.91   clock uncertainty
                          0.00    0.91   clock reconvergence pessimism
                         -0.03    0.88   library hold time
                                  0.88   data required time
-----------------------------------------------------------------------------
                                  0.88   data required time
                                 -1.43   data arrival time
-----------------------------------------------------------------------------
                                  0.56   slack (MET)


Startpoint: _240_ (rising edge-triggered flip-flop clocked by clk)
Endpoint: _240_ (rising edge-triggered flip-flop clocked by clk)
Path Group: clk
Path Type: min
Corner: Typical

Fanout     Cap    Slew   Delay    Time   Description
-----------------------------------------------------------------------------
                          0.00    0.00   clock clk (rise edge)
                          0.50    0.50   clock source latency
     1    0.02    0.05    0.04    0.54 ^ clk (in)
                                         clk (net)
                  0.05    0.00    0.54 ^ clkbuf_0_clk/A (sky130_fd_sc_hd__clkbuf_16)
     2    0.02    0.04    0.13    0.67 ^ clkbuf_0_clk/X (sky130_fd_sc_hd__clkbuf_16)
                                         clknet_0_clk (net)
                  0.04    0.00    0.67 ^ clkbuf_1_1__f_clk/A (sky130_fd_sc_hd__clkbuf_16)
    13    0.05    0.06    0.14    0.81 ^ clkbuf_1_1__f_clk/X (sky130_fd_sc_hd__clkbuf_16)
                                         clknet_1_1__leaf_clk (net)
                  0.06    0.00    0.81 ^ _240_/CLK (sky130_fd_sc_hd__dfrtp_1)
     5    0.02    0.17    0.42    1.23 ^ _240_/Q (sky130_fd_sc_hd__dfrtp_1)
                                         seq_timer[0] (net)
                  0.17    0.00    1.23 ^ _202_/B (sky130_fd_sc_hd__nand2_1)
     3    0.01    0.07    0.10    1.33 v _202_/Y (sky130_fd_sc_hd__nand2_1)
                                         _028_ (net)
                  0.07    0.00    1.33 v _203_/B (sky130_fd_sc_hd__nand2_1)
     1    0.00    0.04    0.07    1.41 ^ _203_/Y (sky130_fd_sc_hd__nand2_1)
                                         _029_ (net)
                  0.04    0.00    1.41 ^ _210_/A (sky130_fd_sc_hd__nor2_1)
     1    0.00    0.02    0.04    1.44 v _210_/Y (sky130_fd_sc_hd__nor2_1)
                                         _004_ (net)
                  0.02    0.00    1.44 v _240_/D (sky130_fd_sc_hd__dfrtp_1)
                                  1.44   data arrival time

                          0.00    0.00   clock clk (rise edge)
                          0.50    0.50   clock source latency
     1    0.02    0.05    0.04    0.54 ^ clk (in)
                                         clk (net)
                  0.05    0.00    0.54 ^ clkbuf_0_clk/A (sky130_fd_sc_hd__clkbuf_16)
     2    0.02    0.04    0.13    0.67 ^ clkbuf_0_clk/X (sky130_fd_sc_hd__clkbuf_16)
                                         clknet_0_clk (net)
                  0.04    0.00    0.67 ^ clkbuf_1_1__f_clk/A (sky130_fd_sc_hd__clkbuf_16)
    13    0.05    0.06    0.14    0.81 ^ clkbuf_1_1__f_clk/X (sky130_fd_sc_hd__clkbuf_16)
                                         clknet_1_1__leaf_clk (net)
                  0.06    0.00    0.81 ^ _240_/CLK (sky130_fd_sc_hd__dfrtp_1)
                          0.10    0.91   clock uncertainty
                          0.00    0.91   clock reconvergence pessimism
                         -0.03    0.88   library hold time
                                  0.88   data required time
-----------------------------------------------------------------------------
                                  0.88   data required time
                                 -1.44   data arrival time
-----------------------------------------------------------------------------
                                  0.56   slack (MET)


Startpoint: _263_ (rising edge-triggered flip-flop clocked by clk)
Endpoint: _256_ (rising edge-triggered flip-flop clocked by clk)
Path Group: clk
Path Type: min
Corner: Typical

Fanout     Cap    Slew   Delay    Time   Description
-----------------------------------------------------------------------------
                          0.00    0.00   clock clk (rise edge)
                          0.50    0.50   clock source latency
     1    0.02    0.05    0.04    0.54 ^ clk (in)
                                         clk (net)
                  0.05    0.00    0.54 ^ clkbuf_0_clk/A (sky130_fd_sc_hd__clkbuf_16)
     2    0.02    0.04    0.13    0.67 ^ clkbuf_0_clk/X (sky130_fd_sc_hd__clkbuf_16)
                                         clknet_0_clk (net)
                  0.04    0.00    0.67 ^ clkbuf_1_0__f_clk/A (sky130_fd_sc_hd__clkbuf_16)
    16    0.05    0.06    0.14    0.81 ^ clkbuf_1_0__f_clk/X (sky130_fd_sc_hd__clkbuf_16)
                                         clknet_1_0__leaf_clk (net)
                  0.06    0.00    0.81 ^ _263_/CLK (sky130_fd_sc_hd__dfrtp_1)
     2    0.01    0.09    0.36    1.17 ^ _263_/Q (sky130_fd_sc_hd__dfrtp_1)
                                         wake_up_sync (net)
                  0.09    0.00    1.17 ^ _150_/A (sky130_fd_sc_hd__inv_2)
     3    0.01    0.04    0.05    1.22 v _150_/Y (sky130_fd_sc_hd__inv_2)
                                         _088_ (net)
                  0.04    0.00    1.22 v _151_/B (sky130_fd_sc_hd__nand2_1)
     1    0.00    0.05    0.06    1.29 ^ _151_/Y (sky130_fd_sc_hd__nand2_1)
                                         _089_ (net)
                  0.05    0.00    1.29 ^ _154_/A (sky130_fd_sc_hd__nand2_1)
     2    0.00    0.04    0.06    1.34 v _154_/Y (sky130_fd_sc_hd__nand2_1)
                                         _092_ (net)
                  0.04    0.00    1.34 v _156_/A (sky130_fd_sc_hd__nand2_1)
     2    0.01    0.08    0.09    1.43 ^ _156_/Y (sky130_fd_sc_hd__nand2_1)
                                         _094_ (net)
                  0.08    0.00    1.43 ^ _157_/A (sky130_fd_sc_hd__inv_2)
     1    0.00    0.02    0.03    1.46 v _157_/Y (sky130_fd_sc_hd__inv_2)
                                         next_state[0] (net)
                  0.02    0.00    1.46 v _256_/D (sky130_fd_sc_hd__dfrtp_4)
                                  1.46   data arrival time

                          0.00    0.00   clock clk (rise edge)
                          0.50    0.50   clock source latency
     1    0.02    0.05    0.04    0.54 ^ clk (in)
                                         clk (net)
                  0.05    0.00    0.54 ^ clkbuf_0_clk/A (sky130_fd_sc_hd__clkbuf_16)
     2    0.02    0.04    0.13    0.67 ^ clkbuf_0_clk/X (sky130_fd_sc_hd__clkbuf_16)
                                         clknet_0_clk (net)
                  0.04    0.00    0.67 ^ clkbuf_1_0__f_clk/A (sky130_fd_sc_hd__clkbuf_16)
    16    0.05    0.06    0.14    0.81 ^ clkbuf_1_0__f_clk/X (sky130_fd_sc_hd__clkbuf_16)
                                         clknet_1_0__leaf_clk (net)
                  0.06    0.00    0.81 ^ _256_/CLK (sky130_fd_sc_hd__dfrtp_4)
                          0.10    0.91   clock uncertainty
                          0.00    0.91   clock reconvergence pessimism
                         -0.03    0.88   library hold time
                                  0.88   data required time
-----------------------------------------------------------------------------
                                  0.88   data required time
                                 -1.46   data arrival time
-----------------------------------------------------------------------------
                                  0.58   slack (MET)


Startpoint: _245_ (rising edge-triggered flip-flop clocked by clk)
Endpoint: _245_ (rising edge-triggered flip-flop clocked by clk)
Path Group: clk
Path Type: min
Corner: Typical

Fanout     Cap    Slew   Delay    Time   Description
-----------------------------------------------------------------------------
                          0.00    0.00   clock clk (rise edge)
                          0.50    0.50   clock source latency
     1    0.02    0.05    0.04    0.54 ^ clk (in)
                                         clk (net)
                  0.05    0.00    0.54 ^ clkbuf_0_clk/A (sky130_fd_sc_hd__clkbuf_16)
     2    0.02    0.04    0.13    0.67 ^ clkbuf_0_clk/X (sky130_fd_sc_hd__clkbuf_16)
                                         clknet_0_clk (net)
                  0.04    0.00    0.67 ^ clkbuf_1_1__f_clk/A (sky130_fd_sc_hd__clkbuf_16)
    13    0.05    0.06    0.14    0.81 ^ clkbuf_1_1__f_clk/X (sky130_fd_sc_hd__clkbuf_16)
                                         clknet_1_1__leaf_clk (net)
                  0.06    0.00    0.81 ^ _245_/CLK (sky130_fd_sc_hd__dfrtp_1)
     2    0.01    0.06    0.38    1.20 v _245_/Q (sky130_fd_sc_hd__dfrtp_1)
                                         seq_timer[5] (net)
                  0.06    0.00    1.20 v _228_/A (sky130_fd_sc_hd__inv_2)
     2    0.01    0.04    0.06    1.25 ^ _228_/Y (sky130_fd_sc_hd__inv_2)
                                         _049_ (net)
                  0.04    0.00    1.25 ^ _230_/B (sky130_fd_sc_hd__nand2_1)
     1    0.00    0.02    0.04    1.29 v _230_/Y (sky130_fd_sc_hd__nand2_1)
                                         _051_ (net)
                  0.02    0.00    1.29 v _231_/B_N (sky130_fd_sc_hd__or2b_1)
     1    0.00    0.04    0.14    1.43 ^ _231_/X (sky130_fd_sc_hd__or2b_1)
                                         _052_ (net)
                  0.04    0.00    1.43 ^ _232_/A (sky130_fd_sc_hd__nor2_1)
     1    0.00    0.02    0.04    1.46 v _232_/Y (sky130_fd_sc_hd__nor2_1)
                                         _009_ (net)
                  0.02    0.00    1.46 v _245_/D (sky130_fd_sc_hd__dfrtp_1)
                                  1.46   data arrival time

                          0.00    0.00   clock clk (rise edge)
                          0.50    0.50   clock source latency
     1    0.02    0.05    0.04    0.54 ^ clk (in)
                                         clk (net)
                  0.05    0.00    0.54 ^ clkbuf_0_clk/A (sky130_fd_sc_hd__clkbuf_16)
     2    0.02    0.04    0.13    0.67 ^ clkbuf_0_clk/X (sky130_fd_sc_hd__clkbuf_16)
                                         clknet_0_clk (net)
                  0.04    0.00    0.67 ^ clkbuf_1_1__f_clk/A (sky130_fd_sc_hd__clkbuf_16)
    13    0.05    0.06    0.14    0.81 ^ clkbuf_1_1__f_clk/X (sky130_fd_sc_hd__clkbuf_16)
                                         clknet_1_1__leaf_clk (net)
                  0.06    0.00    0.81 ^ _245_/CLK (sky130_fd_sc_hd__dfrtp_1)
                          0.10    0.91   clock uncertainty
                          0.00    0.91   clock reconvergence pessimism
                         -0.03    0.88   library hold time
                                  0.88   data required time
-----------------------------------------------------------------------------
                                  0.88   data required time
                                 -1.46   data arrival time
-----------------------------------------------------------------------------
                                  0.58   slack (MET)


Startpoint: _264_ (rising edge-triggered flip-flop clocked by clk)
Endpoint: _258_ (rising edge-triggered flip-flop clocked by clk)
Path Group: clk
Path Type: min
Corner: Typical

Fanout     Cap    Slew   Delay    Time   Description
-----------------------------------------------------------------------------
                          0.00    0.00   clock clk (rise edge)
                          0.50    0.50   clock source latency
     1    0.02    0.05    0.04    0.54 ^ clk (in)
                                         clk (net)
                  0.05    0.00    0.54 ^ clkbuf_0_clk/A (sky130_fd_sc_hd__clkbuf_16)
     2    0.02    0.04    0.13    0.67 ^ clkbuf_0_clk/X (sky130_fd_sc_hd__clkbuf_16)
                                         clknet_0_clk (net)
                  0.04    0.00    0.67 ^ clkbuf_1_0__f_clk/A (sky130_fd_sc_hd__clkbuf_16)
    16    0.05    0.06    0.14    0.81 ^ clkbuf_1_0__f_clk/X (sky130_fd_sc_hd__clkbuf_16)
                                         clknet_1_0__leaf_clk (net)
                  0.06    0.00    0.81 ^ _264_/CLK (sky130_fd_sc_hd__dfrtp_1)
     2    0.01    0.09    0.37    1.18 ^ _264_/Q (sky130_fd_sc_hd__dfrtp_1)
                                         req_off_sync (net)
                  0.09    0.00    1.18 ^ _184_/C (sky130_fd_sc_hd__nand3_1)
     1    0.00    0.07    0.10    1.27 v _184_/Y (sky130_fd_sc_hd__nand3_1)
                                         _019_ (net)
                  0.07    0.00    1.27 v _185_/C1 (sky130_fd_sc_hd__o211ai_2)
     2    0.01    0.08    0.09    1.36 ^ _185_/Y (sky130_fd_sc_hd__o211ai_2)
                                         _020_ (net)
                  0.08    0.00    1.36 ^ _186_/B1 (sky130_fd_sc_hd__a21oi_1)
     2    0.01    0.05    0.06    1.43 v _186_/Y (sky130_fd_sc_hd__a21oi_1)
                                         _021_ (net)
                  0.05    0.00    1.43 v _187_/B (sky130_fd_sc_hd__nand2_1)
     1    0.00    0.04    0.06    1.49 ^ _187_/Y (sky130_fd_sc_hd__nand2_1)
                                         next_state[2] (net)
                  0.04    0.00    1.49 ^ _258_/D (sky130_fd_sc_hd__dfrtp_4)
                                  1.49   data arrival time

                          0.00    0.00   clock clk (rise edge)
                          0.50    0.50   clock source latency
     1    0.02    0.05    0.04    0.54 ^ clk (in)
                                         clk (net)
                  0.05    0.00    0.54 ^ clkbuf_0_clk/A (sky130_fd_sc_hd__clkbuf_16)
     2    0.02    0.04    0.13    0.67 ^ clkbuf_0_clk/X (sky130_fd_sc_hd__clkbuf_16)
                                         clknet_0_clk (net)
                  0.04    0.00    0.67 ^ clkbuf_1_0__f_clk/A (sky130_fd_sc_hd__clkbuf_16)
    16    0.05    0.06    0.14    0.81 ^ clkbuf_1_0__f_clk/X (sky130_fd_sc_hd__clkbuf_16)
                                         clknet_1_0__leaf_clk (net)
                  0.06    0.00    0.81 ^ _258_/CLK (sky130_fd_sc_hd__dfrtp_4)
                          0.10    0.91   clock uncertainty
                          0.00    0.91   clock reconvergence pessimism
                         -0.03    0.88   library hold time
                                  0.88   data required time
-----------------------------------------------------------------------------
                                  0.88   data required time
                                 -1.49   data arrival time
-----------------------------------------------------------------------------
                                  0.61   slack (MET)


Startpoint: _242_ (rising edge-triggered flip-flop clocked by clk)
Endpoint: _252_ (rising edge-triggered flip-flop clocked by clk)
Path Group: clk
Path Type: min
Corner: Typical

Fanout     Cap    Slew   Delay    Time   Description
-----------------------------------------------------------------------------
                          0.00    0.00   clock clk (rise edge)
                          0.50    0.50   clock source latency
     1    0.02    0.05    0.04    0.54 ^ clk (in)
                                         clk (net)
                  0.05    0.00    0.54 ^ clkbuf_0_clk/A (sky130_fd_sc_hd__clkbuf_16)
     2    0.02    0.04    0.13    0.67 ^ clkbuf_0_clk/X (sky130_fd_sc_hd__clkbuf_16)
                                         clknet_0_clk (net)
                  0.04    0.00    0.67 ^ clkbuf_1_1__f_clk/A (sky130_fd_sc_hd__clkbuf_16)
    13    0.05    0.06    0.14    0.81 ^ clkbuf_1_1__f_clk/X (sky130_fd_sc_hd__clkbuf_16)
                                         clknet_1_1__leaf_clk (net)
                  0.06    0.00    0.81 ^ _242_/CLK (sky130_fd_sc_hd__dfrtp_1)
     5    0.02    0.15    0.40    1.22 ^ _242_/Q (sky130_fd_sc_hd__dfrtp_1)
                                         seq_timer[2] (net)
                  0.15    0.00    1.22 ^ _135_/A (sky130_fd_sc_hd__or3_1)
     1    0.01    0.07    0.15    1.37 ^ _135_/X (sky130_fd_sc_hd__or3_1)
                                         _075_ (net)
                  0.07    0.00    1.37 ^ _136_/A (sky130_fd_sc_hd__inv_2)
     3    0.01    0.03    0.05    1.41 v _136_/Y (sky130_fd_sc_hd__inv_2)
                                         _076_ (net)
                  0.03    0.00    1.41 v _137_/B (sky130_fd_sc_hd__nor2_1)
     1    0.00    0.07    0.08    1.49 ^ _137_/Y (sky130_fd_sc_hd__nor2_1)
                                         _114_ (net)
                  0.07    0.00    1.49 ^ _252_/D (sky130_fd_sc_hd__dfrtp_1)
                                  1.49   data arrival time

                          0.00    0.00   clock clk (rise edge)
                          0.50    0.50   clock source latency
     1    0.02    0.05    0.04    0.54 ^ clk (in)
                                         clk (net)
                  0.05    0.00    0.54 ^ clkbuf_0_clk/A (sky130_fd_sc_hd__clkbuf_16)
     2    0.02    0.04    0.13    0.67 ^ clkbuf_0_clk/X (sky130_fd_sc_hd__clkbuf_16)
                                         clknet_0_clk (net)
                  0.04    0.00    0.67 ^ clkbuf_1_0__f_clk/A (sky130_fd_sc_hd__clkbuf_16)
    16    0.05    0.06    0.14    0.81 ^ clkbuf_1_0__f_clk/X (sky130_fd_sc_hd__clkbuf_16)
                                         clknet_1_0__leaf_clk (net)
                  0.06    0.00    0.81 ^ _252_/CLK (sky130_fd_sc_hd__dfrtp_1)
                          0.10    0.91   clock uncertainty
                          0.00    0.91   clock reconvergence pessimism
                         -0.04    0.87   library hold time
                                  0.87   data required time
-----------------------------------------------------------------------------
                                  0.87   data required time
                                 -1.49   data arrival time
-----------------------------------------------------------------------------
                                  0.61   slack (MET)


Startpoint: _263_ (rising edge-triggered flip-flop clocked by clk)
Endpoint: _257_ (rising edge-triggered flip-flop clocked by clk)
Path Group: clk
Path Type: min
Corner: Typical

Fanout     Cap    Slew   Delay    Time   Description
-----------------------------------------------------------------------------
                          0.00    0.00   clock clk (rise edge)
                          0.50    0.50   clock source latency
     1    0.02    0.05    0.04    0.54 ^ clk (in)
                                         clk (net)
                  0.05    0.00    0.54 ^ clkbuf_0_clk/A (sky130_fd_sc_hd__clkbuf_16)
     2    0.02    0.04    0.13    0.67 ^ clkbuf_0_clk/X (sky130_fd_sc_hd__clkbuf_16)
                                         clknet_0_clk (net)
                  0.04    0.00    0.67 ^ clkbuf_1_0__f_clk/A (sky130_fd_sc_hd__clkbuf_16)
    16    0.05    0.06    0.14    0.81 ^ clkbuf_1_0__f_clk/X (sky130_fd_sc_hd__clkbuf_16)
                                         clknet_1_0__leaf_clk (net)
                  0.06    0.00    0.81 ^ _263_/CLK (sky130_fd_sc_hd__dfrtp_1)
     2    0.01    0.09    0.36    1.17 ^ _263_/Q (sky130_fd_sc_hd__dfrtp_1)
                                         wake_up_sync (net)
                  0.09    0.00    1.17 ^ _173_/A2 (sky130_fd_sc_hd__o311a_1)
     1    0.00    0.04    0.16    1.33 ^ _173_/X (sky130_fd_sc_hd__o311a_1)
                                         _110_ (net)
                  0.04    0.00    1.33 ^ _174_/C (sky130_fd_sc_hd__or3_1)
     1    0.00    0.04    0.09    1.42 ^ _174_/X (sky130_fd_sc_hd__or3_1)
                                         _111_ (net)
                  0.04    0.00    1.42 ^ _175_/A (sky130_fd_sc_hd__clkbuf_1)
     1    0.00    0.05    0.08    1.51 ^ _175_/X (sky130_fd_sc_hd__clkbuf_1)
                                         next_state[1] (net)
                  0.05    0.00    1.51 ^ _257_/D (sky130_fd_sc_hd__dfrtp_1)
                                  1.51   data arrival time

                          0.00    0.00   clock clk (rise edge)
                          0.50    0.50   clock source latency
     1    0.02    0.05    0.04    0.54 ^ clk (in)
                                         clk (net)
                  0.05    0.00    0.54 ^ clkbuf_0_clk/A (sky130_fd_sc_hd__clkbuf_16)
     2    0.02    0.04    0.13    0.67 ^ clkbuf_0_clk/X (sky130_fd_sc_hd__clkbuf_16)
                                         clknet_0_clk (net)
                  0.04    0.00    0.67 ^ clkbuf_1_0__f_clk/A (sky130_fd_sc_hd__clkbuf_16)
    16    0.05    0.06    0.14    0.81 ^ clkbuf_1_0__f_clk/X (sky130_fd_sc_hd__clkbuf_16)
                                         clknet_1_0__leaf_clk (net)
                  0.06    0.00    0.81 ^ _257_/CLK (sky130_fd_sc_hd__dfrtp_1)
                          0.10    0.91   clock uncertainty
                          0.00    0.91   clock reconvergence pessimism
                         -0.03    0.88   library hold time
                                  0.88   data required time
-----------------------------------------------------------------------------
                                  0.88   data required time
                                 -1.51   data arrival time
-----------------------------------------------------------------------------
                                  0.63   slack (MET)


Startpoint: _258_ (rising edge-triggered flip-flop clocked by clk)
Endpoint: _253_ (rising edge-triggered flip-flop clocked by clk)
Path Group: clk
Path Type: min
Corner: Typical

Fanout     Cap    Slew   Delay    Time   Description
-----------------------------------------------------------------------------
                          0.00    0.00   clock clk (rise edge)
                          0.50    0.50   clock source latency
     1    0.02    0.05    0.04    0.54 ^ clk (in)
                                         clk (net)
                  0.05    0.00    0.54 ^ clkbuf_0_clk/A (sky130_fd_sc_hd__clkbuf_16)
     2    0.02    0.04    0.13    0.67 ^ clkbuf_0_clk/X (sky130_fd_sc_hd__clkbuf_16)
                                         clknet_0_clk (net)
                  0.04    0.00    0.67 ^ clkbuf_1_0__f_clk/A (sky130_fd_sc_hd__clkbuf_16)
    16    0.05    0.06    0.14    0.81 ^ clkbuf_1_0__f_clk/X (sky130_fd_sc_hd__clkbuf_16)
                                         clknet_1_0__leaf_clk (net)
                  0.06    0.00    0.81 ^ _258_/CLK (sky130_fd_sc_hd__dfrtp_4)
     8    0.04    0.14    0.49    1.30 ^ _258_/Q (sky130_fd_sc_hd__dfrtp_4)
                                         curr_state[2] (net)
                  0.14    0.00    1.30 ^ _192_/A (sky130_fd_sc_hd__nor2_1)
     2    0.01    0.05    0.08    1.38 v _192_/Y (sky130_fd_sc_hd__nor2_1)
                                         _023_ (net)
                  0.05    0.00    1.38 v _196_/B1 (sky130_fd_sc_hd__a21o_1)
     1    0.00    0.03    0.14    1.53 v _196_/X (sky130_fd_sc_hd__a21o_1)
                                         _115_ (net)
                  0.03    0.00    1.53 v _253_/D (sky130_fd_sc_hd__dfrtp_1)
                                  1.53   data arrival time

                          0.00    0.00   clock clk (rise edge)
                          0.50    0.50   clock source latency
     1    0.02    0.05    0.04    0.54 ^ clk (in)
                                         clk (net)
                  0.05    0.00    0.54 ^ clkbuf_0_clk/A (sky130_fd_sc_hd__clkbuf_16)
     2    0.02    0.04    0.13    0.67 ^ clkbuf_0_clk/X (sky130_fd_sc_hd__clkbuf_16)
                                         clknet_0_clk (net)
                  0.04    0.00    0.67 ^ clkbuf_1_1__f_clk/A (sky130_fd_sc_hd__clkbuf_16)
    13    0.05    0.06    0.14    0.81 ^ clkbuf_1_1__f_clk/X (sky130_fd_sc_hd__clkbuf_16)
                                         clknet_1_1__leaf_clk (net)
                  0.06    0.00    0.81 ^ _253_/CLK (sky130_fd_sc_hd__dfrtp_1)
                          0.10    0.91   clock uncertainty
                          0.00    0.91   clock reconvergence pessimism
                         -0.03    0.88   library hold time
                                  0.88   data required time
-----------------------------------------------------------------------------
                                  0.88   data required time
                                 -1.53   data arrival time
-----------------------------------------------------------------------------
                                  0.65   slack (MET)


Startpoint: _242_ (rising edge-triggered flip-flop clocked by clk)
Endpoint: _250_ (rising edge-triggered flip-flop clocked by clk)
Path Group: clk
Path Type: min
Corner: Typical

Fanout     Cap    Slew   Delay    Time   Description
-----------------------------------------------------------------------------
                          0.00    0.00   clock clk (rise edge)
                          0.50    0.50   clock source latency
     1    0.02    0.05    0.04    0.54 ^ clk (in)
                                         clk (net)
                  0.05    0.00    0.54 ^ clkbuf_0_clk/A (sky130_fd_sc_hd__clkbuf_16)
     2    0.02    0.04    0.13    0.67 ^ clkbuf_0_clk/X (sky130_fd_sc_hd__clkbuf_16)
                                         clknet_0_clk (net)
                  0.04    0.00    0.67 ^ clkbuf_1_1__f_clk/A (sky130_fd_sc_hd__clkbuf_16)
    13    0.05    0.06    0.14    0.81 ^ clkbuf_1_1__f_clk/X (sky130_fd_sc_hd__clkbuf_16)
                                         clknet_1_1__leaf_clk (net)
                  0.06    0.00    0.81 ^ _242_/CLK (sky130_fd_sc_hd__dfrtp_1)
     5    0.02    0.15    0.40    1.22 ^ _242_/Q (sky130_fd_sc_hd__dfrtp_1)
                                         seq_timer[2] (net)
                  0.15    0.00    1.22 ^ _135_/A (sky130_fd_sc_hd__or3_1)
     1    0.01    0.07    0.15    1.37 ^ _135_/X (sky130_fd_sc_hd__or3_1)
                                         _075_ (net)
                  0.07    0.00    1.37 ^ _136_/A (sky130_fd_sc_hd__inv_2)
     3    0.01    0.03    0.05    1.41 v _136_/Y (sky130_fd_sc_hd__inv_2)
                                         _076_ (net)
                  0.03    0.00    1.41 v _197_/A2 (sky130_fd_sc_hd__o21ai_1)
     1    0.00    0.08    0.12    1.53 ^ _197_/Y (sky130_fd_sc_hd__o21ai_1)
                                         _116_ (net)
                  0.08    0.00    1.53 ^ _250_/D (sky130_fd_sc_hd__dfrtp_1)
                                  1.53   data arrival time

                          0.00    0.00   clock clk (rise edge)
                          0.50    0.50   clock source latency
     1    0.02    0.05    0.04    0.54 ^ clk (in)
                                         clk (net)
                  0.05    0.00    0.54 ^ clkbuf_0_clk/A (sky130_fd_sc_hd__clkbuf_16)
     2    0.02    0.04    0.13    0.67 ^ clkbuf_0_clk/X (sky130_fd_sc_hd__clkbuf_16)
                                         clknet_0_clk (net)
                  0.04    0.00    0.67 ^ clkbuf_1_0__f_clk/A (sky130_fd_sc_hd__clkbuf_16)
    16    0.05    0.06    0.14    0.81 ^ clkbuf_1_0__f_clk/X (sky130_fd_sc_hd__clkbuf_16)
                                         clknet_1_0__leaf_clk (net)
                  0.06    0.00    0.81 ^ _250_/CLK (sky130_fd_sc_hd__dfrtp_1)
                          0.10    0.91   clock uncertainty
                          0.00    0.91   clock reconvergence pessimism
                         -0.04    0.87   library hold time
                                  0.87   data required time
-----------------------------------------------------------------------------
                                  0.87   data required time
                                 -1.53   data arrival time
-----------------------------------------------------------------------------
                                  0.66   slack (MET)


Startpoint: _256_ (rising edge-triggered flip-flop clocked by clk)
Endpoint: _255_ (rising edge-triggered flip-flop clocked by clk)
Path Group: clk
Path Type: min
Corner: Typical

Fanout     Cap    Slew   Delay    Time   Description
-----------------------------------------------------------------------------
                          0.00    0.00   clock clk (rise edge)
                          0.50    0.50   clock source latency
     1    0.02    0.05    0.04    0.54 ^ clk (in)
                                         clk (net)
                  0.05    0.00    0.54 ^ clkbuf_0_clk/A (sky130_fd_sc_hd__clkbuf_16)
     2    0.02    0.04    0.13    0.67 ^ clkbuf_0_clk/X (sky130_fd_sc_hd__clkbuf_16)
                                         clknet_0_clk (net)
                  0.04    0.00    0.67 ^ clkbuf_1_0__f_clk/A (sky130_fd_sc_hd__clkbuf_16)
    16    0.05    0.06    0.14    0.81 ^ clkbuf_1_0__f_clk/X (sky130_fd_sc_hd__clkbuf_16)
                                         clknet_1_0__leaf_clk (net)
                  0.06    0.00    0.81 ^ _256_/CLK (sky130_fd_sc_hd__dfrtp_4)
     8    0.03    0.11    0.46    1.28 ^ _256_/Q (sky130_fd_sc_hd__dfrtp_4)
                                         curr_state[0] (net)
                  0.11    0.00    1.28 ^ _153_/B (sky130_fd_sc_hd__nand2_1)
     3    0.01    0.08    0.11    1.39 v _153_/Y (sky130_fd_sc_hd__nand2_1)
                                         _091_ (net)
                  0.08    0.00    1.39 v _179_/A (sky130_fd_sc_hd__inv_2)
     2    0.01    0.04    0.07    1.45 ^ _179_/Y (sky130_fd_sc_hd__inv_2)
                                         _015_ (net)
                  0.04    0.00    1.45 ^ _194_/A (sky130_fd_sc_hd__or3b_1)
     1    0.01    0.07    0.12    1.57 ^ _194_/X (sky130_fd_sc_hd__or3b_1)
                                         _025_ (net)
                  0.07    0.00    1.57 ^ _195_/A (sky130_fd_sc_hd__clkbuf_1)
     1    0.00    0.04    0.09    1.66 ^ _195_/X (sky130_fd_sc_hd__clkbuf_1)
                                         _113_ (net)
                  0.04    0.00    1.66 ^ _255_/D (sky130_fd_sc_hd__dfrtp_1)
                                  1.66   data arrival time

                          0.00    0.00   clock clk (rise edge)
                          0.50    0.50   clock source latency
     1    0.02    0.05    0.04    0.54 ^ clk (in)
                                         clk (net)
                  0.05    0.00    0.54 ^ clkbuf_0_clk/A (sky130_fd_sc_hd__clkbuf_16)
     2    0.02    0.04    0.13    0.67 ^ clkbuf_0_clk/X (sky130_fd_sc_hd__clkbuf_16)
                                         clknet_0_clk (net)
                  0.04    0.00    0.67 ^ clkbuf_1_1__f_clk/A (sky130_fd_sc_hd__clkbuf_16)
    13    0.05    0.06    0.14    0.81 ^ clkbuf_1_1__f_clk/X (sky130_fd_sc_hd__clkbuf_16)
                                         clknet_1_1__leaf_clk (net)
                  0.06    0.00    0.81 ^ _255_/CLK (sky130_fd_sc_hd__dfrtp_1)
                          0.10    0.91   clock uncertainty
                          0.00    0.91   clock reconvergence pessimism
                         -0.03    0.88   library hold time
                                  0.88   data required time
-----------------------------------------------------------------------------
                                  0.88   data required time
                                 -1.66   data arrival time
-----------------------------------------------------------------------------
                                  0.78   slack (MET)


Startpoint: _255_ (rising edge-triggered flip-flop clocked by clk)
Endpoint: pwr_state[1] (output port clocked by clk)
Path Group: clk
Path Type: min
Corner: Typical

Fanout     Cap    Slew   Delay    Time   Description
-----------------------------------------------------------------------------
                          0.00    0.00   clock clk (rise edge)
                          0.50    0.50   clock source latency
     1    0.02    0.05    0.04    0.54 ^ clk (in)
                                         clk (net)
                  0.05    0.00    0.54 ^ clkbuf_0_clk/A (sky130_fd_sc_hd__clkbuf_16)
     2    0.02    0.04    0.13    0.67 ^ clkbuf_0_clk/X (sky130_fd_sc_hd__clkbuf_16)
                                         clknet_0_clk (net)
                  0.04    0.00    0.67 ^ clkbuf_1_1__f_clk/A (sky130_fd_sc_hd__clkbuf_16)
    13    0.05    0.06    0.14    0.81 ^ clkbuf_1_1__f_clk/X (sky130_fd_sc_hd__clkbuf_16)
                                         clknet_1_1__leaf_clk (net)
                  0.06    0.00    0.81 ^ _255_/CLK (sky130_fd_sc_hd__dfrtp_1)
     1    0.00    0.04    0.32    1.13 ^ _255_/Q (sky130_fd_sc_hd__dfrtp_1)
                                         net13 (net)
                  0.04    0.00    1.13 ^ output13/A (sky130_fd_sc_hd__clkbuf_2)
     1    0.02    0.12    0.16    1.29 ^ output13/X (sky130_fd_sc_hd__clkbuf_2)
                                         pwr_state[1] (net)
                  0.12    0.00    1.29 ^ pwr_state[1] (out)
                                  1.29   data arrival time

                          0.00    0.00   clock clk (rise edge)
                          0.50    0.50   clock network delay (propagated)
                          0.10    0.60   clock uncertainty
                          0.00    0.60   clock reconvergence pessimism
                         -0.50    0.10   output external delay
                                  0.10   data required time
-----------------------------------------------------------------------------
                                  0.10   data required time
                                 -1.29   data arrival time
-----------------------------------------------------------------------------
                                  1.19   slack (MET)


Startpoint: _254_ (rising edge-triggered flip-flop clocked by clk)
Endpoint: pwr_state[0] (output port clocked by clk)
Path Group: clk
Path Type: min
Corner: Typical

Fanout     Cap    Slew   Delay    Time   Description
-----------------------------------------------------------------------------
                          0.00    0.00   clock clk (rise edge)
                          0.50    0.50   clock source latency
     1    0.02    0.05    0.04    0.54 ^ clk (in)
                                         clk (net)
                  0.05    0.00    0.54 ^ clkbuf_0_clk/A (sky130_fd_sc_hd__clkbuf_16)
     2    0.02    0.04    0.13    0.67 ^ clkbuf_0_clk/X (sky130_fd_sc_hd__clkbuf_16)
                                         clknet_0_clk (net)
                  0.04    0.00    0.67 ^ clkbuf_1_1__f_clk/A (sky130_fd_sc_hd__clkbuf_16)
    13    0.05    0.06    0.14    0.81 ^ clkbuf_1_1__f_clk/X (sky130_fd_sc_hd__clkbuf_16)
                                         clknet_1_1__leaf_clk (net)
                  0.06    0.00    0.81 ^ _254_/CLK (sky130_fd_sc_hd__dfrtp_1)
     1    0.00    0.04    0.32    1.13 ^ _254_/Q (sky130_fd_sc_hd__dfrtp_1)
                                         net12 (net)
                  0.04    0.00    1.13 ^ output12/A (sky130_fd_sc_hd__clkbuf_2)
     1    0.02    0.12    0.16    1.29 ^ output12/X (sky130_fd_sc_hd__clkbuf_2)
                                         pwr_state[0] (net)
                  0.12    0.00    1.29 ^ pwr_state[0] (out)
                                  1.29   data arrival time

                          0.00    0.00   clock clk (rise edge)
                          0.50    0.50   clock network delay (propagated)
                          0.10    0.60   clock uncertainty
                          0.00    0.60   clock reconvergence pessimism
                         -0.50    0.10   output external delay
                                  0.10   data required time
-----------------------------------------------------------------------------
                                  0.10   data required time
                                 -1.29   data arrival time
-----------------------------------------------------------------------------
                                  1.19   slack (MET)


Startpoint: _239_ (rising edge-triggered flip-flop clocked by clk)
Endpoint: dvfs_ctrl[1] (output port clocked by clk)
Path Group: clk
Path Type: min
Corner: Typical

Fanout     Cap    Slew   Delay    Time   Description
-----------------------------------------------------------------------------
                          0.00    0.00   clock clk (rise edge)
                          0.50    0.50   clock source latency
     1    0.02    0.05    0.04    0.54 ^ clk (in)
                                         clk (net)
                  0.05    0.00    0.54 ^ clkbuf_0_clk/A (sky130_fd_sc_hd__clkbuf_16)
     2    0.02    0.04    0.13    0.67 ^ clkbuf_0_clk/X (sky130_fd_sc_hd__clkbuf_16)
                                         clknet_0_clk (net)
                  0.04    0.00    0.67 ^ clkbuf_1_1__f_clk/A (sky130_fd_sc_hd__clkbuf_16)
    13    0.05    0.06    0.14    0.81 ^ clkbuf_1_1__f_clk/X (sky130_fd_sc_hd__clkbuf_16)
                                         clknet_1_1__leaf_clk (net)
                  0.06    0.00    0.81 ^ _239_/CLK (sky130_fd_sc_hd__dfstp_1)
     1    0.00    0.03    0.35    1.16 v _239_/Q (sky130_fd_sc_hd__dfstp_1)
                                         net9 (net)
                  0.03    0.00    1.16 v output9/A (sky130_fd_sc_hd__clkbuf_2)
     1    0.02    0.08    0.14    1.31 v output9/X (sky130_fd_sc_hd__clkbuf_2)
                                         dvfs_ctrl[1] (net)
                  0.08    0.00    1.31 v dvfs_ctrl[1] (out)
                                  1.31   data arrival time

                          0.00    0.00   clock clk (rise edge)
                          0.50    0.50   clock network delay (propagated)
                          0.10    0.60   clock uncertainty
                          0.00    0.60   clock reconvergence pessimism
                         -0.50    0.10   output external delay
                                  0.10   data required time
-----------------------------------------------------------------------------
                                  0.10   data required time
                                 -1.31   data arrival time
-----------------------------------------------------------------------------
                                  1.21   slack (MET)


Startpoint: _253_ (rising edge-triggered flip-flop clocked by clk)
Endpoint: reset_ctrl (output port clocked by clk)
Path Group: clk
Path Type: min
Corner: Typical

Fanout     Cap    Slew   Delay    Time   Description
-----------------------------------------------------------------------------
                          0.00    0.00   clock clk (rise edge)
                          0.50    0.50   clock source latency
     1    0.02    0.05    0.04    0.54 ^ clk (in)
                                         clk (net)
                  0.05    0.00    0.54 ^ clkbuf_0_clk/A (sky130_fd_sc_hd__clkbuf_16)
     2    0.02    0.04    0.13    0.67 ^ clkbuf_0_clk/X (sky130_fd_sc_hd__clkbuf_16)
                                         clknet_0_clk (net)
                  0.04    0.00    0.67 ^ clkbuf_1_1__f_clk/A (sky130_fd_sc_hd__clkbuf_16)
    13    0.05    0.06    0.14    0.81 ^ clkbuf_1_1__f_clk/X (sky130_fd_sc_hd__clkbuf_16)
                                         clknet_1_1__leaf_clk (net)
                  0.06    0.00    0.81 ^ _253_/CLK (sky130_fd_sc_hd__dfrtp_1)
     1    0.00    0.04    0.31    1.13 ^ _253_/Q (sky130_fd_sc_hd__dfrtp_1)
                                         net14 (net)
                  0.04    0.00    1.13 ^ output14/A (sky130_fd_sc_hd__buf_2)
     1    0.03    0.15    0.18    1.31 ^ output14/X (sky130_fd_sc_hd__buf_2)
                                         reset_ctrl (net)
                  0.15    0.00    1.31 ^ reset_ctrl (out)
                                  1.31   data arrival time

                          0.00    0.00   clock clk (rise edge)
                          0.50    0.50   clock network delay (propagated)
                          0.10    0.60   clock uncertainty
                          0.00    0.60   clock reconvergence pessimism
                         -0.50    0.10   output external delay
                                  0.10   data required time
-----------------------------------------------------------------------------
                                  0.10   data required time
                                 -1.31   data arrival time
-----------------------------------------------------------------------------
                                  1.21   slack (MET)


Startpoint: _252_ (rising edge-triggered flip-flop clocked by clk)
Endpoint: retention_restore (output port clocked by clk)
Path Group: clk
Path Type: min
Corner: Typical

Fanout     Cap    Slew   Delay    Time   Description
-----------------------------------------------------------------------------
                          0.00    0.00   clock clk (rise edge)
                          0.50    0.50   clock source latency
     1    0.02    0.05    0.04    0.54 ^ clk (in)
                                         clk (net)
                  0.05    0.00    0.54 ^ clkbuf_0_clk/A (sky130_fd_sc_hd__clkbuf_16)
     2    0.02    0.04    0.13    0.67 ^ clkbuf_0_clk/X (sky130_fd_sc_hd__clkbuf_16)
                                         clknet_0_clk (net)
                  0.04    0.00    0.67 ^ clkbuf_1_0__f_clk/A (sky130_fd_sc_hd__clkbuf_16)
    16    0.05    0.06    0.14    0.81 ^ clkbuf_1_0__f_clk/X (sky130_fd_sc_hd__clkbuf_16)
                                         clknet_1_0__leaf_clk (net)
                  0.06    0.00    0.81 ^ _252_/CLK (sky130_fd_sc_hd__dfrtp_1)
     1    0.00    0.04    0.31    1.13 ^ _252_/Q (sky130_fd_sc_hd__dfrtp_1)
                                         net16 (net)
                  0.04    0.00    1.13 ^ output16/A (sky130_fd_sc_hd__buf_2)
     1    0.03    0.15    0.18    1.31 ^ output16/X (sky130_fd_sc_hd__buf_2)
                                         retention_restore (net)
                  0.15    0.00    1.31 ^ retention_restore (out)
                                  1.31   data arrival time

                          0.00    0.00   clock clk (rise edge)
                          0.50    0.50   clock network delay (propagated)
                          0.10    0.60   clock uncertainty
                          0.00    0.60   clock reconvergence pessimism
                         -0.50    0.10   output external delay
                                  0.10   data required time
-----------------------------------------------------------------------------
                                  0.10   data required time
                                 -1.31   data arrival time
-----------------------------------------------------------------------------
                                  1.21   slack (MET)


Startpoint: _251_ (rising edge-triggered flip-flop clocked by clk)
Endpoint: retention_save (output port clocked by clk)
Path Group: clk
Path Type: min
Corner: Typical

Fanout     Cap    Slew   Delay    Time   Description
-----------------------------------------------------------------------------
                          0.00    0.00   clock clk (rise edge)
                          0.50    0.50   clock source latency
     1    0.02    0.05    0.04    0.54 ^ clk (in)
                                         clk (net)
                  0.05    0.00    0.54 ^ clkbuf_0_clk/A (sky130_fd_sc_hd__clkbuf_16)
     2    0.02    0.04    0.13    0.67 ^ clkbuf_0_clk/X (sky130_fd_sc_hd__clkbuf_16)
                                         clknet_0_clk (net)
                  0.04    0.00    0.67 ^ clkbuf_1_0__f_clk/A (sky130_fd_sc_hd__clkbuf_16)
    16    0.05    0.06    0.14    0.81 ^ clkbuf_1_0__f_clk/X (sky130_fd_sc_hd__clkbuf_16)
                                         clknet_1_0__leaf_clk (net)
                  0.06    0.00    0.81 ^ _251_/CLK (sky130_fd_sc_hd__dfrtp_1)
     1    0.00    0.04    0.31    1.13 ^ _251_/Q (sky130_fd_sc_hd__dfrtp_1)
                                         net17 (net)
                  0.04    0.00    1.13 ^ output17/A (sky130_fd_sc_hd__buf_2)
     1    0.03    0.15    0.18    1.31 ^ output17/X (sky130_fd_sc_hd__buf_2)
                                         retention_save (net)
                  0.15    0.00    1.31 ^ retention_save (out)
                                  1.31   data arrival time

                          0.00    0.00   clock clk (rise edge)
                          0.50    0.50   clock network delay (propagated)
                          0.10    0.60   clock uncertainty
                          0.00    0.60   clock reconvergence pessimism
                         -0.50    0.10   output external delay
                                  0.10   data required time
-----------------------------------------------------------------------------
                                  0.10   data required time
                                 -1.31   data arrival time
-----------------------------------------------------------------------------
                                  1.21   slack (MET)


Startpoint: _249_ (rising edge-triggered flip-flop clocked by clk)
Endpoint: pwr_gate_en (output port clocked by clk)
Path Group: clk
Path Type: min
Corner: Typical

Fanout     Cap    Slew   Delay    Time   Description
-----------------------------------------------------------------------------
                          0.00    0.00   clock clk (rise edge)
                          0.50    0.50   clock source latency
     1    0.02    0.05    0.04    0.54 ^ clk (in)
                                         clk (net)
                  0.05    0.00    0.54 ^ clkbuf_0_clk/A (sky130_fd_sc_hd__clkbuf_16)
     2    0.02    0.04    0.13    0.67 ^ clkbuf_0_clk/X (sky130_fd_sc_hd__clkbuf_16)
                                         clknet_0_clk (net)
                  0.04    0.00    0.67 ^ clkbuf_1_0__f_clk/A (sky130_fd_sc_hd__clkbuf_16)
    16    0.05    0.06    0.14    0.81 ^ clkbuf_1_0__f_clk/X (sky130_fd_sc_hd__clkbuf_16)
                                         clknet_1_0__leaf_clk (net)
                  0.06    0.00    0.81 ^ _249_/CLK (sky130_fd_sc_hd__dfrtp_1)
     1    0.00    0.05    0.32    1.13 ^ _249_/Q (sky130_fd_sc_hd__dfrtp_1)
                                         net11 (net)
                  0.05    0.00    1.13 ^ output11/A (sky130_fd_sc_hd__buf_4)
     1    0.05    0.15    0.19    1.32 ^ output11/X (sky130_fd_sc_hd__buf_4)
                                         pwr_gate_en (net)
                  0.15    0.00    1.32 ^ pwr_gate_en (out)
                                  1.32   data arrival time

                          0.00    0.00   clock clk (rise edge)
                          0.50    0.50   clock network delay (propagated)
                          0.10    0.60   clock uncertainty
                          0.00    0.60   clock reconvergence pessimism
                         -0.50    0.10   output external delay
                                  0.10   data required time
-----------------------------------------------------------------------------
                                  0.10   data required time
                                 -1.32   data arrival time
-----------------------------------------------------------------------------
                                  1.22   slack (MET)


Startpoint: _250_ (rising edge-triggered flip-flop clocked by clk)
Endpoint: retention_en (output port clocked by clk)
Path Group: clk
Path Type: min
Corner: Typical

Fanout     Cap    Slew   Delay    Time   Description
-----------------------------------------------------------------------------
                          0.00    0.00   clock clk (rise edge)
                          0.50    0.50   clock source latency
     1    0.02    0.05    0.04    0.54 ^ clk (in)
                                         clk (net)
                  0.05    0.00    0.54 ^ clkbuf_0_clk/A (sky130_fd_sc_hd__clkbuf_16)
     2    0.02    0.04    0.13    0.67 ^ clkbuf_0_clk/X (sky130_fd_sc_hd__clkbuf_16)
                                         clknet_0_clk (net)
                  0.04    0.00    0.67 ^ clkbuf_1_0__f_clk/A (sky130_fd_sc_hd__clkbuf_16)
    16    0.05    0.06    0.14    0.81 ^ clkbuf_1_0__f_clk/X (sky130_fd_sc_hd__clkbuf_16)
                                         clknet_1_0__leaf_clk (net)
                  0.06    0.00    0.81 ^ _250_/CLK (sky130_fd_sc_hd__dfrtp_1)
     1    0.00    0.05    0.32    1.14 ^ _250_/Q (sky130_fd_sc_hd__dfrtp_1)
                                         net15 (net)
                  0.05    0.00    1.14 ^ output15/A (sky130_fd_sc_hd__buf_4)
     1    0.05    0.15    0.19    1.32 ^ output15/X (sky130_fd_sc_hd__buf_4)
                                         retention_en (net)
                  0.15    0.00    1.33 ^ retention_en (out)
                                  1.33   data arrival time

                          0.00    0.00   clock clk (rise edge)
                          0.50    0.50   clock network delay (propagated)
                          0.10    0.60   clock uncertainty
                          0.00    0.60   clock reconvergence pessimism
                         -0.50    0.10   output external delay
                                  0.10   data required time
-----------------------------------------------------------------------------
                                  0.10   data required time
                                 -1.33   data arrival time
-----------------------------------------------------------------------------
                                  1.23   slack (MET)


Startpoint: _248_ (rising edge-triggered flip-flop clocked by clk)
Endpoint: clk_gate_en (output port clocked by clk)
Path Group: clk
Path Type: min
Corner: Typical

Fanout     Cap    Slew   Delay    Time   Description
-----------------------------------------------------------------------------
                          0.00    0.00   clock clk (rise edge)
                          0.50    0.50   clock source latency
     1    0.02    0.05    0.04    0.54 ^ clk (in)
                                         clk (net)
                  0.05    0.00    0.54 ^ clkbuf_0_clk/A (sky130_fd_sc_hd__clkbuf_16)
     2    0.02    0.04    0.13    0.67 ^ clkbuf_0_clk/X (sky130_fd_sc_hd__clkbuf_16)
                                         clknet_0_clk (net)
                  0.04    0.00    0.67 ^ clkbuf_1_0__f_clk/A (sky130_fd_sc_hd__clkbuf_16)
    16    0.05    0.06    0.14    0.81 ^ clkbuf_1_0__f_clk/X (sky130_fd_sc_hd__clkbuf_16)
                                         clknet_1_0__leaf_clk (net)
                  0.06    0.00    0.81 ^ _248_/CLK (sky130_fd_sc_hd__dfrtp_1)
     1    0.00    0.05    0.32    1.13 ^ _248_/Q (sky130_fd_sc_hd__dfrtp_1)
                                         net8 (net)
                  0.05    0.00    1.13 ^ output8/A (sky130_fd_sc_hd__buf_4)
     1    0.05    0.15    0.19    1.33 ^ output8/X (sky130_fd_sc_hd__buf_4)
                                         clk_gate_en (net)
                  0.15    0.00    1.33 ^ clk_gate_en (out)
                                  1.33   data arrival time

                          0.00    0.00   clock clk (rise edge)
                          0.50    0.50   clock network delay (propagated)
                          0.10    0.60   clock uncertainty
                          0.00    0.60   clock reconvergence pessimism
                         -0.50    0.10   output external delay
                                  0.10   data required time
-----------------------------------------------------------------------------
                                  0.10   data required time
                                 -1.33   data arrival time
-----------------------------------------------------------------------------
                                  1.23   slack (MET)


Startpoint: _256_ (rising edge-triggered flip-flop clocked by clk)
Endpoint: error (output port clocked by clk)
Path Group: clk
Path Type: min
Corner: Typical

Fanout     Cap    Slew   Delay    Time   Description
-----------------------------------------------------------------------------
                          0.00    0.00   clock clk (rise edge)
                          0.50    0.50   clock source latency
     1    0.02    0.05    0.04    0.54 ^ clk (in)
                                         clk (net)
                  0.05    0.00    0.54 ^ clkbuf_0_clk/A (sky130_fd_sc_hd__clkbuf_16)
     2    0.02    0.04    0.13    0.67 ^ clkbuf_0_clk/X (sky130_fd_sc_hd__clkbuf_16)
                                         clknet_0_clk (net)
                  0.04    0.00    0.67 ^ clkbuf_1_0__f_clk/A (sky130_fd_sc_hd__clkbuf_16)
    16    0.05    0.06    0.14    0.81 ^ clkbuf_1_0__f_clk/X (sky130_fd_sc_hd__clkbuf_16)
                                         clknet_1_0__leaf_clk (net)
                  0.06    0.00    0.81 ^ _256_/CLK (sky130_fd_sc_hd__dfrtp_4)
     8    0.03    0.11    0.46    1.28 ^ _256_/Q (sky130_fd_sc_hd__dfrtp_4)
                                         curr_state[0] (net)
                  0.11    0.00    1.28 ^ _125_/A (sky130_fd_sc_hd__nor2_1)
     3    0.01    0.04    0.08    1.36 v _125_/Y (sky130_fd_sc_hd__nor2_1)
                                         _065_ (net)
                  0.04    0.00    1.36 v _199_/A (sky130_fd_sc_hd__nand2_1)
     1    0.00    0.04    0.05    1.41 ^ _199_/Y (sky130_fd_sc_hd__nand2_1)
                                         _026_ (net)
                  0.04    0.00    1.41 ^ _200_/B1 (sky130_fd_sc_hd__a211oi_1)
     1    0.01    0.04    0.05    1.46 v _200_/Y (sky130_fd_sc_hd__a211oi_1)
                                         net10 (net)
                  0.04    0.00    1.46 v wire19/A (sky130_fd_sc_hd__clkbuf_1)
     1    0.01    0.04    0.10    1.56 v wire19/X (sky130_fd_sc_hd__clkbuf_1)
                                         net19 (net)
                  0.04    0.00    1.56 v output10/A (sky130_fd_sc_hd__clkbuf_2)
     1    0.02    0.09    0.15    1.71 v output10/X (sky130_fd_sc_hd__clkbuf_2)
                                         error (net)
                  0.09    0.00    1.72 v error (out)
                                  1.72   data arrival time

                          0.00    0.00   clock clk (rise edge)
                          0.50    0.50   clock network delay (propagated)
                          0.10    0.60   clock uncertainty
                          0.00    0.60   clock reconvergence pessimism
                         -0.50    0.10   output external delay
                                  0.10   data required time
-----------------------------------------------------------------------------
                                  0.10   data required time
                                 -1.72   data arrival time
-----------------------------------------------------------------------------
                                  1.62   slack (MET)


Startpoint: _257_ (rising edge-triggered flip-flop clocked by clk)
Endpoint: seq_busy (output port clocked by clk)
Path Group: clk
Path Type: min
Corner: Typical

Fanout     Cap    Slew   Delay    Time   Description
-----------------------------------------------------------------------------
                          0.00    0.00   clock clk (rise edge)
                          0.50    0.50   clock source latency
     1    0.02    0.05    0.04    0.54 ^ clk (in)
                                         clk (net)
                  0.05    0.00    0.54 ^ clkbuf_0_clk/A (sky130_fd_sc_hd__clkbuf_16)
     2    0.02    0.04    0.13    0.67 ^ clkbuf_0_clk/X (sky130_fd_sc_hd__clkbuf_16)
                                         clknet_0_clk (net)
                  0.04    0.00    0.67 ^ clkbuf_1_0__f_clk/A (sky130_fd_sc_hd__clkbuf_16)
    16    0.05    0.06    0.14    0.81 ^ clkbuf_1_0__f_clk/X (sky130_fd_sc_hd__clkbuf_16)
                                         clknet_1_0__leaf_clk (net)
                  0.06    0.00    0.81 ^ _257_/CLK (sky130_fd_sc_hd__dfrtp_1)
     3    0.01    0.11    0.37    1.19 ^ _257_/Q (sky130_fd_sc_hd__dfrtp_1)
                                         curr_state[1] (net)
                  0.11    0.00    1.19 ^ _138_/B (sky130_fd_sc_hd__nand2_1)
     3    0.01    0.10    0.12    1.30 v _138_/Y (sky130_fd_sc_hd__nand2_1)
                                         _077_ (net)
                  0.10    0.00    1.30 v _139_/A (sky130_fd_sc_hd__inv_2)
     2    0.01    0.05    0.07    1.38 ^ _139_/Y (sky130_fd_sc_hd__inv_2)
                                         _078_ (net)
                  0.05    0.00    1.38 ^ _140_/B (sky130_fd_sc_hd__nor2_1)
     1    0.00    0.02    0.04    1.42 v _140_/Y (sky130_fd_sc_hd__nor2_1)
                                         net18 (net)
                  0.02    0.00    1.42 v wire20/A (sky130_fd_sc_hd__buf_1)
     4    0.02    0.09    0.13    1.55 v wire20/X (sky130_fd_sc_hd__buf_1)
                                         net20 (net)
                  0.09    0.00    1.55 v output18/A (sky130_fd_sc_hd__clkbuf_2)
     1    0.02    0.09    0.17    1.73 v output18/X (sky130_fd_sc_hd__clkbuf_2)
                                         seq_busy (net)
                  0.09    0.00    1.73 v seq_busy (out)
                                  1.73   data arrival time

                          0.00    0.00   clock clk (rise edge)
                          0.50    0.50   clock network delay (propagated)
                          0.10    0.60   clock uncertainty
                          0.00    0.60   clock reconvergence pessimism
                         -0.50    0.10   output external delay
                                  0.10   data required time
-----------------------------------------------------------------------------
                                  0.10   data required time
                                 -1.73   data arrival time
-----------------------------------------------------------------------------
                                  1.63   slack (MET)



worst slack corner Typical: 0.1979
