OpenROAD b16bda7e82721d10566ff7e2b68f1ff0be9f9e38 
Features included (+) or not (-): +Charts +GPU +GUI +Python
This program is licensed under the BSD-3 license. See the LICENSE file for details.
Components of this program may be licensed under more restrictive licenses which must be honored.
define_corners Typical
read_liberty -corner Typical /home/djspit/.volare/sky130A/libs.ref/sky130_fd_sc_hd/lib/sky130_fd_sc_hd__tt_025C_1v80.lib
Using 1e-12 for capacitance...
Using 1e+03 for resistance...
Using 1e-09 for time...
Using 1e+00 for voltage...
Using 1e-03 for current...
Using 1e-09 for power...
Using 1e-06 for distance...
[INFO]: Reading ODB at '/openlane/designs/pmu_fsm/runs/run_1_10_13_2025/results/cts/pmu_fsm.odb'…
Reading design constraints file at '/openlane/designs/pmu_fsm/src/pmu_constraints.sdc'…
[INFO]: No (un)set_propagated_clock found in /openlane/designs/pmu_fsm/src/pmu_constraints.sdc
[INFO]: Propagating all clocks
[INFO]: Setting RC values...
min_report

===========================================================================
report_checks -path_delay min (Hold)
============================================================================
======================= Typical Corner ===================================

Startpoint: req_idle (input port clocked by clk)
Endpoint: _262_ (rising edge-triggered flip-flop clocked by clk)
Path Group: clk
Path Type: min

Fanout     Cap    Slew   Delay    Time   Description
-----------------------------------------------------------------------------
                          0.00    0.00   clock clk (rise edge)
                          0.50    0.50   clock network delay (propagated)
                          0.50    1.00 ^ input external delay
     1    0.00    0.02    0.01    1.01 ^ req_idle (in)
                                         req_idle (net)
                  0.02    0.00    1.01 ^ input3/A (sky130_fd_sc_hd__clkbuf_1)
     1    0.00    0.04    0.07    1.08 ^ input3/X (sky130_fd_sc_hd__clkbuf_1)
                                         net3 (net)
                  0.04    0.00    1.08 ^ _262_/D (sky130_fd_sc_hd__dfrtp_1)
                                  1.08   data arrival time

                          0.00    0.00   clock clk (rise edge)
                          0.50    0.50   clock source latency
     1    0.01    0.05    0.03    0.53 ^ clk (in)
                                         clk (net)
                  0.05    0.00    0.53 ^ clkbuf_0_clk/A (sky130_fd_sc_hd__clkbuf_16)
     2    0.02    0.04    0.13    0.66 ^ clkbuf_0_clk/X (sky130_fd_sc_hd__clkbuf_16)
                                         clknet_0_clk (net)
                  0.04    0.00    0.66 ^ clkbuf_1_0__f_clk/A (sky130_fd_sc_hd__clkbuf_16)
    16    0.04    0.06    0.14    0.80 ^ clkbuf_1_0__f_clk/X (sky130_fd_sc_hd__clkbuf_16)
                                         clknet_1_0__leaf_clk (net)
                  0.06    0.00    0.80 ^ _262_/CLK (sky130_fd_sc_hd__dfrtp_1)
                          0.10    0.90   clock uncertainty
                          0.00    0.90   clock reconvergence pessimism
                         -0.03    0.87   library hold time
                                  0.87   data required time
-----------------------------------------------------------------------------
                                  0.87   data required time
                                 -1.08   data arrival time
-----------------------------------------------------------------------------
                                  0.21   slack (MET)


Startpoint: req_off (input port clocked by clk)
Endpoint: _260_ (rising edge-triggered flip-flop clocked by clk)
Path Group: clk
Path Type: min

Fanout     Cap    Slew   Delay    Time   Description
-----------------------------------------------------------------------------
                          0.00    0.00   clock clk (rise edge)
                          0.50    0.50   clock network delay (propagated)
                          0.50    1.00 ^ input external delay
     1    0.00    0.02    0.01    1.01 ^ req_off (in)
                                         req_off (net)
                  0.02    0.00    1.01 ^ input4/A (sky130_fd_sc_hd__clkbuf_1)
     1    0.00    0.04    0.07    1.08 ^ input4/X (sky130_fd_sc_hd__clkbuf_1)
                                         net4 (net)
                  0.04    0.00    1.08 ^ _260_/D (sky130_fd_sc_hd__dfrtp_1)
                                  1.08   data arrival time

                          0.00    0.00   clock clk (rise edge)
                          0.50    0.50   clock source latency
     1    0.01    0.05    0.03    0.53 ^ clk (in)
                                         clk (net)
                  0.05    0.00    0.53 ^ clkbuf_0_clk/A (sky130_fd_sc_hd__clkbuf_16)
     2    0.02    0.04    0.13    0.66 ^ clkbuf_0_clk/X (sky130_fd_sc_hd__clkbuf_16)
                                         clknet_0_clk (net)
                  0.04    0.00    0.66 ^ clkbuf_1_0__f_clk/A (sky130_fd_sc_hd__clkbuf_16)
    16    0.04    0.06    0.14    0.80 ^ clkbuf_1_0__f_clk/X (sky130_fd_sc_hd__clkbuf_16)
                                         clknet_1_0__leaf_clk (net)
                  0.06    0.00    0.80 ^ _260_/CLK (sky130_fd_sc_hd__dfrtp_1)
                          0.10    0.90   clock uncertainty
                          0.00    0.90   clock reconvergence pessimism
                         -0.03    0.86   library hold time
                                  0.86   data required time
-----------------------------------------------------------------------------
                                  0.86   data required time
                                 -1.08   data arrival time
-----------------------------------------------------------------------------
                                  0.21   slack (MET)


Startpoint: req_sleep (input port clocked by clk)
Endpoint: _261_ (rising edge-triggered flip-flop clocked by clk)
Path Group: clk
Path Type: min

Fanout     Cap    Slew   Delay    Time   Description
-----------------------------------------------------------------------------
                          0.00    0.00   clock clk (rise edge)
                          0.50    0.50   clock network delay (propagated)
                          0.50    1.00 ^ input external delay
     1    0.00    0.02    0.01    1.01 ^ req_sleep (in)
                                         req_sleep (net)
                  0.02    0.00    1.01 ^ input5/A (sky130_fd_sc_hd__clkbuf_1)
     1    0.00    0.04    0.07    1.08 ^ input5/X (sky130_fd_sc_hd__clkbuf_1)
                                         net5 (net)
                  0.04    0.00    1.08 ^ _261_/D (sky130_fd_sc_hd__dfrtp_1)
                                  1.08   data arrival time

                          0.00    0.00   clock clk (rise edge)
                          0.50    0.50   clock source latency
     1    0.01    0.05    0.03    0.53 ^ clk (in)
                                         clk (net)
                  0.05    0.00    0.53 ^ clkbuf_0_clk/A (sky130_fd_sc_hd__clkbuf_16)
     2    0.02    0.04    0.13    0.66 ^ clkbuf_0_clk/X (sky130_fd_sc_hd__clkbuf_16)
                                         clknet_0_clk (net)
                  0.04    0.00    0.66 ^ clkbuf_1_0__f_clk/A (sky130_fd_sc_hd__clkbuf_16)
    16    0.04    0.06    0.14    0.80 ^ clkbuf_1_0__f_clk/X (sky130_fd_sc_hd__clkbuf_16)
                                         clknet_1_0__leaf_clk (net)
                  0.06    0.00    0.80 ^ _261_/CLK (sky130_fd_sc_hd__dfrtp_1)
                          0.10    0.90   clock uncertainty
                          0.00    0.90   clock reconvergence pessimism
                         -0.03    0.86   library hold time
                                  0.86   data required time
-----------------------------------------------------------------------------
                                  0.86   data required time
                                 -1.08   data arrival time
-----------------------------------------------------------------------------
                                  0.22   slack (MET)


Startpoint: wake_up (input port clocked by clk)
Endpoint: _259_ (rising edge-triggered flip-flop clocked by clk)
Path Group: clk
Path Type: min

Fanout     Cap    Slew   Delay    Time   Description
-----------------------------------------------------------------------------
                          0.00    0.00   clock clk (rise edge)
                          0.50    0.50   clock network delay (propagated)
                          0.50    1.00 ^ input external delay
     1    0.00    0.02    0.01    1.01 ^ wake_up (in)
                                         wake_up (net)
                  0.02    0.00    1.01 ^ input7/A (sky130_fd_sc_hd__clkbuf_1)
     1    0.00    0.04    0.07    1.08 ^ input7/X (sky130_fd_sc_hd__clkbuf_1)
                                         net7 (net)
                  0.04    0.00    1.08 ^ _259_/D (sky130_fd_sc_hd__dfrtp_1)
                                  1.08   data arrival time

                          0.00    0.00   clock clk (rise edge)
                          0.50    0.50   clock source latency
     1    0.01    0.05    0.03    0.53 ^ clk (in)
                                         clk (net)
                  0.05    0.00    0.53 ^ clkbuf_0_clk/A (sky130_fd_sc_hd__clkbuf_16)
     2    0.02    0.04    0.13    0.66 ^ clkbuf_0_clk/X (sky130_fd_sc_hd__clkbuf_16)
                                         clknet_0_clk (net)
                  0.04    0.00    0.66 ^ clkbuf_1_0__f_clk/A (sky130_fd_sc_hd__clkbuf_16)
    16    0.04    0.06    0.14    0.80 ^ clkbuf_1_0__f_clk/X (sky130_fd_sc_hd__clkbuf_16)
                                         clknet_1_0__leaf_clk (net)
                  0.06    0.00    0.80 ^ _259_/CLK (sky130_fd_sc_hd__dfrtp_1)
                          0.10    0.90   clock uncertainty
                          0.00    0.90   clock reconvergence pessimism
                         -0.03    0.86   library hold time
                                  0.86   data required time
-----------------------------------------------------------------------------
                                  0.86   data required time
                                 -1.08   data arrival time
-----------------------------------------------------------------------------
                                  0.22   slack (MET)


Startpoint: _262_ (rising edge-triggered flip-flop clocked by clk)
Endpoint: _266_ (rising edge-triggered flip-flop clocked by clk)
Path Group: clk
Path Type: min

Fanout     Cap    Slew   Delay    Time   Description
-----------------------------------------------------------------------------
                          0.00    0.00   clock clk (rise edge)
                          0.50    0.50   clock source latency
     1    0.01    0.05    0.03    0.53 ^ clk (in)
                                         clk (net)
                  0.05    0.00    0.53 ^ clkbuf_0_clk/A (sky130_fd_sc_hd__clkbuf_16)
     2    0.02    0.04    0.13    0.66 ^ clkbuf_0_clk/X (sky130_fd_sc_hd__clkbuf_16)
                                         clknet_0_clk (net)
                  0.04    0.00    0.66 ^ clkbuf_1_0__f_clk/A (sky130_fd_sc_hd__clkbuf_16)
    16    0.04    0.06    0.14    0.80 ^ clkbuf_1_0__f_clk/X (sky130_fd_sc_hd__clkbuf_16)
                                         clknet_1_0__leaf_clk (net)
                  0.06    0.00    0.80 ^ _262_/CLK (sky130_fd_sc_hd__dfrtp_1)
     1    0.00    0.04    0.31    1.11 ^ _262_/Q (sky130_fd_sc_hd__dfrtp_1)
                                         sync_stage1[3] (net)
                  0.04    0.00    1.11 ^ _266_/D (sky130_fd_sc_hd__dfrtp_1)
                                  1.11   data arrival time

                          0.00    0.00   clock clk (rise edge)
                          0.50    0.50   clock source latency
     1    0.01    0.05    0.03    0.53 ^ clk (in)
                                         clk (net)
                  0.05    0.00    0.53 ^ clkbuf_0_clk/A (sky130_fd_sc_hd__clkbuf_16)
     2    0.02    0.04    0.13    0.66 ^ clkbuf_0_clk/X (sky130_fd_sc_hd__clkbuf_16)
                                         clknet_0_clk (net)
                  0.04    0.00    0.66 ^ clkbuf_1_0__f_clk/A (sky130_fd_sc_hd__clkbuf_16)
    16    0.04    0.06    0.14    0.80 ^ clkbuf_1_0__f_clk/X (sky130_fd_sc_hd__clkbuf_16)
                                         clknet_1_0__leaf_clk (net)
                  0.06    0.00    0.80 ^ _266_/CLK (sky130_fd_sc_hd__dfrtp_1)
                          0.10    0.90   clock uncertainty
                          0.00    0.90   clock reconvergence pessimism
                         -0.03    0.86   library hold time
                                  0.86   data required time
-----------------------------------------------------------------------------
                                  0.86   data required time
                                 -1.11   data arrival time
-----------------------------------------------------------------------------
                                  0.25   slack (MET)


Startpoint: _261_ (rising edge-triggered flip-flop clocked by clk)
Endpoint: _265_ (rising edge-triggered flip-flop clocked by clk)
Path Group: clk
Path Type: min

Fanout     Cap    Slew   Delay    Time   Description
-----------------------------------------------------------------------------
                          0.00    0.00   clock clk (rise edge)
                          0.50    0.50   clock source latency
     1    0.01    0.05    0.03    0.53 ^ clk (in)
                                         clk (net)
                  0.05    0.00    0.53 ^ clkbuf_0_clk/A (sky130_fd_sc_hd__clkbuf_16)
     2    0.02    0.04    0.13    0.66 ^ clkbuf_0_clk/X (sky130_fd_sc_hd__clkbuf_16)
                                         clknet_0_clk (net)
                  0.04    0.00    0.66 ^ clkbuf_1_0__f_clk/A (sky130_fd_sc_hd__clkbuf_16)
    16    0.04    0.06    0.14    0.80 ^ clkbuf_1_0__f_clk/X (sky130_fd_sc_hd__clkbuf_16)
                                         clknet_1_0__leaf_clk (net)
                  0.06    0.00    0.80 ^ _261_/CLK (sky130_fd_sc_hd__dfrtp_1)
     1    0.00    0.04    0.32    1.11 ^ _261_/Q (sky130_fd_sc_hd__dfrtp_1)
                                         sync_stage1[2] (net)
                  0.04    0.00    1.11 ^ _265_/D (sky130_fd_sc_hd__dfrtp_1)
                                  1.11   data arrival time

                          0.00    0.00   clock clk (rise edge)
                          0.50    0.50   clock source latency
     1    0.01    0.05    0.03    0.53 ^ clk (in)
                                         clk (net)
                  0.05    0.00    0.53 ^ clkbuf_0_clk/A (sky130_fd_sc_hd__clkbuf_16)
     2    0.02    0.04    0.13    0.66 ^ clkbuf_0_clk/X (sky130_fd_sc_hd__clkbuf_16)
                                         clknet_0_clk (net)
                  0.04    0.00    0.66 ^ clkbuf_1_0__f_clk/A (sky130_fd_sc_hd__clkbuf_16)
    16    0.04    0.06    0.14    0.80 ^ clkbuf_1_0__f_clk/X (sky130_fd_sc_hd__clkbuf_16)
                                         clknet_1_0__leaf_clk (net)
                  0.06    0.00    0.80 ^ _265_/CLK (sky130_fd_sc_hd__dfrtp_1)
                          0.10    0.90   clock uncertainty
                          0.00    0.90   clock reconvergence pessimism
                         -0.03    0.86   library hold time
                                  0.86   data required time
-----------------------------------------------------------------------------
                                  0.86   data required time
                                 -1.11   data arrival time
-----------------------------------------------------------------------------
                                  0.25   slack (MET)


Startpoint: _260_ (rising edge-triggered flip-flop clocked by clk)
Endpoint: _264_ (rising edge-triggered flip-flop clocked by clk)
Path Group: clk
Path Type: min

Fanout     Cap    Slew   Delay    Time   Description
-----------------------------------------------------------------------------
                          0.00    0.00   clock clk (rise edge)
                          0.50    0.50   clock source latency
     1    0.01    0.05    0.03    0.53 ^ clk (in)
                                         clk (net)
                  0.05    0.00    0.53 ^ clkbuf_0_clk/A (sky130_fd_sc_hd__clkbuf_16)
     2    0.02    0.04    0.13    0.66 ^ clkbuf_0_clk/X (sky130_fd_sc_hd__clkbuf_16)
                                         clknet_0_clk (net)
                  0.04    0.00    0.66 ^ clkbuf_1_0__f_clk/A (sky130_fd_sc_hd__clkbuf_16)
    16    0.04    0.06    0.14    0.80 ^ clkbuf_1_0__f_clk/X (sky130_fd_sc_hd__clkbuf_16)
                                         clknet_1_0__leaf_clk (net)
                  0.06    0.00    0.80 ^ _260_/CLK (sky130_fd_sc_hd__dfrtp_1)
     1    0.00    0.04    0.32    1.11 ^ _260_/Q (sky130_fd_sc_hd__dfrtp_1)
                                         sync_stage1[1] (net)
                  0.04    0.00    1.11 ^ _264_/D (sky130_fd_sc_hd__dfrtp_1)
                                  1.11   data arrival time

                          0.00    0.00   clock clk (rise edge)
                          0.50    0.50   clock source latency
     1    0.01    0.05    0.03    0.53 ^ clk (in)
                                         clk (net)
                  0.05    0.00    0.53 ^ clkbuf_0_clk/A (sky130_fd_sc_hd__clkbuf_16)
     2    0.02    0.04    0.13    0.66 ^ clkbuf_0_clk/X (sky130_fd_sc_hd__clkbuf_16)
                                         clknet_0_clk (net)
                  0.04    0.00    0.66 ^ clkbuf_1_0__f_clk/A (sky130_fd_sc_hd__clkbuf_16)
    16    0.04    0.06    0.14    0.80 ^ clkbuf_1_0__f_clk/X (sky130_fd_sc_hd__clkbuf_16)
                                         clknet_1_0__leaf_clk (net)
                  0.06    0.00    0.80 ^ _264_/CLK (sky130_fd_sc_hd__dfrtp_1)
                          0.10    0.90   clock uncertainty
                          0.00    0.90   clock reconvergence pessimism
                         -0.03    0.86   library hold time
                                  0.86   data required time
-----------------------------------------------------------------------------
                                  0.86   data required time
                                 -1.11   data arrival time
-----------------------------------------------------------------------------
                                  0.25   slack (MET)


Startpoint: _259_ (rising edge-triggered flip-flop clocked by clk)
Endpoint: _263_ (rising edge-triggered flip-flop clocked by clk)
Path Group: clk
Path Type: min

Fanout     Cap    Slew   Delay    Time   Description
-----------------------------------------------------------------------------
                          0.00    0.00   clock clk (rise edge)
                          0.50    0.50   clock source latency
     1    0.01    0.05    0.03    0.53 ^ clk (in)
                                         clk (net)
                  0.05    0.00    0.53 ^ clkbuf_0_clk/A (sky130_fd_sc_hd__clkbuf_16)
     2    0.02    0.04    0.13    0.66 ^ clkbuf_0_clk/X (sky130_fd_sc_hd__clkbuf_16)
                                         clknet_0_clk (net)
                  0.04    0.00    0.66 ^ clkbuf_1_0__f_clk/A (sky130_fd_sc_hd__clkbuf_16)
    16    0.04    0.06    0.14    0.80 ^ clkbuf_1_0__f_clk/X (sky130_fd_sc_hd__clkbuf_16)
                                         clknet_1_0__leaf_clk (net)
                  0.06    0.00    0.80 ^ _259_/CLK (sky130_fd_sc_hd__dfrtp_1)
     1    0.00    0.05    0.32    1.12 ^ _259_/Q (sky130_fd_sc_hd__dfrtp_1)
                                         sync_stage1[0] (net)
                  0.05    0.00    1.12 ^ _263_/D (sky130_fd_sc_hd__dfrtp_1)
                                  1.12   data arrival time

                          0.00    0.00   clock clk (rise edge)
                          0.50    0.50   clock source latency
     1    0.01    0.05    0.03    0.53 ^ clk (in)
                                         clk (net)
                  0.05    0.00    0.53 ^ clkbuf_0_clk/A (sky130_fd_sc_hd__clkbuf_16)
     2    0.02    0.04    0.13    0.66 ^ clkbuf_0_clk/X (sky130_fd_sc_hd__clkbuf_16)
                                         clknet_0_clk (net)
                  0.04    0.00    0.66 ^ clkbuf_1_0__f_clk/A (sky130_fd_sc_hd__clkbuf_16)
    16    0.04    0.06    0.14    0.80 ^ clkbuf_1_0__f_clk/X (sky130_fd_sc_hd__clkbuf_16)
                                         clknet_1_0__leaf_clk (net)
                  0.06    0.00    0.80 ^ _263_/CLK (sky130_fd_sc_hd__dfrtp_1)
                          0.10    0.90   clock uncertainty
                          0.00    0.90   clock reconvergence pessimism
                         -0.03    0.86   library hold time
                                  0.86   data required time
-----------------------------------------------------------------------------
                                  0.86   data required time
                                 -1.12   data arrival time
-----------------------------------------------------------------------------
                                  0.26   slack (MET)


Startpoint: _257_ (rising edge-triggered flip-flop clocked by clk)
Endpoint: _249_ (rising edge-triggered flip-flop clocked by clk)
Path Group: clk
Path Type: min

Fanout     Cap    Slew   Delay    Time   Description
-----------------------------------------------------------------------------
                          0.00    0.00   clock clk (rise edge)
                          0.50    0.50   clock source latency
     1    0.01    0.05    0.03    0.53 ^ clk (in)
                                         clk (net)
                  0.05    0.00    0.53 ^ clkbuf_0_clk/A (sky130_fd_sc_hd__clkbuf_16)
     2    0.02    0.04    0.13    0.66 ^ clkbuf_0_clk/X (sky130_fd_sc_hd__clkbuf_16)
                                         clknet_0_clk (net)
                  0.04    0.00    0.66 ^ clkbuf_1_0__f_clk/A (sky130_fd_sc_hd__clkbuf_16)
    16    0.04    0.06    0.14    0.80 ^ clkbuf_1_0__f_clk/X (sky130_fd_sc_hd__clkbuf_16)
                                         clknet_1_0__leaf_clk (net)
                  0.06    0.00    0.80 ^ _257_/CLK (sky130_fd_sc_hd__dfrtp_1)
     3    0.01    0.07    0.39    1.19 v _257_/Q (sky130_fd_sc_hd__dfrtp_1)
                                         curr_state[1] (net)
                  0.07    0.00    1.19 v _169_/A (sky130_fd_sc_hd__inv_2)
     2    0.00    0.03    0.06    1.25 ^ _169_/Y (sky130_fd_sc_hd__inv_2)
                                         _106_ (net)
                  0.03    0.00    1.25 ^ _183_/B (sky130_fd_sc_hd__nor2_1)
     2    0.01    0.03    0.04    1.29 v _183_/Y (sky130_fd_sc_hd__nor2_1)
                                         _002_ (net)
                  0.03    0.00    1.29 v _249_/D (sky130_fd_sc_hd__dfrtp_1)
                                  1.29   data arrival time

                          0.00    0.00   clock clk (rise edge)
                          0.50    0.50   clock source latency
     1    0.01    0.05    0.03    0.53 ^ clk (in)
                                         clk (net)
                  0.05    0.00    0.53 ^ clkbuf_0_clk/A (sky130_fd_sc_hd__clkbuf_16)
     2    0.02    0.04    0.13    0.66 ^ clkbuf_0_clk/X (sky130_fd_sc_hd__clkbuf_16)
                                         clknet_0_clk (net)
                  0.04    0.00    0.66 ^ clkbuf_1_0__f_clk/A (sky130_fd_sc_hd__clkbuf_16)
    16    0.04    0.06    0.14    0.80 ^ clkbuf_1_0__f_clk/X (sky130_fd_sc_hd__clkbuf_16)
                                         clknet_1_0__leaf_clk (net)
                  0.06    0.00    0.80 ^ _249_/CLK (sky130_fd_sc_hd__dfrtp_1)
                          0.10    0.90   clock uncertainty
                          0.00    0.90   clock reconvergence pessimism
                         -0.04    0.86   library hold time
                                  0.86   data required time
-----------------------------------------------------------------------------
                                  0.86   data required time
                                 -1.29   data arrival time
-----------------------------------------------------------------------------
                                  0.43   slack (MET)


Startpoint: _247_ (rising edge-triggered flip-flop clocked by clk)
Endpoint: _247_ (rising edge-triggered flip-flop clocked by clk)
Path Group: clk
Path Type: min

Fanout     Cap    Slew   Delay    Time   Description
-----------------------------------------------------------------------------
                          0.00    0.00   clock clk (rise edge)
                          0.50    0.50   clock source latency
     1    0.01    0.05    0.03    0.53 ^ clk (in)
                                         clk (net)
                  0.05    0.00    0.53 ^ clkbuf_0_clk/A (sky130_fd_sc_hd__clkbuf_16)
     2    0.02    0.04    0.13    0.66 ^ clkbuf_0_clk/X (sky130_fd_sc_hd__clkbuf_16)
                                         clknet_0_clk (net)
                  0.04    0.00    0.66 ^ clkbuf_1_1__f_clk/A (sky130_fd_sc_hd__clkbuf_16)
    13    0.04    0.06    0.14    0.80 ^ clkbuf_1_1__f_clk/X (sky130_fd_sc_hd__clkbuf_16)
                                         clknet_1_1__leaf_clk (net)
                  0.06    0.00    0.80 ^ _247_/CLK (sky130_fd_sc_hd__dfrtp_1)
     2    0.01    0.09    0.36    1.15 ^ _247_/Q (sky130_fd_sc_hd__dfrtp_1)
                                         seq_timer[7] (net)
                  0.09    0.00    1.15 ^ _237_/A (sky130_fd_sc_hd__xor2_1)
     1    0.00    0.04    0.07    1.22 v _237_/X (sky130_fd_sc_hd__xor2_1)
                                         _056_ (net)
                  0.04    0.00    1.22 v _238_/A (sky130_fd_sc_hd__nor2_1)
     1    0.00    0.07    0.09    1.31 ^ _238_/Y (sky130_fd_sc_hd__nor2_1)
                                         _011_ (net)
                  0.07    0.00    1.31 ^ _247_/D (sky130_fd_sc_hd__dfrtp_1)
                                  1.31   data arrival time

                          0.00    0.00   clock clk (rise edge)
                          0.50    0.50   clock source latency
     1    0.01    0.05    0.03    0.53 ^ clk (in)
                                         clk (net)
                  0.05    0.00    0.53 ^ clkbuf_0_clk/A (sky130_fd_sc_hd__clkbuf_16)
     2    0.02    0.04    0.13    0.66 ^ clkbuf_0_clk/X (sky130_fd_sc_hd__clkbuf_16)
                                         clknet_0_clk (net)
                  0.04    0.00    0.66 ^ clkbuf_1_1__f_clk/A (sky130_fd_sc_hd__clkbuf_16)
    13    0.04    0.06    0.14    0.80 ^ clkbuf_1_1__f_clk/X (sky130_fd_sc_hd__clkbuf_16)
                                         clknet_1_1__leaf_clk (net)
                  0.06    0.00    0.80 ^ _247_/CLK (sky130_fd_sc_hd__dfrtp_1)
                          0.10    0.90   clock uncertainty
                          0.00    0.90   clock reconvergence pessimism
                         -0.04    0.86   library hold time
                                  0.86   data required time
-----------------------------------------------------------------------------
                                  0.86   data required time
                                 -1.31   data arrival time
-----------------------------------------------------------------------------
                                  0.45   slack (MET)


Startpoint: _246_ (rising edge-triggered flip-flop clocked by clk)
Endpoint: _246_ (rising edge-triggered flip-flop clocked by clk)
Path Group: clk
Path Type: min

Fanout     Cap    Slew   Delay    Time   Description
-----------------------------------------------------------------------------
                          0.00    0.00   clock clk (rise edge)
                          0.50    0.50   clock source latency
     1    0.01    0.05    0.03    0.53 ^ clk (in)
                                         clk (net)
                  0.05    0.00    0.53 ^ clkbuf_0_clk/A (sky130_fd_sc_hd__clkbuf_16)
     2    0.02    0.04    0.13    0.66 ^ clkbuf_0_clk/X (sky130_fd_sc_hd__clkbuf_16)
                                         clknet_0_clk (net)
                  0.04    0.00    0.66 ^ clkbuf_1_1__f_clk/A (sky130_fd_sc_hd__clkbuf_16)
    13    0.04    0.06    0.14    0.80 ^ clkbuf_1_1__f_clk/X (sky130_fd_sc_hd__clkbuf_16)
                                         clknet_1_1__leaf_clk (net)
                  0.06    0.00    0.80 ^ _246_/CLK (sky130_fd_sc_hd__dfrtp_1)
     3    0.01    0.08    0.35    1.15 ^ _246_/Q (sky130_fd_sc_hd__dfrtp_1)
                                         seq_timer[6] (net)
                  0.08    0.00    1.15 ^ _234_/B (sky130_fd_sc_hd__nand2_1)
     2    0.01    0.06    0.08    1.23 v _234_/Y (sky130_fd_sc_hd__nand2_1)
                                         _054_ (net)
                  0.06    0.00    1.23 v _235_/B (sky130_fd_sc_hd__nand2_1)
     1    0.00    0.04    0.07    1.30 ^ _235_/Y (sky130_fd_sc_hd__nand2_1)
                                         _055_ (net)
                  0.04    0.00    1.30 ^ _236_/A (sky130_fd_sc_hd__nor2_1)
     1    0.00    0.02    0.04    1.34 v _236_/Y (sky130_fd_sc_hd__nor2_1)
                                         _010_ (net)
                  0.02    0.00    1.34 v _246_/D (sky130_fd_sc_hd__dfrtp_1)
                                  1.34   data arrival time

                          0.00    0.00   clock clk (rise edge)
                          0.50    0.50   clock source latency
     1    0.01    0.05    0.03    0.53 ^ clk (in)
                                         clk (net)
                  0.05    0.00    0.53 ^ clkbuf_0_clk/A (sky130_fd_sc_hd__clkbuf_16)
     2    0.02    0.04    0.13    0.66 ^ clkbuf_0_clk/X (sky130_fd_sc_hd__clkbuf_16)
                                         clknet_0_clk (net)
                  0.04    0.00    0.66 ^ clkbuf_1_1__f_clk/A (sky130_fd_sc_hd__clkbuf_16)
    13    0.04    0.06    0.14    0.80 ^ clkbuf_1_1__f_clk/X (sky130_fd_sc_hd__clkbuf_16)
                                         clknet_1_1__leaf_clk (net)
                  0.06    0.00    0.80 ^ _246_/CLK (sky130_fd_sc_hd__dfrtp_1)
                          0.10    0.90   clock uncertainty
                          0.00    0.90   clock reconvergence pessimism
                         -0.03    0.86   library hold time
                                  0.86   data required time
-----------------------------------------------------------------------------
                                  0.86   data required time
                                 -1.34   data arrival time
-----------------------------------------------------------------------------
                                  0.48   slack (MET)


Startpoint: _240_ (rising edge-triggered flip-flop clocked by clk)
Endpoint: _251_ (rising edge-triggered flip-flop clocked by clk)
Path Group: clk
Path Type: min

Fanout     Cap    Slew   Delay    Time   Description
-----------------------------------------------------------------------------
                          0.00    0.00   clock clk (rise edge)
                          0.50    0.50   clock source latency
     1    0.01    0.05    0.03    0.53 ^ clk (in)
                                         clk (net)
                  0.05    0.00    0.53 ^ clkbuf_0_clk/A (sky130_fd_sc_hd__clkbuf_16)
     2    0.02    0.04    0.13    0.66 ^ clkbuf_0_clk/X (sky130_fd_sc_hd__clkbuf_16)
                                         clknet_0_clk (net)
                  0.04    0.00    0.66 ^ clkbuf_1_1__f_clk/A (sky130_fd_sc_hd__clkbuf_16)
    13    0.04    0.06    0.14    0.80 ^ clkbuf_1_1__f_clk/X (sky130_fd_sc_hd__clkbuf_16)
                                         clknet_1_1__leaf_clk (net)
                  0.06    0.00    0.80 ^ _240_/CLK (sky130_fd_sc_hd__dfrtp_1)
     5    0.02    0.15    0.40    1.20 ^ _240_/Q (sky130_fd_sc_hd__dfrtp_1)
                                         seq_timer[0] (net)
                  0.15    0.00    1.20 ^ _198_/A2 (sky130_fd_sc_hd__o211a_1)
     1    0.00    0.05    0.16    1.35 ^ _198_/X (sky130_fd_sc_hd__o211a_1)
                                         _003_ (net)
                  0.05    0.00    1.35 ^ _251_/D (sky130_fd_sc_hd__dfrtp_1)
                                  1.35   data arrival time

                          0.00    0.00   clock clk (rise edge)
                          0.50    0.50   clock source latency
     1    0.01    0.05    0.03    0.53 ^ clk (in)
                                         clk (net)
                  0.05    0.00    0.53 ^ clkbuf_0_clk/A (sky130_fd_sc_hd__clkbuf_16)
     2    0.02    0.04    0.13    0.66 ^ clkbuf_0_clk/X (sky130_fd_sc_hd__clkbuf_16)
                                         clknet_0_clk (net)
                  0.04    0.00    0.66 ^ clkbuf_1_0__f_clk/A (sky130_fd_sc_hd__clkbuf_16)
    16    0.04    0.06    0.14    0.80 ^ clkbuf_1_0__f_clk/X (sky130_fd_sc_hd__clkbuf_16)
                                         clknet_1_0__leaf_clk (net)
                  0.06    0.00    0.80 ^ _251_/CLK (sky130_fd_sc_hd__dfrtp_1)
                          0.10    0.90   clock uncertainty
                          0.00    0.90   clock reconvergence pessimism
                         -0.03    0.86   library hold time
                                  0.86   data required time
-----------------------------------------------------------------------------
                                  0.86   data required time
                                 -1.35   data arrival time
-----------------------------------------------------------------------------
                                  0.49   slack (MET)


Startpoint: _256_ (rising edge-triggered flip-flop clocked by clk)
Endpoint: _239_ (rising edge-triggered flip-flop clocked by clk)
Path Group: clk
Path Type: min

Fanout     Cap    Slew   Delay    Time   Description
-----------------------------------------------------------------------------
                          0.00    0.00   clock clk (rise edge)
                          0.50    0.50   clock source latency
     1    0.01    0.05    0.03    0.53 ^ clk (in)
                                         clk (net)
                  0.05    0.00    0.53 ^ clkbuf_0_clk/A (sky130_fd_sc_hd__clkbuf_16)
     2    0.02    0.04    0.13    0.66 ^ clkbuf_0_clk/X (sky130_fd_sc_hd__clkbuf_16)
                                         clknet_0_clk (net)
                  0.04    0.00    0.66 ^ clkbuf_1_0__f_clk/A (sky130_fd_sc_hd__clkbuf_16)
    16    0.04    0.06    0.14    0.80 ^ clkbuf_1_0__f_clk/X (sky130_fd_sc_hd__clkbuf_16)
                                         clknet_1_0__leaf_clk (net)
                  0.06    0.00    0.80 ^ _256_/CLK (sky130_fd_sc_hd__dfrtp_4)
     8    0.03    0.10    0.45    1.25 ^ _256_/Q (sky130_fd_sc_hd__dfrtp_4)
                                         curr_state[0] (net)
                  0.10    0.00    1.25 ^ _189_/A (sky130_fd_sc_hd__nor2_1)
     2    0.01    0.05    0.08    1.33 v _189_/Y (sky130_fd_sc_hd__nor2_1)
                                         _022_ (net)
                  0.05    0.00    1.33 v _190_/A (sky130_fd_sc_hd__inv_2)
     1    0.00    0.02    0.04    1.37 ^ _190_/Y (sky130_fd_sc_hd__inv_2)
                                         _001_ (net)
                  0.02    0.00    1.37 ^ _239_/D (sky130_fd_sc_hd__dfstp_1)
                                  1.37   data arrival time

                          0.00    0.00   clock clk (rise edge)
                          0.50    0.50   clock source latency
     1    0.01    0.05    0.03    0.53 ^ clk (in)
                                         clk (net)
                  0.05    0.00    0.53 ^ clkbuf_0_clk/A (sky130_fd_sc_hd__clkbuf_16)
     2    0.02    0.04    0.13    0.66 ^ clkbuf_0_clk/X (sky130_fd_sc_hd__clkbuf_16)
                                         clknet_0_clk (net)
                  0.04    0.00    0.66 ^ clkbuf_1_1__f_clk/A (sky130_fd_sc_hd__clkbuf_16)
    13    0.04    0.06    0.14    0.80 ^ clkbuf_1_1__f_clk/X (sky130_fd_sc_hd__clkbuf_16)
                                         clknet_1_1__leaf_clk (net)
                  0.06    0.00    0.80 ^ _239_/CLK (sky130_fd_sc_hd__dfstp_1)
                          0.10    0.90   clock uncertainty
                          0.00    0.90   clock reconvergence pessimism
                         -0.03    0.87   library hold time
                                  0.87   data required time
-----------------------------------------------------------------------------
                                  0.87   data required time
                                 -1.37   data arrival time
-----------------------------------------------------------------------------
                                  0.50   slack (MET)


Startpoint: _258_ (rising edge-triggered flip-flop clocked by clk)
Endpoint: _254_ (rising edge-triggered flip-flop clocked by clk)
Path Group: clk
Path Type: min

Fanout     Cap    Slew   Delay    Time   Description
-----------------------------------------------------------------------------
                          0.00    0.00   clock clk (rise edge)
                          0.50    0.50   clock source latency
     1    0.01    0.05    0.03    0.53 ^ clk (in)
                                         clk (net)
                  0.05    0.00    0.53 ^ clkbuf_0_clk/A (sky130_fd_sc_hd__clkbuf_16)
     2    0.02    0.04    0.13    0.66 ^ clkbuf_0_clk/X (sky130_fd_sc_hd__clkbuf_16)
                                         clknet_0_clk (net)
                  0.04    0.00    0.66 ^ clkbuf_1_0__f_clk/A (sky130_fd_sc_hd__clkbuf_16)
    16    0.04    0.06    0.14    0.80 ^ clkbuf_1_0__f_clk/X (sky130_fd_sc_hd__clkbuf_16)
                                         clknet_1_0__leaf_clk (net)
                  0.06    0.00    0.80 ^ _258_/CLK (sky130_fd_sc_hd__dfrtp_4)
     8    0.04    0.13    0.47    1.27 ^ _258_/Q (sky130_fd_sc_hd__dfrtp_4)
                                         curr_state[2] (net)
                  0.13    0.00    1.27 ^ _191_/A1 (sky130_fd_sc_hd__a21oi_1)
     1    0.00    0.04    0.09    1.36 v _191_/Y (sky130_fd_sc_hd__a21oi_1)
                                         _112_ (net)
                  0.04    0.00    1.36 v _254_/D (sky130_fd_sc_hd__dfrtp_1)
                                  1.36   data arrival time

                          0.00    0.00   clock clk (rise edge)
                          0.50    0.50   clock source latency
     1    0.01    0.05    0.03    0.53 ^ clk (in)
                                         clk (net)
                  0.05    0.00    0.53 ^ clkbuf_0_clk/A (sky130_fd_sc_hd__clkbuf_16)
     2    0.02    0.04    0.13    0.66 ^ clkbuf_0_clk/X (sky130_fd_sc_hd__clkbuf_16)
                                         clknet_0_clk (net)
                  0.04    0.00    0.66 ^ clkbuf_1_1__f_clk/A (sky130_fd_sc_hd__clkbuf_16)
    13    0.04    0.06    0.14    0.80 ^ clkbuf_1_1__f_clk/X (sky130_fd_sc_hd__clkbuf_16)
                                         clknet_1_1__leaf_clk (net)
                  0.06    0.00    0.80 ^ _254_/CLK (sky130_fd_sc_hd__dfrtp_1)
                          0.10    0.90   clock uncertainty
                          0.00    0.90   clock reconvergence pessimism
                         -0.04    0.86   library hold time
                                  0.86   data required time
-----------------------------------------------------------------------------
                                  0.86   data required time
                                 -1.36   data arrival time
-----------------------------------------------------------------------------
                                  0.51   slack (MET)


Startpoint: _243_ (rising edge-triggered flip-flop clocked by clk)
Endpoint: _243_ (rising edge-triggered flip-flop clocked by clk)
Path Group: clk
Path Type: min

Fanout     Cap    Slew   Delay    Time   Description
-----------------------------------------------------------------------------
                          0.00    0.00   clock clk (rise edge)
                          0.50    0.50   clock source latency
     1    0.01    0.05    0.03    0.53 ^ clk (in)
                                         clk (net)
                  0.05    0.00    0.53 ^ clkbuf_0_clk/A (sky130_fd_sc_hd__clkbuf_16)
     2    0.02    0.04    0.13    0.66 ^ clkbuf_0_clk/X (sky130_fd_sc_hd__clkbuf_16)
                                         clknet_0_clk (net)
                  0.04    0.00    0.66 ^ clkbuf_1_1__f_clk/A (sky130_fd_sc_hd__clkbuf_16)
    13    0.04    0.06    0.14    0.80 ^ clkbuf_1_1__f_clk/X (sky130_fd_sc_hd__clkbuf_16)
                                         clknet_1_1__leaf_clk (net)
                  0.06    0.00    0.80 ^ _243_/CLK (sky130_fd_sc_hd__dfrtp_1)
     3    0.01    0.07    0.39    1.19 v _243_/Q (sky130_fd_sc_hd__dfrtp_1)
                                         seq_timer[3] (net)
                  0.07    0.00    1.19 v _133_/A (sky130_fd_sc_hd__inv_2)
     2    0.01    0.04    0.06    1.25 ^ _133_/Y (sky130_fd_sc_hd__inv_2)
                                         _073_ (net)
                  0.04    0.00    1.25 ^ _220_/B (sky130_fd_sc_hd__nand2_1)
     1    0.00    0.03    0.04    1.29 v _220_/Y (sky130_fd_sc_hd__nand2_1)
                                         _043_ (net)
                  0.03    0.00    1.29 v _222_/A (sky130_fd_sc_hd__nand2_1)
     1    0.00    0.04    0.05    1.34 ^ _222_/Y (sky130_fd_sc_hd__nand2_1)
                                         _045_ (net)
                  0.04    0.00    1.34 ^ _223_/A (sky130_fd_sc_hd__nor2_1)
     1    0.00    0.02    0.04    1.38 v _223_/Y (sky130_fd_sc_hd__nor2_1)
                                         _007_ (net)
                  0.02    0.00    1.38 v _243_/D (sky130_fd_sc_hd__dfrtp_1)
                                  1.38   data arrival time

                          0.00    0.00   clock clk (rise edge)
                          0.50    0.50   clock source latency
     1    0.01    0.05    0.03    0.53 ^ clk (in)
                                         clk (net)
                  0.05    0.00    0.53 ^ clkbuf_0_clk/A (sky130_fd_sc_hd__clkbuf_16)
     2    0.02    0.04    0.13    0.66 ^ clkbuf_0_clk/X (sky130_fd_sc_hd__clkbuf_16)
                                         clknet_0_clk (net)
                  0.04    0.00    0.66 ^ clkbuf_1_1__f_clk/A (sky130_fd_sc_hd__clkbuf_16)
    13    0.04    0.06    0.14    0.80 ^ clkbuf_1_1__f_clk/X (sky130_fd_sc_hd__clkbuf_16)
                                         clknet_1_1__leaf_clk (net)
                  0.06    0.00    0.80 ^ _243_/CLK (sky130_fd_sc_hd__dfrtp_1)
                          0.10    0.90   clock uncertainty
                          0.00    0.90   clock reconvergence pessimism
                         -0.03    0.86   library hold time
                                  0.86   data required time
-----------------------------------------------------------------------------
                                  0.86   data required time
                                 -1.38   data arrival time
-----------------------------------------------------------------------------
                                  0.51   slack (MET)


Startpoint: _256_ (rising edge-triggered flip-flop clocked by clk)
Endpoint: _248_ (rising edge-triggered flip-flop clocked by clk)
Path Group: clk
Path Type: min

Fanout     Cap    Slew   Delay    Time   Description
-----------------------------------------------------------------------------
                          0.00    0.00   clock clk (rise edge)
                          0.50    0.50   clock source latency
     1    0.01    0.05    0.03    0.53 ^ clk (in)
                                         clk (net)
                  0.05    0.00    0.53 ^ clkbuf_0_clk/A (sky130_fd_sc_hd__clkbuf_16)
     2    0.02    0.04    0.13    0.66 ^ clkbuf_0_clk/X (sky130_fd_sc_hd__clkbuf_16)
                                         clknet_0_clk (net)
                  0.04    0.00    0.66 ^ clkbuf_1_0__f_clk/A (sky130_fd_sc_hd__clkbuf_16)
    16    0.04    0.06    0.14    0.80 ^ clkbuf_1_0__f_clk/X (sky130_fd_sc_hd__clkbuf_16)
                                         clknet_1_0__leaf_clk (net)
                  0.06    0.00    0.80 ^ _256_/CLK (sky130_fd_sc_hd__dfrtp_4)
     8    0.03    0.10    0.45    1.25 ^ _256_/Q (sky130_fd_sc_hd__dfrtp_4)
                                         curr_state[0] (net)
                  0.10    0.00    1.25 ^ _188_/A1 (sky130_fd_sc_hd__o21a_1)
     1    0.00    0.04    0.13    1.38 ^ _188_/X (sky130_fd_sc_hd__o21a_1)
                                         _000_ (net)
                  0.04    0.00    1.38 ^ _248_/D (sky130_fd_sc_hd__dfrtp_1)
                                  1.38   data arrival time

                          0.00    0.00   clock clk (rise edge)
                          0.50    0.50   clock source latency
     1    0.01    0.05    0.03    0.53 ^ clk (in)
                                         clk (net)
                  0.05    0.00    0.53 ^ clkbuf_0_clk/A (sky130_fd_sc_hd__clkbuf_16)
     2    0.02    0.04    0.13    0.66 ^ clkbuf_0_clk/X (sky130_fd_sc_hd__clkbuf_16)
                                         clknet_0_clk (net)
                  0.04    0.00    0.66 ^ clkbuf_1_0__f_clk/A (sky130_fd_sc_hd__clkbuf_16)
    16    0.04    0.06    0.14    0.80 ^ clkbuf_1_0__f_clk/X (sky130_fd_sc_hd__clkbuf_16)
                                         clknet_1_0__leaf_clk (net)
                  0.06    0.00    0.80 ^ _248_/CLK (sky130_fd_sc_hd__dfrtp_1)
                          0.10    0.90   clock uncertainty
                          0.00    0.90   clock reconvergence pessimism
                         -0.03    0.87   library hold time
                                  0.87   data required time
-----------------------------------------------------------------------------
                                  0.87   data required time
                                 -1.38   data arrival time
-----------------------------------------------------------------------------
                                  0.51   slack (MET)


Startpoint: _244_ (rising edge-triggered flip-flop clocked by clk)
Endpoint: _244_ (rising edge-triggered flip-flop clocked by clk)
Path Group: clk
Path Type: min

Fanout     Cap    Slew   Delay    Time   Description
-----------------------------------------------------------------------------
                          0.00    0.00   clock clk (rise edge)
                          0.50    0.50   clock source latency
     1    0.01    0.05    0.03    0.53 ^ clk (in)
                                         clk (net)
                  0.05    0.00    0.53 ^ clkbuf_0_clk/A (sky130_fd_sc_hd__clkbuf_16)
     2    0.02    0.04    0.13    0.66 ^ clkbuf_0_clk/X (sky130_fd_sc_hd__clkbuf_16)
                                         clknet_0_clk (net)
                  0.04    0.00    0.66 ^ clkbuf_1_1__f_clk/A (sky130_fd_sc_hd__clkbuf_16)
    13    0.04    0.06    0.14    0.80 ^ clkbuf_1_1__f_clk/X (sky130_fd_sc_hd__clkbuf_16)
                                         clknet_1_1__leaf_clk (net)
                  0.06    0.00    0.80 ^ _244_/CLK (sky130_fd_sc_hd__dfrtp_1)
     3    0.01    0.08    0.35    1.15 ^ _244_/Q (sky130_fd_sc_hd__dfrtp_1)
                                         seq_timer[4] (net)
                  0.08    0.00    1.15 ^ _225_/B (sky130_fd_sc_hd__nand3_1)
     3    0.01    0.09    0.11    1.26 v _225_/Y (sky130_fd_sc_hd__nand3_1)
                                         _047_ (net)
                  0.09    0.00    1.26 v _226_/B (sky130_fd_sc_hd__nand2_1)
     1    0.00    0.04    0.09    1.34 ^ _226_/Y (sky130_fd_sc_hd__nand2_1)
                                         _048_ (net)
                  0.04    0.00    1.34 ^ _227_/A (sky130_fd_sc_hd__nor2_1)
     1    0.00    0.02    0.04    1.38 v _227_/Y (sky130_fd_sc_hd__nor2_1)
                                         _008_ (net)
                  0.02    0.00    1.38 v _244_/D (sky130_fd_sc_hd__dfrtp_1)
                                  1.38   data arrival time

                          0.00    0.00   clock clk (rise edge)
                          0.50    0.50   clock source latency
     1    0.01    0.05    0.03    0.53 ^ clk (in)
                                         clk (net)
                  0.05    0.00    0.53 ^ clkbuf_0_clk/A (sky130_fd_sc_hd__clkbuf_16)
     2    0.02    0.04    0.13    0.66 ^ clkbuf_0_clk/X (sky130_fd_sc_hd__clkbuf_16)
                                         clknet_0_clk (net)
                  0.04    0.00    0.66 ^ clkbuf_1_1__f_clk/A (sky130_fd_sc_hd__clkbuf_16)
    13    0.04    0.06    0.14    0.80 ^ clkbuf_1_1__f_clk/X (sky130_fd_sc_hd__clkbuf_16)
                                         clknet_1_1__leaf_clk (net)
                  0.06    0.00    0.80 ^ _244_/CLK (sky130_fd_sc_hd__dfrtp_1)
                          0.10    0.90   clock uncertainty
                          0.00    0.90   clock reconvergence pessimism
                         -0.03    0.86   library hold time
                                  0.86   data required time
-----------------------------------------------------------------------------
                                  0.86   data required time
                                 -1.38   data arrival time
-----------------------------------------------------------------------------
                                  0.52   slack (MET)


Startpoint: _241_ (rising edge-triggered flip-flop clocked by clk)
Endpoint: _241_ (rising edge-triggered flip-flop clocked by clk)
Path Group: clk
Path Type: min

Fanout     Cap    Slew   Delay    Time   Description
-----------------------------------------------------------------------------
                          0.00    0.00   clock clk (rise edge)
                          0.50    0.50   clock source latency
     1    0.01    0.05    0.03    0.53 ^ clk (in)
                                         clk (net)
                  0.05    0.00    0.53 ^ clkbuf_0_clk/A (sky130_fd_sc_hd__clkbuf_16)
     2    0.02    0.04    0.13    0.66 ^ clkbuf_0_clk/X (sky130_fd_sc_hd__clkbuf_16)
                                         clknet_0_clk (net)
                  0.04    0.00    0.66 ^ clkbuf_1_1__f_clk/A (sky130_fd_sc_hd__clkbuf_16)
    13    0.04    0.06    0.14    0.80 ^ clkbuf_1_1__f_clk/X (sky130_fd_sc_hd__clkbuf_16)
                                         clknet_1_1__leaf_clk (net)
                  0.06    0.00    0.80 ^ _241_/CLK (sky130_fd_sc_hd__dfrtp_1)
     2    0.01    0.09    0.36    1.15 ^ _241_/Q (sky130_fd_sc_hd__dfrtp_1)
                                         seq_timer[1] (net)
                  0.09    0.00    1.15 ^ _130_/A (sky130_fd_sc_hd__inv_2)
     4    0.01    0.03    0.05    1.20 v _130_/Y (sky130_fd_sc_hd__inv_2)
                                         _070_ (net)
                  0.03    0.00    1.20 v _212_/B (sky130_fd_sc_hd__nand2_1)
     1    0.00    0.04    0.06    1.26 ^ _212_/Y (sky130_fd_sc_hd__nand2_1)
                                         _037_ (net)
                  0.04    0.00    1.26 ^ _213_/B (sky130_fd_sc_hd__nand2_1)
     1    0.00    0.03    0.05    1.30 v _213_/Y (sky130_fd_sc_hd__nand2_1)
                                         _038_ (net)
                  0.03    0.00    1.30 v _214_/A (sky130_fd_sc_hd__nor2_1)
     1    0.00    0.07    0.08    1.39 ^ _214_/Y (sky130_fd_sc_hd__nor2_1)
                                         _005_ (net)
                  0.07    0.00    1.39 ^ _241_/D (sky130_fd_sc_hd__dfrtp_1)
                                  1.39   data arrival time

                          0.00    0.00   clock clk (rise edge)
                          0.50    0.50   clock source latency
     1    0.01    0.05    0.03    0.53 ^ clk (in)
                                         clk (net)
                  0.05    0.00    0.53 ^ clkbuf_0_clk/A (sky130_fd_sc_hd__clkbuf_16)
     2    0.02    0.04    0.13    0.66 ^ clkbuf_0_clk/X (sky130_fd_sc_hd__clkbuf_16)
                                         clknet_0_clk (net)
                  0.04    0.00    0.66 ^ clkbuf_1_1__f_clk/A (sky130_fd_sc_hd__clkbuf_16)
    13    0.04    0.06    0.14    0.80 ^ clkbuf_1_1__f_clk/X (sky130_fd_sc_hd__clkbuf_16)
                                         clknet_1_1__leaf_clk (net)
                  0.06    0.00    0.80 ^ _241_/CLK (sky130_fd_sc_hd__dfrtp_1)
                          0.10    0.90   clock uncertainty
                          0.00    0.90   clock reconvergence pessimism
                         -0.04    0.86   library hold time
                                  0.86   data required time
-----------------------------------------------------------------------------
                                  0.86   data required time
                                 -1.39   data arrival time
-----------------------------------------------------------------------------
                                  0.53   slack (MET)


Startpoint: _240_ (rising edge-triggered flip-flop clocked by clk)
Endpoint: _240_ (rising edge-triggered flip-flop clocked by clk)
Path Group: clk
Path Type: min

Fanout     Cap    Slew   Delay    Time   Description
-----------------------------------------------------------------------------
                          0.00    0.00   clock clk (rise edge)
                          0.50    0.50   clock source latency
     1    0.01    0.05    0.03    0.53 ^ clk (in)
                                         clk (net)
                  0.05    0.00    0.53 ^ clkbuf_0_clk/A (sky130_fd_sc_hd__clkbuf_16)
     2    0.02    0.04    0.13    0.66 ^ clkbuf_0_clk/X (sky130_fd_sc_hd__clkbuf_16)
                                         clknet_0_clk (net)
                  0.04    0.00    0.66 ^ clkbuf_1_1__f_clk/A (sky130_fd_sc_hd__clkbuf_16)
    13    0.04    0.06    0.14    0.80 ^ clkbuf_1_1__f_clk/X (sky130_fd_sc_hd__clkbuf_16)
                                         clknet_1_1__leaf_clk (net)
                  0.06    0.00    0.80 ^ _240_/CLK (sky130_fd_sc_hd__dfrtp_1)
     5    0.02    0.15    0.40    1.20 ^ _240_/Q (sky130_fd_sc_hd__dfrtp_1)
                                         seq_timer[0] (net)
                  0.15    0.00    1.20 ^ _202_/B (sky130_fd_sc_hd__nand2_1)
     3    0.01    0.06    0.09    1.29 v _202_/Y (sky130_fd_sc_hd__nand2_1)
                                         _028_ (net)
                  0.06    0.00    1.29 v _203_/B (sky130_fd_sc_hd__nand2_1)
     1    0.00    0.04    0.07    1.36 ^ _203_/Y (sky130_fd_sc_hd__nand2_1)
                                         _029_ (net)
                  0.04    0.00    1.36 ^ _210_/A (sky130_fd_sc_hd__nor2_1)
     1    0.00    0.02    0.04    1.39 v _210_/Y (sky130_fd_sc_hd__nor2_1)
                                         _004_ (net)
                  0.02    0.00    1.39 v _240_/D (sky130_fd_sc_hd__dfrtp_1)
                                  1.39   data arrival time

                          0.00    0.00   clock clk (rise edge)
                          0.50    0.50   clock source latency
     1    0.01    0.05    0.03    0.53 ^ clk (in)
                                         clk (net)
                  0.05    0.00    0.53 ^ clkbuf_0_clk/A (sky130_fd_sc_hd__clkbuf_16)
     2    0.02    0.04    0.13    0.66 ^ clkbuf_0_clk/X (sky130_fd_sc_hd__clkbuf_16)
                                         clknet_0_clk (net)
                  0.04    0.00    0.66 ^ clkbuf_1_1__f_clk/A (sky130_fd_sc_hd__clkbuf_16)
    13    0.04    0.06    0.14    0.80 ^ clkbuf_1_1__f_clk/X (sky130_fd_sc_hd__clkbuf_16)
                                         clknet_1_1__leaf_clk (net)
                  0.06    0.00    0.80 ^ _240_/CLK (sky130_fd_sc_hd__dfrtp_1)
                          0.10    0.90   clock uncertainty
                          0.00    0.90   clock reconvergence pessimism
                         -0.03    0.86   library hold time
                                  0.86   data required time
-----------------------------------------------------------------------------
                                  0.86   data required time
                                 -1.39   data arrival time
-----------------------------------------------------------------------------
                                  0.53   slack (MET)


Startpoint: _242_ (rising edge-triggered flip-flop clocked by clk)
Endpoint: _242_ (rising edge-triggered flip-flop clocked by clk)
Path Group: clk
Path Type: min

Fanout     Cap    Slew   Delay    Time   Description
-----------------------------------------------------------------------------
                          0.00    0.00   clock clk (rise edge)
                          0.50    0.50   clock source latency
     1    0.01    0.05    0.03    0.53 ^ clk (in)
                                         clk (net)
                  0.05    0.00    0.53 ^ clkbuf_0_clk/A (sky130_fd_sc_hd__clkbuf_16)
     2    0.02    0.04    0.13    0.66 ^ clkbuf_0_clk/X (sky130_fd_sc_hd__clkbuf_16)
                                         clknet_0_clk (net)
                  0.04    0.00    0.66 ^ clkbuf_1_1__f_clk/A (sky130_fd_sc_hd__clkbuf_16)
    13    0.04    0.06    0.14    0.80 ^ clkbuf_1_1__f_clk/X (sky130_fd_sc_hd__clkbuf_16)
                                         clknet_1_1__leaf_clk (net)
                  0.06    0.00    0.80 ^ _242_/CLK (sky130_fd_sc_hd__dfrtp_1)
     5    0.01    0.09    0.41    1.21 v _242_/Q (sky130_fd_sc_hd__dfrtp_1)
                                         seq_timer[2] (net)
                  0.09    0.00    1.21 v _215_/A (sky130_fd_sc_hd__inv_2)
     2    0.00    0.04    0.06    1.27 ^ _215_/Y (sky130_fd_sc_hd__inv_2)
                                         _039_ (net)
                  0.04    0.00    1.27 ^ _217_/B (sky130_fd_sc_hd__nand2_1)
     1    0.00    0.03    0.04    1.31 v _217_/Y (sky130_fd_sc_hd__nand2_1)
                                         _041_ (net)
                  0.03    0.00    1.31 v _218_/B (sky130_fd_sc_hd__nand2_1)
     1    0.00    0.04    0.05    1.36 ^ _218_/Y (sky130_fd_sc_hd__nand2_1)
                                         _042_ (net)
                  0.04    0.00    1.36 ^ _219_/A (sky130_fd_sc_hd__nor2_1)
     1    0.00    0.02    0.04    1.40 v _219_/Y (sky130_fd_sc_hd__nor2_1)
                                         _006_ (net)
                  0.02    0.00    1.40 v _242_/D (sky130_fd_sc_hd__dfrtp_1)
                                  1.40   data arrival time

                          0.00    0.00   clock clk (rise edge)
                          0.50    0.50   clock source latency
     1    0.01    0.05    0.03    0.53 ^ clk (in)
                                         clk (net)
                  0.05    0.00    0.53 ^ clkbuf_0_clk/A (sky130_fd_sc_hd__clkbuf_16)
     2    0.02    0.04    0.13    0.66 ^ clkbuf_0_clk/X (sky130_fd_sc_hd__clkbuf_16)
                                         clknet_0_clk (net)
                  0.04    0.00    0.66 ^ clkbuf_1_1__f_clk/A (sky130_fd_sc_hd__clkbuf_16)
    13    0.04    0.06    0.14    0.80 ^ clkbuf_1_1__f_clk/X (sky130_fd_sc_hd__clkbuf_16)
                                         clknet_1_1__leaf_clk (net)
                  0.06    0.00    0.80 ^ _242_/CLK (sky130_fd_sc_hd__dfrtp_1)
                          0.10    0.90   clock uncertainty
                          0.00    0.90   clock reconvergence pessimism
                         -0.03    0.86   library hold time
                                  0.86   data required time
-----------------------------------------------------------------------------
                                  0.86   data required time
                                 -1.40   data arrival time
-----------------------------------------------------------------------------
                                  0.54   slack (MET)


Startpoint: _263_ (rising edge-triggered flip-flop clocked by clk)
Endpoint: _256_ (rising edge-triggered flip-flop clocked by clk)
Path Group: clk
Path Type: min

Fanout     Cap    Slew   Delay    Time   Description
-----------------------------------------------------------------------------
                          0.00    0.00   clock clk (rise edge)
                          0.50    0.50   clock source latency
     1    0.01    0.05    0.03    0.53 ^ clk (in)
                                         clk (net)
                  0.05    0.00    0.53 ^ clkbuf_0_clk/A (sky130_fd_sc_hd__clkbuf_16)
     2    0.02    0.04    0.13    0.66 ^ clkbuf_0_clk/X (sky130_fd_sc_hd__clkbuf_16)
                                         clknet_0_clk (net)
                  0.04    0.00    0.66 ^ clkbuf_1_0__f_clk/A (sky130_fd_sc_hd__clkbuf_16)
    16    0.04    0.06    0.14    0.80 ^ clkbuf_1_0__f_clk/X (sky130_fd_sc_hd__clkbuf_16)
                                         clknet_1_0__leaf_clk (net)
                  0.06    0.00    0.80 ^ _263_/CLK (sky130_fd_sc_hd__dfrtp_1)
     2    0.01    0.09    0.36    1.15 ^ _263_/Q (sky130_fd_sc_hd__dfrtp_1)
                                         wake_up_sync (net)
                  0.09    0.00    1.15 ^ _150_/A (sky130_fd_sc_hd__inv_2)
     3    0.01    0.03    0.05    1.20 v _150_/Y (sky130_fd_sc_hd__inv_2)
                                         _088_ (net)
                  0.03    0.00    1.20 v _151_/B (sky130_fd_sc_hd__nand2_1)
     1    0.00    0.04    0.06    1.26 ^ _151_/Y (sky130_fd_sc_hd__nand2_1)
                                         _089_ (net)
                  0.04    0.00    1.26 ^ _154_/A (sky130_fd_sc_hd__nand2_1)
     2    0.00    0.04    0.05    1.32 v _154_/Y (sky130_fd_sc_hd__nand2_1)
                                         _092_ (net)
                  0.04    0.00    1.32 v _156_/A (sky130_fd_sc_hd__nand2_1)
     2    0.01    0.08    0.08    1.40 ^ _156_/Y (sky130_fd_sc_hd__nand2_1)
                                         _094_ (net)
                  0.08    0.00    1.40 ^ _157_/A (sky130_fd_sc_hd__inv_2)
     1    0.00    0.02    0.03    1.43 v _157_/Y (sky130_fd_sc_hd__inv_2)
                                         next_state[0] (net)
                  0.02    0.00    1.43 v _256_/D (sky130_fd_sc_hd__dfrtp_4)
                                  1.43   data arrival time

                          0.00    0.00   clock clk (rise edge)
                          0.50    0.50   clock source latency
     1    0.01    0.05    0.03    0.53 ^ clk (in)
                                         clk (net)
                  0.05    0.00    0.53 ^ clkbuf_0_clk/A (sky130_fd_sc_hd__clkbuf_16)
     2    0.02    0.04    0.13    0.66 ^ clkbuf_0_clk/X (sky130_fd_sc_hd__clkbuf_16)
                                         clknet_0_clk (net)
                  0.04    0.00    0.66 ^ clkbuf_1_0__f_clk/A (sky130_fd_sc_hd__clkbuf_16)
    16    0.04    0.06    0.14    0.80 ^ clkbuf_1_0__f_clk/X (sky130_fd_sc_hd__clkbuf_16)
                                         clknet_1_0__leaf_clk (net)
                  0.06    0.00    0.80 ^ _256_/CLK (sky130_fd_sc_hd__dfrtp_4)
                          0.10    0.90   clock uncertainty
                          0.00    0.90   clock reconvergence pessimism
                         -0.03    0.87   library hold time
                                  0.87   data required time
-----------------------------------------------------------------------------
                                  0.87   data required time
                                 -1.43   data arrival time
-----------------------------------------------------------------------------
                                  0.56   slack (MET)


Startpoint: _245_ (rising edge-triggered flip-flop clocked by clk)
Endpoint: _245_ (rising edge-triggered flip-flop clocked by clk)
Path Group: clk
Path Type: min

Fanout     Cap    Slew   Delay    Time   Description
-----------------------------------------------------------------------------
                          0.00    0.00   clock clk (rise edge)
                          0.50    0.50   clock source latency
     1    0.01    0.05    0.03    0.53 ^ clk (in)
                                         clk (net)
                  0.05    0.00    0.53 ^ clkbuf_0_clk/A (sky130_fd_sc_hd__clkbuf_16)
     2    0.02    0.04    0.13    0.66 ^ clkbuf_0_clk/X (sky130_fd_sc_hd__clkbuf_16)
                                         clknet_0_clk (net)
                  0.04    0.00    0.66 ^ clkbuf_1_1__f_clk/A (sky130_fd_sc_hd__clkbuf_16)
    13    0.04    0.06    0.14    0.80 ^ clkbuf_1_1__f_clk/X (sky130_fd_sc_hd__clkbuf_16)
                                         clknet_1_1__leaf_clk (net)
                  0.06    0.00    0.80 ^ _245_/CLK (sky130_fd_sc_hd__dfrtp_1)
     2    0.01    0.06    0.38    1.18 v _245_/Q (sky130_fd_sc_hd__dfrtp_1)
                                         seq_timer[5] (net)
                  0.06    0.00    1.18 v _228_/A (sky130_fd_sc_hd__inv_2)
     2    0.01    0.03    0.06    1.23 ^ _228_/Y (sky130_fd_sc_hd__inv_2)
                                         _049_ (net)
                  0.03    0.00    1.23 ^ _230_/B (sky130_fd_sc_hd__nand2_1)
     1    0.00    0.02    0.04    1.27 v _230_/Y (sky130_fd_sc_hd__nand2_1)
                                         _051_ (net)
                  0.02    0.00    1.27 v _231_/B_N (sky130_fd_sc_hd__or2b_1)
     1    0.00    0.04    0.14    1.41 ^ _231_/X (sky130_fd_sc_hd__or2b_1)
                                         _052_ (net)
                  0.04    0.00    1.41 ^ _232_/A (sky130_fd_sc_hd__nor2_1)
     1    0.00    0.02    0.04    1.44 v _232_/Y (sky130_fd_sc_hd__nor2_1)
                                         _009_ (net)
                  0.02    0.00    1.44 v _245_/D (sky130_fd_sc_hd__dfrtp_1)
                                  1.44   data arrival time

                          0.00    0.00   clock clk (rise edge)
                          0.50    0.50   clock source latency
     1    0.01    0.05    0.03    0.53 ^ clk (in)
                                         clk (net)
                  0.05    0.00    0.53 ^ clkbuf_0_clk/A (sky130_fd_sc_hd__clkbuf_16)
     2    0.02    0.04    0.13    0.66 ^ clkbuf_0_clk/X (sky130_fd_sc_hd__clkbuf_16)
                                         clknet_0_clk (net)
                  0.04    0.00    0.66 ^ clkbuf_1_1__f_clk/A (sky130_fd_sc_hd__clkbuf_16)
    13    0.04    0.06    0.14    0.80 ^ clkbuf_1_1__f_clk/X (sky130_fd_sc_hd__clkbuf_16)
                                         clknet_1_1__leaf_clk (net)
                  0.06    0.00    0.80 ^ _245_/CLK (sky130_fd_sc_hd__dfrtp_1)
                          0.10    0.90   clock uncertainty
                          0.00    0.90   clock reconvergence pessimism
                         -0.03    0.86   library hold time
                                  0.86   data required time
-----------------------------------------------------------------------------
                                  0.86   data required time
                                 -1.44   data arrival time
-----------------------------------------------------------------------------
                                  0.58   slack (MET)


Startpoint: _264_ (rising edge-triggered flip-flop clocked by clk)
Endpoint: _258_ (rising edge-triggered flip-flop clocked by clk)
Path Group: clk
Path Type: min

Fanout     Cap    Slew   Delay    Time   Description
-----------------------------------------------------------------------------
                          0.00    0.00   clock clk (rise edge)
                          0.50    0.50   clock source latency
     1    0.01    0.05    0.03    0.53 ^ clk (in)
                                         clk (net)
                  0.05    0.00    0.53 ^ clkbuf_0_clk/A (sky130_fd_sc_hd__clkbuf_16)
     2    0.02    0.04    0.13    0.66 ^ clkbuf_0_clk/X (sky130_fd_sc_hd__clkbuf_16)
                                         clknet_0_clk (net)
                  0.04    0.00    0.66 ^ clkbuf_1_0__f_clk/A (sky130_fd_sc_hd__clkbuf_16)
    16    0.04    0.06    0.14    0.80 ^ clkbuf_1_0__f_clk/X (sky130_fd_sc_hd__clkbuf_16)
                                         clknet_1_0__leaf_clk (net)
                  0.06    0.00    0.80 ^ _264_/CLK (sky130_fd_sc_hd__dfrtp_1)
     2    0.01    0.09    0.36    1.15 ^ _264_/Q (sky130_fd_sc_hd__dfrtp_1)
                                         req_off_sync (net)
                  0.09    0.00    1.15 ^ _184_/C (sky130_fd_sc_hd__nand3_1)
     1    0.00    0.07    0.09    1.25 v _184_/Y (sky130_fd_sc_hd__nand3_1)
                                         _019_ (net)
                  0.07    0.00    1.25 v _185_/C1 (sky130_fd_sc_hd__o211ai_2)
     2    0.01    0.08    0.08    1.33 ^ _185_/Y (sky130_fd_sc_hd__o211ai_2)
                                         _020_ (net)
                  0.08    0.00    1.33 ^ _186_/B1 (sky130_fd_sc_hd__a21oi_1)
     2    0.01    0.04    0.06    1.39 v _186_/Y (sky130_fd_sc_hd__a21oi_1)
                                         _021_ (net)
                  0.04    0.00    1.39 v _187_/B (sky130_fd_sc_hd__nand2_1)
     1    0.00    0.03    0.06    1.45 ^ _187_/Y (sky130_fd_sc_hd__nand2_1)
                                         next_state[2] (net)
                  0.03    0.00    1.45 ^ _258_/D (sky130_fd_sc_hd__dfrtp_4)
                                  1.45   data arrival time

                          0.00    0.00   clock clk (rise edge)
                          0.50    0.50   clock source latency
     1    0.01    0.05    0.03    0.53 ^ clk (in)
                                         clk (net)
                  0.05    0.00    0.53 ^ clkbuf_0_clk/A (sky130_fd_sc_hd__clkbuf_16)
     2    0.02    0.04    0.13    0.66 ^ clkbuf_0_clk/X (sky130_fd_sc_hd__clkbuf_16)
                                         clknet_0_clk (net)
                  0.04    0.00    0.66 ^ clkbuf_1_0__f_clk/A (sky130_fd_sc_hd__clkbuf_16)
    16    0.04    0.06    0.14    0.80 ^ clkbuf_1_0__f_clk/X (sky130_fd_sc_hd__clkbuf_16)
                                         clknet_1_0__leaf_clk (net)
                  0.06    0.00    0.80 ^ _258_/CLK (sky130_fd_sc_hd__dfrtp_4)
                          0.10    0.90   clock uncertainty
                          0.00    0.90   clock reconvergence pessimism
                         -0.03    0.87   library hold time
                                  0.87   data required time
-----------------------------------------------------------------------------
                                  0.87   data required time
                                 -1.45   data arrival time
-----------------------------------------------------------------------------
                                  0.58   slack (MET)


Startpoint: _242_ (rising edge-triggered flip-flop clocked by clk)
Endpoint: _252_ (rising edge-triggered flip-flop clocked by clk)
Path Group: clk
Path Type: min

Fanout     Cap    Slew   Delay    Time   Description
-----------------------------------------------------------------------------
                          0.00    0.00   clock clk (rise edge)
                          0.50    0.50   clock source latency
     1    0.01    0.05    0.03    0.53 ^ clk (in)
                                         clk (net)
                  0.05    0.00    0.53 ^ clkbuf_0_clk/A (sky130_fd_sc_hd__clkbuf_16)
     2    0.02    0.04    0.13    0.66 ^ clkbuf_0_clk/X (sky130_fd_sc_hd__clkbuf_16)
                                         clknet_0_clk (net)
                  0.04    0.00    0.66 ^ clkbuf_1_1__f_clk/A (sky130_fd_sc_hd__clkbuf_16)
    13    0.04    0.06    0.14    0.80 ^ clkbuf_1_1__f_clk/X (sky130_fd_sc_hd__clkbuf_16)
                                         clknet_1_1__leaf_clk (net)
                  0.06    0.00    0.80 ^ _242_/CLK (sky130_fd_sc_hd__dfrtp_1)
     5    0.01    0.14    0.40    1.19 ^ _242_/Q (sky130_fd_sc_hd__dfrtp_1)
                                         seq_timer[2] (net)
                  0.14    0.00    1.19 ^ _135_/A (sky130_fd_sc_hd__or3_1)
     1    0.01    0.06    0.14    1.34 ^ _135_/X (sky130_fd_sc_hd__or3_1)
                                         _075_ (net)
                  0.06    0.00    1.34 ^ _136_/A (sky130_fd_sc_hd__inv_2)
     3    0.01    0.03    0.04    1.38 v _136_/Y (sky130_fd_sc_hd__inv_2)
                                         _076_ (net)
                  0.03    0.00    1.38 v _137_/B (sky130_fd_sc_hd__nor2_1)
     1    0.00    0.07    0.07    1.45 ^ _137_/Y (sky130_fd_sc_hd__nor2_1)
                                         _114_ (net)
                  0.07    0.00    1.45 ^ _252_/D (sky130_fd_sc_hd__dfrtp_1)
                                  1.45   data arrival time

                          0.00    0.00   clock clk (rise edge)
                          0.50    0.50   clock source latency
     1    0.01    0.05    0.03    0.53 ^ clk (in)
                                         clk (net)
                  0.05    0.00    0.53 ^ clkbuf_0_clk/A (sky130_fd_sc_hd__clkbuf_16)
     2    0.02    0.04    0.13    0.66 ^ clkbuf_0_clk/X (sky130_fd_sc_hd__clkbuf_16)
                                         clknet_0_clk (net)
                  0.04    0.00    0.66 ^ clkbuf_1_0__f_clk/A (sky130_fd_sc_hd__clkbuf_16)
    16    0.04    0.06    0.14    0.80 ^ clkbuf_1_0__f_clk/X (sky130_fd_sc_hd__clkbuf_16)
                                         clknet_1_0__leaf_clk (net)
                  0.06    0.00    0.80 ^ _252_/CLK (sky130_fd_sc_hd__dfrtp_1)
                          0.10    0.90   clock uncertainty
                          0.00    0.90   clock reconvergence pessimism
                         -0.04    0.86   library hold time
                                  0.86   data required time
-----------------------------------------------------------------------------
                                  0.86   data required time
                                 -1.45   data arrival time
-----------------------------------------------------------------------------
                                  0.59   slack (MET)


Startpoint: _263_ (rising edge-triggered flip-flop clocked by clk)
Endpoint: _257_ (rising edge-triggered flip-flop clocked by clk)
Path Group: clk
Path Type: min

Fanout     Cap    Slew   Delay    Time   Description
-----------------------------------------------------------------------------
                          0.00    0.00   clock clk (rise edge)
                          0.50    0.50   clock source latency
     1    0.01    0.05    0.03    0.53 ^ clk (in)
                                         clk (net)
                  0.05    0.00    0.53 ^ clkbuf_0_clk/A (sky130_fd_sc_hd__clkbuf_16)
     2    0.02    0.04    0.13    0.66 ^ clkbuf_0_clk/X (sky130_fd_sc_hd__clkbuf_16)
                                         clknet_0_clk (net)
                  0.04    0.00    0.66 ^ clkbuf_1_0__f_clk/A (sky130_fd_sc_hd__clkbuf_16)
    16    0.04    0.06    0.14    0.80 ^ clkbuf_1_0__f_clk/X (sky130_fd_sc_hd__clkbuf_16)
                                         clknet_1_0__leaf_clk (net)
                  0.06    0.00    0.80 ^ _263_/CLK (sky130_fd_sc_hd__dfrtp_1)
     2    0.01    0.09    0.36    1.15 ^ _263_/Q (sky130_fd_sc_hd__dfrtp_1)
                                         wake_up_sync (net)
                  0.09    0.00    1.15 ^ _173_/A2 (sky130_fd_sc_hd__o311a_1)
     1    0.00    0.04    0.16    1.31 ^ _173_/X (sky130_fd_sc_hd__o311a_1)
                                         _110_ (net)
                  0.04    0.00    1.31 ^ _174_/C (sky130_fd_sc_hd__or3_1)
     1    0.00    0.04    0.09    1.40 ^ _174_/X (sky130_fd_sc_hd__or3_1)
                                         _111_ (net)
                  0.04    0.00    1.40 ^ _175_/A (sky130_fd_sc_hd__clkbuf_1)
     1    0.00    0.05    0.08    1.48 ^ _175_/X (sky130_fd_sc_hd__clkbuf_1)
                                         next_state[1] (net)
                  0.05    0.00    1.48 ^ _257_/D (sky130_fd_sc_hd__dfrtp_1)
                                  1.48   data arrival time

                          0.00    0.00   clock clk (rise edge)
                          0.50    0.50   clock source latency
     1    0.01    0.05    0.03    0.53 ^ clk (in)
                                         clk (net)
                  0.05    0.00    0.53 ^ clkbuf_0_clk/A (sky130_fd_sc_hd__clkbuf_16)
     2    0.02    0.04    0.13    0.66 ^ clkbuf_0_clk/X (sky130_fd_sc_hd__clkbuf_16)
                                         clknet_0_clk (net)
                  0.04    0.00    0.66 ^ clkbuf_1_0__f_clk/A (sky130_fd_sc_hd__clkbuf_16)
    16    0.04    0.06    0.14    0.80 ^ clkbuf_1_0__f_clk/X (sky130_fd_sc_hd__clkbuf_16)
                                         clknet_1_0__leaf_clk (net)
                  0.06    0.00    0.80 ^ _257_/CLK (sky130_fd_sc_hd__dfrtp_1)
                          0.10    0.90   clock uncertainty
                          0.00    0.90   clock reconvergence pessimism
                         -0.03    0.86   library hold time
                                  0.86   data required time
-----------------------------------------------------------------------------
                                  0.86   data required time
                                 -1.48   data arrival time
-----------------------------------------------------------------------------
                                  0.61   slack (MET)


Startpoint: _258_ (rising edge-triggered flip-flop clocked by clk)
Endpoint: _253_ (rising edge-triggered flip-flop clocked by clk)
Path Group: clk
Path Type: min

Fanout     Cap    Slew   Delay    Time   Description
-----------------------------------------------------------------------------
                          0.00    0.00   clock clk (rise edge)
                          0.50    0.50   clock source latency
     1    0.01    0.05    0.03    0.53 ^ clk (in)
                                         clk (net)
                  0.05    0.00    0.53 ^ clkbuf_0_clk/A (sky130_fd_sc_hd__clkbuf_16)
     2    0.02    0.04    0.13    0.66 ^ clkbuf_0_clk/X (sky130_fd_sc_hd__clkbuf_16)
                                         clknet_0_clk (net)
                  0.04    0.00    0.66 ^ clkbuf_1_0__f_clk/A (sky130_fd_sc_hd__clkbuf_16)
    16    0.04    0.06    0.14    0.80 ^ clkbuf_1_0__f_clk/X (sky130_fd_sc_hd__clkbuf_16)
                                         clknet_1_0__leaf_clk (net)
                  0.06    0.00    0.80 ^ _258_/CLK (sky130_fd_sc_hd__dfrtp_4)
     8    0.04    0.13    0.47    1.27 ^ _258_/Q (sky130_fd_sc_hd__dfrtp_4)
                                         curr_state[2] (net)
                  0.13    0.00    1.27 ^ _192_/A (sky130_fd_sc_hd__nor2_1)
     2    0.00    0.04    0.07    1.35 v _192_/Y (sky130_fd_sc_hd__nor2_1)
                                         _023_ (net)
                  0.04    0.00    1.35 v _196_/B1 (sky130_fd_sc_hd__a21o_1)
     1    0.00    0.03    0.14    1.49 v _196_/X (sky130_fd_sc_hd__a21o_1)
                                         _115_ (net)
                  0.03    0.00    1.49 v _253_/D (sky130_fd_sc_hd__dfrtp_1)
                                  1.49   data arrival time

                          0.00    0.00   clock clk (rise edge)
                          0.50    0.50   clock source latency
     1    0.01    0.05    0.03    0.53 ^ clk (in)
                                         clk (net)
                  0.05    0.00    0.53 ^ clkbuf_0_clk/A (sky130_fd_sc_hd__clkbuf_16)
     2    0.02    0.04    0.13    0.66 ^ clkbuf_0_clk/X (sky130_fd_sc_hd__clkbuf_16)
                                         clknet_0_clk (net)
                  0.04    0.00    0.66 ^ clkbuf_1_1__f_clk/A (sky130_fd_sc_hd__clkbuf_16)
    13    0.04    0.06    0.14    0.80 ^ clkbuf_1_1__f_clk/X (sky130_fd_sc_hd__clkbuf_16)
                                         clknet_1_1__leaf_clk (net)
                  0.06    0.00    0.80 ^ _253_/CLK (sky130_fd_sc_hd__dfrtp_1)
                          0.10    0.90   clock uncertainty
                          0.00    0.90   clock reconvergence pessimism
                         -0.04    0.86   library hold time
                                  0.86   data required time
-----------------------------------------------------------------------------
                                  0.86   data required time
                                 -1.49   data arrival time
-----------------------------------------------------------------------------
                                  0.63   slack (MET)


Startpoint: _242_ (rising edge-triggered flip-flop clocked by clk)
Endpoint: _250_ (rising edge-triggered flip-flop clocked by clk)
Path Group: clk
Path Type: min

Fanout     Cap    Slew   Delay    Time   Description
-----------------------------------------------------------------------------
                          0.00    0.00   clock clk (rise edge)
                          0.50    0.50   clock source latency
     1    0.01    0.05    0.03    0.53 ^ clk (in)
                                         clk (net)
                  0.05    0.00    0.53 ^ clkbuf_0_clk/A (sky130_fd_sc_hd__clkbuf_16)
     2    0.02    0.04    0.13    0.66 ^ clkbuf_0_clk/X (sky130_fd_sc_hd__clkbuf_16)
                                         clknet_0_clk (net)
                  0.04    0.00    0.66 ^ clkbuf_1_1__f_clk/A (sky130_fd_sc_hd__clkbuf_16)
    13    0.04    0.06    0.14    0.80 ^ clkbuf_1_1__f_clk/X (sky130_fd_sc_hd__clkbuf_16)
                                         clknet_1_1__leaf_clk (net)
                  0.06    0.00    0.80 ^ _242_/CLK (sky130_fd_sc_hd__dfrtp_1)
     5    0.01    0.14    0.40    1.19 ^ _242_/Q (sky130_fd_sc_hd__dfrtp_1)
                                         seq_timer[2] (net)
                  0.14    0.00    1.19 ^ _135_/A (sky130_fd_sc_hd__or3_1)
     1    0.01    0.06    0.14    1.34 ^ _135_/X (sky130_fd_sc_hd__or3_1)
                                         _075_ (net)
                  0.06    0.00    1.34 ^ _136_/A (sky130_fd_sc_hd__inv_2)
     3    0.01    0.03    0.04    1.38 v _136_/Y (sky130_fd_sc_hd__inv_2)
                                         _076_ (net)
                  0.03    0.00    1.38 v _197_/A2 (sky130_fd_sc_hd__o21ai_1)
     1    0.00    0.08    0.11    1.49 ^ _197_/Y (sky130_fd_sc_hd__o21ai_1)
                                         _116_ (net)
                  0.08    0.00    1.49 ^ _250_/D (sky130_fd_sc_hd__dfrtp_1)
                                  1.49   data arrival time

                          0.00    0.00   clock clk (rise edge)
                          0.50    0.50   clock source latency
     1    0.01    0.05    0.03    0.53 ^ clk (in)
                                         clk (net)
                  0.05    0.00    0.53 ^ clkbuf_0_clk/A (sky130_fd_sc_hd__clkbuf_16)
     2    0.02    0.04    0.13    0.66 ^ clkbuf_0_clk/X (sky130_fd_sc_hd__clkbuf_16)
                                         clknet_0_clk (net)
                  0.04    0.00    0.66 ^ clkbuf_1_0__f_clk/A (sky130_fd_sc_hd__clkbuf_16)
    16    0.04    0.06    0.14    0.80 ^ clkbuf_1_0__f_clk/X (sky130_fd_sc_hd__clkbuf_16)
                                         clknet_1_0__leaf_clk (net)
                  0.06    0.00    0.80 ^ _250_/CLK (sky130_fd_sc_hd__dfrtp_1)
                          0.10    0.90   clock uncertainty
                          0.00    0.90   clock reconvergence pessimism
                         -0.04    0.86   library hold time
                                  0.86   data required time
-----------------------------------------------------------------------------
                                  0.86   data required time
                                 -1.49   data arrival time
-----------------------------------------------------------------------------
                                  0.63   slack (MET)


Startpoint: _256_ (rising edge-triggered flip-flop clocked by clk)
Endpoint: _255_ (rising edge-triggered flip-flop clocked by clk)
Path Group: clk
Path Type: min

Fanout     Cap    Slew   Delay    Time   Description
-----------------------------------------------------------------------------
                          0.00    0.00   clock clk (rise edge)
                          0.50    0.50   clock source latency
     1    0.01    0.05    0.03    0.53 ^ clk (in)
                                         clk (net)
                  0.05    0.00    0.53 ^ clkbuf_0_clk/A (sky130_fd_sc_hd__clkbuf_16)
     2    0.02    0.04    0.13    0.66 ^ clkbuf_0_clk/X (sky130_fd_sc_hd__clkbuf_16)
                                         clknet_0_clk (net)
                  0.04    0.00    0.66 ^ clkbuf_1_0__f_clk/A (sky130_fd_sc_hd__clkbuf_16)
    16    0.04    0.06    0.14    0.80 ^ clkbuf_1_0__f_clk/X (sky130_fd_sc_hd__clkbuf_16)
                                         clknet_1_0__leaf_clk (net)
                  0.06    0.00    0.80 ^ _256_/CLK (sky130_fd_sc_hd__dfrtp_4)
     8    0.03    0.10    0.45    1.25 ^ _256_/Q (sky130_fd_sc_hd__dfrtp_4)
                                         curr_state[0] (net)
                  0.10    0.00    1.25 ^ _153_/B (sky130_fd_sc_hd__nand2_1)
     3    0.01    0.08    0.10    1.35 v _153_/Y (sky130_fd_sc_hd__nand2_1)
                                         _091_ (net)
                  0.08    0.00    1.35 v _179_/A (sky130_fd_sc_hd__inv_2)
     2    0.01    0.04    0.06    1.41 ^ _179_/Y (sky130_fd_sc_hd__inv_2)
                                         _015_ (net)
                  0.04    0.00    1.41 ^ _194_/A (sky130_fd_sc_hd__or3b_1)
     1    0.00    0.05    0.10    1.52 ^ _194_/X (sky130_fd_sc_hd__or3b_1)
                                         _025_ (net)
                  0.05    0.00    1.52 ^ _195_/A (sky130_fd_sc_hd__clkbuf_1)
     1    0.00    0.04    0.08    1.60 ^ _195_/X (sky130_fd_sc_hd__clkbuf_1)
                                         _113_ (net)
                  0.04    0.00    1.60 ^ _255_/D (sky130_fd_sc_hd__dfrtp_1)
                                  1.60   data arrival time

                          0.00    0.00   clock clk (rise edge)
                          0.50    0.50   clock source latency
     1    0.01    0.05    0.03    0.53 ^ clk (in)
                                         clk (net)
                  0.05    0.00    0.53 ^ clkbuf_0_clk/A (sky130_fd_sc_hd__clkbuf_16)
     2    0.02    0.04    0.13    0.66 ^ clkbuf_0_clk/X (sky130_fd_sc_hd__clkbuf_16)
                                         clknet_0_clk (net)
                  0.04    0.00    0.66 ^ clkbuf_1_1__f_clk/A (sky130_fd_sc_hd__clkbuf_16)
    13    0.04    0.06    0.14    0.80 ^ clkbuf_1_1__f_clk/X (sky130_fd_sc_hd__clkbuf_16)
                                         clknet_1_1__leaf_clk (net)
                  0.06    0.00    0.80 ^ _255_/CLK (sky130_fd_sc_hd__dfrtp_1)
                          0.10    0.90   clock uncertainty
                          0.00    0.90   clock reconvergence pessimism
                         -0.03    0.86   library hold time
                                  0.86   data required time
-----------------------------------------------------------------------------
                                  0.86   data required time
                                 -1.60   data arrival time
-----------------------------------------------------------------------------
                                  0.73   slack (MET)


Startpoint: _255_ (rising edge-triggered flip-flop clocked by clk)
Endpoint: pwr_state[1] (output port clocked by clk)
Path Group: clk
Path Type: min

Fanout     Cap    Slew   Delay    Time   Description
-----------------------------------------------------------------------------
                          0.00    0.00   clock clk (rise edge)
                          0.50    0.50   clock source latency
     1    0.01    0.05    0.03    0.53 ^ clk (in)
                                         clk (net)
                  0.05    0.00    0.53 ^ clkbuf_0_clk/A (sky130_fd_sc_hd__clkbuf_16)
     2    0.02    0.04    0.13    0.66 ^ clkbuf_0_clk/X (sky130_fd_sc_hd__clkbuf_16)
                                         clknet_0_clk (net)
                  0.04    0.00    0.66 ^ clkbuf_1_1__f_clk/A (sky130_fd_sc_hd__clkbuf_16)
    13    0.04    0.06    0.14    0.80 ^ clkbuf_1_1__f_clk/X (sky130_fd_sc_hd__clkbuf_16)
                                         clknet_1_1__leaf_clk (net)
                  0.06    0.00    0.80 ^ _255_/CLK (sky130_fd_sc_hd__dfrtp_1)
     1    0.00    0.04    0.32    1.11 ^ _255_/Q (sky130_fd_sc_hd__dfrtp_1)
                                         net13 (net)
                  0.04    0.00    1.11 ^ output13/A (sky130_fd_sc_hd__clkbuf_2)
     1    0.02    0.12    0.16    1.27 ^ output13/X (sky130_fd_sc_hd__clkbuf_2)
                                         pwr_state[1] (net)
                  0.12    0.00    1.27 ^ pwr_state[1] (out)
                                  1.27   data arrival time

                          0.00    0.00   clock clk (rise edge)
                          0.50    0.50   clock network delay (propagated)
                          0.10    0.60   clock uncertainty
                          0.00    0.60   clock reconvergence pessimism
                         -0.50    0.10   output external delay
                                  0.10   data required time
-----------------------------------------------------------------------------
                                  0.10   data required time
                                 -1.27   data arrival time
-----------------------------------------------------------------------------
                                  1.17   slack (MET)


Startpoint: _254_ (rising edge-triggered flip-flop clocked by clk)
Endpoint: pwr_state[0] (output port clocked by clk)
Path Group: clk
Path Type: min

Fanout     Cap    Slew   Delay    Time   Description
-----------------------------------------------------------------------------
                          0.00    0.00   clock clk (rise edge)
                          0.50    0.50   clock source latency
     1    0.01    0.05    0.03    0.53 ^ clk (in)
                                         clk (net)
                  0.05    0.00    0.53 ^ clkbuf_0_clk/A (sky130_fd_sc_hd__clkbuf_16)
     2    0.02    0.04    0.13    0.66 ^ clkbuf_0_clk/X (sky130_fd_sc_hd__clkbuf_16)
                                         clknet_0_clk (net)
                  0.04    0.00    0.66 ^ clkbuf_1_1__f_clk/A (sky130_fd_sc_hd__clkbuf_16)
    13    0.04    0.06    0.14    0.80 ^ clkbuf_1_1__f_clk/X (sky130_fd_sc_hd__clkbuf_16)
                                         clknet_1_1__leaf_clk (net)
                  0.06    0.00    0.80 ^ _254_/CLK (sky130_fd_sc_hd__dfrtp_1)
     1    0.00    0.05    0.32    1.11 ^ _254_/Q (sky130_fd_sc_hd__dfrtp_1)
                                         net12 (net)
                  0.05    0.00    1.11 ^ output12/A (sky130_fd_sc_hd__clkbuf_2)
     1    0.02    0.12    0.16    1.27 ^ output12/X (sky130_fd_sc_hd__clkbuf_2)
                                         pwr_state[0] (net)
                  0.12    0.00    1.27 ^ pwr_state[0] (out)
                                  1.27   data arrival time

                          0.00    0.00   clock clk (rise edge)
                          0.50    0.50   clock network delay (propagated)
                          0.10    0.60   clock uncertainty
                          0.00    0.60   clock reconvergence pessimism
                         -0.50    0.10   output external delay
                                  0.10   data required time
-----------------------------------------------------------------------------
                                  0.10   data required time
                                 -1.27   data arrival time
-----------------------------------------------------------------------------
                                  1.17   slack (MET)


Startpoint: _239_ (rising edge-triggered flip-flop clocked by clk)
Endpoint: dvfs_ctrl[1] (output port clocked by clk)
Path Group: clk
Path Type: min

Fanout     Cap    Slew   Delay    Time   Description
-----------------------------------------------------------------------------
                          0.00    0.00   clock clk (rise edge)
                          0.50    0.50   clock source latency
     1    0.01    0.05    0.03    0.53 ^ clk (in)
                                         clk (net)
                  0.05    0.00    0.53 ^ clkbuf_0_clk/A (sky130_fd_sc_hd__clkbuf_16)
     2    0.02    0.04    0.13    0.66 ^ clkbuf_0_clk/X (sky130_fd_sc_hd__clkbuf_16)
                                         clknet_0_clk (net)
                  0.04    0.00    0.66 ^ clkbuf_1_1__f_clk/A (sky130_fd_sc_hd__clkbuf_16)
    13    0.04    0.06    0.14    0.80 ^ clkbuf_1_1__f_clk/X (sky130_fd_sc_hd__clkbuf_16)
                                         clknet_1_1__leaf_clk (net)
                  0.06    0.00    0.80 ^ _239_/CLK (sky130_fd_sc_hd__dfstp_1)
     1    0.00    0.03    0.35    1.15 v _239_/Q (sky130_fd_sc_hd__dfstp_1)
                                         net9 (net)
                  0.03    0.00    1.15 v output9/A (sky130_fd_sc_hd__clkbuf_2)
     1    0.02    0.08    0.14    1.29 v output9/X (sky130_fd_sc_hd__clkbuf_2)
                                         dvfs_ctrl[1] (net)
                  0.08    0.00    1.29 v dvfs_ctrl[1] (out)
                                  1.29   data arrival time

                          0.00    0.00   clock clk (rise edge)
                          0.50    0.50   clock network delay (propagated)
                          0.10    0.60   clock uncertainty
                          0.00    0.60   clock reconvergence pessimism
                         -0.50    0.10   output external delay
                                  0.10   data required time
-----------------------------------------------------------------------------
                                  0.10   data required time
                                 -1.29   data arrival time
-----------------------------------------------------------------------------
                                  1.19   slack (MET)


Startpoint: _253_ (rising edge-triggered flip-flop clocked by clk)
Endpoint: reset_ctrl (output port clocked by clk)
Path Group: clk
Path Type: min

Fanout     Cap    Slew   Delay    Time   Description
-----------------------------------------------------------------------------
                          0.00    0.00   clock clk (rise edge)
                          0.50    0.50   clock source latency
     1    0.01    0.05    0.03    0.53 ^ clk (in)
                                         clk (net)
                  0.05    0.00    0.53 ^ clkbuf_0_clk/A (sky130_fd_sc_hd__clkbuf_16)
     2    0.02    0.04    0.13    0.66 ^ clkbuf_0_clk/X (sky130_fd_sc_hd__clkbuf_16)
                                         clknet_0_clk (net)
                  0.04    0.00    0.66 ^ clkbuf_1_1__f_clk/A (sky130_fd_sc_hd__clkbuf_16)
    13    0.04    0.06    0.14    0.80 ^ clkbuf_1_1__f_clk/X (sky130_fd_sc_hd__clkbuf_16)
                                         clknet_1_1__leaf_clk (net)
                  0.06    0.00    0.80 ^ _253_/CLK (sky130_fd_sc_hd__dfrtp_1)
     1    0.00    0.04    0.31    1.11 ^ _253_/Q (sky130_fd_sc_hd__dfrtp_1)
                                         net14 (net)
                  0.04    0.00    1.11 ^ output14/A (sky130_fd_sc_hd__buf_2)
     1    0.03    0.15    0.18    1.29 ^ output14/X (sky130_fd_sc_hd__buf_2)
                                         reset_ctrl (net)
                  0.15    0.00    1.29 ^ reset_ctrl (out)
                                  1.29   data arrival time

                          0.00    0.00   clock clk (rise edge)
                          0.50    0.50   clock network delay (propagated)
                          0.10    0.60   clock uncertainty
                          0.00    0.60   clock reconvergence pessimism
                         -0.50    0.10   output external delay
                                  0.10   data required time
-----------------------------------------------------------------------------
                                  0.10   data required time
                                 -1.29   data arrival time
-----------------------------------------------------------------------------
                                  1.19   slack (MET)


Startpoint: _252_ (rising edge-triggered flip-flop clocked by clk)
Endpoint: retention_restore (output port clocked by clk)
Path Group: clk
Path Type: min

Fanout     Cap    Slew   Delay    Time   Description
-----------------------------------------------------------------------------
                          0.00    0.00   clock clk (rise edge)
                          0.50    0.50   clock source latency
     1    0.01    0.05    0.03    0.53 ^ clk (in)
                                         clk (net)
                  0.05    0.00    0.53 ^ clkbuf_0_clk/A (sky130_fd_sc_hd__clkbuf_16)
     2    0.02    0.04    0.13    0.66 ^ clkbuf_0_clk/X (sky130_fd_sc_hd__clkbuf_16)
                                         clknet_0_clk (net)
                  0.04    0.00    0.66 ^ clkbuf_1_0__f_clk/A (sky130_fd_sc_hd__clkbuf_16)
    16    0.04    0.06    0.14    0.80 ^ clkbuf_1_0__f_clk/X (sky130_fd_sc_hd__clkbuf_16)
                                         clknet_1_0__leaf_clk (net)
                  0.06    0.00    0.80 ^ _252_/CLK (sky130_fd_sc_hd__dfrtp_1)
     1    0.00    0.04    0.31    1.11 ^ _252_/Q (sky130_fd_sc_hd__dfrtp_1)
                                         net16 (net)
                  0.04    0.00    1.11 ^ output16/A (sky130_fd_sc_hd__buf_2)
     1    0.03    0.15    0.18    1.29 ^ output16/X (sky130_fd_sc_hd__buf_2)
                                         retention_restore (net)
                  0.15    0.00    1.29 ^ retention_restore (out)
                                  1.29   data arrival time

                          0.00    0.00   clock clk (rise edge)
                          0.50    0.50   clock network delay (propagated)
                          0.10    0.60   clock uncertainty
                          0.00    0.60   clock reconvergence pessimism
                         -0.50    0.10   output external delay
                                  0.10   data required time
-----------------------------------------------------------------------------
                                  0.10   data required time
                                 -1.29   data arrival time
-----------------------------------------------------------------------------
                                  1.19   slack (MET)


Startpoint: _251_ (rising edge-triggered flip-flop clocked by clk)
Endpoint: retention_save (output port clocked by clk)
Path Group: clk
Path Type: min

Fanout     Cap    Slew   Delay    Time   Description
-----------------------------------------------------------------------------
                          0.00    0.00   clock clk (rise edge)
                          0.50    0.50   clock source latency
     1    0.01    0.05    0.03    0.53 ^ clk (in)
                                         clk (net)
                  0.05    0.00    0.53 ^ clkbuf_0_clk/A (sky130_fd_sc_hd__clkbuf_16)
     2    0.02    0.04    0.13    0.66 ^ clkbuf_0_clk/X (sky130_fd_sc_hd__clkbuf_16)
                                         clknet_0_clk (net)
                  0.04    0.00    0.66 ^ clkbuf_1_0__f_clk/A (sky130_fd_sc_hd__clkbuf_16)
    16    0.04    0.06    0.14    0.80 ^ clkbuf_1_0__f_clk/X (sky130_fd_sc_hd__clkbuf_16)
                                         clknet_1_0__leaf_clk (net)
                  0.06    0.00    0.80 ^ _251_/CLK (sky130_fd_sc_hd__dfrtp_1)
     1    0.00    0.04    0.31    1.11 ^ _251_/Q (sky130_fd_sc_hd__dfrtp_1)
                                         net17 (net)
                  0.04    0.00    1.11 ^ output17/A (sky130_fd_sc_hd__buf_2)
     1    0.03    0.15    0.19    1.29 ^ output17/X (sky130_fd_sc_hd__buf_2)
                                         retention_save (net)
                  0.15    0.00    1.30 ^ retention_save (out)
                                  1.30   data arrival time

                          0.00    0.00   clock clk (rise edge)
                          0.50    0.50   clock network delay (propagated)
                          0.10    0.60   clock uncertainty
                          0.00    0.60   clock reconvergence pessimism
                         -0.50    0.10   output external delay
                                  0.10   data required time
-----------------------------------------------------------------------------
                                  0.10   data required time
                                 -1.30   data arrival time
-----------------------------------------------------------------------------
                                  1.20   slack (MET)


Startpoint: _249_ (rising edge-triggered flip-flop clocked by clk)
Endpoint: pwr_gate_en (output port clocked by clk)
Path Group: clk
Path Type: min

Fanout     Cap    Slew   Delay    Time   Description
-----------------------------------------------------------------------------
                          0.00    0.00   clock clk (rise edge)
                          0.50    0.50   clock source latency
     1    0.01    0.05    0.03    0.53 ^ clk (in)
                                         clk (net)
                  0.05    0.00    0.53 ^ clkbuf_0_clk/A (sky130_fd_sc_hd__clkbuf_16)
     2    0.02    0.04    0.13    0.66 ^ clkbuf_0_clk/X (sky130_fd_sc_hd__clkbuf_16)
                                         clknet_0_clk (net)
                  0.04    0.00    0.66 ^ clkbuf_1_0__f_clk/A (sky130_fd_sc_hd__clkbuf_16)
    16    0.04    0.06    0.14    0.80 ^ clkbuf_1_0__f_clk/X (sky130_fd_sc_hd__clkbuf_16)
                                         clknet_1_0__leaf_clk (net)
                  0.06    0.00    0.80 ^ _249_/CLK (sky130_fd_sc_hd__dfrtp_1)
     1    0.00    0.05    0.32    1.11 ^ _249_/Q (sky130_fd_sc_hd__dfrtp_1)
                                         net11 (net)
                  0.05    0.00    1.11 ^ output11/A (sky130_fd_sc_hd__buf_4)
     1    0.05    0.15    0.19    1.30 ^ output11/X (sky130_fd_sc_hd__buf_4)
                                         pwr_gate_en (net)
                  0.15    0.00    1.30 ^ pwr_gate_en (out)
                                  1.30   data arrival time

                          0.00    0.00   clock clk (rise edge)
                          0.50    0.50   clock network delay (propagated)
                          0.10    0.60   clock uncertainty
                          0.00    0.60   clock reconvergence pessimism
                         -0.50    0.10   output external delay
                                  0.10   data required time
-----------------------------------------------------------------------------
                                  0.10   data required time
                                 -1.30   data arrival time
-----------------------------------------------------------------------------
                                  1.20   slack (MET)


Startpoint: _250_ (rising edge-triggered flip-flop clocked by clk)
Endpoint: retention_en (output port clocked by clk)
Path Group: clk
Path Type: min

Fanout     Cap    Slew   Delay    Time   Description
-----------------------------------------------------------------------------
                          0.00    0.00   clock clk (rise edge)
                          0.50    0.50   clock source latency
     1    0.01    0.05    0.03    0.53 ^ clk (in)
                                         clk (net)
                  0.05    0.00    0.53 ^ clkbuf_0_clk/A (sky130_fd_sc_hd__clkbuf_16)
     2    0.02    0.04    0.13    0.66 ^ clkbuf_0_clk/X (sky130_fd_sc_hd__clkbuf_16)
                                         clknet_0_clk (net)
                  0.04    0.00    0.66 ^ clkbuf_1_0__f_clk/A (sky130_fd_sc_hd__clkbuf_16)
    16    0.04    0.06    0.14    0.80 ^ clkbuf_1_0__f_clk/X (sky130_fd_sc_hd__clkbuf_16)
                                         clknet_1_0__leaf_clk (net)
                  0.06    0.00    0.80 ^ _250_/CLK (sky130_fd_sc_hd__dfrtp_1)
     1    0.00    0.05    0.32    1.12 ^ _250_/Q (sky130_fd_sc_hd__dfrtp_1)
                                         net15 (net)
                  0.05    0.00    1.12 ^ output15/A (sky130_fd_sc_hd__buf_4)
     1    0.05    0.15    0.19    1.31 ^ output15/X (sky130_fd_sc_hd__buf_4)
                                         retention_en (net)
                  0.15    0.00    1.31 ^ retention_en (out)
                                  1.31   data arrival time

                          0.00    0.00   clock clk (rise edge)
                          0.50    0.50   clock network delay (propagated)
                          0.10    0.60   clock uncertainty
                          0.00    0.60   clock reconvergence pessimism
                         -0.50    0.10   output external delay
                                  0.10   data required time
-----------------------------------------------------------------------------
                                  0.10   data required time
                                 -1.31   data arrival time
-----------------------------------------------------------------------------
                                  1.21   slack (MET)


Startpoint: _248_ (rising edge-triggered flip-flop clocked by clk)
Endpoint: clk_gate_en (output port clocked by clk)
Path Group: clk
Path Type: min

Fanout     Cap    Slew   Delay    Time   Description
-----------------------------------------------------------------------------
                          0.00    0.00   clock clk (rise edge)
                          0.50    0.50   clock source latency
     1    0.01    0.05    0.03    0.53 ^ clk (in)
                                         clk (net)
                  0.05    0.00    0.53 ^ clkbuf_0_clk/A (sky130_fd_sc_hd__clkbuf_16)
     2    0.02    0.04    0.13    0.66 ^ clkbuf_0_clk/X (sky130_fd_sc_hd__clkbuf_16)
                                         clknet_0_clk (net)
                  0.04    0.00    0.66 ^ clkbuf_1_0__f_clk/A (sky130_fd_sc_hd__clkbuf_16)
    16    0.04    0.06    0.14    0.80 ^ clkbuf_1_0__f_clk/X (sky130_fd_sc_hd__clkbuf_16)
                                         clknet_1_0__leaf_clk (net)
                  0.06    0.00    0.80 ^ _248_/CLK (sky130_fd_sc_hd__dfrtp_1)
     1    0.00    0.05    0.32    1.12 ^ _248_/Q (sky130_fd_sc_hd__dfrtp_1)
                                         net8 (net)
                  0.05    0.00    1.12 ^ output8/A (sky130_fd_sc_hd__buf_4)
     1    0.05    0.15    0.19    1.31 ^ output8/X (sky130_fd_sc_hd__buf_4)
                                         clk_gate_en (net)
                  0.15    0.00    1.31 ^ clk_gate_en (out)
                                  1.31   data arrival time

                          0.00    0.00   clock clk (rise edge)
                          0.50    0.50   clock network delay (propagated)
                          0.10    0.60   clock uncertainty
                          0.00    0.60   clock reconvergence pessimism
                         -0.50    0.10   output external delay
                                  0.10   data required time
-----------------------------------------------------------------------------
                                  0.10   data required time
                                 -1.31   data arrival time
-----------------------------------------------------------------------------
                                  1.21   slack (MET)


Startpoint: _256_ (rising edge-triggered flip-flop clocked by clk)
Endpoint: error (output port clocked by clk)
Path Group: clk
Path Type: min

Fanout     Cap    Slew   Delay    Time   Description
-----------------------------------------------------------------------------
                          0.00    0.00   clock clk (rise edge)
                          0.50    0.50   clock source latency
     1    0.01    0.05    0.03    0.53 ^ clk (in)
                                         clk (net)
                  0.05    0.00    0.53 ^ clkbuf_0_clk/A (sky130_fd_sc_hd__clkbuf_16)
     2    0.02    0.04    0.13    0.66 ^ clkbuf_0_clk/X (sky130_fd_sc_hd__clkbuf_16)
                                         clknet_0_clk (net)
                  0.04    0.00    0.66 ^ clkbuf_1_0__f_clk/A (sky130_fd_sc_hd__clkbuf_16)
    16    0.04    0.06    0.14    0.80 ^ clkbuf_1_0__f_clk/X (sky130_fd_sc_hd__clkbuf_16)
                                         clknet_1_0__leaf_clk (net)
                  0.06    0.00    0.80 ^ _256_/CLK (sky130_fd_sc_hd__dfrtp_4)
     8    0.03    0.10    0.45    1.25 ^ _256_/Q (sky130_fd_sc_hd__dfrtp_4)
                                         curr_state[0] (net)
                  0.10    0.00    1.25 ^ _125_/A (sky130_fd_sc_hd__nor2_1)
     3    0.01    0.04    0.08    1.33 v _125_/Y (sky130_fd_sc_hd__nor2_1)
                                         _065_ (net)
                  0.04    0.00    1.33 v _199_/A (sky130_fd_sc_hd__nand2_1)
     1    0.00    0.04    0.05    1.38 ^ _199_/Y (sky130_fd_sc_hd__nand2_1)
                                         _026_ (net)
                  0.04    0.00    1.38 ^ _200_/B1 (sky130_fd_sc_hd__a211oi_1)
     1    0.00    0.04    0.05    1.42 v _200_/Y (sky130_fd_sc_hd__a211oi_1)
                                         net10 (net)
                  0.04    0.00    1.42 v wire19/A (sky130_fd_sc_hd__clkbuf_1)
     1    0.00    0.03    0.09    1.51 v wire19/X (sky130_fd_sc_hd__clkbuf_1)
                                         net19 (net)
                  0.03    0.00    1.51 v output10/A (sky130_fd_sc_hd__clkbuf_2)
     1    0.02    0.09    0.15    1.66 v output10/X (sky130_fd_sc_hd__clkbuf_2)
                                         error (net)
                  0.09    0.00    1.66 v error (out)
                                  1.66   data arrival time

                          0.00    0.00   clock clk (rise edge)
                          0.50    0.50   clock network delay (propagated)
                          0.10    0.60   clock uncertainty
                          0.00    0.60   clock reconvergence pessimism
                         -0.50    0.10   output external delay
                                  0.10   data required time
-----------------------------------------------------------------------------
                                  0.10   data required time
                                 -1.66   data arrival time
-----------------------------------------------------------------------------
                                  1.56   slack (MET)


Startpoint: _257_ (rising edge-triggered flip-flop clocked by clk)
Endpoint: seq_busy (output port clocked by clk)
Path Group: clk
Path Type: min

Fanout     Cap    Slew   Delay    Time   Description
-----------------------------------------------------------------------------
                          0.00    0.00   clock clk (rise edge)
                          0.50    0.50   clock source latency
     1    0.01    0.05    0.03    0.53 ^ clk (in)
                                         clk (net)
                  0.05    0.00    0.53 ^ clkbuf_0_clk/A (sky130_fd_sc_hd__clkbuf_16)
     2    0.02    0.04    0.13    0.66 ^ clkbuf_0_clk/X (sky130_fd_sc_hd__clkbuf_16)
                                         clknet_0_clk (net)
                  0.04    0.00    0.66 ^ clkbuf_1_0__f_clk/A (sky130_fd_sc_hd__clkbuf_16)
    16    0.04    0.06    0.14    0.80 ^ clkbuf_1_0__f_clk/X (sky130_fd_sc_hd__clkbuf_16)
                                         clknet_1_0__leaf_clk (net)
                  0.06    0.00    0.80 ^ _257_/CLK (sky130_fd_sc_hd__dfrtp_1)
     3    0.01    0.10    0.37    1.17 ^ _257_/Q (sky130_fd_sc_hd__dfrtp_1)
                                         curr_state[1] (net)
                  0.10    0.00    1.17 ^ _138_/B (sky130_fd_sc_hd__nand2_1)
     3    0.01    0.08    0.11    1.27 v _138_/Y (sky130_fd_sc_hd__nand2_1)
                                         _077_ (net)
                  0.08    0.00    1.27 v _139_/A (sky130_fd_sc_hd__inv_2)
     2    0.01    0.04    0.07    1.34 ^ _139_/Y (sky130_fd_sc_hd__inv_2)
                                         _078_ (net)
                  0.04    0.00    1.34 ^ _140_/B (sky130_fd_sc_hd__nor2_1)
     1    0.00    0.02    0.03    1.37 v _140_/Y (sky130_fd_sc_hd__nor2_1)
                                         net18 (net)
                  0.02    0.00    1.37 v wire20/A (sky130_fd_sc_hd__buf_1)
     4    0.01    0.08    0.12    1.49 v wire20/X (sky130_fd_sc_hd__buf_1)
                                         net20 (net)
                  0.08    0.00    1.49 v output18/A (sky130_fd_sc_hd__clkbuf_2)
     1    0.02    0.08    0.17    1.66 v output18/X (sky130_fd_sc_hd__clkbuf_2)
                                         seq_busy (net)
                  0.08    0.00    1.66 v seq_busy (out)
                                  1.66   data arrival time

                          0.00    0.00   clock clk (rise edge)
                          0.50    0.50   clock network delay (propagated)
                          0.10    0.60   clock uncertainty
                          0.00    0.60   clock reconvergence pessimism
                         -0.50    0.10   output external delay
                                  0.10   data required time
-----------------------------------------------------------------------------
                                  0.10   data required time
                                 -1.66   data arrival time
-----------------------------------------------------------------------------
                                  1.56   slack (MET)



worst slack corner Typical: 0.2120
min_report_end
max_report

===========================================================================
report_checks -path_delay max (Setup)
============================================================================
======================= Typical Corner ===================================

Startpoint: retention_ready (input port clocked by clk)
Endpoint: error (output port clocked by clk)
Path Group: clk
Path Type: max

Fanout     Cap    Slew   Delay    Time   Description
-----------------------------------------------------------------------------
                          0.00    0.00   clock clk (rise edge)
                          0.50    0.50   clock network delay (propagated)
                          3.00    3.50 v input external delay
     1    0.00    0.02    0.01    3.51 v retention_ready (in)
                                         retention_ready (net)
                  0.02    0.00    3.51 v input6/A (sky130_fd_sc_hd__buf_1)
     1    0.01    0.05    0.10    3.61 v input6/X (sky130_fd_sc_hd__buf_1)
                                         net6 (net)
                  0.05    0.00    3.61 v _164_/A (sky130_fd_sc_hd__inv_2)
     3    0.01    0.05    0.06    3.67 ^ _164_/Y (sky130_fd_sc_hd__inv_2)
                                         _101_ (net)
                  0.05    0.00    3.67 ^ _199_/B (sky130_fd_sc_hd__nand2_1)
     1    0.00    0.05    0.05    3.71 v _199_/Y (sky130_fd_sc_hd__nand2_1)
                                         _026_ (net)
                  0.05    0.00    3.71 v _200_/B1 (sky130_fd_sc_hd__a211oi_1)
     1    0.00    0.23    0.24    3.95 ^ _200_/Y (sky130_fd_sc_hd__a211oi_1)
                                         net10 (net)
                  0.23    0.00    3.95 ^ wire19/A (sky130_fd_sc_hd__clkbuf_1)
     1    0.00    0.06    0.13    4.08 ^ wire19/X (sky130_fd_sc_hd__clkbuf_1)
                                         net19 (net)
                  0.06    0.00    4.08 ^ output10/A (sky130_fd_sc_hd__clkbuf_2)
     1    0.02    0.12    0.17    4.25 ^ output10/X (sky130_fd_sc_hd__clkbuf_2)
                                         error (net)
                  0.12    0.00    4.25 ^ error (out)
                                  4.25   data arrival time

                         10.00   10.00   clock clk (rise edge)
                          0.50   10.50   clock network delay (propagated)
                         -0.30   10.20   clock uncertainty
                          0.00   10.20   clock reconvergence pessimism
                         -2.00    8.20   output external delay
                                  8.20   data required time
-----------------------------------------------------------------------------
                                  8.20   data required time
                                 -4.25   data arrival time
-----------------------------------------------------------------------------
                                  3.95   slack (MET)


Startpoint: pwr_stable (input port clocked by clk)
Endpoint: _257_ (rising edge-triggered flip-flop clocked by clk)
Path Group: clk
Path Type: max

Fanout     Cap    Slew   Delay    Time   Description
-----------------------------------------------------------------------------
                          0.00    0.00   clock clk (rise edge)
                          0.50    0.50   clock network delay (propagated)
                          3.00    3.50 ^ input external delay
     1    0.00    0.02    0.01    3.51 ^ pwr_stable (in)
                                         pwr_stable (net)
                  0.02    0.00    3.51 ^ input2/A (sky130_fd_sc_hd__clkbuf_1)
     1    0.00    0.07    0.09    3.60 ^ input2/X (sky130_fd_sc_hd__clkbuf_1)
                                         net2 (net)
                  0.07    0.00    3.60 ^ _158_/A (sky130_fd_sc_hd__nand2_1)
     2    0.01    0.05    0.07    3.66 v _158_/Y (sky130_fd_sc_hd__nand2_1)
                                         _095_ (net)
                  0.05    0.00    3.66 v _159_/B1_N (sky130_fd_sc_hd__o21bai_1)
     1    0.00    0.05    0.15    3.81 v _159_/Y (sky130_fd_sc_hd__o21bai_1)
                                         _096_ (net)
                  0.05    0.00    3.81 v _160_/A (sky130_fd_sc_hd__nand2_1)
     1    0.00    0.04    0.05    3.86 ^ _160_/Y (sky130_fd_sc_hd__nand2_1)
                                         _097_ (net)
                  0.04    0.00    3.86 ^ _166_/A (sky130_fd_sc_hd__nand2_1)
     2    0.00    0.04    0.05    3.92 v _166_/Y (sky130_fd_sc_hd__nand2_1)
                                         _103_ (net)
                  0.04    0.00    3.92 v _174_/A (sky130_fd_sc_hd__or3_1)
     1    0.00    0.06    0.36    4.27 v _174_/X (sky130_fd_sc_hd__or3_1)
                                         _111_ (net)
                  0.06    0.00    4.27 v _175_/A (sky130_fd_sc_hd__clkbuf_1)
     1    0.00    0.03    0.10    4.37 v _175_/X (sky130_fd_sc_hd__clkbuf_1)
                                         next_state[1] (net)
                  0.03    0.00    4.37 v _257_/D (sky130_fd_sc_hd__dfrtp_1)
                                  4.37   data arrival time

                         10.00   10.00   clock clk (rise edge)
                          0.50   10.50   clock source latency
     1    0.01    0.05    0.03   10.53 ^ clk (in)
                                         clk (net)
                  0.05    0.00   10.53 ^ clkbuf_0_clk/A (sky130_fd_sc_hd__clkbuf_16)
     2    0.02    0.04    0.13   10.66 ^ clkbuf_0_clk/X (sky130_fd_sc_hd__clkbuf_16)
                                         clknet_0_clk (net)
                  0.04    0.00   10.66 ^ clkbuf_1_0__f_clk/A (sky130_fd_sc_hd__clkbuf_16)
    16    0.04    0.06    0.14   10.80 ^ clkbuf_1_0__f_clk/X (sky130_fd_sc_hd__clkbuf_16)
                                         clknet_1_0__leaf_clk (net)
                  0.06    0.00   10.80 ^ _257_/CLK (sky130_fd_sc_hd__dfrtp_1)
                         -0.30   10.50   clock uncertainty
                          0.00   10.50   clock reconvergence pessimism
                         -0.10   10.39   library setup time
                                 10.39   data required time
-----------------------------------------------------------------------------
                                 10.39   data required time
                                 -4.37   data arrival time
-----------------------------------------------------------------------------
                                  6.02   slack (MET)


Startpoint: pwr_stable (input port clocked by clk)
Endpoint: _243_ (rising edge-triggered flip-flop clocked by clk)
Path Group: clk
Path Type: max

Fanout     Cap    Slew   Delay    Time   Description
-----------------------------------------------------------------------------
                          0.00    0.00   clock clk (rise edge)
                          0.50    0.50   clock network delay (propagated)
                          3.00    3.50 ^ input external delay
     1    0.00    0.02    0.01    3.51 ^ pwr_stable (in)
                                         pwr_stable (net)
                  0.02    0.00    3.51 ^ input2/A (sky130_fd_sc_hd__clkbuf_1)
     1    0.00    0.07    0.09    3.60 ^ input2/X (sky130_fd_sc_hd__clkbuf_1)
                                         net2 (net)
                  0.07    0.00    3.60 ^ _158_/A (sky130_fd_sc_hd__nand2_1)
     2    0.01    0.05    0.07    3.66 v _158_/Y (sky130_fd_sc_hd__nand2_1)
                                         _095_ (net)
                  0.05    0.00    3.66 v _159_/B1_N (sky130_fd_sc_hd__o21bai_1)
     1    0.00    0.05    0.15    3.81 v _159_/Y (sky130_fd_sc_hd__o21bai_1)
                                         _096_ (net)
                  0.05    0.00    3.81 v _160_/A (sky130_fd_sc_hd__nand2_1)
     1    0.00    0.04    0.05    3.86 ^ _160_/Y (sky130_fd_sc_hd__nand2_1)
                                         _097_ (net)
                  0.04    0.00    3.86 ^ _166_/A (sky130_fd_sc_hd__nand2_1)
     2    0.00    0.04    0.05    3.92 v _166_/Y (sky130_fd_sc_hd__nand2_1)
                                         _103_ (net)
                  0.04    0.00    3.92 v _178_/B (sky130_fd_sc_hd__nor2_1)
     2    0.01    0.12    0.11    4.03 ^ _178_/Y (sky130_fd_sc_hd__nor2_1)
                                         _014_ (net)
                  0.12    0.00    4.03 ^ _204_/A (sky130_fd_sc_hd__nand3_1)
     1    0.01    0.11    0.13    4.16 v _204_/Y (sky130_fd_sc_hd__nand3_1)
                                         _030_ (net)
                  0.11    0.00    4.16 v _209_/A (sky130_fd_sc_hd__nand3_4)
     8    0.03    0.11    0.12    4.28 ^ _209_/Y (sky130_fd_sc_hd__nand3_4)
                                         _035_ (net)
                  0.11    0.00    4.28 ^ _223_/B (sky130_fd_sc_hd__nor2_1)
     1    0.00    0.04    0.05    4.33 v _223_/Y (sky130_fd_sc_hd__nor2_1)
                                         _007_ (net)
                  0.04    0.00    4.33 v _243_/D (sky130_fd_sc_hd__dfrtp_1)
                                  4.33   data arrival time

                         10.00   10.00   clock clk (rise edge)
                          0.50   10.50   clock source latency
     1    0.01    0.05    0.03   10.53 ^ clk (in)
                                         clk (net)
                  0.05    0.00   10.53 ^ clkbuf_0_clk/A (sky130_fd_sc_hd__clkbuf_16)
     2    0.02    0.04    0.13   10.66 ^ clkbuf_0_clk/X (sky130_fd_sc_hd__clkbuf_16)
                                         clknet_0_clk (net)
                  0.04    0.00   10.66 ^ clkbuf_1_1__f_clk/A (sky130_fd_sc_hd__clkbuf_16)
    13    0.04    0.06    0.14   10.80 ^ clkbuf_1_1__f_clk/X (sky130_fd_sc_hd__clkbuf_16)
                                         clknet_1_1__leaf_clk (net)
                  0.06    0.00   10.80 ^ _243_/CLK (sky130_fd_sc_hd__dfrtp_1)
                         -0.30   10.50   clock uncertainty
                          0.00   10.50   clock reconvergence pessimism
                         -0.11   10.39   library setup time
                                 10.39   data required time
-----------------------------------------------------------------------------
                                 10.39   data required time
                                 -4.33   data arrival time
-----------------------------------------------------------------------------
                                  6.06   slack (MET)


Startpoint: pwr_stable (input port clocked by clk)
Endpoint: _247_ (rising edge-triggered flip-flop clocked by clk)
Path Group: clk
Path Type: max

Fanout     Cap    Slew   Delay    Time   Description
-----------------------------------------------------------------------------
                          0.00    0.00   clock clk (rise edge)
                          0.50    0.50   clock network delay (propagated)
                          3.00    3.50 ^ input external delay
     1    0.00    0.02    0.01    3.51 ^ pwr_stable (in)
                                         pwr_stable (net)
                  0.02    0.00    3.51 ^ input2/A (sky130_fd_sc_hd__clkbuf_1)
     1    0.00    0.07    0.09    3.60 ^ input2/X (sky130_fd_sc_hd__clkbuf_1)
                                         net2 (net)
                  0.07    0.00    3.60 ^ _158_/A (sky130_fd_sc_hd__nand2_1)
     2    0.01    0.05    0.07    3.66 v _158_/Y (sky130_fd_sc_hd__nand2_1)
                                         _095_ (net)
                  0.05    0.00    3.66 v _159_/B1_N (sky130_fd_sc_hd__o21bai_1)
     1    0.00    0.05    0.15    3.81 v _159_/Y (sky130_fd_sc_hd__o21bai_1)
                                         _096_ (net)
                  0.05    0.00    3.81 v _160_/A (sky130_fd_sc_hd__nand2_1)
     1    0.00    0.04    0.05    3.86 ^ _160_/Y (sky130_fd_sc_hd__nand2_1)
                                         _097_ (net)
                  0.04    0.00    3.86 ^ _166_/A (sky130_fd_sc_hd__nand2_1)
     2    0.00    0.04    0.05    3.92 v _166_/Y (sky130_fd_sc_hd__nand2_1)
                                         _103_ (net)
                  0.04    0.00    3.92 v _178_/B (sky130_fd_sc_hd__nor2_1)
     2    0.01    0.12    0.11    4.03 ^ _178_/Y (sky130_fd_sc_hd__nor2_1)
                                         _014_ (net)
                  0.12    0.00    4.03 ^ _204_/A (sky130_fd_sc_hd__nand3_1)
     1    0.01    0.11    0.13    4.16 v _204_/Y (sky130_fd_sc_hd__nand3_1)
                                         _030_ (net)
                  0.11    0.00    4.16 v _209_/A (sky130_fd_sc_hd__nand3_4)
     8    0.03    0.11    0.12    4.28 ^ _209_/Y (sky130_fd_sc_hd__nand3_4)
                                         _035_ (net)
                  0.11    0.00    4.28 ^ _238_/B (sky130_fd_sc_hd__nor2_1)
     1    0.00    0.04    0.05    4.33 v _238_/Y (sky130_fd_sc_hd__nor2_1)
                                         _011_ (net)
                  0.04    0.00    4.33 v _247_/D (sky130_fd_sc_hd__dfrtp_1)
                                  4.33   data arrival time

                         10.00   10.00   clock clk (rise edge)
                          0.50   10.50   clock source latency
     1    0.01    0.05    0.03   10.53 ^ clk (in)
                                         clk (net)
                  0.05    0.00   10.53 ^ clkbuf_0_clk/A (sky130_fd_sc_hd__clkbuf_16)
     2    0.02    0.04    0.13   10.66 ^ clkbuf_0_clk/X (sky130_fd_sc_hd__clkbuf_16)
                                         clknet_0_clk (net)
                  0.04    0.00   10.66 ^ clkbuf_1_1__f_clk/A (sky130_fd_sc_hd__clkbuf_16)
    13    0.04    0.06    0.14   10.80 ^ clkbuf_1_1__f_clk/X (sky130_fd_sc_hd__clkbuf_16)
                                         clknet_1_1__leaf_clk (net)
                  0.06    0.00   10.80 ^ _247_/CLK (sky130_fd_sc_hd__dfrtp_1)
                         -0.30   10.50   clock uncertainty
                          0.00   10.50   clock reconvergence pessimism
                         -0.11   10.39   library setup time
                                 10.39   data required time
-----------------------------------------------------------------------------
                                 10.39   data required time
                                 -4.33   data arrival time
-----------------------------------------------------------------------------
                                  6.06   slack (MET)


Startpoint: pwr_stable (input port clocked by clk)
Endpoint: _242_ (rising edge-triggered flip-flop clocked by clk)
Path Group: clk
Path Type: max

Fanout     Cap    Slew   Delay    Time   Description
-----------------------------------------------------------------------------
                          0.00    0.00   clock clk (rise edge)
                          0.50    0.50   clock network delay (propagated)
                          3.00    3.50 ^ input external delay
     1    0.00    0.02    0.01    3.51 ^ pwr_stable (in)
                                         pwr_stable (net)
                  0.02    0.00    3.51 ^ input2/A (sky130_fd_sc_hd__clkbuf_1)
     1    0.00    0.07    0.09    3.60 ^ input2/X (sky130_fd_sc_hd__clkbuf_1)
                                         net2 (net)
                  0.07    0.00    3.60 ^ _158_/A (sky130_fd_sc_hd__nand2_1)
     2    0.01    0.05    0.07    3.66 v _158_/Y (sky130_fd_sc_hd__nand2_1)
                                         _095_ (net)
                  0.05    0.00    3.66 v _159_/B1_N (sky130_fd_sc_hd__o21bai_1)
     1    0.00    0.05    0.15    3.81 v _159_/Y (sky130_fd_sc_hd__o21bai_1)
                                         _096_ (net)
                  0.05    0.00    3.81 v _160_/A (sky130_fd_sc_hd__nand2_1)
     1    0.00    0.04    0.05    3.86 ^ _160_/Y (sky130_fd_sc_hd__nand2_1)
                                         _097_ (net)
                  0.04    0.00    3.86 ^ _166_/A (sky130_fd_sc_hd__nand2_1)
     2    0.00    0.04    0.05    3.92 v _166_/Y (sky130_fd_sc_hd__nand2_1)
                                         _103_ (net)
                  0.04    0.00    3.92 v _178_/B (sky130_fd_sc_hd__nor2_1)
     2    0.01    0.12    0.11    4.03 ^ _178_/Y (sky130_fd_sc_hd__nor2_1)
                                         _014_ (net)
                  0.12    0.00    4.03 ^ _204_/A (sky130_fd_sc_hd__nand3_1)
     1    0.01    0.11    0.13    4.16 v _204_/Y (sky130_fd_sc_hd__nand3_1)
                                         _030_ (net)
                  0.11    0.00    4.16 v _209_/A (sky130_fd_sc_hd__nand3_4)
     8    0.03    0.11    0.12    4.28 ^ _209_/Y (sky130_fd_sc_hd__nand3_4)
                                         _035_ (net)
                  0.11    0.00    4.28 ^ _219_/B (sky130_fd_sc_hd__nor2_1)
     1    0.00    0.03    0.05    4.33 v _219_/Y (sky130_fd_sc_hd__nor2_1)
                                         _006_ (net)
                  0.03    0.00    4.33 v _242_/D (sky130_fd_sc_hd__dfrtp_1)
                                  4.33   data arrival time

                         10.00   10.00   clock clk (rise edge)
                          0.50   10.50   clock source latency
     1    0.01    0.05    0.03   10.53 ^ clk (in)
                                         clk (net)
                  0.05    0.00   10.53 ^ clkbuf_0_clk/A (sky130_fd_sc_hd__clkbuf_16)
     2    0.02    0.04    0.13   10.66 ^ clkbuf_0_clk/X (sky130_fd_sc_hd__clkbuf_16)
                                         clknet_0_clk (net)
                  0.04    0.00   10.66 ^ clkbuf_1_1__f_clk/A (sky130_fd_sc_hd__clkbuf_16)
    13    0.04    0.06    0.14   10.80 ^ clkbuf_1_1__f_clk/X (sky130_fd_sc_hd__clkbuf_16)
                                         clknet_1_1__leaf_clk (net)
                  0.06    0.00   10.80 ^ _242_/CLK (sky130_fd_sc_hd__dfrtp_1)
                         -0.30   10.50   clock uncertainty
                          0.00   10.50   clock reconvergence pessimism
                         -0.11   10.39   library setup time
                                 10.39   data required time
-----------------------------------------------------------------------------
                                 10.39   data required time
                                 -4.33   data arrival time
-----------------------------------------------------------------------------
                                  6.06   slack (MET)


Startpoint: pwr_stable (input port clocked by clk)
Endpoint: _240_ (rising edge-triggered flip-flop clocked by clk)
Path Group: clk
Path Type: max

Fanout     Cap    Slew   Delay    Time   Description
-----------------------------------------------------------------------------
                          0.00    0.00   clock clk (rise edge)
                          0.50    0.50   clock network delay (propagated)
                          3.00    3.50 ^ input external delay
     1    0.00    0.02    0.01    3.51 ^ pwr_stable (in)
                                         pwr_stable (net)
                  0.02    0.00    3.51 ^ input2/A (sky130_fd_sc_hd__clkbuf_1)
     1    0.00    0.07    0.09    3.60 ^ input2/X (sky130_fd_sc_hd__clkbuf_1)
                                         net2 (net)
                  0.07    0.00    3.60 ^ _158_/A (sky130_fd_sc_hd__nand2_1)
     2    0.01    0.05    0.07    3.66 v _158_/Y (sky130_fd_sc_hd__nand2_1)
                                         _095_ (net)
                  0.05    0.00    3.66 v _159_/B1_N (sky130_fd_sc_hd__o21bai_1)
     1    0.00    0.05    0.15    3.81 v _159_/Y (sky130_fd_sc_hd__o21bai_1)
                                         _096_ (net)
                  0.05    0.00    3.81 v _160_/A (sky130_fd_sc_hd__nand2_1)
     1    0.00    0.04    0.05    3.86 ^ _160_/Y (sky130_fd_sc_hd__nand2_1)
                                         _097_ (net)
                  0.04    0.00    3.86 ^ _166_/A (sky130_fd_sc_hd__nand2_1)
     2    0.00    0.04    0.05    3.92 v _166_/Y (sky130_fd_sc_hd__nand2_1)
                                         _103_ (net)
                  0.04    0.00    3.92 v _178_/B (sky130_fd_sc_hd__nor2_1)
     2    0.01    0.12    0.11    4.03 ^ _178_/Y (sky130_fd_sc_hd__nor2_1)
                                         _014_ (net)
                  0.12    0.00    4.03 ^ _204_/A (sky130_fd_sc_hd__nand3_1)
     1    0.01    0.11    0.13    4.16 v _204_/Y (sky130_fd_sc_hd__nand3_1)
                                         _030_ (net)
                  0.11    0.00    4.16 v _209_/A (sky130_fd_sc_hd__nand3_4)
     8    0.03    0.11    0.12    4.28 ^ _209_/Y (sky130_fd_sc_hd__nand3_4)
                                         _035_ (net)
                  0.11    0.00    4.28 ^ _210_/B (sky130_fd_sc_hd__nor2_1)
     1    0.00    0.03    0.05    4.33 v _210_/Y (sky130_fd_sc_hd__nor2_1)
                                         _004_ (net)
                  0.03    0.00    4.33 v _240_/D (sky130_fd_sc_hd__dfrtp_1)
                                  4.33   data arrival time

                         10.00   10.00   clock clk (rise edge)
                          0.50   10.50   clock source latency
     1    0.01    0.05    0.03   10.53 ^ clk (in)
                                         clk (net)
                  0.05    0.00   10.53 ^ clkbuf_0_clk/A (sky130_fd_sc_hd__clkbuf_16)
     2    0.02    0.04    0.13   10.66 ^ clkbuf_0_clk/X (sky130_fd_sc_hd__clkbuf_16)
                                         clknet_0_clk (net)
                  0.04    0.00   10.66 ^ clkbuf_1_1__f_clk/A (sky130_fd_sc_hd__clkbuf_16)
    13    0.04    0.06    0.14   10.80 ^ clkbuf_1_1__f_clk/X (sky130_fd_sc_hd__clkbuf_16)
                                         clknet_1_1__leaf_clk (net)
                  0.06    0.00   10.80 ^ _240_/CLK (sky130_fd_sc_hd__dfrtp_1)
                         -0.30   10.50   clock uncertainty
                          0.00   10.50   clock reconvergence pessimism
                         -0.11   10.39   library setup time
                                 10.39   data required time
-----------------------------------------------------------------------------
                                 10.39   data required time
                                 -4.33   data arrival time
-----------------------------------------------------------------------------
                                  6.06   slack (MET)


Startpoint: pwr_stable (input port clocked by clk)
Endpoint: _245_ (rising edge-triggered flip-flop clocked by clk)
Path Group: clk
Path Type: max

Fanout     Cap    Slew   Delay    Time   Description
-----------------------------------------------------------------------------
                          0.00    0.00   clock clk (rise edge)
                          0.50    0.50   clock network delay (propagated)
                          3.00    3.50 ^ input external delay
     1    0.00    0.02    0.01    3.51 ^ pwr_stable (in)
                                         pwr_stable (net)
                  0.02    0.00    3.51 ^ input2/A (sky130_fd_sc_hd__clkbuf_1)
     1    0.00    0.07    0.09    3.60 ^ input2/X (sky130_fd_sc_hd__clkbuf_1)
                                         net2 (net)
                  0.07    0.00    3.60 ^ _158_/A (sky130_fd_sc_hd__nand2_1)
     2    0.01    0.05    0.07    3.66 v _158_/Y (sky130_fd_sc_hd__nand2_1)
                                         _095_ (net)
                  0.05    0.00    3.66 v _159_/B1_N (sky130_fd_sc_hd__o21bai_1)
     1    0.00    0.05    0.15    3.81 v _159_/Y (sky130_fd_sc_hd__o21bai_1)
                                         _096_ (net)
                  0.05    0.00    3.81 v _160_/A (sky130_fd_sc_hd__nand2_1)
     1    0.00    0.04    0.05    3.86 ^ _160_/Y (sky130_fd_sc_hd__nand2_1)
                                         _097_ (net)
                  0.04    0.00    3.86 ^ _166_/A (sky130_fd_sc_hd__nand2_1)
     2    0.00    0.04    0.05    3.92 v _166_/Y (sky130_fd_sc_hd__nand2_1)
                                         _103_ (net)
                  0.04    0.00    3.92 v _178_/B (sky130_fd_sc_hd__nor2_1)
     2    0.01    0.12    0.11    4.03 ^ _178_/Y (sky130_fd_sc_hd__nor2_1)
                                         _014_ (net)
                  0.12    0.00    4.03 ^ _204_/A (sky130_fd_sc_hd__nand3_1)
     1    0.01    0.11    0.13    4.16 v _204_/Y (sky130_fd_sc_hd__nand3_1)
                                         _030_ (net)
                  0.11    0.00    4.16 v _209_/A (sky130_fd_sc_hd__nand3_4)
     8    0.03    0.11    0.12    4.28 ^ _209_/Y (sky130_fd_sc_hd__nand3_4)
                                         _035_ (net)
                  0.11    0.00    4.28 ^ _232_/B (sky130_fd_sc_hd__nor2_1)
     1    0.00    0.03    0.05    4.33 v _232_/Y (sky130_fd_sc_hd__nor2_1)
                                         _009_ (net)
                  0.03    0.00    4.33 v _245_/D (sky130_fd_sc_hd__dfrtp_1)
                                  4.33   data arrival time

                         10.00   10.00   clock clk (rise edge)
                          0.50   10.50   clock source latency
     1    0.01    0.05    0.03   10.53 ^ clk (in)
                                         clk (net)
                  0.05    0.00   10.53 ^ clkbuf_0_clk/A (sky130_fd_sc_hd__clkbuf_16)
     2    0.02    0.04    0.13   10.66 ^ clkbuf_0_clk/X (sky130_fd_sc_hd__clkbuf_16)
                                         clknet_0_clk (net)
                  0.04    0.00   10.66 ^ clkbuf_1_1__f_clk/A (sky130_fd_sc_hd__clkbuf_16)
    13    0.04    0.06    0.14   10.80 ^ clkbuf_1_1__f_clk/X (sky130_fd_sc_hd__clkbuf_16)
                                         clknet_1_1__leaf_clk (net)
                  0.06    0.00   10.80 ^ _245_/CLK (sky130_fd_sc_hd__dfrtp_1)
                         -0.30   10.50   clock uncertainty
                          0.00   10.50   clock reconvergence pessimism
                         -0.11   10.39   library setup time
                                 10.39   data required time
-----------------------------------------------------------------------------
                                 10.39   data required time
                                 -4.33   data arrival time
-----------------------------------------------------------------------------
                                  6.06   slack (MET)


Startpoint: pwr_stable (input port clocked by clk)
Endpoint: _241_ (rising edge-triggered flip-flop clocked by clk)
Path Group: clk
Path Type: max

Fanout     Cap    Slew   Delay    Time   Description
-----------------------------------------------------------------------------
                          0.00    0.00   clock clk (rise edge)
                          0.50    0.50   clock network delay (propagated)
                          3.00    3.50 ^ input external delay
     1    0.00    0.02    0.01    3.51 ^ pwr_stable (in)
                                         pwr_stable (net)
                  0.02    0.00    3.51 ^ input2/A (sky130_fd_sc_hd__clkbuf_1)
     1    0.00    0.07    0.09    3.60 ^ input2/X (sky130_fd_sc_hd__clkbuf_1)
                                         net2 (net)
                  0.07    0.00    3.60 ^ _158_/A (sky130_fd_sc_hd__nand2_1)
     2    0.01    0.05    0.07    3.66 v _158_/Y (sky130_fd_sc_hd__nand2_1)
                                         _095_ (net)
                  0.05    0.00    3.66 v _159_/B1_N (sky130_fd_sc_hd__o21bai_1)
     1    0.00    0.05    0.15    3.81 v _159_/Y (sky130_fd_sc_hd__o21bai_1)
                                         _096_ (net)
                  0.05    0.00    3.81 v _160_/A (sky130_fd_sc_hd__nand2_1)
     1    0.00    0.04    0.05    3.86 ^ _160_/Y (sky130_fd_sc_hd__nand2_1)
                                         _097_ (net)
                  0.04    0.00    3.86 ^ _166_/A (sky130_fd_sc_hd__nand2_1)
     2    0.00    0.04    0.05    3.92 v _166_/Y (sky130_fd_sc_hd__nand2_1)
                                         _103_ (net)
                  0.04    0.00    3.92 v _178_/B (sky130_fd_sc_hd__nor2_1)
     2    0.01    0.12    0.11    4.03 ^ _178_/Y (sky130_fd_sc_hd__nor2_1)
                                         _014_ (net)
                  0.12    0.00    4.03 ^ _204_/A (sky130_fd_sc_hd__nand3_1)
     1    0.01    0.11    0.13    4.16 v _204_/Y (sky130_fd_sc_hd__nand3_1)
                                         _030_ (net)
                  0.11    0.00    4.16 v _209_/A (sky130_fd_sc_hd__nand3_4)
     8    0.03    0.11    0.12    4.28 ^ _209_/Y (sky130_fd_sc_hd__nand3_4)
                                         _035_ (net)
                  0.11    0.00    4.28 ^ _214_/B (sky130_fd_sc_hd__nor2_1)
     1    0.00    0.03    0.05    4.33 v _214_/Y (sky130_fd_sc_hd__nor2_1)
                                         _005_ (net)
                  0.03    0.00    4.33 v _241_/D (sky130_fd_sc_hd__dfrtp_1)
                                  4.33   data arrival time

                         10.00   10.00   clock clk (rise edge)
                          0.50   10.50   clock source latency
     1    0.01    0.05    0.03   10.53 ^ clk (in)
                                         clk (net)
                  0.05    0.00   10.53 ^ clkbuf_0_clk/A (sky130_fd_sc_hd__clkbuf_16)
     2    0.02    0.04    0.13   10.66 ^ clkbuf_0_clk/X (sky130_fd_sc_hd__clkbuf_16)
                                         clknet_0_clk (net)
                  0.04    0.00   10.66 ^ clkbuf_1_1__f_clk/A (sky130_fd_sc_hd__clkbuf_16)
    13    0.04    0.06    0.14   10.80 ^ clkbuf_1_1__f_clk/X (sky130_fd_sc_hd__clkbuf_16)
                                         clknet_1_1__leaf_clk (net)
                  0.06    0.00   10.80 ^ _241_/CLK (sky130_fd_sc_hd__dfrtp_1)
                         -0.30   10.50   clock uncertainty
                          0.00   10.50   clock reconvergence pessimism
                         -0.11   10.39   library setup time
                                 10.39   data required time
-----------------------------------------------------------------------------
                                 10.39   data required time
                                 -4.33   data arrival time
-----------------------------------------------------------------------------
                                  6.06   slack (MET)


Startpoint: pwr_stable (input port clocked by clk)
Endpoint: _244_ (rising edge-triggered flip-flop clocked by clk)
Path Group: clk
Path Type: max

Fanout     Cap    Slew   Delay    Time   Description
-----------------------------------------------------------------------------
                          0.00    0.00   clock clk (rise edge)
                          0.50    0.50   clock network delay (propagated)
                          3.00    3.50 ^ input external delay
     1    0.00    0.02    0.01    3.51 ^ pwr_stable (in)
                                         pwr_stable (net)
                  0.02    0.00    3.51 ^ input2/A (sky130_fd_sc_hd__clkbuf_1)
     1    0.00    0.07    0.09    3.60 ^ input2/X (sky130_fd_sc_hd__clkbuf_1)
                                         net2 (net)
                  0.07    0.00    3.60 ^ _158_/A (sky130_fd_sc_hd__nand2_1)
     2    0.01    0.05    0.07    3.66 v _158_/Y (sky130_fd_sc_hd__nand2_1)
                                         _095_ (net)
                  0.05    0.00    3.66 v _159_/B1_N (sky130_fd_sc_hd__o21bai_1)
     1    0.00    0.05    0.15    3.81 v _159_/Y (sky130_fd_sc_hd__o21bai_1)
                                         _096_ (net)
                  0.05    0.00    3.81 v _160_/A (sky130_fd_sc_hd__nand2_1)
     1    0.00    0.04    0.05    3.86 ^ _160_/Y (sky130_fd_sc_hd__nand2_1)
                                         _097_ (net)
                  0.04    0.00    3.86 ^ _166_/A (sky130_fd_sc_hd__nand2_1)
     2    0.00    0.04    0.05    3.92 v _166_/Y (sky130_fd_sc_hd__nand2_1)
                                         _103_ (net)
                  0.04    0.00    3.92 v _178_/B (sky130_fd_sc_hd__nor2_1)
     2    0.01    0.12    0.11    4.03 ^ _178_/Y (sky130_fd_sc_hd__nor2_1)
                                         _014_ (net)
                  0.12    0.00    4.03 ^ _204_/A (sky130_fd_sc_hd__nand3_1)
     1    0.01    0.11    0.13    4.16 v _204_/Y (sky130_fd_sc_hd__nand3_1)
                                         _030_ (net)
                  0.11    0.00    4.16 v _209_/A (sky130_fd_sc_hd__nand3_4)
     8    0.03    0.11    0.12    4.28 ^ _209_/Y (sky130_fd_sc_hd__nand3_4)
                                         _035_ (net)
                  0.11    0.00    4.28 ^ _227_/B (sky130_fd_sc_hd__nor2_1)
     1    0.00    0.03    0.05    4.33 v _227_/Y (sky130_fd_sc_hd__nor2_1)
                                         _008_ (net)
                  0.03    0.00    4.33 v _244_/D (sky130_fd_sc_hd__dfrtp_1)
                                  4.33   data arrival time

                         10.00   10.00   clock clk (rise edge)
                          0.50   10.50   clock source latency
     1    0.01    0.05    0.03   10.53 ^ clk (in)
                                         clk (net)
                  0.05    0.00   10.53 ^ clkbuf_0_clk/A (sky130_fd_sc_hd__clkbuf_16)
     2    0.02    0.04    0.13   10.66 ^ clkbuf_0_clk/X (sky130_fd_sc_hd__clkbuf_16)
                                         clknet_0_clk (net)
                  0.04    0.00   10.66 ^ clkbuf_1_1__f_clk/A (sky130_fd_sc_hd__clkbuf_16)
    13    0.04    0.06    0.14   10.80 ^ clkbuf_1_1__f_clk/X (sky130_fd_sc_hd__clkbuf_16)
                                         clknet_1_1__leaf_clk (net)
                  0.06    0.00   10.80 ^ _244_/CLK (sky130_fd_sc_hd__dfrtp_1)
                         -0.30   10.50   clock uncertainty
                          0.00   10.50   clock reconvergence pessimism
                         -0.11   10.39   library setup time
                                 10.39   data required time
-----------------------------------------------------------------------------
                                 10.39   data required time
                                 -4.33   data arrival time
-----------------------------------------------------------------------------
                                  6.06   slack (MET)


Startpoint: pwr_stable (input port clocked by clk)
Endpoint: _246_ (rising edge-triggered flip-flop clocked by clk)
Path Group: clk
Path Type: max

Fanout     Cap    Slew   Delay    Time   Description
-----------------------------------------------------------------------------
                          0.00    0.00   clock clk (rise edge)
                          0.50    0.50   clock network delay (propagated)
                          3.00    3.50 ^ input external delay
     1    0.00    0.02    0.01    3.51 ^ pwr_stable (in)
                                         pwr_stable (net)
                  0.02    0.00    3.51 ^ input2/A (sky130_fd_sc_hd__clkbuf_1)
     1    0.00    0.07    0.09    3.60 ^ input2/X (sky130_fd_sc_hd__clkbuf_1)
                                         net2 (net)
                  0.07    0.00    3.60 ^ _158_/A (sky130_fd_sc_hd__nand2_1)
     2    0.01    0.05    0.07    3.66 v _158_/Y (sky130_fd_sc_hd__nand2_1)
                                         _095_ (net)
                  0.05    0.00    3.66 v _159_/B1_N (sky130_fd_sc_hd__o21bai_1)
     1    0.00    0.05    0.15    3.81 v _159_/Y (sky130_fd_sc_hd__o21bai_1)
                                         _096_ (net)
                  0.05    0.00    3.81 v _160_/A (sky130_fd_sc_hd__nand2_1)
     1    0.00    0.04    0.05    3.86 ^ _160_/Y (sky130_fd_sc_hd__nand2_1)
                                         _097_ (net)
                  0.04    0.00    3.86 ^ _166_/A (sky130_fd_sc_hd__nand2_1)
     2    0.00    0.04    0.05    3.92 v _166_/Y (sky130_fd_sc_hd__nand2_1)
                                         _103_ (net)
                  0.04    0.00    3.92 v _178_/B (sky130_fd_sc_hd__nor2_1)
     2    0.01    0.12    0.11    4.03 ^ _178_/Y (sky130_fd_sc_hd__nor2_1)
                                         _014_ (net)
                  0.12    0.00    4.03 ^ _204_/A (sky130_fd_sc_hd__nand3_1)
     1    0.01    0.11    0.13    4.16 v _204_/Y (sky130_fd_sc_hd__nand3_1)
                                         _030_ (net)
                  0.11    0.00    4.16 v _209_/A (sky130_fd_sc_hd__nand3_4)
     8    0.03    0.11    0.12    4.28 ^ _209_/Y (sky130_fd_sc_hd__nand3_4)
                                         _035_ (net)
                  0.11    0.00    4.28 ^ _236_/B (sky130_fd_sc_hd__nor2_1)
     1    0.00    0.03    0.05    4.33 v _236_/Y (sky130_fd_sc_hd__nor2_1)
                                         _010_ (net)
                  0.03    0.00    4.33 v _246_/D (sky130_fd_sc_hd__dfrtp_1)
                                  4.33   data arrival time

                         10.00   10.00   clock clk (rise edge)
                          0.50   10.50   clock source latency
     1    0.01    0.05    0.03   10.53 ^ clk (in)
                                         clk (net)
                  0.05    0.00   10.53 ^ clkbuf_0_clk/A (sky130_fd_sc_hd__clkbuf_16)
     2    0.02    0.04    0.13   10.66 ^ clkbuf_0_clk/X (sky130_fd_sc_hd__clkbuf_16)
                                         clknet_0_clk (net)
                  0.04    0.00   10.66 ^ clkbuf_1_1__f_clk/A (sky130_fd_sc_hd__clkbuf_16)
    13    0.04    0.06    0.14   10.80 ^ clkbuf_1_1__f_clk/X (sky130_fd_sc_hd__clkbuf_16)
                                         clknet_1_1__leaf_clk (net)
                  0.06    0.00   10.80 ^ _246_/CLK (sky130_fd_sc_hd__dfrtp_1)
                         -0.30   10.50   clock uncertainty
                          0.00   10.50   clock reconvergence pessimism
                         -0.11   10.39   library setup time
                                 10.39   data required time
-----------------------------------------------------------------------------
                                 10.39   data required time
                                 -4.33   data arrival time
-----------------------------------------------------------------------------
                                  6.06   slack (MET)


Startpoint: _256_ (rising edge-triggered flip-flop clocked by clk)
Endpoint: seq_busy (output port clocked by clk)
Path Group: clk
Path Type: max

Fanout     Cap    Slew   Delay    Time   Description
-----------------------------------------------------------------------------
                          0.00    0.00   clock clk (rise edge)
                          0.50    0.50   clock source latency
     1    0.01    0.05    0.03    0.53 ^ clk (in)
                                         clk (net)
                  0.05    0.00    0.53 ^ clkbuf_0_clk/A (sky130_fd_sc_hd__clkbuf_16)
     2    0.02    0.04    0.13    0.66 ^ clkbuf_0_clk/X (sky130_fd_sc_hd__clkbuf_16)
                                         clknet_0_clk (net)
                  0.04    0.00    0.66 ^ clkbuf_1_0__f_clk/A (sky130_fd_sc_hd__clkbuf_16)
    16    0.04    0.06    0.14    0.80 ^ clkbuf_1_0__f_clk/X (sky130_fd_sc_hd__clkbuf_16)
                                         clknet_1_0__leaf_clk (net)
                  0.06    0.00    0.80 ^ _256_/CLK (sky130_fd_sc_hd__dfrtp_4)
     8    0.02    0.08    0.51    1.31 v _256_/Q (sky130_fd_sc_hd__dfrtp_4)
                                         curr_state[0] (net)
                  0.08    0.00    1.31 v _138_/A (sky130_fd_sc_hd__nand2_1)
     3    0.01    0.12    0.13    1.43 ^ _138_/Y (sky130_fd_sc_hd__nand2_1)
                                         _077_ (net)
                  0.12    0.00    1.43 ^ _139_/A (sky130_fd_sc_hd__inv_2)
     2    0.01    0.03    0.05    1.48 v _139_/Y (sky130_fd_sc_hd__inv_2)
                                         _078_ (net)
                  0.03    0.00    1.48 v _140_/B (sky130_fd_sc_hd__nor2_1)
     1    0.00    0.08    0.08    1.56 ^ _140_/Y (sky130_fd_sc_hd__nor2_1)
                                         net18 (net)
                  0.08    0.00    1.56 ^ wire20/A (sky130_fd_sc_hd__buf_1)
     4    0.01    0.16    0.17    1.73 ^ wire20/X (sky130_fd_sc_hd__buf_1)
                                         net20 (net)
                  0.16    0.00    1.73 ^ output18/A (sky130_fd_sc_hd__clkbuf_2)
     1    0.02    0.12    0.20    1.93 ^ output18/X (sky130_fd_sc_hd__clkbuf_2)
                                         seq_busy (net)
                  0.12    0.00    1.93 ^ seq_busy (out)
                                  1.93   data arrival time

                         10.00   10.00   clock clk (rise edge)
                          0.50   10.50   clock network delay (propagated)
                         -0.30   10.20   clock uncertainty
                          0.00   10.20   clock reconvergence pessimism
                         -2.00    8.20   output external delay
                                  8.20   data required time
-----------------------------------------------------------------------------
                                  8.20   data required time
                                 -1.93   data arrival time
-----------------------------------------------------------------------------
                                  6.27   slack (MET)


Startpoint: pwr_stable (input port clocked by clk)
Endpoint: _258_ (rising edge-triggered flip-flop clocked by clk)
Path Group: clk
Path Type: max

Fanout     Cap    Slew   Delay    Time   Description
-----------------------------------------------------------------------------
                          0.00    0.00   clock clk (rise edge)
                          0.50    0.50   clock network delay (propagated)
                          3.00    3.50 ^ input external delay
     1    0.00    0.02    0.01    3.51 ^ pwr_stable (in)
                                         pwr_stable (net)
                  0.02    0.00    3.51 ^ input2/A (sky130_fd_sc_hd__clkbuf_1)
     1    0.00    0.07    0.09    3.60 ^ input2/X (sky130_fd_sc_hd__clkbuf_1)
                                         net2 (net)
                  0.07    0.00    3.60 ^ _158_/A (sky130_fd_sc_hd__nand2_1)
     2    0.01    0.05    0.07    3.66 v _158_/Y (sky130_fd_sc_hd__nand2_1)
                                         _095_ (net)
                  0.05    0.00    3.66 v _159_/B1_N (sky130_fd_sc_hd__o21bai_1)
     1    0.00    0.05    0.15    3.81 v _159_/Y (sky130_fd_sc_hd__o21bai_1)
                                         _096_ (net)
                  0.05    0.00    3.81 v _160_/A (sky130_fd_sc_hd__nand2_1)
     1    0.00    0.04    0.05    3.86 ^ _160_/Y (sky130_fd_sc_hd__nand2_1)
                                         _097_ (net)
                  0.04    0.00    3.86 ^ _166_/A (sky130_fd_sc_hd__nand2_1)
     2    0.00    0.04    0.05    3.92 v _166_/Y (sky130_fd_sc_hd__nand2_1)
                                         _103_ (net)
                  0.04    0.00    3.92 v _178_/B (sky130_fd_sc_hd__nor2_1)
     2    0.01    0.12    0.11    4.03 ^ _178_/Y (sky130_fd_sc_hd__nor2_1)
                                         _014_ (net)
                  0.12    0.00    4.03 ^ _187_/A (sky130_fd_sc_hd__nand2_1)
     1    0.00    0.04    0.06    4.09 v _187_/Y (sky130_fd_sc_hd__nand2_1)
                                         next_state[2] (net)
                  0.04    0.00    4.09 v _258_/D (sky130_fd_sc_hd__dfrtp_4)
                                  4.09   data arrival time

                         10.00   10.00   clock clk (rise edge)
                          0.50   10.50   clock source latency
     1    0.01    0.05    0.03   10.53 ^ clk (in)
                                         clk (net)
                  0.05    0.00   10.53 ^ clkbuf_0_clk/A (sky130_fd_sc_hd__clkbuf_16)
     2    0.02    0.04    0.13   10.66 ^ clkbuf_0_clk/X (sky130_fd_sc_hd__clkbuf_16)
                                         clknet_0_clk (net)
                  0.04    0.00   10.66 ^ clkbuf_1_0__f_clk/A (sky130_fd_sc_hd__clkbuf_16)
    16    0.04    0.06    0.14   10.80 ^ clkbuf_1_0__f_clk/X (sky130_fd_sc_hd__clkbuf_16)
                                         clknet_1_0__leaf_clk (net)
                  0.06    0.00   10.80 ^ _258_/CLK (sky130_fd_sc_hd__dfrtp_4)
                         -0.30   10.50   clock uncertainty
                          0.00   10.50   clock reconvergence pessimism
                         -0.11   10.39   library setup time
                                 10.39   data required time
-----------------------------------------------------------------------------
                                 10.39   data required time
                                 -4.09   data arrival time
-----------------------------------------------------------------------------
                                  6.30   slack (MET)


Startpoint: _251_ (rising edge-triggered flip-flop clocked by clk)
Endpoint: retention_save (output port clocked by clk)
Path Group: clk
Path Type: max

Fanout     Cap    Slew   Delay    Time   Description
-----------------------------------------------------------------------------
                          0.00    0.00   clock clk (rise edge)
                          0.50    0.50   clock source latency
     1    0.01    0.05    0.03    0.53 ^ clk (in)
                                         clk (net)
                  0.05    0.00    0.53 ^ clkbuf_0_clk/A (sky130_fd_sc_hd__clkbuf_16)
     2    0.02    0.04    0.13    0.66 ^ clkbuf_0_clk/X (sky130_fd_sc_hd__clkbuf_16)
                                         clknet_0_clk (net)
                  0.04    0.00    0.66 ^ clkbuf_1_0__f_clk/A (sky130_fd_sc_hd__clkbuf_16)
    16    0.04    0.06    0.14    0.80 ^ clkbuf_1_0__f_clk/X (sky130_fd_sc_hd__clkbuf_16)
                                         clknet_1_0__leaf_clk (net)
                  0.06    0.00    0.80 ^ _251_/CLK (sky130_fd_sc_hd__dfrtp_1)
     1    0.00    0.04    0.35    1.15 v _251_/Q (sky130_fd_sc_hd__dfrtp_1)
                                         net17 (net)
                  0.04    0.00    1.15 v output17/A (sky130_fd_sc_hd__buf_2)
     1    0.03    0.08    0.17    1.32 v output17/X (sky130_fd_sc_hd__buf_2)
                                         retention_save (net)
                  0.08    0.00    1.32 v retention_save (out)
                                  1.32   data arrival time

                         10.00   10.00   clock clk (rise edge)
                          0.50   10.50   clock network delay (propagated)
                         -0.30   10.20   clock uncertainty
                          0.00   10.20   clock reconvergence pessimism
                         -2.50    7.70   output external delay
                                  7.70   data required time
-----------------------------------------------------------------------------
                                  7.70   data required time
                                 -1.32   data arrival time
-----------------------------------------------------------------------------
                                  6.38   slack (MET)


Startpoint: _252_ (rising edge-triggered flip-flop clocked by clk)
Endpoint: retention_restore (output port clocked by clk)
Path Group: clk
Path Type: max

Fanout     Cap    Slew   Delay    Time   Description
-----------------------------------------------------------------------------
                          0.00    0.00   clock clk (rise edge)
                          0.50    0.50   clock source latency
     1    0.01    0.05    0.03    0.53 ^ clk (in)
                                         clk (net)
                  0.05    0.00    0.53 ^ clkbuf_0_clk/A (sky130_fd_sc_hd__clkbuf_16)
     2    0.02    0.04    0.13    0.66 ^ clkbuf_0_clk/X (sky130_fd_sc_hd__clkbuf_16)
                                         clknet_0_clk (net)
                  0.04    0.00    0.66 ^ clkbuf_1_0__f_clk/A (sky130_fd_sc_hd__clkbuf_16)
    16    0.04    0.06    0.14    0.80 ^ clkbuf_1_0__f_clk/X (sky130_fd_sc_hd__clkbuf_16)
                                         clknet_1_0__leaf_clk (net)
                  0.06    0.00    0.80 ^ _252_/CLK (sky130_fd_sc_hd__dfrtp_1)
     1    0.00    0.04    0.35    1.15 v _252_/Q (sky130_fd_sc_hd__dfrtp_1)
                                         net16 (net)
                  0.04    0.00    1.15 v output16/A (sky130_fd_sc_hd__buf_2)
     1    0.03    0.08    0.17    1.32 v output16/X (sky130_fd_sc_hd__buf_2)
                                         retention_restore (net)
                  0.08    0.00    1.32 v retention_restore (out)
                                  1.32   data arrival time

                         10.00   10.00   clock clk (rise edge)
                          0.50   10.50   clock network delay (propagated)
                         -0.30   10.20   clock uncertainty
                          0.00   10.20   clock reconvergence pessimism
                         -2.50    7.70   output external delay
                                  7.70   data required time
-----------------------------------------------------------------------------
                                  7.70   data required time
                                 -1.32   data arrival time
-----------------------------------------------------------------------------
                                  6.38   slack (MET)


Startpoint: _253_ (rising edge-triggered flip-flop clocked by clk)
Endpoint: reset_ctrl (output port clocked by clk)
Path Group: clk
Path Type: max

Fanout     Cap    Slew   Delay    Time   Description
-----------------------------------------------------------------------------
                          0.00    0.00   clock clk (rise edge)
                          0.50    0.50   clock source latency
     1    0.01    0.05    0.03    0.53 ^ clk (in)
                                         clk (net)
                  0.05    0.00    0.53 ^ clkbuf_0_clk/A (sky130_fd_sc_hd__clkbuf_16)
     2    0.02    0.04    0.13    0.66 ^ clkbuf_0_clk/X (sky130_fd_sc_hd__clkbuf_16)
                                         clknet_0_clk (net)
                  0.04    0.00    0.66 ^ clkbuf_1_1__f_clk/A (sky130_fd_sc_hd__clkbuf_16)
    13    0.04    0.06    0.14    0.80 ^ clkbuf_1_1__f_clk/X (sky130_fd_sc_hd__clkbuf_16)
                                         clknet_1_1__leaf_clk (net)
                  0.06    0.00    0.80 ^ _253_/CLK (sky130_fd_sc_hd__dfrtp_1)
     1    0.00    0.04    0.35    1.15 v _253_/Q (sky130_fd_sc_hd__dfrtp_1)
                                         net14 (net)
                  0.04    0.00    1.15 v output14/A (sky130_fd_sc_hd__buf_2)
     1    0.03    0.08    0.17    1.32 v output14/X (sky130_fd_sc_hd__buf_2)
                                         reset_ctrl (net)
                  0.08    0.00    1.32 v reset_ctrl (out)
                                  1.32   data arrival time

                         10.00   10.00   clock clk (rise edge)
                          0.50   10.50   clock network delay (propagated)
                         -0.30   10.20   clock uncertainty
                          0.00   10.20   clock reconvergence pessimism
                         -2.50    7.70   output external delay
                                  7.70   data required time
-----------------------------------------------------------------------------
                                  7.70   data required time
                                 -1.32   data arrival time
-----------------------------------------------------------------------------
                                  6.38   slack (MET)


Startpoint: _239_ (rising edge-triggered flip-flop clocked by clk)
Endpoint: dvfs_ctrl[1] (output port clocked by clk)
Path Group: clk
Path Type: max

Fanout     Cap    Slew   Delay    Time   Description
-----------------------------------------------------------------------------
                          0.00    0.00   clock clk (rise edge)
                          0.50    0.50   clock source latency
     1    0.01    0.05    0.03    0.53 ^ clk (in)
                                         clk (net)
                  0.05    0.00    0.53 ^ clkbuf_0_clk/A (sky130_fd_sc_hd__clkbuf_16)
     2    0.02    0.04    0.13    0.66 ^ clkbuf_0_clk/X (sky130_fd_sc_hd__clkbuf_16)
                                         clknet_0_clk (net)
                  0.04    0.00    0.66 ^ clkbuf_1_1__f_clk/A (sky130_fd_sc_hd__clkbuf_16)
    13    0.04    0.06    0.14    0.80 ^ clkbuf_1_1__f_clk/X (sky130_fd_sc_hd__clkbuf_16)
                                         clknet_1_1__leaf_clk (net)
                  0.06    0.00    0.80 ^ _239_/CLK (sky130_fd_sc_hd__dfstp_1)
     1    0.00    0.04    0.50    1.29 ^ _239_/Q (sky130_fd_sc_hd__dfstp_1)
                                         net9 (net)
                  0.04    0.00    1.29 ^ output9/A (sky130_fd_sc_hd__clkbuf_2)
     1    0.02    0.12    0.16    1.45 ^ output9/X (sky130_fd_sc_hd__clkbuf_2)
                                         dvfs_ctrl[1] (net)
                  0.12    0.00    1.45 ^ dvfs_ctrl[1] (out)
                                  1.45   data arrival time

                         10.00   10.00   clock clk (rise edge)
                          0.50   10.50   clock network delay (propagated)
                         -0.30   10.20   clock uncertainty
                          0.00   10.20   clock reconvergence pessimism
                         -2.00    8.20   output external delay
                                  8.20   data required time
-----------------------------------------------------------------------------
                                  8.20   data required time
                                 -1.45   data arrival time
-----------------------------------------------------------------------------
                                  6.75   slack (MET)


Startpoint: _248_ (rising edge-triggered flip-flop clocked by clk)
Endpoint: clk_gate_en (output port clocked by clk)
Path Group: clk
Path Type: max

Fanout     Cap    Slew   Delay    Time   Description
-----------------------------------------------------------------------------
                          0.00    0.00   clock clk (rise edge)
                          0.50    0.50   clock source latency
     1    0.01    0.05    0.03    0.53 ^ clk (in)
                                         clk (net)
                  0.05    0.00    0.53 ^ clkbuf_0_clk/A (sky130_fd_sc_hd__clkbuf_16)
     2    0.02    0.04    0.13    0.66 ^ clkbuf_0_clk/X (sky130_fd_sc_hd__clkbuf_16)
                                         clknet_0_clk (net)
                  0.04    0.00    0.66 ^ clkbuf_1_0__f_clk/A (sky130_fd_sc_hd__clkbuf_16)
    16    0.04    0.06    0.14    0.80 ^ clkbuf_1_0__f_clk/X (sky130_fd_sc_hd__clkbuf_16)
                                         clknet_1_0__leaf_clk (net)
                  0.06    0.00    0.80 ^ _248_/CLK (sky130_fd_sc_hd__dfrtp_1)
     1    0.00    0.04    0.36    1.15 v _248_/Q (sky130_fd_sc_hd__dfrtp_1)
                                         net8 (net)
                  0.04    0.00    1.15 v output8/A (sky130_fd_sc_hd__buf_4)
     1    0.05    0.08    0.18    1.34 v output8/X (sky130_fd_sc_hd__buf_4)
                                         clk_gate_en (net)
                  0.08    0.00    1.34 v clk_gate_en (out)
                                  1.34   data arrival time

                         10.00   10.00   clock clk (rise edge)
                          0.50   10.50   clock network delay (propagated)
                         -0.30   10.20   clock uncertainty
                          0.00   10.20   clock reconvergence pessimism
                         -2.00    8.20   output external delay
                                  8.20   data required time
-----------------------------------------------------------------------------
                                  8.20   data required time
                                 -1.34   data arrival time
-----------------------------------------------------------------------------
                                  6.86   slack (MET)


Startpoint: _250_ (rising edge-triggered flip-flop clocked by clk)
Endpoint: retention_en (output port clocked by clk)
Path Group: clk
Path Type: max

Fanout     Cap    Slew   Delay    Time   Description
-----------------------------------------------------------------------------
                          0.00    0.00   clock clk (rise edge)
                          0.50    0.50   clock source latency
     1    0.01    0.05    0.03    0.53 ^ clk (in)
                                         clk (net)
                  0.05    0.00    0.53 ^ clkbuf_0_clk/A (sky130_fd_sc_hd__clkbuf_16)
     2    0.02    0.04    0.13    0.66 ^ clkbuf_0_clk/X (sky130_fd_sc_hd__clkbuf_16)
                                         clknet_0_clk (net)
                  0.04    0.00    0.66 ^ clkbuf_1_0__f_clk/A (sky130_fd_sc_hd__clkbuf_16)
    16    0.04    0.06    0.14    0.80 ^ clkbuf_1_0__f_clk/X (sky130_fd_sc_hd__clkbuf_16)
                                         clknet_1_0__leaf_clk (net)
                  0.06    0.00    0.80 ^ _250_/CLK (sky130_fd_sc_hd__dfrtp_1)
     1    0.00    0.04    0.36    1.15 v _250_/Q (sky130_fd_sc_hd__dfrtp_1)
                                         net15 (net)
                  0.04    0.00    1.15 v output15/A (sky130_fd_sc_hd__buf_4)
     1    0.05    0.08    0.18    1.34 v output15/X (sky130_fd_sc_hd__buf_4)
                                         retention_en (net)
                  0.08    0.00    1.34 v retention_en (out)
                                  1.34   data arrival time

                         10.00   10.00   clock clk (rise edge)
                          0.50   10.50   clock network delay (propagated)
                         -0.30   10.20   clock uncertainty
                          0.00   10.20   clock reconvergence pessimism
                         -2.00    8.20   output external delay
                                  8.20   data required time
-----------------------------------------------------------------------------
                                  8.20   data required time
                                 -1.34   data arrival time
-----------------------------------------------------------------------------
                                  6.86   slack (MET)


Startpoint: _249_ (rising edge-triggered flip-flop clocked by clk)
Endpoint: pwr_gate_en (output port clocked by clk)
Path Group: clk
Path Type: max

Fanout     Cap    Slew   Delay    Time   Description
-----------------------------------------------------------------------------
                          0.00    0.00   clock clk (rise edge)
                          0.50    0.50   clock source latency
     1    0.01    0.05    0.03    0.53 ^ clk (in)
                                         clk (net)
                  0.05    0.00    0.53 ^ clkbuf_0_clk/A (sky130_fd_sc_hd__clkbuf_16)
     2    0.02    0.04    0.13    0.66 ^ clkbuf_0_clk/X (sky130_fd_sc_hd__clkbuf_16)
                                         clknet_0_clk (net)
                  0.04    0.00    0.66 ^ clkbuf_1_0__f_clk/A (sky130_fd_sc_hd__clkbuf_16)
    16    0.04    0.06    0.14    0.80 ^ clkbuf_1_0__f_clk/X (sky130_fd_sc_hd__clkbuf_16)
                                         clknet_1_0__leaf_clk (net)
                  0.06    0.00    0.80 ^ _249_/CLK (sky130_fd_sc_hd__dfrtp_1)
     1    0.00    0.04    0.35    1.15 v _249_/Q (sky130_fd_sc_hd__dfrtp_1)
                                         net11 (net)
                  0.04    0.00    1.15 v output11/A (sky130_fd_sc_hd__buf_4)
     1    0.05    0.08    0.18    1.33 v output11/X (sky130_fd_sc_hd__buf_4)
                                         pwr_gate_en (net)
                  0.08    0.00    1.34 v pwr_gate_en (out)
                                  1.34   data arrival time

                         10.00   10.00   clock clk (rise edge)
                          0.50   10.50   clock network delay (propagated)
                         -0.30   10.20   clock uncertainty
                          0.00   10.20   clock reconvergence pessimism
                         -2.00    8.20   output external delay
                                  8.20   data required time
-----------------------------------------------------------------------------
                                  8.20   data required time
                                 -1.34   data arrival time
-----------------------------------------------------------------------------
                                  6.86   slack (MET)


Startpoint: _254_ (rising edge-triggered flip-flop clocked by clk)
Endpoint: pwr_state[0] (output port clocked by clk)
Path Group: clk
Path Type: max

Fanout     Cap    Slew   Delay    Time   Description
-----------------------------------------------------------------------------
                          0.00    0.00   clock clk (rise edge)
                          0.50    0.50   clock source latency
     1    0.01    0.05    0.03    0.53 ^ clk (in)
                                         clk (net)
                  0.05    0.00    0.53 ^ clkbuf_0_clk/A (sky130_fd_sc_hd__clkbuf_16)
     2    0.02    0.04    0.13    0.66 ^ clkbuf_0_clk/X (sky130_fd_sc_hd__clkbuf_16)
                                         clknet_0_clk (net)
                  0.04    0.00    0.66 ^ clkbuf_1_1__f_clk/A (sky130_fd_sc_hd__clkbuf_16)
    13    0.04    0.06    0.14    0.80 ^ clkbuf_1_1__f_clk/X (sky130_fd_sc_hd__clkbuf_16)
                                         clknet_1_1__leaf_clk (net)
                  0.06    0.00    0.80 ^ _254_/CLK (sky130_fd_sc_hd__dfrtp_1)
     1    0.00    0.04    0.35    1.15 v _254_/Q (sky130_fd_sc_hd__dfrtp_1)
                                         net12 (net)
                  0.04    0.00    1.15 v output12/A (sky130_fd_sc_hd__clkbuf_2)
     1    0.02    0.08    0.15    1.30 v output12/X (sky130_fd_sc_hd__clkbuf_2)
                                         pwr_state[0] (net)
                  0.08    0.00    1.30 v pwr_state[0] (out)
                                  1.30   data arrival time

                         10.00   10.00   clock clk (rise edge)
                          0.50   10.50   clock network delay (propagated)
                         -0.30   10.20   clock uncertainty
                          0.00   10.20   clock reconvergence pessimism
                         -2.00    8.20   output external delay
                                  8.20   data required time
-----------------------------------------------------------------------------
                                  8.20   data required time
                                 -1.30   data arrival time
-----------------------------------------------------------------------------
                                  6.90   slack (MET)


Startpoint: _255_ (rising edge-triggered flip-flop clocked by clk)
Endpoint: pwr_state[1] (output port clocked by clk)
Path Group: clk
Path Type: max

Fanout     Cap    Slew   Delay    Time   Description
-----------------------------------------------------------------------------
                          0.00    0.00   clock clk (rise edge)
                          0.50    0.50   clock source latency
     1    0.01    0.05    0.03    0.53 ^ clk (in)
                                         clk (net)
                  0.05    0.00    0.53 ^ clkbuf_0_clk/A (sky130_fd_sc_hd__clkbuf_16)
     2    0.02    0.04    0.13    0.66 ^ clkbuf_0_clk/X (sky130_fd_sc_hd__clkbuf_16)
                                         clknet_0_clk (net)
                  0.04    0.00    0.66 ^ clkbuf_1_1__f_clk/A (sky130_fd_sc_hd__clkbuf_16)
    13    0.04    0.06    0.14    0.80 ^ clkbuf_1_1__f_clk/X (sky130_fd_sc_hd__clkbuf_16)
                                         clknet_1_1__leaf_clk (net)
                  0.06    0.00    0.80 ^ _255_/CLK (sky130_fd_sc_hd__dfrtp_1)
     1    0.00    0.04    0.35    1.15 v _255_/Q (sky130_fd_sc_hd__dfrtp_1)
                                         net13 (net)
                  0.04    0.00    1.15 v output13/A (sky130_fd_sc_hd__clkbuf_2)
     1    0.02    0.08    0.15    1.30 v output13/X (sky130_fd_sc_hd__clkbuf_2)
                                         pwr_state[1] (net)
                  0.08    0.00    1.30 v pwr_state[1] (out)
                                  1.30   data arrival time

                         10.00   10.00   clock clk (rise edge)
                          0.50   10.50   clock network delay (propagated)
                         -0.30   10.20   clock uncertainty
                          0.00   10.20   clock reconvergence pessimism
                         -2.00    8.20   output external delay
                                  8.20   data required time
-----------------------------------------------------------------------------
                                  8.20   data required time
                                 -1.30   data arrival time
-----------------------------------------------------------------------------
                                  6.90   slack (MET)


Startpoint: wake_up (input port clocked by clk)
Endpoint: _259_ (rising edge-triggered flip-flop clocked by clk)
Path Group: clk
Path Type: max

Fanout     Cap    Slew   Delay    Time   Description
-----------------------------------------------------------------------------
                          0.00    0.00   clock clk (rise edge)
                          0.50    0.50   clock network delay (propagated)
                          2.00    2.50 v input external delay
     1    0.00    0.02    0.01    2.51 v wake_up (in)
                                         wake_up (net)
                  0.02    0.00    2.51 v input7/A (sky130_fd_sc_hd__clkbuf_1)
     1    0.00    0.03    0.08    2.59 v input7/X (sky130_fd_sc_hd__clkbuf_1)
                                         net7 (net)
                  0.03    0.00    2.59 v _259_/D (sky130_fd_sc_hd__dfrtp_1)
                                  2.59   data arrival time

                         10.00   10.00   clock clk (rise edge)
                          0.50   10.50   clock source latency
     1    0.01    0.05    0.03   10.53 ^ clk (in)
                                         clk (net)
                  0.05    0.00   10.53 ^ clkbuf_0_clk/A (sky130_fd_sc_hd__clkbuf_16)
     2    0.02    0.04    0.13   10.66 ^ clkbuf_0_clk/X (sky130_fd_sc_hd__clkbuf_16)
                                         clknet_0_clk (net)
                  0.04    0.00   10.66 ^ clkbuf_1_0__f_clk/A (sky130_fd_sc_hd__clkbuf_16)
    16    0.04    0.06    0.14   10.80 ^ clkbuf_1_0__f_clk/X (sky130_fd_sc_hd__clkbuf_16)
                                         clknet_1_0__leaf_clk (net)
                  0.06    0.00   10.80 ^ _259_/CLK (sky130_fd_sc_hd__dfrtp_1)
                         -0.30   10.50   clock uncertainty
                          0.00   10.50   clock reconvergence pessimism
                         -0.10   10.39   library setup time
                                 10.39   data required time
-----------------------------------------------------------------------------
                                 10.39   data required time
                                 -2.59   data arrival time
-----------------------------------------------------------------------------
                                  7.81   slack (MET)


Startpoint: req_sleep (input port clocked by clk)
Endpoint: _261_ (rising edge-triggered flip-flop clocked by clk)
Path Group: clk
Path Type: max

Fanout     Cap    Slew   Delay    Time   Description
-----------------------------------------------------------------------------
                          0.00    0.00   clock clk (rise edge)
                          0.50    0.50   clock network delay (propagated)
                          2.00    2.50 v input external delay
     1    0.00    0.02    0.01    2.51 v req_sleep (in)
                                         req_sleep (net)
                  0.02    0.00    2.51 v input5/A (sky130_fd_sc_hd__clkbuf_1)
     1    0.00    0.03    0.08    2.58 v input5/X (sky130_fd_sc_hd__clkbuf_1)
                                         net5 (net)
                  0.03    0.00    2.58 v _261_/D (sky130_fd_sc_hd__dfrtp_1)
                                  2.58   data arrival time

                         10.00   10.00   clock clk (rise edge)
                          0.50   10.50   clock source latency
     1    0.01    0.05    0.03   10.53 ^ clk (in)
                                         clk (net)
                  0.05    0.00   10.53 ^ clkbuf_0_clk/A (sky130_fd_sc_hd__clkbuf_16)
     2    0.02    0.04    0.13   10.66 ^ clkbuf_0_clk/X (sky130_fd_sc_hd__clkbuf_16)
                                         clknet_0_clk (net)
                  0.04    0.00   10.66 ^ clkbuf_1_0__f_clk/A (sky130_fd_sc_hd__clkbuf_16)
    16    0.04    0.06    0.14   10.80 ^ clkbuf_1_0__f_clk/X (sky130_fd_sc_hd__clkbuf_16)
                                         clknet_1_0__leaf_clk (net)
                  0.06    0.00   10.80 ^ _261_/CLK (sky130_fd_sc_hd__dfrtp_1)
                         -0.30   10.50   clock uncertainty
                          0.00   10.50   clock reconvergence pessimism
                         -0.10   10.39   library setup time
                                 10.39   data required time
-----------------------------------------------------------------------------
                                 10.39   data required time
                                 -2.58   data arrival time
-----------------------------------------------------------------------------
                                  7.81   slack (MET)


Startpoint: req_off (input port clocked by clk)
Endpoint: _260_ (rising edge-triggered flip-flop clocked by clk)
Path Group: clk
Path Type: max

Fanout     Cap    Slew   Delay    Time   Description
-----------------------------------------------------------------------------
                          0.00    0.00   clock clk (rise edge)
                          0.50    0.50   clock network delay (propagated)
                          2.00    2.50 v input external delay
     1    0.00    0.02    0.01    2.51 v req_off (in)
                                         req_off (net)
                  0.02    0.00    2.51 v input4/A (sky130_fd_sc_hd__clkbuf_1)
     1    0.00    0.02    0.07    2.58 v input4/X (sky130_fd_sc_hd__clkbuf_1)
                                         net4 (net)
                  0.02    0.00    2.58 v _260_/D (sky130_fd_sc_hd__dfrtp_1)
                                  2.58   data arrival time

                         10.00   10.00   clock clk (rise edge)
                          0.50   10.50   clock source latency
     1    0.01    0.05    0.03   10.53 ^ clk (in)
                                         clk (net)
                  0.05    0.00   10.53 ^ clkbuf_0_clk/A (sky130_fd_sc_hd__clkbuf_16)
     2    0.02    0.04    0.13   10.66 ^ clkbuf_0_clk/X (sky130_fd_sc_hd__clkbuf_16)
                                         clknet_0_clk (net)
                  0.04    0.00   10.66 ^ clkbuf_1_0__f_clk/A (sky130_fd_sc_hd__clkbuf_16)
    16    0.04    0.06    0.14   10.80 ^ clkbuf_1_0__f_clk/X (sky130_fd_sc_hd__clkbuf_16)
                                         clknet_1_0__leaf_clk (net)
                  0.06    0.00   10.80 ^ _260_/CLK (sky130_fd_sc_hd__dfrtp_1)
                         -0.30   10.50   clock uncertainty
                          0.00   10.50   clock reconvergence pessimism
                         -0.10   10.39   library setup time
                                 10.39   data required time
-----------------------------------------------------------------------------
                                 10.39   data required time
                                 -2.58   data arrival time
-----------------------------------------------------------------------------
                                  7.81   slack (MET)


Startpoint: req_idle (input port clocked by clk)
Endpoint: _262_ (rising edge-triggered flip-flop clocked by clk)
Path Group: clk
Path Type: max

Fanout     Cap    Slew   Delay    Time   Description
-----------------------------------------------------------------------------
                          0.00    0.00   clock clk (rise edge)
                          0.50    0.50   clock network delay (propagated)
                          2.00    2.50 v input external delay
     1    0.00    0.02    0.01    2.51 v req_idle (in)
                                         req_idle (net)
                  0.02    0.00    2.51 v input3/A (sky130_fd_sc_hd__clkbuf_1)
     1    0.00    0.02    0.07    2.58 v input3/X (sky130_fd_sc_hd__clkbuf_1)
                                         net3 (net)
                  0.02    0.00    2.58 v _262_/D (sky130_fd_sc_hd__dfrtp_1)
                                  2.58   data arrival time

                         10.00   10.00   clock clk (rise edge)
                          0.50   10.50   clock source latency
     1    0.01    0.05    0.03   10.53 ^ clk (in)
                                         clk (net)
                  0.05    0.00   10.53 ^ clkbuf_0_clk/A (sky130_fd_sc_hd__clkbuf_16)
     2    0.02    0.04    0.13   10.66 ^ clkbuf_0_clk/X (sky130_fd_sc_hd__clkbuf_16)
                                         clknet_0_clk (net)
                  0.04    0.00   10.66 ^ clkbuf_1_0__f_clk/A (sky130_fd_sc_hd__clkbuf_16)
    16    0.04    0.06    0.14   10.80 ^ clkbuf_1_0__f_clk/X (sky130_fd_sc_hd__clkbuf_16)
                                         clknet_1_0__leaf_clk (net)
                  0.06    0.00   10.80 ^ _262_/CLK (sky130_fd_sc_hd__dfrtp_1)
                         -0.30   10.50   clock uncertainty
                          0.00   10.50   clock reconvergence pessimism
                         -0.10   10.40   library setup time
                                 10.40   data required time
-----------------------------------------------------------------------------
                                 10.40   data required time
                                 -2.58   data arrival time
-----------------------------------------------------------------------------
                                  7.81   slack (MET)


Startpoint: _258_ (rising edge-triggered flip-flop clocked by clk)
Endpoint: _255_ (rising edge-triggered flip-flop clocked by clk)
Path Group: clk
Path Type: max

Fanout     Cap    Slew   Delay    Time   Description
-----------------------------------------------------------------------------
                          0.00    0.00   clock clk (rise edge)
                          0.50    0.50   clock source latency
     1    0.01    0.05    0.03    0.53 ^ clk (in)
                                         clk (net)
                  0.05    0.00    0.53 ^ clkbuf_0_clk/A (sky130_fd_sc_hd__clkbuf_16)
     2    0.02    0.04    0.13    0.66 ^ clkbuf_0_clk/X (sky130_fd_sc_hd__clkbuf_16)
                                         clknet_0_clk (net)
                  0.04    0.00    0.66 ^ clkbuf_1_0__f_clk/A (sky130_fd_sc_hd__clkbuf_16)
    16    0.04    0.06    0.14    0.80 ^ clkbuf_1_0__f_clk/X (sky130_fd_sc_hd__clkbuf_16)
                                         clknet_1_0__leaf_clk (net)
                  0.06    0.00    0.80 ^ _258_/CLK (sky130_fd_sc_hd__dfrtp_4)
     8    0.03    0.10    0.53    1.32 v _258_/Q (sky130_fd_sc_hd__dfrtp_4)
                                         curr_state[2] (net)
                  0.10    0.00    1.32 v _124_/A (sky130_fd_sc_hd__inv_6)
     6    0.02    0.05    0.08    1.41 ^ _124_/Y (sky130_fd_sc_hd__inv_6)
                                         _064_ (net)
                  0.05    0.00    1.41 ^ _125_/B (sky130_fd_sc_hd__nor2_1)
     3    0.01    0.05    0.05    1.46 v _125_/Y (sky130_fd_sc_hd__nor2_1)
                                         _065_ (net)
                  0.05    0.00    1.46 v _170_/A (sky130_fd_sc_hd__and2_1)
     3    0.01    0.06    0.16    1.62 v _170_/X (sky130_fd_sc_hd__and2_1)
                                         _107_ (net)
                  0.06    0.00    1.62 v _193_/B (sky130_fd_sc_hd__nor2_1)
     2    0.00    0.10    0.10    1.72 ^ _193_/Y (sky130_fd_sc_hd__nor2_1)
                                         _024_ (net)
                  0.10    0.00    1.72 ^ _194_/C_N (sky130_fd_sc_hd__or3b_1)
     1    0.00    0.08    0.36    2.09 v _194_/X (sky130_fd_sc_hd__or3b_1)
                                         _025_ (net)
                  0.08    0.00    2.09 v _195_/A (sky130_fd_sc_hd__clkbuf_1)
     1    0.00    0.02    0.10    2.19 v _195_/X (sky130_fd_sc_hd__clkbuf_1)
                                         _113_ (net)
                  0.02    0.00    2.19 v _255_/D (sky130_fd_sc_hd__dfrtp_1)
                                  2.19   data arrival time

                         10.00   10.00   clock clk (rise edge)
                          0.50   10.50   clock source latency
     1    0.01    0.05    0.03   10.53 ^ clk (in)
                                         clk (net)
                  0.05    0.00   10.53 ^ clkbuf_0_clk/A (sky130_fd_sc_hd__clkbuf_16)
     2    0.02    0.04    0.13   10.66 ^ clkbuf_0_clk/X (sky130_fd_sc_hd__clkbuf_16)
                                         clknet_0_clk (net)
                  0.04    0.00   10.66 ^ clkbuf_1_1__f_clk/A (sky130_fd_sc_hd__clkbuf_16)
    13    0.04    0.06    0.14   10.80 ^ clkbuf_1_1__f_clk/X (sky130_fd_sc_hd__clkbuf_16)
                                         clknet_1_1__leaf_clk (net)
                  0.06    0.00   10.80 ^ _255_/CLK (sky130_fd_sc_hd__dfrtp_1)
                         -0.30   10.50   clock uncertainty
                          0.00   10.50   clock reconvergence pessimism
                         -0.10   10.39   library setup time
                                 10.39   data required time
-----------------------------------------------------------------------------
                                 10.39   data required time
                                 -2.19   data arrival time
-----------------------------------------------------------------------------
                                  8.21   slack (MET)


Startpoint: _246_ (rising edge-triggered flip-flop clocked by clk)
Endpoint: _250_ (rising edge-triggered flip-flop clocked by clk)
Path Group: clk
Path Type: max

Fanout     Cap    Slew   Delay    Time   Description
-----------------------------------------------------------------------------
                          0.00    0.00   clock clk (rise edge)
                          0.50    0.50   clock source latency
     1    0.01    0.05    0.03    0.53 ^ clk (in)
                                         clk (net)
                  0.05    0.00    0.53 ^ clkbuf_0_clk/A (sky130_fd_sc_hd__clkbuf_16)
     2    0.02    0.04    0.13    0.66 ^ clkbuf_0_clk/X (sky130_fd_sc_hd__clkbuf_16)
                                         clknet_0_clk (net)
                  0.04    0.00    0.66 ^ clkbuf_1_1__f_clk/A (sky130_fd_sc_hd__clkbuf_16)
    13    0.04    0.06    0.14    0.80 ^ clkbuf_1_1__f_clk/X (sky130_fd_sc_hd__clkbuf_16)
                                         clknet_1_1__leaf_clk (net)
                  0.06    0.00    0.80 ^ _246_/CLK (sky130_fd_sc_hd__dfrtp_1)
     3    0.01    0.06    0.38    1.18 v _246_/Q (sky130_fd_sc_hd__dfrtp_1)
                                         seq_timer[6] (net)
                  0.06    0.00    1.18 v _121_/A (sky130_fd_sc_hd__nor2_1)
     2    0.01    0.13    0.14    1.32 ^ _121_/Y (sky130_fd_sc_hd__nor2_1)
                                         _061_ (net)
                  0.13    0.00    1.32 ^ _134_/B (sky130_fd_sc_hd__nand3_1)
     2    0.00    0.07    0.10    1.42 v _134_/Y (sky130_fd_sc_hd__nand3_1)
                                         _074_ (net)
                  0.07    0.00    1.42 v _135_/C (sky130_fd_sc_hd__or3_1)
     1    0.01    0.08    0.33    1.75 v _135_/X (sky130_fd_sc_hd__or3_1)
                                         _075_ (net)
                  0.08    0.00    1.75 v _136_/A (sky130_fd_sc_hd__inv_2)
     3    0.01    0.05    0.07    1.82 ^ _136_/Y (sky130_fd_sc_hd__inv_2)
                                         _076_ (net)
                  0.05    0.00    1.82 ^ _197_/A2 (sky130_fd_sc_hd__o21ai_1)
     1    0.00    0.05    0.06    1.88 v _197_/Y (sky130_fd_sc_hd__o21ai_1)
                                         _116_ (net)
                  0.05    0.00    1.88 v _250_/D (sky130_fd_sc_hd__dfrtp_1)
                                  1.88   data arrival time

                         10.00   10.00   clock clk (rise edge)
                          0.50   10.50   clock source latency
     1    0.01    0.05    0.03   10.53 ^ clk (in)
                                         clk (net)
                  0.05    0.00   10.53 ^ clkbuf_0_clk/A (sky130_fd_sc_hd__clkbuf_16)
     2    0.02    0.04    0.13   10.66 ^ clkbuf_0_clk/X (sky130_fd_sc_hd__clkbuf_16)
                                         clknet_0_clk (net)
                  0.04    0.00   10.66 ^ clkbuf_1_0__f_clk/A (sky130_fd_sc_hd__clkbuf_16)
    16    0.04    0.06    0.14   10.80 ^ clkbuf_1_0__f_clk/X (sky130_fd_sc_hd__clkbuf_16)
                                         clknet_1_0__leaf_clk (net)
                  0.06    0.00   10.80 ^ _250_/CLK (sky130_fd_sc_hd__dfrtp_1)
                         -0.30   10.50   clock uncertainty
                          0.00   10.50   clock reconvergence pessimism
                         -0.11   10.38   library setup time
                                 10.38   data required time
-----------------------------------------------------------------------------
                                 10.38   data required time
                                 -1.88   data arrival time
-----------------------------------------------------------------------------
                                  8.50   slack (MET)


Startpoint: _246_ (rising edge-triggered flip-flop clocked by clk)
Endpoint: _253_ (rising edge-triggered flip-flop clocked by clk)
Path Group: clk
Path Type: max

Fanout     Cap    Slew   Delay    Time   Description
-----------------------------------------------------------------------------
                          0.00    0.00   clock clk (rise edge)
                          0.50    0.50   clock source latency
     1    0.01    0.05    0.03    0.53 ^ clk (in)
                                         clk (net)
                  0.05    0.00    0.53 ^ clkbuf_0_clk/A (sky130_fd_sc_hd__clkbuf_16)
     2    0.02    0.04    0.13    0.66 ^ clkbuf_0_clk/X (sky130_fd_sc_hd__clkbuf_16)
                                         clknet_0_clk (net)
                  0.04    0.00    0.66 ^ clkbuf_1_1__f_clk/A (sky130_fd_sc_hd__clkbuf_16)
    13    0.04    0.06    0.14    0.80 ^ clkbuf_1_1__f_clk/X (sky130_fd_sc_hd__clkbuf_16)
                                         clknet_1_1__leaf_clk (net)
                  0.06    0.00    0.80 ^ _246_/CLK (sky130_fd_sc_hd__dfrtp_1)
     3    0.01    0.06    0.38    1.18 v _246_/Q (sky130_fd_sc_hd__dfrtp_1)
                                         seq_timer[6] (net)
                  0.06    0.00    1.18 v _121_/A (sky130_fd_sc_hd__nor2_1)
     2    0.01    0.13    0.14    1.32 ^ _121_/Y (sky130_fd_sc_hd__nor2_1)
                                         _061_ (net)
                  0.13    0.00    1.32 ^ _134_/B (sky130_fd_sc_hd__nand3_1)
     2    0.00    0.07    0.10    1.42 v _134_/Y (sky130_fd_sc_hd__nand3_1)
                                         _074_ (net)
                  0.07    0.00    1.42 v _135_/C (sky130_fd_sc_hd__or3_1)
     1    0.01    0.08    0.33    1.75 v _135_/X (sky130_fd_sc_hd__or3_1)
                                         _075_ (net)
                  0.08    0.00    1.75 v _136_/A (sky130_fd_sc_hd__inv_2)
     3    0.01    0.05    0.07    1.82 ^ _136_/Y (sky130_fd_sc_hd__inv_2)
                                         _076_ (net)
                  0.05    0.00    1.82 ^ _196_/A1 (sky130_fd_sc_hd__a21o_1)
     1    0.00    0.03    0.10    1.92 ^ _196_/X (sky130_fd_sc_hd__a21o_1)
                                         _115_ (net)
                  0.03    0.00    1.92 ^ _253_/D (sky130_fd_sc_hd__dfrtp_1)
                                  1.92   data arrival time

                         10.00   10.00   clock clk (rise edge)
                          0.50   10.50   clock source latency
     1    0.01    0.05    0.03   10.53 ^ clk (in)
                                         clk (net)
                  0.05    0.00   10.53 ^ clkbuf_0_clk/A (sky130_fd_sc_hd__clkbuf_16)
     2    0.02    0.04    0.13   10.66 ^ clkbuf_0_clk/X (sky130_fd_sc_hd__clkbuf_16)
                                         clknet_0_clk (net)
                  0.04    0.00   10.66 ^ clkbuf_1_1__f_clk/A (sky130_fd_sc_hd__clkbuf_16)
    13    0.04    0.06    0.14   10.80 ^ clkbuf_1_1__f_clk/X (sky130_fd_sc_hd__clkbuf_16)
                                         clknet_1_1__leaf_clk (net)
                  0.06    0.00   10.80 ^ _253_/CLK (sky130_fd_sc_hd__dfrtp_1)
                         -0.30   10.50   clock uncertainty
                          0.00   10.50   clock reconvergence pessimism
                         -0.06   10.44   library setup time
                                 10.44   data required time
-----------------------------------------------------------------------------
                                 10.44   data required time
                                 -1.92   data arrival time
-----------------------------------------------------------------------------
                                  8.52   slack (MET)


Startpoint: _246_ (rising edge-triggered flip-flop clocked by clk)
Endpoint: _252_ (rising edge-triggered flip-flop clocked by clk)
Path Group: clk
Path Type: max

Fanout     Cap    Slew   Delay    Time   Description
-----------------------------------------------------------------------------
                          0.00    0.00   clock clk (rise edge)
                          0.50    0.50   clock source latency
     1    0.01    0.05    0.03    0.53 ^ clk (in)
                                         clk (net)
                  0.05    0.00    0.53 ^ clkbuf_0_clk/A (sky130_fd_sc_hd__clkbuf_16)
     2    0.02    0.04    0.13    0.66 ^ clkbuf_0_clk/X (sky130_fd_sc_hd__clkbuf_16)
                                         clknet_0_clk (net)
                  0.04    0.00    0.66 ^ clkbuf_1_1__f_clk/A (sky130_fd_sc_hd__clkbuf_16)
    13    0.04    0.06    0.14    0.80 ^ clkbuf_1_1__f_clk/X (sky130_fd_sc_hd__clkbuf_16)
                                         clknet_1_1__leaf_clk (net)
                  0.06    0.00    0.80 ^ _246_/CLK (sky130_fd_sc_hd__dfrtp_1)
     3    0.01    0.06    0.38    1.18 v _246_/Q (sky130_fd_sc_hd__dfrtp_1)
                                         seq_timer[6] (net)
                  0.06    0.00    1.18 v _121_/A (sky130_fd_sc_hd__nor2_1)
     2    0.01    0.13    0.14    1.32 ^ _121_/Y (sky130_fd_sc_hd__nor2_1)
                                         _061_ (net)
                  0.13    0.00    1.32 ^ _134_/B (sky130_fd_sc_hd__nand3_1)
     2    0.00    0.07    0.10    1.42 v _134_/Y (sky130_fd_sc_hd__nand3_1)
                                         _074_ (net)
                  0.07    0.00    1.42 v _135_/C (sky130_fd_sc_hd__or3_1)
     1    0.01    0.08    0.33    1.75 v _135_/X (sky130_fd_sc_hd__or3_1)
                                         _075_ (net)
                  0.08    0.00    1.75 v _136_/A (sky130_fd_sc_hd__inv_2)
     3    0.01    0.05    0.07    1.82 ^ _136_/Y (sky130_fd_sc_hd__inv_2)
                                         _076_ (net)
                  0.05    0.00    1.82 ^ _137_/B (sky130_fd_sc_hd__nor2_1)
     1    0.00    0.03    0.04    1.86 v _137_/Y (sky130_fd_sc_hd__nor2_1)
                                         _114_ (net)
                  0.03    0.00    1.86 v _252_/D (sky130_fd_sc_hd__dfrtp_1)
                                  1.86   data arrival time

                         10.00   10.00   clock clk (rise edge)
                          0.50   10.50   clock source latency
     1    0.01    0.05    0.03   10.53 ^ clk (in)
                                         clk (net)
                  0.05    0.00   10.53 ^ clkbuf_0_clk/A (sky130_fd_sc_hd__clkbuf_16)
     2    0.02    0.04    0.13   10.66 ^ clkbuf_0_clk/X (sky130_fd_sc_hd__clkbuf_16)
                                         clknet_0_clk (net)
                  0.04    0.00   10.66 ^ clkbuf_1_0__f_clk/A (sky130_fd_sc_hd__clkbuf_16)
    16    0.04    0.06    0.14   10.80 ^ clkbuf_1_0__f_clk/X (sky130_fd_sc_hd__clkbuf_16)
                                         clknet_1_0__leaf_clk (net)
                  0.06    0.00   10.80 ^ _252_/CLK (sky130_fd_sc_hd__dfrtp_1)
                         -0.30   10.50   clock uncertainty
                          0.00   10.50   clock reconvergence pessimism
                         -0.10   10.39   library setup time
                                 10.39   data required time
-----------------------------------------------------------------------------
                                 10.39   data required time
                                 -1.86   data arrival time
-----------------------------------------------------------------------------
                                  8.53   slack (MET)


Startpoint: _256_ (rising edge-triggered flip-flop clocked by clk)
Endpoint: _256_ (rising edge-triggered flip-flop clocked by clk)
Path Group: clk
Path Type: max

Fanout     Cap    Slew   Delay    Time   Description
-----------------------------------------------------------------------------
                          0.00    0.00   clock clk (rise edge)
                          0.50    0.50   clock source latency
     1    0.01    0.05    0.03    0.53 ^ clk (in)
                                         clk (net)
                  0.05    0.00    0.53 ^ clkbuf_0_clk/A (sky130_fd_sc_hd__clkbuf_16)
     2    0.02    0.04    0.13    0.66 ^ clkbuf_0_clk/X (sky130_fd_sc_hd__clkbuf_16)
                                         clknet_0_clk (net)
                  0.04    0.00    0.66 ^ clkbuf_1_0__f_clk/A (sky130_fd_sc_hd__clkbuf_16)
    16    0.04    0.06    0.14    0.80 ^ clkbuf_1_0__f_clk/X (sky130_fd_sc_hd__clkbuf_16)
                                         clknet_1_0__leaf_clk (net)
                  0.06    0.00    0.80 ^ _256_/CLK (sky130_fd_sc_hd__dfrtp_4)
     8    0.02    0.08    0.51    1.31 v _256_/Q (sky130_fd_sc_hd__dfrtp_4)
                                         curr_state[0] (net)
                  0.08    0.00    1.31 v _138_/A (sky130_fd_sc_hd__nand2_1)
     3    0.01    0.12    0.13    1.43 ^ _138_/Y (sky130_fd_sc_hd__nand2_1)
                                         _077_ (net)
                  0.12    0.00    1.43 ^ _142_/B1 (sky130_fd_sc_hd__o21a_1)
     1    0.00    0.04    0.13    1.56 ^ _142_/X (sky130_fd_sc_hd__o21a_1)
                                         _080_ (net)
                  0.04    0.00    1.56 ^ _149_/A (sky130_fd_sc_hd__nand2_1)
     1    0.00    0.03    0.04    1.60 v _149_/Y (sky130_fd_sc_hd__nand2_1)
                                         _087_ (net)
                  0.03    0.00    1.60 v _151_/A (sky130_fd_sc_hd__nand2_1)
     1    0.00    0.05    0.05    1.65 ^ _151_/Y (sky130_fd_sc_hd__nand2_1)
                                         _089_ (net)
                  0.05    0.00    1.65 ^ _154_/A (sky130_fd_sc_hd__nand2_1)
     2    0.00    0.05    0.06    1.71 v _154_/Y (sky130_fd_sc_hd__nand2_1)
                                         _092_ (net)
                  0.05    0.00    1.71 v _156_/A (sky130_fd_sc_hd__nand2_1)
     2    0.01    0.08    0.09    1.80 ^ _156_/Y (sky130_fd_sc_hd__nand2_1)
                                         _094_ (net)
                  0.08    0.00    1.80 ^ _157_/A (sky130_fd_sc_hd__inv_2)
     1    0.00    0.02    0.03    1.83 v _157_/Y (sky130_fd_sc_hd__inv_2)
                                         next_state[0] (net)
                  0.02    0.00    1.83 v _256_/D (sky130_fd_sc_hd__dfrtp_4)
                                  1.83   data arrival time

                         10.00   10.00   clock clk (rise edge)
                          0.50   10.50   clock source latency
     1    0.01    0.05    0.03   10.53 ^ clk (in)
                                         clk (net)
                  0.05    0.00   10.53 ^ clkbuf_0_clk/A (sky130_fd_sc_hd__clkbuf_16)
     2    0.02    0.04    0.13   10.66 ^ clkbuf_0_clk/X (sky130_fd_sc_hd__clkbuf_16)
                                         clknet_0_clk (net)
                  0.04    0.00   10.66 ^ clkbuf_1_0__f_clk/A (sky130_fd_sc_hd__clkbuf_16)
    16    0.04    0.06    0.14   10.80 ^ clkbuf_1_0__f_clk/X (sky130_fd_sc_hd__clkbuf_16)
                                         clknet_1_0__leaf_clk (net)
                  0.06    0.00   10.80 ^ _256_/CLK (sky130_fd_sc_hd__dfrtp_4)
                         -0.30   10.50   clock uncertainty
                          0.00   10.50   clock reconvergence pessimism
                         -0.10   10.40   library setup time
                                 10.40   data required time
-----------------------------------------------------------------------------
                                 10.40   data required time
                                 -1.83   data arrival time
-----------------------------------------------------------------------------
                                  8.57   slack (MET)


Startpoint: _246_ (rising edge-triggered flip-flop clocked by clk)
Endpoint: _251_ (rising edge-triggered flip-flop clocked by clk)
Path Group: clk
Path Type: max

Fanout     Cap    Slew   Delay    Time   Description
-----------------------------------------------------------------------------
                          0.00    0.00   clock clk (rise edge)
                          0.50    0.50   clock source latency
     1    0.01    0.05    0.03    0.53 ^ clk (in)
                                         clk (net)
                  0.05    0.00    0.53 ^ clkbuf_0_clk/A (sky130_fd_sc_hd__clkbuf_16)
     2    0.02    0.04    0.13    0.66 ^ clkbuf_0_clk/X (sky130_fd_sc_hd__clkbuf_16)
                                         clknet_0_clk (net)
                  0.04    0.00    0.66 ^ clkbuf_1_1__f_clk/A (sky130_fd_sc_hd__clkbuf_16)
    13    0.04    0.06    0.14    0.80 ^ clkbuf_1_1__f_clk/X (sky130_fd_sc_hd__clkbuf_16)
                                         clknet_1_1__leaf_clk (net)
                  0.06    0.00    0.80 ^ _246_/CLK (sky130_fd_sc_hd__dfrtp_1)
     3    0.01    0.06    0.38    1.18 v _246_/Q (sky130_fd_sc_hd__dfrtp_1)
                                         seq_timer[6] (net)
                  0.06    0.00    1.18 v _121_/A (sky130_fd_sc_hd__nor2_1)
     2    0.01    0.13    0.14    1.32 ^ _121_/Y (sky130_fd_sc_hd__nor2_1)
                                         _061_ (net)
                  0.13    0.00    1.32 ^ _122_/B (sky130_fd_sc_hd__nand2_1)
     3    0.01    0.07    0.10    1.42 v _122_/Y (sky130_fd_sc_hd__nand2_1)
                                         _062_ (net)
                  0.07    0.00    1.42 v _123_/B (sky130_fd_sc_hd__nor2_1)
     3    0.01    0.19    0.18    1.59 ^ _123_/Y (sky130_fd_sc_hd__nor2_1)
                                         _063_ (net)
                  0.19    0.00    1.59 ^ _198_/C1 (sky130_fd_sc_hd__o211a_1)
     1    0.00    0.05    0.18    1.77 ^ _198_/X (sky130_fd_sc_hd__o211a_1)
                                         _003_ (net)
                  0.05    0.00    1.77 ^ _251_/D (sky130_fd_sc_hd__dfrtp_1)
                                  1.77   data arrival time

                         10.00   10.00   clock clk (rise edge)
                          0.50   10.50   clock source latency
     1    0.01    0.05    0.03   10.53 ^ clk (in)
                                         clk (net)
                  0.05    0.00   10.53 ^ clkbuf_0_clk/A (sky130_fd_sc_hd__clkbuf_16)
     2    0.02    0.04    0.13   10.66 ^ clkbuf_0_clk/X (sky130_fd_sc_hd__clkbuf_16)
                                         clknet_0_clk (net)
                  0.04    0.00   10.66 ^ clkbuf_1_0__f_clk/A (sky130_fd_sc_hd__clkbuf_16)
    16    0.04    0.06    0.14   10.80 ^ clkbuf_1_0__f_clk/X (sky130_fd_sc_hd__clkbuf_16)
                                         clknet_1_0__leaf_clk (net)
                  0.06    0.00   10.80 ^ _251_/CLK (sky130_fd_sc_hd__dfrtp_1)
                         -0.30   10.50   clock uncertainty
                          0.00   10.50   clock reconvergence pessimism
                         -0.06   10.44   library setup time
                                 10.44   data required time
-----------------------------------------------------------------------------
                                 10.44   data required time
                                 -1.77   data arrival time
-----------------------------------------------------------------------------
                                  8.67   slack (MET)


Startpoint: _258_ (rising edge-triggered flip-flop clocked by clk)
Endpoint: _239_ (rising edge-triggered flip-flop clocked by clk)
Path Group: clk
Path Type: max

Fanout     Cap    Slew   Delay    Time   Description
-----------------------------------------------------------------------------
                          0.00    0.00   clock clk (rise edge)
                          0.50    0.50   clock source latency
     1    0.01    0.05    0.03    0.53 ^ clk (in)
                                         clk (net)
                  0.05    0.00    0.53 ^ clkbuf_0_clk/A (sky130_fd_sc_hd__clkbuf_16)
     2    0.02    0.04    0.13    0.66 ^ clkbuf_0_clk/X (sky130_fd_sc_hd__clkbuf_16)
                                         clknet_0_clk (net)
                  0.04    0.00    0.66 ^ clkbuf_1_0__f_clk/A (sky130_fd_sc_hd__clkbuf_16)
    16    0.04    0.06    0.14    0.80 ^ clkbuf_1_0__f_clk/X (sky130_fd_sc_hd__clkbuf_16)
                                         clknet_1_0__leaf_clk (net)
                  0.06    0.00    0.80 ^ _258_/CLK (sky130_fd_sc_hd__dfrtp_4)
     8    0.03    0.10    0.53    1.32 v _258_/Q (sky130_fd_sc_hd__dfrtp_4)
                                         curr_state[2] (net)
                  0.10    0.00    1.32 v _124_/A (sky130_fd_sc_hd__inv_6)
     6    0.02    0.05    0.08    1.41 ^ _124_/Y (sky130_fd_sc_hd__inv_6)
                                         _064_ (net)
                  0.05    0.00    1.41 ^ _180_/A (sky130_fd_sc_hd__nand2_1)
     2    0.01    0.07    0.07    1.48 v _180_/Y (sky130_fd_sc_hd__nand2_1)
                                         _016_ (net)
                  0.07    0.00    1.48 v _189_/B (sky130_fd_sc_hd__nor2_1)
     2    0.01    0.17    0.16    1.64 ^ _189_/Y (sky130_fd_sc_hd__nor2_1)
                                         _022_ (net)
                  0.17    0.00    1.64 ^ _190_/A (sky130_fd_sc_hd__inv_2)
     1    0.00    0.03    0.04    1.68 v _190_/Y (sky130_fd_sc_hd__inv_2)
                                         _001_ (net)
                  0.03    0.00    1.68 v _239_/D (sky130_fd_sc_hd__dfstp_1)
                                  1.68   data arrival time

                         10.00   10.00   clock clk (rise edge)
                          0.50   10.50   clock source latency
     1    0.01    0.05    0.03   10.53 ^ clk (in)
                                         clk (net)
                  0.05    0.00   10.53 ^ clkbuf_0_clk/A (sky130_fd_sc_hd__clkbuf_16)
     2    0.02    0.04    0.13   10.66 ^ clkbuf_0_clk/X (sky130_fd_sc_hd__clkbuf_16)
                                         clknet_0_clk (net)
                  0.04    0.00   10.66 ^ clkbuf_1_1__f_clk/A (sky130_fd_sc_hd__clkbuf_16)
    13    0.04    0.06    0.14   10.80 ^ clkbuf_1_1__f_clk/X (sky130_fd_sc_hd__clkbuf_16)
                                         clknet_1_1__leaf_clk (net)
                  0.06    0.00   10.80 ^ _239_/CLK (sky130_fd_sc_hd__dfstp_1)
                         -0.30   10.50   clock uncertainty
                          0.00   10.50   clock reconvergence pessimism
                         -0.06   10.43   library setup time
                                 10.43   data required time
-----------------------------------------------------------------------------
                                 10.43   data required time
                                 -1.68   data arrival time
-----------------------------------------------------------------------------
                                  8.75   slack (MET)


Startpoint: _257_ (rising edge-triggered flip-flop clocked by clk)
Endpoint: _248_ (rising edge-triggered flip-flop clocked by clk)
Path Group: clk
Path Type: max

Fanout     Cap    Slew   Delay    Time   Description
-----------------------------------------------------------------------------
                          0.00    0.00   clock clk (rise edge)
                          0.50    0.50   clock source latency
     1    0.01    0.05    0.03    0.53 ^ clk (in)
                                         clk (net)
                  0.05    0.00    0.53 ^ clkbuf_0_clk/A (sky130_fd_sc_hd__clkbuf_16)
     2    0.02    0.04    0.13    0.66 ^ clkbuf_0_clk/X (sky130_fd_sc_hd__clkbuf_16)
                                         clknet_0_clk (net)
                  0.04    0.00    0.66 ^ clkbuf_1_0__f_clk/A (sky130_fd_sc_hd__clkbuf_16)
    16    0.04    0.06    0.14    0.80 ^ clkbuf_1_0__f_clk/X (sky130_fd_sc_hd__clkbuf_16)
                                         clknet_1_0__leaf_clk (net)
                  0.06    0.00    0.80 ^ _257_/CLK (sky130_fd_sc_hd__dfrtp_1)
     3    0.01    0.07    0.39    1.19 v _257_/Q (sky130_fd_sc_hd__dfrtp_1)
                                         curr_state[1] (net)
                  0.07    0.00    1.19 v _126_/A (sky130_fd_sc_hd__clkbuf_2)
     8    0.02    0.09    0.17    1.36 v _126_/X (sky130_fd_sc_hd__clkbuf_2)
                                         _066_ (net)
                  0.09    0.00    1.36 v _188_/A2 (sky130_fd_sc_hd__o21a_1)
     1    0.00    0.03    0.18    1.54 v _188_/X (sky130_fd_sc_hd__o21a_1)
                                         _000_ (net)
                  0.03    0.00    1.54 v _248_/D (sky130_fd_sc_hd__dfrtp_1)
                                  1.54   data arrival time

                         10.00   10.00   clock clk (rise edge)
                          0.50   10.50   clock source latency
     1    0.01    0.05    0.03   10.53 ^ clk (in)
                                         clk (net)
                  0.05    0.00   10.53 ^ clkbuf_0_clk/A (sky130_fd_sc_hd__clkbuf_16)
     2    0.02    0.04    0.13   10.66 ^ clkbuf_0_clk/X (sky130_fd_sc_hd__clkbuf_16)
                                         clknet_0_clk (net)
                  0.04    0.00   10.66 ^ clkbuf_1_0__f_clk/A (sky130_fd_sc_hd__clkbuf_16)
    16    0.04    0.06    0.14   10.80 ^ clkbuf_1_0__f_clk/X (sky130_fd_sc_hd__clkbuf_16)
                                         clknet_1_0__leaf_clk (net)
                  0.06    0.00   10.80 ^ _248_/CLK (sky130_fd_sc_hd__dfrtp_1)
                         -0.30   10.50   clock uncertainty
                          0.00   10.50   clock reconvergence pessimism
                         -0.11   10.39   library setup time
                                 10.39   data required time
-----------------------------------------------------------------------------
                                 10.39   data required time
                                 -1.54   data arrival time
-----------------------------------------------------------------------------
                                  8.85   slack (MET)


Startpoint: _257_ (rising edge-triggered flip-flop clocked by clk)
Endpoint: _254_ (rising edge-triggered flip-flop clocked by clk)
Path Group: clk
Path Type: max

Fanout     Cap    Slew   Delay    Time   Description
-----------------------------------------------------------------------------
                          0.00    0.00   clock clk (rise edge)
                          0.50    0.50   clock source latency
     1    0.01    0.05    0.03    0.53 ^ clk (in)
                                         clk (net)
                  0.05    0.00    0.53 ^ clkbuf_0_clk/A (sky130_fd_sc_hd__clkbuf_16)
     2    0.02    0.04    0.13    0.66 ^ clkbuf_0_clk/X (sky130_fd_sc_hd__clkbuf_16)
                                         clknet_0_clk (net)
                  0.04    0.00    0.66 ^ clkbuf_1_0__f_clk/A (sky130_fd_sc_hd__clkbuf_16)
    16    0.04    0.06    0.14    0.80 ^ clkbuf_1_0__f_clk/X (sky130_fd_sc_hd__clkbuf_16)
                                         clknet_1_0__leaf_clk (net)
                  0.06    0.00    0.80 ^ _257_/CLK (sky130_fd_sc_hd__dfrtp_1)
     3    0.01    0.07    0.39    1.19 v _257_/Q (sky130_fd_sc_hd__dfrtp_1)
                                         curr_state[1] (net)
                  0.07    0.00    1.19 v _126_/A (sky130_fd_sc_hd__clkbuf_2)
     8    0.02    0.09    0.17    1.36 v _126_/X (sky130_fd_sc_hd__clkbuf_2)
                                         _066_ (net)
                  0.09    0.00    1.36 v _191_/A2 (sky130_fd_sc_hd__a21oi_1)
     1    0.00    0.14    0.18    1.54 ^ _191_/Y (sky130_fd_sc_hd__a21oi_1)
                                         _112_ (net)
                  0.14    0.00    1.54 ^ _254_/D (sky130_fd_sc_hd__dfrtp_1)
                                  1.54   data arrival time

                         10.00   10.00   clock clk (rise edge)
                          0.50   10.50   clock source latency
     1    0.01    0.05    0.03   10.53 ^ clk (in)
                                         clk (net)
                  0.05    0.00   10.53 ^ clkbuf_0_clk/A (sky130_fd_sc_hd__clkbuf_16)
     2    0.02    0.04    0.13   10.66 ^ clkbuf_0_clk/X (sky130_fd_sc_hd__clkbuf_16)
                                         clknet_0_clk (net)
                  0.04    0.00   10.66 ^ clkbuf_1_1__f_clk/A (sky130_fd_sc_hd__clkbuf_16)
    13    0.04    0.06    0.14   10.80 ^ clkbuf_1_1__f_clk/X (sky130_fd_sc_hd__clkbuf_16)
                                         clknet_1_1__leaf_clk (net)
                  0.06    0.00   10.80 ^ _254_/CLK (sky130_fd_sc_hd__dfrtp_1)
                         -0.30   10.50   clock uncertainty
                          0.00   10.50   clock reconvergence pessimism
                         -0.08   10.42   library setup time
                                 10.42   data required time
-----------------------------------------------------------------------------
                                 10.42   data required time
                                 -1.54   data arrival time
-----------------------------------------------------------------------------
                                  8.88   slack (MET)


Startpoint: _258_ (rising edge-triggered flip-flop clocked by clk)
Endpoint: _249_ (rising edge-triggered flip-flop clocked by clk)
Path Group: clk
Path Type: max

Fanout     Cap    Slew   Delay    Time   Description
-----------------------------------------------------------------------------
                          0.00    0.00   clock clk (rise edge)
                          0.50    0.50   clock source latency
     1    0.01    0.05    0.03    0.53 ^ clk (in)
                                         clk (net)
                  0.05    0.00    0.53 ^ clkbuf_0_clk/A (sky130_fd_sc_hd__clkbuf_16)
     2    0.02    0.04    0.13    0.66 ^ clkbuf_0_clk/X (sky130_fd_sc_hd__clkbuf_16)
                                         clknet_0_clk (net)
                  0.04    0.00    0.66 ^ clkbuf_1_0__f_clk/A (sky130_fd_sc_hd__clkbuf_16)
    16    0.04    0.06    0.14    0.80 ^ clkbuf_1_0__f_clk/X (sky130_fd_sc_hd__clkbuf_16)
                                         clknet_1_0__leaf_clk (net)
                  0.06    0.00    0.80 ^ _258_/CLK (sky130_fd_sc_hd__dfrtp_4)
     8    0.03    0.10    0.53    1.32 v _258_/Q (sky130_fd_sc_hd__dfrtp_4)
                                         curr_state[2] (net)
                  0.10    0.00    1.32 v _183_/A (sky130_fd_sc_hd__nor2_1)
     2    0.01    0.14    0.16    1.49 ^ _183_/Y (sky130_fd_sc_hd__nor2_1)
                                         _002_ (net)
                  0.14    0.00    1.49 ^ _249_/D (sky130_fd_sc_hd__dfrtp_1)
                                  1.49   data arrival time

                         10.00   10.00   clock clk (rise edge)
                          0.50   10.50   clock source latency
     1    0.01    0.05    0.03   10.53 ^ clk (in)
                                         clk (net)
                  0.05    0.00   10.53 ^ clkbuf_0_clk/A (sky130_fd_sc_hd__clkbuf_16)
     2    0.02    0.04    0.13   10.66 ^ clkbuf_0_clk/X (sky130_fd_sc_hd__clkbuf_16)
                                         clknet_0_clk (net)
                  0.04    0.00   10.66 ^ clkbuf_1_0__f_clk/A (sky130_fd_sc_hd__clkbuf_16)
    16    0.04    0.06    0.14   10.80 ^ clkbuf_1_0__f_clk/X (sky130_fd_sc_hd__clkbuf_16)
                                         clknet_1_0__leaf_clk (net)
                  0.06    0.00   10.80 ^ _249_/CLK (sky130_fd_sc_hd__dfrtp_1)
                         -0.30   10.50   clock uncertainty
                          0.00   10.50   clock reconvergence pessimism
                         -0.08   10.42   library setup time
                                 10.42   data required time
-----------------------------------------------------------------------------
                                 10.42   data required time
                                 -1.49   data arrival time
-----------------------------------------------------------------------------
                                  8.93   slack (MET)


Startpoint: _259_ (rising edge-triggered flip-flop clocked by clk)
Endpoint: _263_ (rising edge-triggered flip-flop clocked by clk)
Path Group: clk
Path Type: max

Fanout     Cap    Slew   Delay    Time   Description
-----------------------------------------------------------------------------
                          0.00    0.00   clock clk (rise edge)
                          0.50    0.50   clock source latency
     1    0.01    0.05    0.03    0.53 ^ clk (in)
                                         clk (net)
                  0.05    0.00    0.53 ^ clkbuf_0_clk/A (sky130_fd_sc_hd__clkbuf_16)
     2    0.02    0.04    0.13    0.66 ^ clkbuf_0_clk/X (sky130_fd_sc_hd__clkbuf_16)
                                         clknet_0_clk (net)
                  0.04    0.00    0.66 ^ clkbuf_1_0__f_clk/A (sky130_fd_sc_hd__clkbuf_16)
    16    0.04    0.06    0.14    0.80 ^ clkbuf_1_0__f_clk/X (sky130_fd_sc_hd__clkbuf_16)
                                         clknet_1_0__leaf_clk (net)
                  0.06    0.00    0.80 ^ _259_/CLK (sky130_fd_sc_hd__dfrtp_1)
     1    0.00    0.04    0.36    1.16 v _259_/Q (sky130_fd_sc_hd__dfrtp_1)
                                         sync_stage1[0] (net)
                  0.04    0.00    1.16 v _263_/D (sky130_fd_sc_hd__dfrtp_1)
                                  1.16   data arrival time

                         10.00   10.00   clock clk (rise edge)
                          0.50   10.50   clock source latency
     1    0.01    0.05    0.03   10.53 ^ clk (in)
                                         clk (net)
                  0.05    0.00   10.53 ^ clkbuf_0_clk/A (sky130_fd_sc_hd__clkbuf_16)
     2    0.02    0.04    0.13   10.66 ^ clkbuf_0_clk/X (sky130_fd_sc_hd__clkbuf_16)
                                         clknet_0_clk (net)
                  0.04    0.00   10.66 ^ clkbuf_1_0__f_clk/A (sky130_fd_sc_hd__clkbuf_16)
    16    0.04    0.06    0.14   10.80 ^ clkbuf_1_0__f_clk/X (sky130_fd_sc_hd__clkbuf_16)
                                         clknet_1_0__leaf_clk (net)
                  0.06    0.00   10.80 ^ _263_/CLK (sky130_fd_sc_hd__dfrtp_1)
                         -0.30   10.50   clock uncertainty
                          0.00   10.50   clock reconvergence pessimism
                         -0.11   10.39   library setup time
                                 10.39   data required time
-----------------------------------------------------------------------------
                                 10.39   data required time
                                 -1.16   data arrival time
-----------------------------------------------------------------------------
                                  9.23   slack (MET)


Startpoint: _260_ (rising edge-triggered flip-flop clocked by clk)
Endpoint: _264_ (rising edge-triggered flip-flop clocked by clk)
Path Group: clk
Path Type: max

Fanout     Cap    Slew   Delay    Time   Description
-----------------------------------------------------------------------------
                          0.00    0.00   clock clk (rise edge)
                          0.50    0.50   clock source latency
     1    0.01    0.05    0.03    0.53 ^ clk (in)
                                         clk (net)
                  0.05    0.00    0.53 ^ clkbuf_0_clk/A (sky130_fd_sc_hd__clkbuf_16)
     2    0.02    0.04    0.13    0.66 ^ clkbuf_0_clk/X (sky130_fd_sc_hd__clkbuf_16)
                                         clknet_0_clk (net)
                  0.04    0.00    0.66 ^ clkbuf_1_0__f_clk/A (sky130_fd_sc_hd__clkbuf_16)
    16    0.04    0.06    0.14    0.80 ^ clkbuf_1_0__f_clk/X (sky130_fd_sc_hd__clkbuf_16)
                                         clknet_1_0__leaf_clk (net)
                  0.06    0.00    0.80 ^ _260_/CLK (sky130_fd_sc_hd__dfrtp_1)
     1    0.00    0.04    0.35    1.15 v _260_/Q (sky130_fd_sc_hd__dfrtp_1)
                                         sync_stage1[1] (net)
                  0.04    0.00    1.15 v _264_/D (sky130_fd_sc_hd__dfrtp_1)
                                  1.15   data arrival time

                         10.00   10.00   clock clk (rise edge)
                          0.50   10.50   clock source latency
     1    0.01    0.05    0.03   10.53 ^ clk (in)
                                         clk (net)
                  0.05    0.00   10.53 ^ clkbuf_0_clk/A (sky130_fd_sc_hd__clkbuf_16)
     2    0.02    0.04    0.13   10.66 ^ clkbuf_0_clk/X (sky130_fd_sc_hd__clkbuf_16)
                                         clknet_0_clk (net)
                  0.04    0.00   10.66 ^ clkbuf_1_0__f_clk/A (sky130_fd_sc_hd__clkbuf_16)
    16    0.04    0.06    0.14   10.80 ^ clkbuf_1_0__f_clk/X (sky130_fd_sc_hd__clkbuf_16)
                                         clknet_1_0__leaf_clk (net)
                  0.06    0.00   10.80 ^ _264_/CLK (sky130_fd_sc_hd__dfrtp_1)
                         -0.30   10.50   clock uncertainty
                          0.00   10.50   clock reconvergence pessimism
                         -0.11   10.39   library setup time
                                 10.39   data required time
-----------------------------------------------------------------------------
                                 10.39   data required time
                                 -1.15   data arrival time
-----------------------------------------------------------------------------
                                  9.24   slack (MET)


Startpoint: _261_ (rising edge-triggered flip-flop clocked by clk)
Endpoint: _265_ (rising edge-triggered flip-flop clocked by clk)
Path Group: clk
Path Type: max

Fanout     Cap    Slew   Delay    Time   Description
-----------------------------------------------------------------------------
                          0.00    0.00   clock clk (rise edge)
                          0.50    0.50   clock source latency
     1    0.01    0.05    0.03    0.53 ^ clk (in)
                                         clk (net)
                  0.05    0.00    0.53 ^ clkbuf_0_clk/A (sky130_fd_sc_hd__clkbuf_16)
     2    0.02    0.04    0.13    0.66 ^ clkbuf_0_clk/X (sky130_fd_sc_hd__clkbuf_16)
                                         clknet_0_clk (net)
                  0.04    0.00    0.66 ^ clkbuf_1_0__f_clk/A (sky130_fd_sc_hd__clkbuf_16)
    16    0.04    0.06    0.14    0.80 ^ clkbuf_1_0__f_clk/X (sky130_fd_sc_hd__clkbuf_16)
                                         clknet_1_0__leaf_clk (net)
                  0.06    0.00    0.80 ^ _261_/CLK (sky130_fd_sc_hd__dfrtp_1)
     1    0.00    0.04    0.35    1.15 v _261_/Q (sky130_fd_sc_hd__dfrtp_1)
                                         sync_stage1[2] (net)
                  0.04    0.00    1.15 v _265_/D (sky130_fd_sc_hd__dfrtp_1)
                                  1.15   data arrival time

                         10.00   10.00   clock clk (rise edge)
                          0.50   10.50   clock source latency
     1    0.01    0.05    0.03   10.53 ^ clk (in)
                                         clk (net)
                  0.05    0.00   10.53 ^ clkbuf_0_clk/A (sky130_fd_sc_hd__clkbuf_16)
     2    0.02    0.04    0.13   10.66 ^ clkbuf_0_clk/X (sky130_fd_sc_hd__clkbuf_16)
                                         clknet_0_clk (net)
                  0.04    0.00   10.66 ^ clkbuf_1_0__f_clk/A (sky130_fd_sc_hd__clkbuf_16)
    16    0.04    0.06    0.14   10.80 ^ clkbuf_1_0__f_clk/X (sky130_fd_sc_hd__clkbuf_16)
                                         clknet_1_0__leaf_clk (net)
                  0.06    0.00   10.80 ^ _265_/CLK (sky130_fd_sc_hd__dfrtp_1)
                         -0.30   10.50   clock uncertainty
                          0.00   10.50   clock reconvergence pessimism
                         -0.11   10.39   library setup time
                                 10.39   data required time
-----------------------------------------------------------------------------
                                 10.39   data required time
                                 -1.15   data arrival time
-----------------------------------------------------------------------------
                                  9.24   slack (MET)


Startpoint: _262_ (rising edge-triggered flip-flop clocked by clk)
Endpoint: _266_ (rising edge-triggered flip-flop clocked by clk)
Path Group: clk
Path Type: max

Fanout     Cap    Slew   Delay    Time   Description
-----------------------------------------------------------------------------
                          0.00    0.00   clock clk (rise edge)
                          0.50    0.50   clock source latency
     1    0.01    0.05    0.03    0.53 ^ clk (in)
                                         clk (net)
                  0.05    0.00    0.53 ^ clkbuf_0_clk/A (sky130_fd_sc_hd__clkbuf_16)
     2    0.02    0.04    0.13    0.66 ^ clkbuf_0_clk/X (sky130_fd_sc_hd__clkbuf_16)
                                         clknet_0_clk (net)
                  0.04    0.00    0.66 ^ clkbuf_1_0__f_clk/A (sky130_fd_sc_hd__clkbuf_16)
    16    0.04    0.06    0.14    0.80 ^ clkbuf_1_0__f_clk/X (sky130_fd_sc_hd__clkbuf_16)
                                         clknet_1_0__leaf_clk (net)
                  0.06    0.00    0.80 ^ _262_/CLK (sky130_fd_sc_hd__dfrtp_1)
     1    0.00    0.04    0.35    1.15 v _262_/Q (sky130_fd_sc_hd__dfrtp_1)
                                         sync_stage1[3] (net)
                  0.04    0.00    1.15 v _266_/D (sky130_fd_sc_hd__dfrtp_1)
                                  1.15   data arrival time

                         10.00   10.00   clock clk (rise edge)
                          0.50   10.50   clock source latency
     1    0.01    0.05    0.03   10.53 ^ clk (in)
                                         clk (net)
                  0.05    0.00   10.53 ^ clkbuf_0_clk/A (sky130_fd_sc_hd__clkbuf_16)
     2    0.02    0.04    0.13   10.66 ^ clkbuf_0_clk/X (sky130_fd_sc_hd__clkbuf_16)
                                         clknet_0_clk (net)
                  0.04    0.00   10.66 ^ clkbuf_1_0__f_clk/A (sky130_fd_sc_hd__clkbuf_16)
    16    0.04    0.06    0.14   10.80 ^ clkbuf_1_0__f_clk/X (sky130_fd_sc_hd__clkbuf_16)
                                         clknet_1_0__leaf_clk (net)
                  0.06    0.00   10.80 ^ _266_/CLK (sky130_fd_sc_hd__dfrtp_1)
                         -0.30   10.50   clock uncertainty
                          0.00   10.50   clock reconvergence pessimism
                         -0.11   10.39   library setup time
                                 10.39   data required time
-----------------------------------------------------------------------------
                                 10.39   data required time
                                 -1.15   data arrival time
-----------------------------------------------------------------------------
                                  9.24   slack (MET)



worst slack corner Typical: 3.9527
max_report_end
checks_report

===========================================================================
report_checks -unconstrained
===========================================================================
======================= Typical Corner ===================================

Startpoint: retention_ready (input port clocked by clk)
Endpoint: error (output port clocked by clk)
Path Group: clk
Path Type: max

Fanout     Cap    Slew   Delay    Time   Description
-----------------------------------------------------------------------------
                          0.00    0.00   clock clk (rise edge)
                          0.50    0.50   clock network delay (propagated)
                          3.00    3.50 v input external delay
     1    0.00    0.02    0.01    3.51 v retention_ready (in)
                                         retention_ready (net)
                  0.02    0.00    3.51 v input6/A (sky130_fd_sc_hd__buf_1)
     1    0.01    0.05    0.10    3.61 v input6/X (sky130_fd_sc_hd__buf_1)
                                         net6 (net)
                  0.05    0.00    3.61 v _164_/A (sky130_fd_sc_hd__inv_2)
     3    0.01    0.05    0.06    3.67 ^ _164_/Y (sky130_fd_sc_hd__inv_2)
                                         _101_ (net)
                  0.05    0.00    3.67 ^ _199_/B (sky130_fd_sc_hd__nand2_1)
     1    0.00    0.05    0.05    3.71 v _199_/Y (sky130_fd_sc_hd__nand2_1)
                                         _026_ (net)
                  0.05    0.00    3.71 v _200_/B1 (sky130_fd_sc_hd__a211oi_1)
     1    0.00    0.23    0.24    3.95 ^ _200_/Y (sky130_fd_sc_hd__a211oi_1)
                                         net10 (net)
                  0.23    0.00    3.95 ^ wire19/A (sky130_fd_sc_hd__clkbuf_1)
     1    0.00    0.06    0.13    4.08 ^ wire19/X (sky130_fd_sc_hd__clkbuf_1)
                                         net19 (net)
                  0.06    0.00    4.08 ^ output10/A (sky130_fd_sc_hd__clkbuf_2)
     1    0.02    0.12    0.17    4.25 ^ output10/X (sky130_fd_sc_hd__clkbuf_2)
                                         error (net)
                  0.12    0.00    4.25 ^ error (out)
                                  4.25   data arrival time

                         10.00   10.00   clock clk (rise edge)
                          0.50   10.50   clock network delay (propagated)
                         -0.30   10.20   clock uncertainty
                          0.00   10.20   clock reconvergence pessimism
                         -2.00    8.20   output external delay
                                  8.20   data required time
-----------------------------------------------------------------------------
                                  8.20   data required time
                                 -4.25   data arrival time
-----------------------------------------------------------------------------
                                  3.95   slack (MET)




===========================================================================
report_checks --slack_max -0.01
============================================================================
======================= Typical Corner ===================================

No paths found.


===========================================================================
 report_check_types -max_slew -max_cap -max_fanout -violators
============================================================================
======================= Typical Corner ===================================


max slew violations count Typical: 0
max fanout violations count Typical: 0
max cap violations count Typical: 0

===========================================================================
report_parasitic_annotation -report_unannotated
============================================================================
Found 2 unannotated drivers.
 clkload0/Y
 pmu_fsm_21/LO
Found 0 partially unannotated drivers.

===========================================================================
max slew violation count 0
max fanout violation count 0
max cap violation count 0
============================================================================

===========================================================================
check_setup -verbose -unconstrained_endpoints -multiple_clock -no_clock -no_input_delay -loops -generated_clocks
===========================================================================
Warning: There is 1 unconstrained endpoint.
  dvfs_ctrl[0]
checks_report_end
power_report

===========================================================================
 report_power
============================================================================
======================= Typical Corner ===================================

Group                  Internal  Switching    Leakage      Total
                          Power      Power      Power      Power (Watts)
----------------------------------------------------------------
Sequential             1.50e-04   2.01e-05   3.63e-10   1.70e-04  33.6%
Combinational          8.17e-05   1.44e-04   4.02e-10   2.26e-04  44.7%
Clock                  7.92e-05   3.08e-05   1.94e-10   1.10e-04  21.7%
Macro                  0.00e+00   0.00e+00   0.00e+00   0.00e+00   0.0%
Pad                    0.00e+00   0.00e+00   0.00e+00   0.00e+00   0.0%
----------------------------------------------------------------
Total                  3.11e-04   1.95e-04   9.58e-10   5.06e-04 100.0%
                          61.4%      38.6%       0.0%

power_report_end
skew_report

===========================================================================
report_clock_skew
============================================================================
Clock clk
   0.80 source latency _256_/CLK ^
  -0.80 target latency _243_/CLK ^
   0.30 clock uncertainty
   0.00 CRPR
--------------
   0.30 setup skew

skew_report_end
summary_report

===========================================================================
report_tns
============================================================================
tns 0.00

===========================================================================
report_wns
============================================================================
wns 0.00

===========================================================================
report_worst_slack -max (Setup)
============================================================================
worst slack 3.95

===========================================================================
report_worst_slack -min (Hold)
============================================================================
worst slack 0.21
summary_report_end
area_report

===========================================================================
report_design_area
============================================================================
Design area 1545 u^2 43% utilization.
area_report_end
check_nonpropagated_clocks
check_nonpropagated_clocks_end
[WARNING] Did not save OpenROAD database!
Writing SDF to '/openlane/designs/pmu_fsm/runs/run_1_10_13_2025/results/signoff/pmu_fsm.sdf'…
Writing timing model to '/openlane/designs/pmu_fsm/runs/run_1_10_13_2025/results/signoff/pmu_fsm.lib'…
